datetime,count
2011-01-20 00:00:00,77.79708
2011-01-20 01:00:00,106.66128
2011-01-20 02:00:00,106.66128
2011-01-20 03:00:00,89.525024
2011-01-20 04:00:00,89.525024
2011-01-20 05:00:00,74.5404
2011-01-20 06:00:00,70.678406
2011-01-20 07:00:00,74.888954
2011-01-20 08:00:00,73.11705
2011-01-20 09:00:00,86.09461
2011-01-20 10:00:00,92.32638
2011-01-20 11:00:00,120.949554
2011-01-20 12:00:00,138.56299
2011-01-20 13:00:00,126.78198
2011-01-20 14:00:00,133.51866
2011-01-20 15:00:00,139.69038
2011-01-20 16:00:00,119.2754
2011-01-20 17:00:00,124.51237
2011-01-20 18:00:00,86.690865
2011-01-20 19:00:00,77.48914
2011-01-20 20:00:00,76.14942
2011-01-20 21:00:00,71.51422
2011-01-20 22:00:00,63.10357
2011-01-20 23:00:00,61.148617
2011-01-21 00:00:00,64.22821
2011-01-21 01:00:00,64.22821
2011-01-21 02:00:00,68.975296
2011-01-21 03:00:00,56.213688
2011-01-21 04:00:00,68.09804
2011-01-21 05:00:00,63.68574
2011-01-21 06:00:00,72.96282
2011-01-21 07:00:00,72.366585
2011-01-21 08:00:00,80.09336
2011-01-21 09:00:00,72.751366
2011-01-21 10:00:00,77.30129
2011-01-21 11:00:00,93.283195
2011-01-21 12:00:00,124.968864
2011-01-21 13:00:00,122.816185
2011-01-21 14:00:00,119.991554
2011-01-21 15:00:00,108.5512
2011-01-21 16:00:00,113.77871
2011-01-21 17:00:00,104.5223
2011-01-21 18:00:00,99.291084
2011-01-21 19:00:00,92.83898
2011-01-21 20:00:00,77.69718
2011-01-21 21:00:00,64.74366
2011-01-21 22:00:00,61.763355
2011-01-21 23:00:00,61.388645
2011-01-22 00:00:00,48.244972
2011-01-22 01:00:00,68.571434
2011-01-22 02:00:00,57.488625
2011-01-22 03:00:00,60.260468
2011-01-22 04:00:00,52.871864
2011-01-22 06:00:00,51.55695
2011-01-22 07:00:00,51.5288
2011-01-22 08:00:00,54.53873
2011-01-22 09:00:00,52.369602
2011-01-22 10:00:00,50.582073
2011-01-22 11:00:00,54.244892
2011-01-22 12:00:00,61.083836
2011-01-22 13:00:00,78.4963
2011-01-22 14:00:00,78.072624
2011-01-22 15:00:00,100.30988
2011-01-22 16:00:00,97.36068
2011-01-22 17:00:00,115.741554
2011-01-22 18:00:00,62.010654
2011-01-22 19:00:00,65.21058
2011-01-22 20:00:00,42.7695
2011-01-22 21:00:00,53.202663
2011-01-22 22:00:00,62.093075
2011-01-22 23:00:00,40.461136
2011-01-23 00:00:00,40.461136
2011-01-23 01:00:00,40.461136
2011-01-23 02:00:00,40.599556
2011-01-23 03:00:00,40.599556
2011-01-23 05:00:00,41.981792
2011-01-23 06:00:00,41.981792
2011-01-23 07:00:00,41.31261
2011-01-23 08:00:00,40.08832
2011-01-23 09:00:00,48.860676
2011-01-23 10:00:00,59.785355
2011-01-23 11:00:00,61.43458
2011-01-23 12:00:00,81.433266
2011-01-23 13:00:00,80.18833
2011-01-23 14:00:00,99.46053
2011-01-23 15:00:00,99.46053
2011-01-23 16:00:00,103.59109
2011-01-23 17:00:00,98.189354
2011-01-23 18:00:00,84.406624
2011-01-23 19:00:00,83.81115
2011-01-23 20:00:00,65.206055
2011-01-23 21:00:00,64.89813
2011-01-23 22:00:00,56.38888
2011-01-23 23:00:00,50.761433
2011-01-24 00:00:00,54.468735
2011-01-24 01:00:00,49.785435
2011-01-24 03:00:00,48.198204
2011-01-24 04:00:00,52.89778
2011-01-24 05:00:00,52.89778
2011-01-24 06:00:00,57.290127
2011-01-24 07:00:00,72.69272
2011-01-24 08:00:00,75.67602
2011-01-24 09:00:00,86.13932
2011-01-24 10:00:00,85.52154
2011-01-24 11:00:00,67.51911
2011-01-24 12:00:00,76.18047
2011-01-24 13:00:00,75.71432
2011-01-24 14:00:00,70.09252
2011-01-24 15:00:00,86.372086
2011-01-24 16:00:00,70.20834
2011-01-24 17:00:00,57.236217
2011-01-24 18:00:00,57.78795
2011-01-24 19:00:00,65.807365
2011-01-24 20:00:00,57.78795
2011-01-24 21:00:00,59.39057
2011-01-24 22:00:00,54.658916
2011-01-24 23:00:00,55.252945
2011-01-25 00:00:00,50.43278
2011-01-25 01:00:00,59.130257
2011-01-25 02:00:00,54.783237
2011-01-25 04:00:00,59.524387
2011-01-25 05:00:00,50.8269
2011-01-25 06:00:00,61.73539
2011-01-25 07:00:00,53.037914
2011-01-25 08:00:00,60.459785
2011-01-25 09:00:00,80.26959
2011-01-25 10:00:00,86.073845
2011-01-25 11:00:00,84.7002
2011-01-25 12:00:00,100.88424
2011-01-25 13:00:00,94.36716
2011-01-25 14:00:00,138.6243
2011-01-25 15:00:00,142.04001
2011-01-25 16:00:00,142.04001
2011-01-25 17:00:00,142.40169
2011-01-25 18:00:00,124.809105
2011-01-25 19:00:00,81.68833
2011-01-25 20:00:00,72.972786
2011-01-25 21:00:00,72.972786
2011-01-25 22:00:00,75.22647
2011-01-25 23:00:00,74.899666
2011-01-26 00:00:00,73.32164
2011-01-26 01:00:00,80.53538
2011-01-26 02:00:00,67.56619
2011-01-26 05:00:00,50.72765
2011-01-26 06:00:00,50.72765
2011-01-26 07:00:00,53.770256
2011-01-26 08:00:00,53.770256
2011-01-26 09:00:00,53.770256
2011-01-26 10:00:00,52.309834
2011-01-26 11:00:00,48.601032
2011-01-26 12:00:00,48.601032
2011-01-26 13:00:00,48.601032
2011-01-26 14:00:00,47.333103
2011-01-26 15:00:00,42.6496
2011-01-26 16:00:00,48.59334
2011-01-26 17:00:00,45.110157
2011-01-27 16:00:00,80.087746
2011-01-27 17:00:00,90.57869
2011-01-27 18:00:00,76.39768
2011-01-27 19:00:00,76.39768
2011-01-27 20:00:00,68.22843
2011-01-27 21:00:00,68.22843
2011-01-27 22:00:00,68.22843
2011-01-27 23:00:00,59.32387
2011-01-28 00:00:00,64.909386
2011-01-28 01:00:00,64.909386
2011-01-28 02:00:00,63.324
2011-01-28 03:00:00,69.55974
2011-01-28 05:00:00,63.65894
2011-01-28 06:00:00,60.588364
2011-01-28 07:00:00,59.987503
2011-01-28 08:00:00,59.987503
2011-01-28 09:00:00,62.190845
2011-01-28 10:00:00,61.556885
2011-01-28 11:00:00,59.113426
2011-01-28 12:00:00,59.113426
2011-01-28 13:00:00,59.113426
2011-01-28 14:00:00,83.391075
2011-01-28 15:00:00,74.70609
2011-01-28 16:00:00,84.04471
2011-01-28 17:00:00,72.34781
2011-01-28 18:00:00,64.79728
2011-01-28 19:00:00,72.02096
2011-01-28 20:00:00,68.3491
2011-01-28 21:00:00,68.165405
2011-01-28 22:00:00,59.421528
2011-01-28 23:00:00,74.5404
2011-01-29 00:00:00,48.64996
2011-01-29 01:00:00,55.277832
2011-01-29 02:00:00,57.63022
2011-01-29 03:00:00,56.471046
2011-01-29 04:00:00,50.68361
2011-01-29 06:00:00,51.161007
2011-01-29 07:00:00,55.757935
2011-01-29 08:00:00,57.648476
2011-01-29 09:00:00,63.49111
2011-01-29 10:00:00,57.556053
2011-01-29 11:00:00,53.37627
2011-01-29 12:00:00,53.036743
2011-01-29 13:00:00,67.533905
2011-01-29 14:00:00,63.47158
2011-01-29 15:00:00,49.177807
2011-01-29 16:00:00,64.88973
2011-01-29 17:00:00,82.32209
2011-01-29 18:00:00,56.4764
2011-01-29 19:00:00,49.170116
2011-01-29 20:00:00,53.66408
2011-01-29 21:00:00,53.66408
2011-01-29 22:00:00,49.29249
2011-01-29 23:00:00,49.29249
2011-01-30 00:00:00,46.843906
2011-01-30 01:00:00,54.6731
2011-01-30 02:00:00,57.052444
2011-01-30 03:00:00,49.961258
2011-01-30 04:00:00,49.961258
2011-01-30 05:00:00,52.494972
2011-01-30 07:00:00,52.494972
2011-01-30 08:00:00,52.397015
2011-01-30 09:00:00,56.71435
2011-01-30 10:00:00,59.053722
2011-01-30 11:00:00,70.61981
2011-01-30 12:00:00,94.753845
2011-01-30 13:00:00,79.61176
2011-01-30 14:00:00,83.03232
2011-01-30 15:00:00,85.754524
2011-01-30 16:00:00,85.754524
2011-01-30 17:00:00,81.89721
2011-01-30 18:00:00,64.45158
2011-01-30 19:00:00,61.772026
2011-01-30 20:00:00,72.09516
2011-01-30 21:00:00,56.654697
2011-01-30 22:00:00,53.584095
2011-01-30 23:00:00,51.20242
2011-01-31 00:00:00,69.927086
2011-01-31 01:00:00,64.53114
2011-01-31 02:00:00,72.516716
2011-01-31 03:00:00,72.516716
2011-01-31 04:00:00,67.68221
2011-01-31 05:00:00,56.21142
2011-01-31 06:00:00,48.534344
2011-01-31 07:00:00,52.178097
2011-01-31 08:00:00,53.923424
2011-01-31 09:00:00,53.28947
2011-01-31 10:00:00,60.48256
2011-01-31 11:00:00,60.48256
2011-01-31 12:00:00,82.62281
2011-01-31 13:00:00,89.853905
2011-01-31 14:00:00,77.449585
2011-01-31 15:00:00,70.30147
2011-01-31 16:00:00,67.46454
2011-01-31 17:00:00,60.48256
2011-01-31 18:00:00,60.883564
2011-01-31 19:00:00,103.34809
2011-01-31 20:00:00,64.72923
2011-01-31 21:00:00,76.47855
2011-01-31 22:00:00,72.95588
2011-01-31 23:00:00,72.63977
2011-02-20 00:00:00,109.5266
2011-02-20 01:00:00,86.66716
2011-02-20 02:00:00,87.128784
2011-02-20 03:00:00,81.24279
2011-02-20 04:00:00,81.24279
2011-02-20 06:00:00,68.561714
2011-02-20 07:00:00,56.004574
2011-02-20 08:00:00,72.71946
2011-02-20 09:00:00,76.73104
2011-02-20 10:00:00,109.79371
2011-02-20 11:00:00,165.89566
2011-02-20 12:00:00,172.81181
2011-02-20 13:00:00,207.42847
2011-02-20 14:00:00,248.92517
2011-02-20 15:00:00,254.46591
2011-02-20 16:00:00,236.7391
2011-02-20 17:00:00,188.69022
2011-02-20 18:00:00,174.24564
2011-02-20 19:00:00,174.24564
2011-02-20 20:00:00,141.09418
2011-02-20 21:00:00,95.51382
2011-02-20 22:00:00,87.82472
2011-02-20 23:00:00,78.76734
2011-02-21 00:00:00,129.32538
2011-02-21 01:00:00,129.32538
2011-02-21 02:00:00,129.32538
2011-02-21 03:00:00,129.01004
2011-02-21 04:00:00,113.45467
2011-02-21 05:00:00,191.85515
2011-02-21 06:00:00,272.42645
2011-02-21 07:00:00,274.90414
2011-02-21 08:00:00,88.29232
2011-02-21 09:00:00,88.21546
2011-02-21 10:00:00,88.06126
2011-02-21 11:00:00,94.27175
2011-02-21 12:00:00,74.35185
2011-02-21 13:00:00,49.42059
2011-02-21 14:00:00,57.749123
2011-02-21 15:00:00,60.574352
2011-02-21 16:00:00,51.80878
2011-02-21 17:00:00,51.66667
2011-02-21 18:00:00,37.523182
2011-02-21 19:00:00,37.523182
2011-02-21 20:00:00,41.92477
2011-02-21 21:00:00,51.091698
2011-02-21 22:00:00,48.13761
2011-02-21 23:00:00,48.13761
2011-02-22 06:00:00,43.9618
2011-02-22 07:00:00,43.9618
2011-02-22 08:00:00,45.233963
2011-02-22 09:00:00,47.736683
2011-02-22 10:00:00,74.26027
2011-02-22 11:00:00,86.02908
2011-02-22 12:00:00,83.44723
2011-02-22 13:00:00,82.74216
2011-02-22 14:00:00,80.087746
2011-02-22 15:00:00,90.53384
2011-02-22 16:00:00,86.07403
2011-02-22 17:00:00,80.304855
2011-02-22 18:00:00,92.06919
2011-02-22 19:00:00,79.862305
2011-02-22 20:00:00,83.06225
2011-02-22 21:00:00,83.21594
2011-02-22 22:00:00,77.70408
2011-02-22 23:00:00,77.70408
2011-02-23 00:00:00,63.96657
2011-02-23 01:00:00,72.47164
2011-02-23 02:00:00,70.52233
2011-02-23 03:00:00,65.340195
2011-02-23 05:00:00,73.17672
2011-02-23 06:00:00,73.17672
2011-02-23 07:00:00,67.19047
2011-02-23 08:00:00,65.807365
2011-02-23 09:00:00,87.62189
2011-02-23 10:00:00,127.73112
2011-02-23 11:00:00,121.06588
2011-02-23 12:00:00,138.96103
2011-02-23 13:00:00,173.55536
2011-02-23 14:00:00,178.47919
2011-02-23 15:00:00,196.0253
2011-02-23 16:00:00,184.99643
2011-02-23 17:00:00,196.0253
2011-02-23 18:00:00,186.00316
2011-02-23 19:00:00,159.81396
2011-02-23 20:00:00,82.376915
2011-02-23 21:00:00,122.64324
2011-02-23 22:00:00,122.64324
2011-02-23 23:00:00,94.44137
2011-02-24 00:00:00,94.44137
2011-02-24 01:00:00,90.27654
2011-02-24 02:00:00,80.6096
2011-02-24 03:00:00,74.072975
2011-02-24 05:00:00,69.77609
2011-02-24 06:00:00,62.601147
2011-02-24 07:00:00,61.256805
2011-02-24 08:00:00,65.95706
2011-02-24 09:00:00,58.37504
2011-02-24 10:00:00,65.22403
2011-02-24 11:00:00,96.57136
2011-02-24 12:00:00,117.98111
2011-02-24 13:00:00,136.83932
2011-02-24 14:00:00,158.09335
2011-02-24 15:00:00,147.68417
2011-02-24 16:00:00,117.788345
2011-02-24 17:00:00,99.42774
2011-02-24 18:00:00,65.80765
2011-02-24 19:00:00,64.977745
2011-02-24 20:00:00,62.445366
2011-02-24 21:00:00,65.80765
2011-02-24 22:00:00,69.52071
2011-02-24 23:00:00,67.75117
2011-02-25 00:00:00,91.54749
2011-02-25 01:00:00,85.85871
2011-02-25 02:00:00,85.85871
2011-02-25 03:00:00,79.815
2011-02-25 05:00:00,79.815
2011-02-25 06:00:00,84.71547
2011-02-25 07:00:00,73.13791
2011-02-25 08:00:00,81.96623
2011-02-25 09:00:00,62.437683
2011-02-25 10:00:00,80.13761
2011-02-25 11:00:00,117.98238
2011-02-25 12:00:00,176.26671
2011-02-25 13:00:00,176.26671
2011-02-25 14:00:00,188.4024
2011-02-25 15:00:00,183.68918
2011-02-25 16:00:00,109.045296
2011-02-25 17:00:00,107.000175
2011-02-25 18:00:00,109.19898
2011-02-25 19:00:00,98.58524
2011-02-25 20:00:00,101.56865
2011-02-25 21:00:00,101.034706
2011-02-25 22:00:00,89.58857
2011-02-25 23:00:00,92.4806
2011-02-26 00:00:00,71.65446
2011-02-26 01:00:00,68.691795
2011-02-26 02:00:00,52.69662
2011-02-26 03:00:00,68.015076
2011-02-26 04:00:00,72.55038
2011-02-26 05:00:00,65.27381
2011-02-26 06:00:00,82.13334
2011-02-26 07:00:00,72.87504
2011-02-26 08:00:00,86.85255
2011-02-26 09:00:00,75.15603
2011-02-26 10:00:00,101.090576
2011-02-26 11:00:00,95.29209
2011-02-26 12:00:00,119.712006
2011-02-26 13:00:00,132.44925
2011-02-26 14:00:00,142.97603
2011-02-26 15:00:00,145.1636
2011-02-26 16:00:00,118.382935
2011-02-26 17:00:00,132.73035
2011-02-26 18:00:00,115.84376
2011-02-26 19:00:00,100.059944
2011-02-26 20:00:00,85.225624
2011-02-26 21:00:00,60.348164
2011-02-26 22:00:00,56.81864
2011-02-26 23:00:00,52.468166
2011-02-27 00:00:00,46.056465
2011-02-27 01:00:00,51.683323
2011-02-27 02:00:00,56.2498
2011-02-27 03:00:00,60.217823
2011-02-27 04:00:00,52.103115
2011-02-27 06:00:00,63.28894
2011-02-27 07:00:00,52.103115
2011-02-27 08:00:00,63.209507
2011-02-27 09:00:00,62.67973
2011-02-27 10:00:00,61.95536
2011-02-27 11:00:00,82.237724
2011-02-27 12:00:00,100.13004
2011-02-27 13:00:00,108.68751
2011-02-27 14:00:00,132.6789
2011-02-27 15:00:00,175.2782
2011-02-27 16:00:00,189.50266
2011-02-27 17:00:00,123.74573
2011-02-27 18:00:00,119.86677
2011-02-27 19:00:00,109.45695
2011-02-27 20:00:00,100.13004
2011-02-27 21:00:00,93.29686
2011-02-27 22:00:00,93.97147
2011-02-27 23:00:00,91.145
2011-02-28 00:00:00,110.2586
2011-02-28 01:00:00,64.53204
2011-02-28 03:00:00,72.09816
2011-02-28 05:00:00,95.713066
2011-02-28 06:00:00,81.10926
2011-02-28 07:00:00,87.54298
2011-02-28 08:00:00,64.98544
2011-02-28 09:00:00,95.17749
2011-02-28 10:00:00,130.4849
2011-02-28 11:00:00,164.0792
2011-02-28 12:00:00,164.07922
2011-02-28 13:00:00,97.367935
2011-02-28 14:00:00,78.63682
2011-02-28 15:00:00,78.63682
2011-02-28 16:00:00,92.63123
2011-02-28 17:00:00,76.42581
2011-02-28 18:00:00,100.08678
2011-02-28 19:00:00,85.6599
2011-02-28 20:00:00,85.6599
2011-02-28 21:00:00,74.9361
2011-02-28 22:00:00,59.89758
2011-02-28 23:00:00,63.15094
2011-03-20 00:00:00,102.17364
2011-03-20 01:00:00,89.63104
2011-03-20 02:00:00,89.86219
2011-03-20 03:00:00,77.45331
2011-03-20 04:00:00,72.56153
2011-03-20 05:00:00,66.05787
2011-03-20 06:00:00,64.96375
2011-03-20 07:00:00,56.966354
2011-03-20 08:00:00,76.98237
2011-03-20 09:00:00,92.56182
2011-03-20 10:00:00,113.805
2011-03-20 11:00:00,153.57333
2011-03-20 12:00:00,156.10341
2011-03-20 13:00:00,187.4543
2011-03-20 14:00:00,223.33105
2011-03-20 15:00:00,229.7432
2011-03-20 16:00:00,211.00658
2011-03-20 17:00:00,201.68092
2011-03-20 18:00:00,158.858
2011-03-20 19:00:00,128.58206
2011-03-20 20:00:00,118.382935
2011-03-20 21:00:00,100.39039
2011-03-20 22:00:00,97.11781
2011-03-20 23:00:00,85.33881
2011-03-21 00:00:00,103.56181
2011-03-21 01:00:00,91.28988
2011-03-21 02:00:00,90.98196
2011-03-21 03:00:00,90.98196
2011-03-21 05:00:00,72.87445
2011-03-21 06:00:00,82.80965
2011-03-21 07:00:00,62.788662
2011-03-21 08:00:00,60.73254
2011-03-21 09:00:00,71.908165
2011-03-21 10:00:00,105.40525
2011-03-21 11:00:00,123.81249
2011-03-21 12:00:00,117.09925
2011-03-21 13:00:00,170.94705
2011-03-21 14:00:00,180.29163
2011-03-21 15:00:00,200.23117
2011-03-21 16:00:00,180.92116
2011-03-21 17:00:00,180.60587
2011-03-21 18:00:00,146.7218
2011-03-21 19:00:00,201.5256
2011-03-21 20:00:00,161.79375
2011-03-21 21:00:00,102.3849
2011-03-21 22:00:00,108.08083
2011-03-21 23:00:00,102.450584
2011-03-22 00:00:00,106.827354
2011-03-22 01:00:00,95.01208
2011-03-22 02:00:00,97.92381
2011-03-22 03:00:00,109.45436
2011-03-22 04:00:00,110.6184
2011-03-22 05:00:00,105.31799
2011-03-22 06:00:00,94.90189
2011-03-22 07:00:00,117.12811
2011-03-22 08:00:00,156.17601
2011-03-22 09:00:00,152.90593
2011-03-22 10:00:00,178.802
2011-03-22 11:00:00,182.27676
2011-03-22 12:00:00,209.74121
2011-03-22 13:00:00,237.32797
2011-03-22 14:00:00,246.53902
2011-03-22 15:00:00,248.14682
2011-03-22 16:00:00,237.14801
2011-03-22 17:00:00,237.14801
2011-03-22 18:00:00,220.11183
2011-03-22 19:00:00,179.45529
2011-03-22 20:00:00,177.9314
2011-03-22 21:00:00,173.50327
2011-03-22 22:00:00,156.49342
2011-03-22 23:00:00,156.49342
2011-03-23 00:00:00,105.09929
2011-03-23 01:00:00,87.483444
2011-03-23 02:00:00,87.483444
2011-03-23 03:00:00,84.79062
2011-03-23 05:00:00,79.12387
2011-03-23 06:00:00,75.33752
2011-03-23 07:00:00,70.24454
2011-03-23 08:00:00,79.45068
2011-03-23 09:00:00,76.62137
2011-03-23 10:00:00,77.77489
2011-03-23 11:00:00,83.30626
2011-03-23 12:00:00,78.04727
2011-03-23 13:00:00,88.40807
2011-03-23 14:00:00,97.82279
2011-03-23 15:00:00,97.68839
2011-03-23 16:00:00,109.31975
2011-03-23 17:00:00,109.31975
2011-03-23 18:00:00,96.370735
2011-03-23 19:00:00,96.370735
2011-03-23 20:00:00,72.71613
2011-03-23 21:00:00,57.736507
2011-03-23 22:00:00,77.00422
2011-03-23 23:00:00,96.6771
2011-03-24 00:00:00,70.24454
2011-03-24 01:00:00,65.59007
2011-03-24 02:00:00,64.32216
2011-03-24 03:00:00,64.63928
2011-03-24 04:00:00,64.63928
2011-03-24 05:00:00,65.81057
2011-03-24 06:00:00,65.81057
2011-03-24 07:00:00,61.14843
2011-03-24 08:00:00,54.357075
2011-03-24 09:00:00,63.599564
2011-03-24 10:00:00,55.53606
2011-03-24 11:00:00,67.233635
2011-03-24 12:00:00,83.326904
2011-03-24 13:00:00,91.06333
2011-03-24 14:00:00,95.379005
2011-03-24 15:00:00,86.47871
2011-03-24 16:00:00,95.69466
2011-03-24 17:00:00,86.32499
2011-03-24 18:00:00,100.06728
2011-03-24 19:00:00,106.9968
2011-03-24 20:00:00,92.34983
2011-03-24 21:00:00,83.29263
2011-03-24 22:00:00,87.085884
2011-03-24 23:00:00,78.096405
2011-03-25 00:00:00,84.26188
2011-03-25 01:00:00,72.2152
2011-03-25 02:00:00,64.246475
2011-03-25 03:00:00,80.1751
2011-03-25 04:00:00,72.03155
2011-03-25 05:00:00,64.19606
2011-03-25 06:00:00,59.55691
2011-03-25 07:00:00,73.93694
2011-03-25 08:00:00,96.82796
2011-03-25 09:00:00,104.59593
2011-03-25 10:00:00,124.6484
2011-03-25 11:00:00,144.90295
2011-03-25 12:00:00,156.48099
2011-03-25 13:00:00,175.56772
2011-03-25 14:00:00,213.91086
2011-03-25 15:00:00,190.85321
2011-03-25 16:00:00,194.59174
2011-03-25 17:00:00,174.17009
2011-03-25 18:00:00,156.74821
2011-03-25 19:00:00,173.95049
2011-03-25 20:00:00,167.39093
2011-03-25 21:00:00,166.93091
2011-03-25 22:00:00,150.66504
2011-03-25 23:00:00,145.75854
2011-03-26 00:00:00,135.43158
2011-03-26 01:00:00,127.7869
2011-03-26 02:00:00,98.63548
2011-03-26 03:00:00,87.73375
2011-03-26 04:00:00,98.6355
2011-03-26 05:00:00,80.240234
2011-03-26 06:00:00,67.98868
2011-03-26 07:00:00,80.24023
2011-03-26 08:00:00,102.46847
2011-03-26 09:00:00,119.008316
2011-03-26 10:00:00,125.69575
2011-03-26 11:00:00,155.62975
2011-03-26 12:00:00,177.78975
2011-03-26 13:00:00,203.55585
2011-03-26 14:00:00,258.42404
2011-03-26 15:00:00,274.22522
2011-03-26 16:00:00,301.84137
2011-03-26 17:00:00,285.57104
2011-03-26 18:00:00,275.4418
2011-03-26 19:00:00,126.50497
2011-03-26 20:00:00,126.50497
2011-03-26 21:00:00,122.934395
2011-03-26 22:00:00,139.75601
2011-03-26 23:00:00,119.10142
2011-03-27 00:00:00,132.81929
2011-03-27 01:00:00,90.76844
2011-03-27 02:00:00,86.80511
2011-03-27 03:00:00,54.56709
2011-03-27 04:00:00,51.099144
2011-03-27 06:00:00,45.959625
2011-03-27 07:00:00,42.884754
2011-03-27 08:00:00,50.728092
2011-03-27 09:00:00,80.675865
2011-03-27 10:00:00,80.5476
2011-03-27 11:00:00,102.64916
2011-03-27 12:00:00,123.249695
2011-03-27 13:00:00,155.07303
2011-03-27 14:00:00,197.10803
2011-03-27 15:00:00,178.83276
2011-03-27 16:00:00,228.19528
2011-03-27 17:00:00,212.02222
2011-03-27 18:00:00,195.6373
2011-03-27 19:00:00,204.09215
2011-03-27 20:00:00,169.82991
2011-03-27 21:00:00,125.69575
2011-03-27 22:00:00,125.69575
2011-03-27 23:00:00,115.810875
2011-03-28 00:00:00,92.37797
2011-03-28 01:00:00,122.84664
2011-03-28 02:00:00,123.44012
2011-03-28 03:00:00,123.44012
2011-03-28 05:00:00,107.07316
2011-03-28 06:00:00,126.03126
2011-03-28 07:00:00,134.71483
2011-03-28 08:00:00,135.80327
2011-03-28 09:00:00,155.76538
2011-03-28 10:00:00,168.68402
2011-03-28 11:00:00,178.49207
2011-03-28 12:00:00,196.81238
2011-03-28 13:00:00,197.12988
2011-03-28 14:00:00,224.92819
2011-03-28 15:00:00,220.34578
2011-03-28 16:00:00,235.77243
2011-03-28 17:00:00,224.91457
2011-03-28 18:00:00,217.0463
2011-03-28 19:00:00,225.61536
2011-03-28 20:00:00,237.34827
2011-03-28 21:00:00,232.039
2011-03-28 22:00:00,216.83627
2011-03-28 23:00:00,195.93954
2011-03-29 00:00:00,180.01172
2011-03-29 01:00:00,149.48763
2011-03-29 02:00:00,149.48763
2011-03-29 03:00:00,149.48763
2011-03-29 04:00:00,116.07944
2011-03-29 05:00:00,135.14824
2011-03-29 06:00:00,126.804436
2011-03-29 07:00:00,121.002556
2011-03-29 08:00:00,139.46072
2011-03-29 09:00:00,190.29735
2011-03-29 10:00:00,205.83736
2011-03-29 11:00:00,195.03284
2011-03-29 12:00:00,242.87999
2011-03-29 13:00:00,226.37938
2011-03-29 14:00:00,245.85973
2011-03-29 15:00:00,260.22104
2011-03-29 16:00:00,257.57144
2011-03-29 17:00:00,259.53818
2011-03-29 18:00:00,250.9208
2011-03-29 19:00:00,239.41495
2011-03-29 20:00:00,250.9208
2011-03-29 21:00:00,174.14677
2011-03-29 22:00:00,143.27887
2011-03-29 23:00:00,128.11618
2011-03-30 00:00:00,135.10336
2011-03-30 01:00:00,183.09497
2011-03-30 02:00:00,135.10336
2011-03-30 03:00:00,154.4334
2011-03-30 04:00:00,135.10336
2011-03-30 05:00:00,114.76708
2011-03-30 06:00:00,144.50958
2011-03-30 07:00:00,160.94632
2011-03-30 08:00:00,149.91809
2011-03-30 09:00:00,153.00476
2011-03-30 10:00:00,156.60118
2011-03-30 11:00:00,156.1733
2011-03-30 12:00:00,161.16837
2011-03-30 13:00:00,165.81378
2011-03-30 14:00:00,161.0552
2011-03-30 15:00:00,65.01493
2011-03-30 16:00:00,66.62935
2011-03-30 17:00:00,70.51338
2011-03-30 18:00:00,63.599564
2011-03-30 19:00:00,63.599564
2011-03-30 20:00:00,54.577576
2011-03-30 21:00:00,58.306015
2011-03-30 22:00:00,59.566246
2011-03-30 23:00:00,55.211536
2011-03-31 00:00:00,59.566246
2011-03-31 01:00:00,60.838406
2011-03-31 02:00:00,60.838406
2011-03-31 03:00:00,59.566246
2011-03-31 04:00:00,58.298332
2011-03-31 05:00:00,59.566246
2011-03-31 06:00:00,54.577576
2011-03-31 07:00:00,58.298332
2011-03-31 08:00:00,55.862576
2011-03-31 09:00:00,60.509342
2011-03-31 10:00:00,60.509342
2011-03-31 11:00:00,67.07504
2011-03-31 12:00:00,67.07504
2011-03-31 13:00:00,80.6801
2011-03-31 14:00:00,80.680145
2011-03-31 15:00:00,65.13153
2011-03-31 16:00:00,68.859985
2011-03-31 17:00:00,68.859985
2011-03-31 18:00:00,81.00694
2011-03-31 19:00:00,81.00694
2011-03-31 20:00:00,61.460117
2011-03-31 21:00:00,68.35064
2011-03-31 22:00:00,64.534966
2011-03-31 23:00:00,63.688515
2011-04-20 00:00:00,104.15342
2011-04-20 01:00:00,100.72915
2011-04-20 02:00:00,100.72915
2011-04-20 03:00:00,93.98223
2011-04-20 04:00:00,93.586754
2011-04-20 05:00:00,94.3116
2011-04-20 06:00:00,100.72915
2011-04-20 07:00:00,94.17098
2011-04-20 08:00:00,193.63773
2011-04-20 09:00:00,232.61714
2011-04-20 10:00:00,134.5506
2011-04-20 11:00:00,134.5506
2011-04-20 12:00:00,313.00214
2011-04-20 13:00:00,313.00214
2011-04-20 14:00:00,366.14633
2011-04-20 15:00:00,389.71246
2011-04-20 16:00:00,389.71246
2011-04-20 17:00:00,376.0017
2011-04-20 18:00:00,398.22345
2011-04-20 19:00:00,350.19427
2011-04-20 20:00:00,303.2972
2011-04-20 21:00:00,353.81915
2011-04-20 22:00:00,311.3714
2011-04-20 23:00:00,307.9806
2011-04-21 00:00:00,268.3538
2011-04-21 01:00:00,245.96054
2011-04-21 02:00:00,245.62051
2011-04-21 03:00:00,187.85526
2011-04-21 04:00:00,176.94083
2011-04-21 05:00:00,170.38754
2011-04-21 06:00:00,150.52805
2011-04-21 07:00:00,184.68121
2011-04-21 08:00:00,173.27344
2011-04-21 09:00:00,188.02725
2011-04-21 10:00:00,192.79968
2011-04-21 11:00:00,224.97339
2011-04-21 12:00:00,246.24359
2011-04-21 13:00:00,273.8092
2011-04-21 14:00:00,274.47086
2011-04-21 15:00:00,306.88727
2011-04-21 16:00:00,311.27774
2011-04-21 17:00:00,302.07132
2011-04-21 18:00:00,304.1068
2011-04-21 19:00:00,287.50903
2011-04-21 20:00:00,273.2826
2011-04-21 21:00:00,193.86282
2011-04-21 22:00:00,230.14441
2011-04-21 23:00:00,203.26941
2011-04-22 00:00:00,115.99941
2011-04-22 01:00:00,139.3535
2011-04-22 02:00:00,139.82596
2011-04-22 03:00:00,139.82596
2011-04-22 04:00:00,133.08737
2011-04-22 05:00:00,132.69855
2011-04-22 06:00:00,133.08737
2011-04-22 07:00:00,138.35593
2011-04-22 08:00:00,138.95142
2011-04-22 09:00:00,112.46931
2011-04-22 10:00:00,120.02787
2011-04-22 11:00:00,109.55331
2011-04-22 12:00:00,97.657074
2011-04-22 13:00:00,82.979454
2011-04-22 14:00:00,75.01067
2011-04-22 15:00:00,82.979454
2011-04-22 16:00:00,88.40807
2011-04-22 17:00:00,70.23684
2011-04-22 18:00:00,70.23684
2011-04-22 19:00:00,70.23684
2011-04-22 20:00:00,73.84807
2011-04-22 21:00:00,72.80501
2011-04-22 22:00:00,71.19733
2011-04-22 23:00:00,84.64616
2011-04-23 00:00:00,58.20665
2011-04-23 01:00:00,58.20665
2011-04-23 02:00:00,62.531162
2011-04-23 03:00:00,64.7201
2011-04-23 04:00:00,66.824554
2011-04-23 05:00:00,66.824554
2011-04-23 06:00:00,62.033585
2011-04-23 07:00:00,61.667225
2011-04-23 08:00:00,58.251053
2011-04-23 09:00:00,66.0012
2011-04-23 10:00:00,77.97475
2011-04-23 11:00:00,78.41779
2011-04-23 12:00:00,111.36164
2011-04-23 13:00:00,111.201584
2011-04-23 14:00:00,128.83754
2011-04-23 15:00:00,155.95776
2011-04-23 16:00:00,136.7133
2011-04-23 17:00:00,146.06108
2011-04-23 18:00:00,94.57639
2011-04-23 19:00:00,98.5747
2011-04-23 20:00:00,90.74019
2011-04-23 21:00:00,111.706
2011-04-23 22:00:00,120.16439
2011-04-23 23:00:00,76.89232
2011-04-24 00:00:00,82.419136
2011-04-24 01:00:00,70.202225
2011-04-24 02:00:00,70.202225
2011-04-24 03:00:00,61.453487
2011-04-24 04:00:00,61.453487
2011-04-24 05:00:00,61.453487
2011-04-24 06:00:00,60.7489
2011-04-24 07:00:00,60.7489
2011-04-24 08:00:00,67.149086
2011-04-24 09:00:00,79.41213
2011-04-24 10:00:00,94.59162
2011-04-24 11:00:00,140.43025
2011-04-24 12:00:00,167.36789
2011-04-24 13:00:00,240.67282
2011-04-24 14:00:00,283.51923
2011-04-24 15:00:00,193.15317
2011-04-24 16:00:00,344.70032
2011-04-24 17:00:00,168.69206
2011-04-24 18:00:00,121.38984
2011-04-24 19:00:00,128.53053
2011-04-24 20:00:00,128.53053
2011-04-24 21:00:00,79.83393
2011-04-24 22:00:00,75.33363
2011-04-24 23:00:00,72.29789
2011-04-25 00:00:00,105.32751
2011-04-25 01:00:00,94.48365
2011-04-25 02:00:00,94.48365
2011-04-25 03:00:00,102.12526
2011-04-25 04:00:00,97.93304
2011-04-25 05:00:00,97.38442
2011-04-25 06:00:00,97.74427
2011-04-25 07:00:00,101.689354
2011-04-25 08:00:00,103.98371
2011-04-25 09:00:00,109.21969
2011-04-25 10:00:00,149.76407
2011-04-25 11:00:00,149.76407
2011-04-25 12:00:00,155.24689
2011-04-25 13:00:00,202.36102
2011-04-25 14:00:00,268.68466
2011-04-25 15:00:00,281.78708
2011-04-25 16:00:00,291.8244
2011-04-25 17:00:00,286.73987
2011-04-25 18:00:00,267.90002
2011-04-25 19:00:00,259.94025
2011-04-25 20:00:00,232.61714
2011-04-25 21:00:00,176.60883
2011-04-25 22:00:00,170.64732
2011-04-25 23:00:00,139.45825
2011-04-26 00:00:00,185.83986
2011-04-26 01:00:00,162.08551
2011-04-26 02:00:00,131.82413
2011-04-26 03:00:00,111.32101
2011-04-26 04:00:00,118.522285
2011-04-26 05:00:00,110.06753
2011-04-26 06:00:00,108.98935
2011-04-26 07:00:00,129.73114
2011-04-26 08:00:00,129.73114
2011-04-26 09:00:00,180.53122
2011-04-26 10:00:00,200.47081
2011-04-26 11:00:00,220.75708
2011-04-26 12:00:00,248.58989
2011-04-26 13:00:00,315.74518
2011-04-26 14:00:00,282.35077
2011-04-26 15:00:00,255.46544
2011-04-26 16:00:00,269.86942
2011-04-26 17:00:00,244.1033
2011-04-26 18:00:00,221.38663
2011-04-26 19:00:00,181.16077
2011-04-26 20:00:00,180.53122
2011-04-26 21:00:00,147.52359
2011-04-26 22:00:00,122.890076
2011-04-26 23:00:00,129.1289
2011-04-27 00:00:00,115.997574
2011-04-27 01:00:00,122.21548
2011-04-27 02:00:00,110.42738
2011-04-27 03:00:00,126.91735
2011-04-27 04:00:00,104.637184
2011-04-27 05:00:00,113.280975
2011-04-27 06:00:00,105.88653
2011-04-27 07:00:00,126.91735
2011-04-27 08:00:00,130.1239
2011-04-27 09:00:00,131.84451
2011-04-27 10:00:00,143.44667
2011-04-27 11:00:00,158.14987
2011-04-27 12:00:00,156.19238
2011-04-27 13:00:00,148.09251
2011-04-27 14:00:00,164.0036
2011-04-27 15:00:00,228.19873
2011-04-27 16:00:00,210.09921
2011-04-27 17:00:00,162.69075
2011-04-27 18:00:00,162.69075
2011-04-27 19:00:00,147.52359
2011-04-27 20:00:00,137.12306
2011-04-27 21:00:00,113.07816
2011-04-27 22:00:00,135.55724
2011-04-27 23:00:00,136.26534
2011-04-28 00:00:00,160.33382
2011-04-28 01:00:00,149.29791
2011-04-28 02:00:00,149.612
2011-04-28 03:00:00,166.19366
2011-04-28 04:00:00,149.4547
2011-04-28 05:00:00,149.29791
2011-04-28 06:00:00,166.98033
2011-04-28 07:00:00,166.82323
2011-04-28 08:00:00,173.19537
2011-04-28 09:00:00,139.01715
2011-04-28 10:00:00,126.20948
2011-04-28 11:00:00,143.44667
2011-04-28 12:00:00,154.41609
2011-04-28 13:00:00,146.55566
2011-04-28 14:00:00,133.42432
2011-04-28 15:00:00,197.79446
2011-04-28 16:00:00,141.2848
2011-04-28 17:00:00,293.9737
2011-04-28 18:00:00,293.9737
2011-04-28 19:00:00,303.46954
2011-04-28 20:00:00,279.05264
2011-04-28 21:00:00,240.74814
2011-04-28 22:00:00,249.9151
2011-04-28 23:00:00,246.41357
2011-04-29 00:00:00,266.67978
2011-04-29 01:00:00,219.79355
2011-04-29 02:00:00,129.48796
2011-04-29 03:00:00,141.10172
2011-04-29 04:00:00,198.97067
2011-04-29 05:00:00,214.24698
2011-04-29 06:00:00,236.40945
2011-04-29 07:00:00,257.23944
2011-04-29 08:00:00,275.0832
2011-04-29 09:00:00,274.62317
2011-04-29 10:00:00,280.32043
2011-04-29 11:00:00,314.2652
2011-04-29 12:00:00,291.26248
2011-04-29 13:00:00,290.91003
2011-04-29 14:00:00,330.14563
2011-04-29 15:00:00,278.9237
2011-04-29 16:00:00,262.17828
2011-04-29 17:00:00,242.26678
2011-04-29 18:00:00,225.90274
2011-04-29 19:00:00,179.41035
2011-04-29 20:00:00,217.89479
2011-04-29 21:00:00,192.82004
2011-04-29 22:00:00,154.7668
2011-04-29 23:00:00,180.85574
2011-04-30 00:00:00,161.06108
2011-04-30 01:00:00,161.06302
2011-04-30 02:00:00,160.7468
2011-04-30 03:00:00,154.05937
2011-04-30 04:00:00,154.3747
2011-04-30 05:00:00,148.98273
2011-04-30 06:00:00,129.0501
2011-04-30 07:00:00,142.64203
2011-04-30 08:00:00,141.69714
2011-04-30 09:00:00,165.23871
2011-04-30 10:00:00,223.76273
2011-04-30 11:00:00,250.4667
2011-04-30 12:00:00,258.415
2011-04-30 13:00:00,299.7719
2011-04-30 14:00:00,321.01816
2011-04-30 15:00:00,320.7464
2011-04-30 16:00:00,346.77734
2011-04-30 17:00:00,264.34595
2011-04-30 18:00:00,259.11917
2011-04-30 19:00:00,259.11917
2011-04-30 20:00:00,110.254585
2011-04-30 21:00:00,110.254585
2011-04-30 22:00:00,91.20051
2011-04-30 23:00:00,91.20051
2011-05-20 00:00:00,98.0984
2011-05-20 01:00:00,89.98993
2011-05-20 02:00:00,93.4235
2011-05-20 03:00:00,89.77734
2011-05-20 04:00:00,97.92381
2011-05-20 05:00:00,98.53016
2011-05-20 06:00:00,103.0752
2011-05-20 07:00:00,113.91688
2011-05-20 08:00:00,113.938805
2011-05-20 09:00:00,151.2722
2011-05-20 10:00:00,161.79375
2011-05-20 11:00:00,208.40262
2011-05-20 12:00:00,250.26175
2011-05-20 13:00:00,248.63425
2011-05-20 14:00:00,260.64365
2011-05-20 15:00:00,251.18027
2011-05-20 16:00:00,255.89383
2011-05-20 17:00:00,188.98862
2011-05-20 18:00:00,229.87341
2011-05-20 19:00:00,134.92026
2011-05-20 20:00:00,138.02924
2011-05-20 21:00:00,136.16815
2011-05-20 22:00:00,110.312004
2011-05-20 23:00:00,124.393906
2011-05-21 00:00:00,74.7911
2011-05-21 01:00:00,74.03693
2011-05-21 02:00:00,85.75079
2011-05-21 03:00:00,70.80443
2011-05-21 04:00:00,67.32973
2011-05-21 05:00:00,66.11705
2011-05-21 06:00:00,72.22486
2011-05-21 07:00:00,91.2626
2011-05-21 08:00:00,137.08304
2011-05-21 09:00:00,152.58563
2011-05-21 10:00:00,153.031
2011-05-21 11:00:00,234.76166
2011-05-21 12:00:00,205.65952
2011-05-21 13:00:00,270.99237
2011-05-21 14:00:00,315.6584
2011-05-21 15:00:00,336.49152
2011-05-21 16:00:00,411.45752
2011-05-21 17:00:00,357.21674
2011-05-21 18:00:00,322.54092
2011-05-21 19:00:00,277.6881
2011-05-21 20:00:00,134.37766
2011-05-21 21:00:00,153.031
2011-05-21 22:00:00,115.82996
2011-05-21 23:00:00,73.98974
2011-05-22 00:00:00,69.45041
2011-05-22 01:00:00,63.50291
2011-05-22 02:00:00,62.29023
2011-05-22 03:00:00,57.617306
2011-05-22 04:00:00,54.944866
2011-05-22 05:00:00,57.617306
2011-05-22 06:00:00,62.29023
2011-05-22 07:00:00,67.0009
2011-05-22 08:00:00,96.2342
2011-05-22 09:00:00,111.47315
2011-05-22 10:00:00,135.14401
2011-05-22 11:00:00,255.80896
2011-05-22 12:00:00,291.21967
2011-05-22 13:00:00,269.61328
2011-05-22 14:00:00,158.97821
2011-05-22 15:00:00,199.27026
2011-05-22 16:00:00,176.30127
2011-05-22 17:00:00,234.44919
2011-05-22 18:00:00,186.95036
2011-05-22 19:00:00,180.72679
2011-05-22 20:00:00,139.61331
2011-05-22 21:00:00,115.47779
2011-05-22 22:00:00,72.40801
2011-05-22 23:00:00,82.41488
2011-05-23 00:00:00,112.62751
2011-05-23 01:00:00,103.98371
2011-05-23 02:00:00,121.275475
2011-05-23 03:00:00,116.75219
2011-05-23 04:00:00,102.473946
2011-05-23 05:00:00,102.473946
2011-05-23 06:00:00,98.12181
2011-05-23 07:00:00,107.02604
2011-05-23 08:00:00,105.43277
2011-05-23 09:00:00,106.686226
2011-05-23 10:00:00,166.47873
2011-05-23 11:00:00,207.15823
2011-05-23 12:00:00,207.15823
2011-05-23 13:00:00,292.56012
2011-05-23 14:00:00,250.9754
2011-05-23 15:00:00,259.56696
2011-05-23 16:00:00,273.15686
2011-05-23 17:00:00,233.1005
2011-05-23 18:00:00,172.17526
2011-05-23 19:00:00,157.12321
2011-05-23 20:00:00,115.31863
2011-05-23 21:00:00,106.32075
2011-05-23 22:00:00,99.84228
2011-05-23 23:00:00,112.998344
2011-05-24 00:00:00,103.13152
2011-05-24 01:00:00,101.88218
2011-05-24 02:00:00,103.13152
2011-05-24 03:00:00,107.214806
2011-05-24 04:00:00,101.68063
2011-05-24 05:00:00,113.4697
2011-05-24 06:00:00,110.96691
2011-05-24 07:00:00,152.59805
2011-05-24 08:00:00,144.12134
2011-05-24 09:00:00,158.65872
2011-05-24 10:00:00,256.17023
2011-05-24 11:00:00,281.78708
2011-05-24 12:00:00,346.91577
2011-05-24 13:00:00,312.39148
2011-05-24 14:00:00,323.71353
2011-05-24 15:00:00,302.21155
2011-05-24 16:00:00,156.30072
2011-05-24 17:00:00,191.4956
2011-05-24 18:00:00,156.75224
2011-05-24 19:00:00,142.79013
2011-05-24 20:00:00,121.006584
2011-05-24 21:00:00,111.33239
2011-05-24 22:00:00,126.884094
2011-05-24 23:00:00,169.23715
2011-05-25 00:00:00,142.2602
2011-05-25 01:00:00,134.18935
2011-05-25 02:00:00,102.64508
2011-05-25 03:00:00,96.357574
2011-05-25 04:00:00,95.10825
2011-05-25 05:00:00,103.35906
2011-05-25 06:00:00,99.00689
2011-05-25 07:00:00,129.20744
2011-05-25 08:00:00,163.44688
2011-05-25 09:00:00,161.47739
2011-05-25 10:00:00,186.32123
2011-05-25 11:00:00,230.98517
2011-05-25 12:00:00,239.77275
2011-05-25 13:00:00,239.77275
2011-05-25 14:00:00,250.69862
2011-05-25 15:00:00,294.1525
2011-05-25 16:00:00,299.45486
2011-05-25 17:00:00,281.78708
2011-05-25 18:00:00,251.4248
2011-05-25 19:00:00,201.8443
2011-05-25 20:00:00,212.22781
2011-05-25 21:00:00,143.16959
2011-05-25 22:00:00,174.73206
2011-05-25 23:00:00,131.06856
2011-05-26 00:00:00,131.06857
2011-05-26 01:00:00,131.06857
2011-05-26 02:00:00,108.15915
2011-05-26 03:00:00,101.05599
2011-05-26 04:00:00,97.29966
2011-05-26 05:00:00,108.450424
2011-05-26 06:00:00,91.72198
2011-05-26 07:00:00,108.48602
2011-05-26 08:00:00,122.22642
2011-05-26 09:00:00,162.5473
2011-05-26 10:00:00,172.17526
2011-05-26 11:00:00,216.76065
2011-05-26 12:00:00,297.75507
2011-05-26 13:00:00,320.8499
2011-05-26 14:00:00,320.8499
2011-05-26 15:00:00,347.0923
2011-05-26 16:00:00,354.5813
2011-05-26 17:00:00,329.65366
2011-05-26 18:00:00,346.61774
2011-05-26 19:00:00,340.6776
2011-05-26 20:00:00,231.92117
2011-05-26 21:00:00,189.73035
2011-05-26 22:00:00,181.12479
2011-05-26 23:00:00,196.13742
2011-05-27 00:00:00,176.85713
2011-05-27 01:00:00,269.48
2011-05-27 02:00:00,228.19165
2011-05-27 03:00:00,157.32367
2011-05-27 04:00:00,141.33746
2011-05-27 05:00:00,199.54591
2011-05-27 06:00:00,132.01056
2011-05-27 07:00:00,137.30736
2011-05-27 08:00:00,161.87857
2011-05-27 09:00:00,214.78741
2011-05-27 10:00:00,299.997
2011-05-27 11:00:00,304.75604
2011-05-27 12:00:00,307.54126
2011-05-27 13:00:00,246.3942
2011-05-27 14:00:00,281.20758
2011-05-27 15:00:00,318.4109
2011-05-27 16:00:00,312.47015
2011-05-27 17:00:00,292.62347
2011-05-27 18:00:00,273.15686
2011-05-27 19:00:00,163.96484
2011-05-27 20:00:00,165.76483
2011-05-27 21:00:00,107.970375
2011-05-27 22:00:00,115.52709
2011-05-27 23:00:00,105.42182
2011-05-28 00:00:00,68.610054
2011-05-28 01:00:00,71.10615
2011-05-28 02:00:00,66.37538
2011-05-28 03:00:00,73.20292
2011-05-28 04:00:00,79.41213
2011-05-28 05:00:00,73.20292
2011-05-28 06:00:00,94.19697
2011-05-28 07:00:00,96.02909
2011-05-28 08:00:00,102.6417
2011-05-28 09:00:00,129.79555
2011-05-28 10:00:00,169.1207
2011-05-28 11:00:00,169.1207
2011-05-28 12:00:00,242.45007
2011-05-28 13:00:00,209.30562
2011-05-28 14:00:00,244.2028
2011-05-28 15:00:00,269.54242
2011-05-28 16:00:00,289.21686
2011-05-28 17:00:00,285.0702
2011-05-28 18:00:00,215.50838
2011-05-28 19:00:00,162.89706
2011-05-28 20:00:00,169.1207
2011-05-28 21:00:00,138.40823
2011-05-28 22:00:00,108.20153
2011-05-28 23:00:00,82.893425
2011-05-29 00:00:00,89.13221
2011-05-29 01:00:00,67.54286
2011-05-29 02:00:00,65.04006
2011-05-29 03:00:00,65.04006
2011-05-29 04:00:00,64.24428
2011-05-29 05:00:00,57.521355
2011-05-29 06:00:00,81.32761
2011-05-29 07:00:00,93.78432
2011-05-29 08:00:00,87.56637
2011-05-29 09:00:00,73.87229
2011-05-29 10:00:00,108.49674
2011-05-29 11:00:00,120.95344
2011-05-29 12:00:00,144.06818
2011-05-29 13:00:00,158.82022
2011-05-29 14:00:00,164.13849
2011-05-29 15:00:00,166.36563
2011-05-29 16:00:00,164.13849
2011-05-29 17:00:00,164.13849
2011-05-29 18:00:00,149.62674
2011-05-29 19:00:00,143.38794
2011-05-29 20:00:00,111.861916
2011-05-29 21:00:00,89.141884
2011-05-29 22:00:00,65.9239
2011-05-29 23:00:00,67.17741
2011-05-30 00:00:00,65.12052
2011-05-30 01:00:00,62.691082
2011-05-30 02:00:00,65.12052
2011-05-30 03:00:00,65.12052
2011-05-30 04:00:00,63.695194
2011-05-30 05:00:00,68.707726
2011-05-30 06:00:00,68.26358
2011-05-30 07:00:00,64.507256
2011-05-30 08:00:00,75.36676
2011-05-30 09:00:00,122.68627
2011-05-30 10:00:00,317.45828
2011-05-30 11:00:00,259.4551
2011-05-30 12:00:00,346.55237
2011-05-30 13:00:00,379.59787
2011-05-30 14:00:00,401.89148
2011-05-30 15:00:00,450.36633
2011-05-30 16:00:00,465.14462
2011-05-30 17:00:00,429.2905
2011-05-30 18:00:00,422.0401
2011-05-30 19:00:00,243.45892
2011-05-30 20:00:00,210.58556
2011-05-30 21:00:00,149.56488
2011-05-30 22:00:00,135.13704
2011-05-30 23:00:00,90.774925
2011-05-31 00:00:00,116.499214
2011-05-31 01:00:00,106.39391
2011-05-31 02:00:00,106.50323
2011-05-31 03:00:00,98.02126
2011-05-31 04:00:00,107.89436
2011-05-31 05:00:00,107.89436
2011-05-31 06:00:00,113.64754
2011-05-31 07:00:00,178.33884
2011-05-31 08:00:00,237.66013
2011-05-31 09:00:00,253.10025
2011-05-31 10:00:00,255.8933
2011-05-31 11:00:00,243.17056
2011-05-31 12:00:00,274.56345
2011-05-31 13:00:00,344.3529
2011-05-31 14:00:00,316.70184
2011-05-31 15:00:00,351.04105
2011-05-31 16:00:00,338.0999
2011-05-31 17:00:00,301.03687
2011-05-31 18:00:00,289.71484
2011-05-31 19:00:00,211.77179
2011-05-31 20:00:00,211.77179
2011-05-31 21:00:00,186.92786
2011-05-31 22:00:00,170.5481
2011-05-31 23:00:00,122.49791
2011-06-20 00:00:00,111.02184
2011-06-20 01:00:00,100.69051
2011-06-20 02:00:00,100.69051
2011-06-20 03:00:00,111.72317
2011-06-20 04:00:00,119.14352
2011-06-20 05:00:00,125.42577
2011-06-20 06:00:00,140.80194
2011-06-20 07:00:00,122.52481
2011-06-20 08:00:00,132.32826
2011-06-20 09:00:00,152.58405
2011-06-20 10:00:00,152.58405
2011-06-20 11:00:00,121.67228
2011-06-20 12:00:00,152.65654
2011-06-20 13:00:00,153.59628
2011-06-20 14:00:00,183.21758
2011-06-20 15:00:00,193.56631
2011-06-20 16:00:00,227.76743
2011-06-20 17:00:00,191.46492
2011-06-20 18:00:00,242.34991
2011-06-20 19:00:00,186.4046
2011-06-20 20:00:00,165.53186
2011-06-20 21:00:00,137.30737
2011-06-20 22:00:00,167.88982
2011-06-20 23:00:00,141.2848
2011-06-21 00:00:00,140.25241
2011-06-21 01:00:00,172.80585
2011-06-21 02:00:00,149.30684
2011-06-21 03:00:00,149.30684
2011-06-21 04:00:00,106.97516
2011-06-21 05:00:00,110.86738
2011-06-21 06:00:00,110.86738
2011-06-21 07:00:00,92.898476
2011-06-21 08:00:00,107.1463
2011-06-21 09:00:00,137.61295
2011-06-21 10:00:00,139.85341
2011-06-21 11:00:00,126.737335
2011-06-21 12:00:00,170.74704
2011-06-21 13:00:00,243.22354
2011-06-21 14:00:00,285.5823
2011-06-21 15:00:00,315.20758
2011-06-21 16:00:00,311.39746
2011-06-21 17:00:00,280.04828
2011-06-21 18:00:00,276.55334
2011-06-21 19:00:00,230.72058
2011-06-21 20:00:00,273.21686
2011-06-21 21:00:00,191.79518
2011-06-21 22:00:00,137.01593
2011-06-21 23:00:00,159.26193
2011-06-22 00:00:00,145.7914
2011-06-22 01:00:00,133.33466
2011-06-22 02:00:00,105.66491
2011-06-22 03:00:00,133.33466
2011-06-22 04:00:00,99.18638
2011-06-22 05:00:00,94.83425
2011-06-22 06:00:00,102.03809
2011-06-22 07:00:00,118.95135
2011-06-22 08:00:00,173.16595
2011-06-22 09:00:00,155.70584
2011-06-22 10:00:00,239.11876
2011-06-22 11:00:00,220.48962
2011-06-22 12:00:00,325.8252
2011-06-22 13:00:00,348.35214
2011-06-22 14:00:00,371.74454
2011-06-22 15:00:00,359.6741
2011-06-22 16:00:00,366.11258
2011-06-22 17:00:00,373.26804
2011-06-22 18:00:00,336.14435
2011-06-22 19:00:00,353.22498
2011-06-22 20:00:00,187.32431
2011-06-22 21:00:00,158.94086
2011-06-22 22:00:00,178.15683
2011-06-22 23:00:00,187.38792
2011-06-23 00:00:00,168.16255
2011-06-23 01:00:00,198.01874
2011-06-23 02:00:00,198.01874
2011-06-23 03:00:00,210.33865
2011-06-23 04:00:00,156.36514
2011-06-23 05:00:00,185.59239
2011-06-23 06:00:00,185.5924
2011-06-23 07:00:00,204.11502
2011-06-23 08:00:00,249.71988
2011-06-23 09:00:00,228.9877
2011-06-23 10:00:00,258.29626
2011-06-23 11:00:00,307.15717
2011-06-23 12:00:00,302.93027
2011-06-23 13:00:00,316.32556
2011-06-23 14:00:00,307.33984
2011-06-23 15:00:00,361.74872
2011-06-23 16:00:00,312.87384
2011-06-23 17:00:00,264.4442
2011-06-23 18:00:00,251.33044
2011-06-23 19:00:00,252.86926
2011-06-23 20:00:00,183.17346
2011-06-23 21:00:00,176.94981
2011-06-23 22:00:00,207.91974
2011-06-23 23:00:00,197.62155
2011-06-24 00:00:00,149.45734
2011-06-24 01:00:00,160.9985
2011-06-24 02:00:00,160.9985
2011-06-24 03:00:00,126.737335
2011-06-24 04:00:00,111.171684
2011-06-24 05:00:00,98.59057
2011-06-24 06:00:00,120.49856
2011-06-24 07:00:00,152.32536
2011-06-24 08:00:00,183.17346
2011-06-24 09:00:00,249.09503
2011-06-24 10:00:00,402.3161
2011-06-24 11:00:00,424.00226
2011-06-24 12:00:00,402.98236
2011-06-24 13:00:00,392.08304
2011-06-24 14:00:00,401.5498
2011-06-24 15:00:00,448.64978
2011-06-24 16:00:00,448.98834
2011-06-24 17:00:00,389.77908
2011-06-24 18:00:00,409.66498
2011-06-24 19:00:00,374.74017
2011-06-24 20:00:00,329.82397
2011-06-24 21:00:00,295.25964
2011-06-24 22:00:00,248.19913
2011-06-24 23:00:00,279.4755
2011-06-25 00:00:00,345.08118
2011-06-25 01:00:00,310.39047
2011-06-25 02:00:00,341.9637
2011-06-25 03:00:00,263.34332
2011-06-25 04:00:00,263.34332
2011-06-25 05:00:00,209.17528
2011-06-25 06:00:00,269.56686
2011-06-25 07:00:00,281.99323
2011-06-25 08:00:00,371.45123
2011-06-25 09:00:00,403.88464
2011-06-25 10:00:00,384.34418
2011-06-25 11:00:00,396.70374
2011-06-25 12:00:00,454.4851
2011-06-25 13:00:00,454.4851
2011-06-25 14:00:00,425.03867
2011-06-25 15:00:00,364.44214
2011-06-25 16:00:00,450.3144
2011-06-25 17:00:00,428.8214
2011-06-25 18:00:00,403.88464
2011-06-25 19:00:00,387.72833
2011-06-25 20:00:00,351.9107
2011-06-25 21:00:00,307.4809
2011-06-25 22:00:00,354.83508
2011-06-25 23:00:00,357.219
2011-06-26 00:00:00,229.83383
2011-06-26 01:00:00,266.4718
2011-06-26 02:00:00,243.60306
2011-06-26 03:00:00,176.5218
2011-06-26 04:00:00,173.42038
2011-06-26 05:00:00,154.77042
2011-06-26 06:00:00,154.77042
2011-06-26 07:00:00,181.2211
2011-06-26 08:00:00,229.55719
2011-06-26 09:00:00,256.46527
2011-06-26 10:00:00,329.2083
2011-06-26 11:00:00,366.3838
2011-06-26 12:00:00,430.26913
2011-06-26 13:00:00,410.61304
2011-06-26 14:00:00,428.23785
2011-06-26 15:00:00,410.61304
2011-06-26 16:00:00,419.03485
2011-06-26 17:00:00,416.76498
2011-06-26 18:00:00,425.70407
2011-06-26 19:00:00,360.68005
2011-06-26 20:00:00,344.4357
2011-06-26 21:00:00,288.03528
2011-06-26 22:00:00,275.82828
2011-06-26 23:00:00,262.40277
2011-06-27 00:00:00,217.33136
2011-06-27 01:00:00,147.14496
2011-06-27 02:00:00,163.57474
2011-06-27 03:00:00,163.57474
2011-06-27 04:00:00,134.3144
2011-06-27 05:00:00,136.1755
2011-06-27 06:00:00,153.38374
2011-06-27 07:00:00,193.33624
2011-06-27 08:00:00,160.43239
2011-06-27 09:00:00,232.64505
2011-06-27 10:00:00,288.03778
2011-06-27 11:00:00,223.893
2011-06-27 12:00:00,232.64505
2011-06-27 13:00:00,304.05975
2011-06-27 14:00:00,258.52338
2011-06-27 15:00:00,232.96368
2011-06-27 16:00:00,260.95306
2011-06-27 17:00:00,272.23718
2011-06-27 18:00:00,238.62303
2011-06-27 19:00:00,268.7148
2011-06-27 20:00:00,214.92865
2011-06-27 21:00:00,178.63867
2011-06-27 22:00:00,153.79471
2011-06-27 23:00:00,153.79471
2011-06-28 00:00:00,146.466
2011-06-28 01:00:00,128.16396
2011-06-28 02:00:00,142.846
2011-06-28 03:00:00,142.846
2011-06-28 04:00:00,128.16396
2011-06-28 05:00:00,105.66491
2011-06-28 06:00:00,126.737335
2011-06-28 07:00:00,139.18849
2011-06-28 08:00:00,149.47266
2011-06-28 09:00:00,165.4819
2011-06-28 10:00:00,320.38416
2011-06-28 11:00:00,307.87714
2011-06-28 12:00:00,366.66925
2011-06-28 13:00:00,330.97986
2011-06-28 14:00:00,381.43884
2011-06-28 15:00:00,343.08566
2011-06-28 16:00:00,398.3363
2011-06-28 17:00:00,374.10187
2011-06-28 18:00:00,373.47906
2011-06-28 19:00:00,329.87057
2011-06-28 20:00:00,202.45642
2011-06-28 21:00:00,277.48114
2011-06-28 22:00:00,225.59753
2011-06-28 23:00:00,222.49614
2011-06-29 00:00:00,189.47592
2011-06-29 01:00:00,171.96545
2011-06-29 02:00:00,139.19403
2011-06-29 03:00:00,127.411964
2011-06-29 04:00:00,114.28063
2011-06-29 05:00:00,126.72205
2011-06-29 06:00:00,218.08768
2011-06-29 07:00:00,304.22195
2011-06-29 08:00:00,347.22516
2011-06-29 09:00:00,381.8706
2011-06-29 10:00:00,400.57364
2011-06-29 11:00:00,386.5895
2011-06-29 12:00:00,392.82153
2011-06-29 13:00:00,408.57562
2011-06-29 14:00:00,397.90765
2011-06-29 15:00:00,394.33972
2011-06-29 16:00:00,426.49884
2011-06-29 17:00:00,396.82794
2011-06-29 18:00:00,396.2583
2011-06-29 19:00:00,446.89124
2011-06-29 20:00:00,408.98773
2011-06-29 21:00:00,374.53033
2011-06-29 22:00:00,358.06216
2011-06-29 23:00:00,317.72452
2011-06-30 00:00:00,292.14304
2011-06-30 01:00:00,273.74414
2011-06-30 02:00:00,256.42673
2011-06-30 03:00:00,248.33383
2011-06-30 04:00:00,187.38531
2011-06-30 05:00:00,212.2381
2011-06-30 06:00:00,240.81766
2011-06-30 07:00:00,258.63367
2011-06-30 08:00:00,327.5111
2011-06-30 09:00:00,372.07043
2011-06-30 10:00:00,360.12433
2011-06-30 11:00:00,357.5285
2011-06-30 12:00:00,374.10437
2011-06-30 13:00:00,385.98386
2011-06-30 14:00:00,394.13354
2011-06-30 15:00:00,368.34094
2011-06-30 16:00:00,368.30887
2011-06-30 17:00:00,387.2788
2011-06-30 18:00:00,385.1587
2011-06-30 19:00:00,381.30823
2011-06-30 20:00:00,381.30823
2011-06-30 21:00:00,345.57327
2011-06-30 22:00:00,344.10065
2011-06-30 23:00:00,228.72519
2011-07-20 00:00:00,124.1798
2011-07-20 01:00:00,107.016174
2011-07-20 02:00:00,107.016174
2011-07-20 03:00:00,124.1798
2011-07-20 04:00:00,104.88981
2011-07-20 05:00:00,120.51385
2011-07-20 06:00:00,118.24184
2011-07-20 07:00:00,137.31113
2011-07-20 08:00:00,152.10461
2011-07-20 09:00:00,196.5975
2011-07-20 10:00:00,174.07095
2011-07-20 11:00:00,253.47964
2011-07-20 12:00:00,237.25208
2011-07-20 13:00:00,317.25836
2011-07-20 14:00:00,338.05096
2011-07-20 15:00:00,326.17487
2011-07-20 16:00:00,247.367
2011-07-20 17:00:00,311.9557
2011-07-20 18:00:00,323.2777
2011-07-20 19:00:00,281.29956
2011-07-20 20:00:00,255.79802
2011-07-20 21:00:00,273.4258
2011-07-20 22:00:00,264.84943
2011-07-20 23:00:00,218.5759
2011-07-21 00:00:00,230.89575
2011-07-21 01:00:00,174.691
2011-07-21 02:00:00,174.691
2011-07-21 03:00:00,169.83797
2011-07-21 04:00:00,147.91647
2011-07-21 05:00:00,147.91647
2011-07-21 06:00:00,147.91647
2011-07-21 07:00:00,155.99547
2011-07-21 08:00:00,197.79672
2011-07-21 09:00:00,278.67322
2011-07-21 10:00:00,298.8145
2011-07-21 11:00:00,363.43036
2011-07-21 12:00:00,384.16937
2011-07-21 13:00:00,372.84735
2011-07-21 14:00:00,423.90216
2011-07-21 15:00:00,362.67206
2011-07-21 16:00:00,404.36536
2011-07-21 17:00:00,412.77182
2011-07-21 18:00:00,388.95166
2011-07-21 19:00:00,336.38916
2011-07-21 20:00:00,293.60025
2011-07-21 21:00:00,273.92773
2011-07-21 22:00:00,265.0153
2011-07-21 23:00:00,251.99103
2011-07-22 00:00:00,279.12564
2011-07-22 01:00:00,222.06564
2011-07-22 02:00:00,188.5166
2011-07-22 03:00:00,201.95033
2011-07-22 04:00:00,187.52037
2011-07-22 05:00:00,150.0173
2011-07-22 06:00:00,183.72232
2011-07-22 07:00:00,266.88797
2011-07-22 08:00:00,306.67703
2011-07-22 09:00:00,274.07968
2011-07-22 10:00:00,296.30566
2011-07-22 11:00:00,324.6182
2011-07-22 12:00:00,368.31268
2011-07-22 13:00:00,341.9295
2011-07-22 14:00:00,413.34906
2011-07-22 15:00:00,398.26422
2011-07-22 16:00:00,412.98938
2011-07-22 17:00:00,343.6977
2011-07-22 18:00:00,398.0775
2011-07-22 19:00:00,361.6966
2011-07-22 20:00:00,247.367
2011-07-22 21:00:00,266.48322
2011-07-22 22:00:00,320.87167
2011-07-22 23:00:00,291.65314
2011-07-23 00:00:00,283.91968
2011-07-23 01:00:00,336.4795
2011-07-23 02:00:00,328.74988
2011-07-23 03:00:00,235.19833
2011-07-23 04:00:00,223.4544
2011-07-23 05:00:00,256.55353
2011-07-23 06:00:00,329.4352
2011-07-23 07:00:00,324.87805
2011-07-23 08:00:00,411.93988
2011-07-23 09:00:00,388.03137
2011-07-23 10:00:00,477.56165
2011-07-23 11:00:00,493.9511
2011-07-23 12:00:00,477.8281
2011-07-23 13:00:00,492.16498
2011-07-23 14:00:00,439.76727
2011-07-23 15:00:00,457.82587
2011-07-23 16:00:00,485.91205
2011-07-23 17:00:00,485.91205
2011-07-23 18:00:00,493.27954
2011-07-23 19:00:00,301.79047
2011-07-23 20:00:00,321.2909
2011-07-23 21:00:00,321.2909
2011-07-23 22:00:00,304.02875
2011-07-23 23:00:00,271.81305
2011-07-24 00:00:00,271.81305
2011-07-24 01:00:00,238.29974
2011-07-24 02:00:00,259.73004
2011-07-24 03:00:00,259.73004
2011-07-24 04:00:00,238.29974
2011-07-24 05:00:00,235.19833
2011-07-24 06:00:00,272.08502
2011-07-24 07:00:00,282.261
2011-07-24 08:00:00,351.6927
2011-07-24 09:00:00,382.1095
2011-07-24 10:00:00,435.72284
2011-07-24 11:00:00,376.58197
2011-07-24 12:00:00,462.00064
2011-07-24 13:00:00,427.72992
2011-07-24 14:00:00,421.0593
2011-07-24 15:00:00,490.22955
2011-07-24 16:00:00,490.22955
2011-07-24 17:00:00,468.54593
2011-07-24 18:00:00,467.87756
2011-07-24 19:00:00,422.20428
2011-07-24 20:00:00,388.03137
2011-07-24 21:00:00,275.40195
2011-07-24 22:00:00,210.61264
2011-07-24 23:00:00,211.31311
2011-07-25 00:00:00,190.9381
2011-07-25 01:00:00,200.58948
2011-07-25 02:00:00,162.47214
2011-07-25 03:00:00,134.39737
2011-07-25 04:00:00,131.67621
2011-07-25 05:00:00,131.67621
2011-07-25 06:00:00,144.80753
2011-07-25 07:00:00,147.8997
2011-07-25 08:00:00,169.4739
2011-07-25 09:00:00,216.40372
2011-07-25 10:00:00,237.25208
2011-07-25 11:00:00,326.38348
2011-07-25 12:00:00,326.38348
2011-07-25 13:00:00,212.07059
2011-07-25 14:00:00,178.1568
2011-07-25 15:00:00,185.71494
2011-07-25 16:00:00,149.09328
2011-07-25 17:00:00,149.44847
2011-07-25 18:00:00,178.02017
2011-07-25 19:00:00,196.5975
2011-07-25 20:00:00,179.36877
2011-07-25 21:00:00,107.016174
2011-07-25 22:00:00,107.016174
2011-07-25 23:00:00,121.07085
2011-07-26 00:00:00,137.01593
2011-07-26 01:00:00,137.01593
2011-07-26 02:00:00,105.11051
2011-07-26 03:00:00,111.32842
2011-07-26 04:00:00,120.13444
2011-07-26 05:00:00,98.761665
2011-07-26 06:00:00,145.42726
2011-07-26 07:00:00,270.33636
2011-07-26 08:00:00,294.84332
2011-07-26 09:00:00,375.5064
2011-07-26 10:00:00,400.28094
2011-07-26 11:00:00,367.924
2011-07-26 12:00:00,375.1364
2011-07-26 13:00:00,418.7179
2011-07-26 14:00:00,411.36066
2011-07-26 15:00:00,408.7467
2011-07-26 16:00:00,418.60156
2011-07-26 17:00:00,440.0172
2011-07-26 18:00:00,451.47827
2011-07-26 19:00:00,409.60675
2011-07-26 20:00:00,379.4937
2011-07-26 21:00:00,341.11896
2011-07-26 22:00:00,274.0388
2011-07-26 23:00:00,257.452
2011-07-27 00:00:00,311.77356
2011-07-27 01:00:00,330.64844
2011-07-27 02:00:00,345.6563
2011-07-27 03:00:00,272.34387
2011-07-27 04:00:00,305.6574
2011-07-27 05:00:00,321.88977
2011-07-27 06:00:00,304.22195
2011-07-27 07:00:00,340.83112
2011-07-27 08:00:00,387.3016
2011-07-27 09:00:00,392.82153
2011-07-27 10:00:00,350.09503
2011-07-27 11:00:00,360.4179
2011-07-27 12:00:00,403.81714
2011-07-27 13:00:00,413.51254
2011-07-27 14:00:00,392.90842
2011-07-27 15:00:00,389.09927
2011-07-27 16:00:00,376.324
2011-07-27 17:00:00,382.26062
2011-07-27 18:00:00,379.65704
2011-07-27 19:00:00,379.67688
2011-07-27 20:00:00,364.39255
2011-07-27 21:00:00,287.96216
2011-07-27 22:00:00,255.49805
2011-07-27 23:00:00,309.3911
2011-07-28 00:00:00,281.2497
2011-07-28 01:00:00,235.41565
2011-07-28 02:00:00,262.32593
2011-07-28 03:00:00,228.07126
2011-07-28 04:00:00,235.64816
2011-07-28 05:00:00,214.92865
2011-07-28 06:00:00,182.11563
2011-07-28 07:00:00,212.48875
2011-07-28 08:00:00,243.22354
2011-07-28 09:00:00,294.1353
2011-07-28 10:00:00,342.4533
2011-07-28 11:00:00,351.18646
2011-07-28 12:00:00,345.13977
2011-07-28 13:00:00,384.32806
2011-07-28 14:00:00,381.9748
2011-07-28 15:00:00,339.18256
2011-07-28 16:00:00,351.8249
2011-07-28 17:00:00,321.3714
2011-07-28 18:00:00,328.58038
2011-07-28 19:00:00,306.01556
2011-07-28 20:00:00,291.65308
2011-07-28 21:00:00,297.71606
2011-07-28 22:00:00,253.96408
2011-07-28 23:00:00,206.1495
2011-07-29 00:00:00,158.94086
2011-07-29 01:00:00,154.47156
2011-07-29 02:00:00,134.39737
2011-07-29 03:00:00,134.39737
2011-07-29 04:00:00,141.00308
2011-07-29 05:00:00,112.980705
2011-07-29 06:00:00,126.11206
2011-07-29 07:00:00,162.47214
2011-07-29 08:00:00,168.01398
2011-07-29 09:00:00,384.32806
2011-07-29 10:00:00,406.8409
2011-07-29 11:00:00,419.23904
2011-07-29 12:00:00,437.29614
2011-07-29 13:00:00,391.086
2011-07-29 14:00:00,427.5854
2011-07-29 15:00:00,429.95074
2011-07-29 16:00:00,440.6187
2011-07-29 17:00:00,433.50677
2011-07-29 18:00:00,435.01068
2011-07-29 19:00:00,394.35583
2011-07-29 20:00:00,425.0783
2011-07-29 21:00:00,346.2593
2011-07-29 22:00:00,348.35394
2011-07-29 23:00:00,272.04083
2011-07-30 00:00:00,305.5669
2011-07-30 01:00:00,272.71854
2011-07-30 02:00:00,277.1774
2011-07-30 03:00:00,247.9318
2011-07-30 04:00:00,213.03452
2011-07-30 05:00:00,204.1012
2011-07-30 06:00:00,207.20256
2011-07-30 07:00:00,242.08353
2011-07-30 08:00:00,305.2895
2011-07-30 09:00:00,446.07062
2011-07-30 10:00:00,474.40088
2011-07-30 11:00:00,484.8296
2011-07-30 12:00:00,487.7542
2011-07-30 13:00:00,467.34845
2011-07-30 14:00:00,471.82172
2011-07-30 15:00:00,493.125
2011-07-30 16:00:00,479.64972
2011-07-30 17:00:00,480.11633
2011-07-30 18:00:00,477.77505
2011-07-30 19:00:00,477.2028
2011-07-30 20:00:00,442.20782
2011-07-30 21:00:00,367.4221
2011-07-30 22:00:00,313.27655
2011-07-30 23:00:00,272.71857
2011-07-31 00:00:00,272.71854
2011-07-31 01:00:00,232.40402
2011-07-31 02:00:00,205.50763
2011-07-31 03:00:00,186.8577
2011-07-31 04:00:00,148.48409
2011-07-31 05:00:00,153.51723
2011-07-31 06:00:00,153.80234
2011-07-31 07:00:00,267.12686
2011-07-31 08:00:00,314.48206
2011-07-31 09:00:00,351.71863
2011-07-31 10:00:00,478.59756
2011-07-31 11:00:00,471.63562
2011-07-31 12:00:00,466.62854
2011-07-31 13:00:00,456.91782
2011-07-31 14:00:00,459.29114
2011-07-31 15:00:00,443.1894
2011-07-31 16:00:00,437.03467
2011-07-31 17:00:00,422.58527
2011-07-31 18:00:00,481.61734
2011-07-31 19:00:00,361.4071
2011-07-31 20:00:00,361.4071
2011-07-31 21:00:00,324.5766
2011-07-31 22:00:00,215.20343
2011-07-31 23:00:00,233.46179
2011-08-20 00:00:00,60.314365
2011-08-20 01:00:00,65.036125
2011-08-20 02:00:00,79.80482
2011-08-20 03:00:00,79.80482
2011-08-20 04:00:00,65.78251
2011-08-20 05:00:00,64.677765
2011-08-20 06:00:00,101.889244
2011-08-20 07:00:00,65.03614
2011-08-20 08:00:00,132.65796
2011-08-20 09:00:00,172.45798
2011-08-20 10:00:00,234.39426
2011-08-20 11:00:00,219.68149
2011-08-20 12:00:00,267.12686
2011-08-20 13:00:00,286.09506
2011-08-20 14:00:00,377.1759
2011-08-20 15:00:00,438.4035
2011-08-20 16:00:00,403.13373
2011-08-20 17:00:00,377.1759
2011-08-20 18:00:00,307.6195
2011-08-20 19:00:00,254.13458
2011-08-20 20:00:00,260.3582
2011-08-20 21:00:00,191.6748
2011-08-20 22:00:00,168.45575
2011-08-20 23:00:00,143.51959
2011-08-21 00:00:00,152.44312
2011-08-21 01:00:00,129.50974
2011-08-21 02:00:00,123.27096
2011-08-21 03:00:00,113.00765
2011-08-21 04:00:00,119.24082
2011-08-21 05:00:00,108.76893
2011-08-21 06:00:00,105.659935
2011-08-21 07:00:00,134.80655
2011-08-21 08:00:00,135.74292
2011-08-21 09:00:00,167.07222
2011-08-21 10:00:00,178.9367
2011-08-21 11:00:00,314.46634
2011-08-21 12:00:00,343.40814
2011-08-21 13:00:00,362.39465
2011-08-21 14:00:00,200.12247
2011-08-21 15:00:00,135.36357
2011-08-21 16:00:00,133.45801
2011-08-21 17:00:00,128.98874
2011-08-21 18:00:00,148.19406
2011-08-21 19:00:00,197.87756
2011-08-21 20:00:00,141.96085
2011-08-21 21:00:00,141.96085
2011-08-21 22:00:00,142.63548
2011-08-21 23:00:00,147.98886
2011-08-22 00:00:00,143.23941
2011-08-22 01:00:00,127.67376
2011-08-22 02:00:00,231.79578
2011-08-22 03:00:00,256.39188
2011-08-22 04:00:00,238.12332
2011-08-22 05:00:00,251.0663
2011-08-22 06:00:00,280.70502
2011-08-22 07:00:00,278.29504
2011-08-22 08:00:00,278.29504
2011-08-22 09:00:00,309.04434
2011-08-22 10:00:00,347.22516
2011-08-22 11:00:00,422.80585
2011-08-22 12:00:00,438.17743
2011-08-22 13:00:00,421.87366
2011-08-22 14:00:00,418.05856
2011-08-22 15:00:00,389.91266
2011-08-22 16:00:00,418.05856
2011-08-22 17:00:00,377.36987
2011-08-22 18:00:00,377.1422
2011-08-22 19:00:00,387.5334
2011-08-22 20:00:00,361.206
2011-08-22 21:00:00,359.10645
2011-08-22 22:00:00,386.31787
2011-08-22 23:00:00,365.3667
2011-08-23 00:00:00,336.13452
2011-08-23 01:00:00,289.05255
2011-08-23 02:00:00,272.08554
2011-08-23 03:00:00,275.04462
2011-08-23 04:00:00,242.00989
2011-08-23 05:00:00,247.86362
2011-08-23 06:00:00,217.64143
2011-08-23 07:00:00,308.4568
2011-08-23 08:00:00,240.58727
2011-08-23 09:00:00,277.2088
2011-08-23 10:00:00,319.03677
2011-08-23 11:00:00,349.36188
2011-08-23 12:00:00,332.12747
2011-08-23 13:00:00,365.33893
2011-08-23 14:00:00,362.22296
2011-08-23 15:00:00,379.01443
2011-08-23 16:00:00,365.92368
2011-08-23 17:00:00,379.01443
2011-08-23 18:00:00,372.76135
2011-08-23 19:00:00,313.46307
2011-08-23 20:00:00,309.1797
2011-08-23 21:00:00,212.42155
2011-08-23 22:00:00,256.42673
2011-08-23 23:00:00,233.90546
2011-08-24 00:00:00,256.42673
2011-08-24 01:00:00,229.04752
2011-08-24 02:00:00,153.59918
2011-08-24 03:00:00,153.59918
2011-08-24 04:00:00,130.70538
2011-08-24 05:00:00,130.70538
2011-08-24 06:00:00,108.900955
2011-08-24 07:00:00,203.15361
2011-08-24 08:00:00,174.84338
2011-08-24 09:00:00,200.80714
2011-08-24 10:00:00,304.62988
2011-08-24 11:00:00,330.3214
2011-08-24 12:00:00,338.8518
2011-08-24 13:00:00,378.67706
2011-08-24 14:00:00,378.67706
2011-08-24 15:00:00,376.9262
2011-08-24 16:00:00,361.99768
2011-08-24 17:00:00,362.9162
2011-08-24 18:00:00,330.0031
2011-08-24 19:00:00,330.0031
2011-08-24 20:00:00,313.06152
2011-08-24 21:00:00,297.617
2011-08-24 22:00:00,273.8203
2011-08-24 23:00:00,226.08856
2011-08-25 00:00:00,194.05005
2011-08-25 01:00:00,231.43945
2011-08-25 02:00:00,231.43945
2011-08-25 03:00:00,201.15616
2011-08-25 04:00:00,188.78209
2011-08-25 05:00:00,172.24445
2011-08-25 06:00:00,160.9985
2011-08-25 07:00:00,202.99489
2011-08-25 08:00:00,224.3324
2011-08-25 09:00:00,264.6685
2011-08-25 10:00:00,299.47852
2011-08-25 11:00:00,148.31548
2011-08-25 12:00:00,148.31548
2011-08-25 13:00:00,137.01593
2011-08-25 14:00:00,161.94049
2011-08-25 15:00:00,182.34909
2011-08-25 16:00:00,112.980705
2011-08-25 17:00:00,112.980705
2011-08-25 18:00:00,154.1344
2011-08-25 19:00:00,195.27608
2011-08-25 20:00:00,182.09467
2011-08-25 21:00:00,162.6258
2011-08-25 22:00:00,101.67823
2011-08-25 23:00:00,107.47847
2011-08-26 00:00:00,116.80537
2011-08-26 01:00:00,101.67823
2011-08-26 02:00:00,101.001114
2011-08-26 03:00:00,99.58069
2011-08-26 04:00:00,95.370834
2011-08-26 05:00:00,102.765335
2011-08-26 06:00:00,95.370834
2011-08-26 07:00:00,99.18638
2011-08-26 08:00:00,114.28063
2011-08-26 09:00:00,143.5836
2011-08-26 10:00:00,217.31705
2011-08-26 11:00:00,222.17233
2011-08-26 12:00:00,247.94757
2011-08-26 13:00:00,274.67282
2011-08-26 14:00:00,232.9414
2011-08-26 15:00:00,314.50317
2011-08-26 16:00:00,251.9976
2011-08-26 17:00:00,212.1771
2011-08-26 18:00:00,212.07059
2011-08-26 19:00:00,144.73108
2011-08-26 20:00:00,142.50392
2011-08-26 21:00:00,155.70584
2011-08-26 22:00:00,144.73106
2011-08-26 23:00:00,121.07086
2011-08-27 00:00:00,97.99344
2011-08-27 01:00:00,110.45013
2011-08-27 02:00:00,116.66804
2011-08-27 03:00:00,136.03816
2011-08-27 04:00:00,136.03816
2011-08-27 05:00:00,151.60385
2011-08-27 06:00:00,151.60385
2011-08-27 07:00:00,164.06058
2011-08-27 08:00:00,142.25607
2011-08-27 09:00:00,176.51724
2011-08-27 10:00:00,193.78568
2011-08-27 11:00:00,151.91223
2011-08-27 12:00:00,167.05338
2011-08-27 13:00:00,166.504
2011-08-27 14:00:00,147.88391
2011-08-27 15:00:00,147.88391
2011-08-27 16:00:00,147.72713
2011-08-27 17:00:00,149.36841
2011-08-28 07:00:00,156.85371
2011-08-28 08:00:00,157.16782
2011-08-28 09:00:00,185.36722
2011-08-28 10:00:00,268.65958
2011-08-28 11:00:00,310.83792
2011-08-28 12:00:00,366.57947
2011-08-28 13:00:00,451.0548
2011-08-28 14:00:00,490.23428
2011-08-28 15:00:00,474.97565
2011-08-28 16:00:00,515.3186
2011-08-28 17:00:00,464.79718
2011-08-28 18:00:00,428.8214
2011-08-28 19:00:00,329.2083
2011-08-28 20:00:00,363.6256
2011-08-28 21:00:00,218.24191
2011-08-28 22:00:00,142.99168
2011-08-28 23:00:00,117.92089
2011-08-29 00:00:00,140.6318
2011-08-29 01:00:00,160.63965
2011-08-29 02:00:00,181.49881
2011-08-29 03:00:00,160.63965
2011-08-29 04:00:00,151.14102
2011-08-29 05:00:00,136.92331
2011-08-29 06:00:00,136.92331
2011-08-29 07:00:00,264.28833
2011-08-29 08:00:00,291.6704
2011-08-29 09:00:00,306.09564
2011-08-29 10:00:00,324.19037
2011-08-29 11:00:00,301.5842
2011-08-29 12:00:00,342.14392
2011-08-29 13:00:00,310.14642
2011-08-29 14:00:00,298.75623
2011-08-29 15:00:00,344.10065
2011-08-29 16:00:00,346.89664
2011-08-29 17:00:00,353.56378
2011-08-29 18:00:00,335.22705
2011-08-29 19:00:00,335.22705
2011-08-29 20:00:00,282.6928
2011-08-29 21:00:00,291.51196
2011-08-29 22:00:00,256.42673
2011-08-29 23:00:00,223.87317
2011-08-30 00:00:00,136.92331
2011-08-30 01:00:00,143.54153
2011-08-30 02:00:00,128.87329
2011-08-30 03:00:00,147.5479
2011-08-30 04:00:00,129.20004
2011-08-30 05:00:00,113.63436
2011-08-30 06:00:00,128.87329
2011-08-30 07:00:00,151.14102
2011-08-30 08:00:00,256.42673
2011-08-30 09:00:00,313.46307
2011-08-30 10:00:00,373.85352
2011-08-30 11:00:00,364.2904
2011-08-30 12:00:00,323.71918
2011-08-30 13:00:00,356.9438
2011-08-30 14:00:00,375.07623
2011-08-30 15:00:00,381.91394
2011-08-30 16:00:00,363.7815
2011-08-30 17:00:00,360.12433
2011-08-30 18:00:00,326.52585
2011-08-30 19:00:00,263.8948
2011-08-30 20:00:00,228.72519
2011-08-30 21:00:00,197.35187
2011-08-30 22:00:00,187.26675
2011-08-30 23:00:00,187.26675
2011-08-31 00:00:00,141.80548
2011-08-31 01:00:00,141.80548
2011-08-31 02:00:00,108.90096
2011-08-31 03:00:00,104.75643
2011-08-31 04:00:00,108.90096
2011-08-31 05:00:00,104.71482
2011-08-31 06:00:00,105.31063
2011-08-31 07:00:00,107.79687
2011-08-31 08:00:00,146.39496
2011-08-31 09:00:00,166.65027
2011-08-31 10:00:00,298.55603
2011-08-31 11:00:00,337.45288
2011-08-31 12:00:00,336.44788
2011-08-31 13:00:00,351.2964
2011-08-31 14:00:00,349.0575
2011-08-31 15:00:00,349.0575
2011-08-31 16:00:00,342.36258
2011-08-31 17:00:00,315.8156
2011-08-31 18:00:00,315.1778
2011-08-31 19:00:00,380.6308
2011-08-31 20:00:00,256.74185
2011-08-31 21:00:00,222.19574
2011-08-31 22:00:00,145.86342
2011-08-31 23:00:00,125.96359
2011-09-20 00:00:00,160.39816
2011-09-20 01:00:00,115.952965
2011-09-20 02:00:00,115.952965
2011-09-20 03:00:00,141.24579
2011-09-20 04:00:00,109.03959
2011-09-20 05:00:00,122.17092
2011-09-20 06:00:00,122.17092
2011-09-20 07:00:00,115.952965
2011-09-20 08:00:00,128.11156
2011-09-20 09:00:00,126.13772
2011-09-20 10:00:00,130.91644
2011-09-20 11:00:00,130.91644
2011-09-20 12:00:00,107.42893
2011-09-20 13:00:00,106.17541
2011-09-20 14:00:00,125.8641
2011-09-20 15:00:00,140.92703
2011-09-20 16:00:00,134.3144
2011-09-20 17:00:00,108.72637
2011-09-20 18:00:00,108.72637
2011-09-20 19:00:00,97.69158
2011-09-20 20:00:00,93.15069
2011-09-20 21:00:00,93.15068
2011-09-20 22:00:00,93.15068
2011-09-20 23:00:00,93.15068
2011-09-21 00:00:00,88.62738
2011-09-21 01:00:00,92.97953
2011-09-21 02:00:00,92.97953
2011-09-21 03:00:00,104.13032
2011-09-21 04:00:00,101.65212
2011-09-21 05:00:00,102.905655
2011-09-21 06:00:00,104.1549
2011-09-21 07:00:00,104.1549
2011-09-21 08:00:00,100.40283
2011-09-21 09:00:00,99.94929
2011-09-21 10:00:00,102.594215
2011-09-21 11:00:00,136.1755
2011-09-21 12:00:00,135.27806
2011-09-21 13:00:00,172.64713
2011-09-21 14:00:00,181.7731
2011-09-21 15:00:00,160.22076
2011-09-21 16:00:00,160.22076
2011-09-21 17:00:00,197.3934
2011-09-21 18:00:00,146.76682
2011-09-21 19:00:00,103.14468
2011-09-21 20:00:00,103.14468
2011-09-21 21:00:00,89.622055
2011-09-21 22:00:00,95.750175
2011-09-21 23:00:00,89.88497
2011-09-22 00:00:00,89.88497
2011-09-22 01:00:00,96.65479
2011-09-22 02:00:00,97.27946
2011-09-22 03:00:00,96.65479
2011-09-22 04:00:00,96.65479
2011-09-22 05:00:00,97.27946
2011-09-22 06:00:00,91.496025
2011-09-22 07:00:00,90.246704
2011-09-22 08:00:00,92.74952
2011-09-22 09:00:00,105.38076
2011-09-22 10:00:00,130.68887
2011-09-22 11:00:00,124.45006
2011-09-22 12:00:00,139.86868
2011-09-22 13:00:00,146.08658
2011-09-22 14:00:00,152.32536
2011-09-22 15:00:00,156.37076
2011-09-22 16:00:00,174.42435
2011-09-22 17:00:00,137.13913
2011-09-22 18:00:00,121.178764
2011-09-22 19:00:00,105.98504
2011-09-22 20:00:00,101.38048
2011-09-22 21:00:00,105.98504
2011-09-22 22:00:00,89.81081
2011-09-22 23:00:00,95.750175
2011-09-23 00:00:00,101.23936
2011-09-23 01:00:00,83.765816
2011-09-23 02:00:00,88.14677
2011-09-23 03:00:00,83.765816
2011-09-23 04:00:00,91.160286
2011-09-23 05:00:00,93.65023
2011-09-23 06:00:00,101.23936
2011-09-23 07:00:00,123.697624
2011-09-23 08:00:00,123.697624
2011-09-23 09:00:00,99.52102
2011-09-23 10:00:00,95.729965
2011-09-23 11:00:00,95.72997
2011-09-23 12:00:00,117.47962
2011-09-23 13:00:00,94.91659
2011-09-23 14:00:00,94.91659
2011-09-23 15:00:00,117.47965
2011-09-23 16:00:00,101.044716
2011-09-23 17:00:00,83.765816
2011-09-23 18:00:00,76.37131
2011-09-23 19:00:00,97.43493
2011-09-23 20:00:00,83.404045
2011-09-23 21:00:00,83.2551
2011-09-23 22:00:00,97.44048
2011-09-23 23:00:00,100.24299
2011-09-24 00:00:00,57.091663
2011-09-24 01:00:00,80.13302
2011-09-24 02:00:00,80.13302
2011-09-24 03:00:00,58.179337
2011-09-24 04:00:00,68.249596
2011-09-24 05:00:00,81.38093
2011-09-24 06:00:00,81.38093
2011-09-24 07:00:00,96.78423
2011-09-24 08:00:00,90.40188
2011-09-24 09:00:00,92.99633
2011-09-24 10:00:00,92.99633
2011-09-24 11:00:00,112.06565
2011-09-24 12:00:00,112.06565
2011-09-24 13:00:00,110.10946
2011-09-24 14:00:00,183.1247
2011-09-24 15:00:00,183.1247
2011-09-24 16:00:00,138.18431
2011-09-24 17:00:00,155.6417
2011-09-24 18:00:00,125.72938
2011-09-24 19:00:00,64.300865
2011-09-24 20:00:00,80.23882
2011-09-24 21:00:00,98.93432
2011-09-24 22:00:00,76.13293
2011-09-24 23:00:00,92.99633
2011-09-25 00:00:00,74.300835
2011-09-25 01:00:00,96.10531
2011-09-25 02:00:00,63.25561
2011-09-25 03:00:00,63.25561
2011-09-25 04:00:00,91.277985
2011-09-25 05:00:00,79.865
2011-09-25 06:00:00,96.10531
2011-09-25 07:00:00,78.14666
2011-09-25 08:00:00,76.13293
2011-09-25 09:00:00,95.259285
2011-09-25 10:00:00,95.259285
2011-09-25 11:00:00,150.18398
2011-09-25 12:00:00,130.10977
2011-09-25 13:00:00,163.17142
2011-09-25 14:00:00,130.10977
2011-09-25 15:00:00,130.10977
2011-09-25 16:00:00,180.16681
2011-09-25 17:00:00,145.34004
2011-09-25 18:00:00,145.34004
2011-09-25 19:00:00,105.72117
2011-09-25 20:00:00,96.39431
2011-09-25 21:00:00,62.781757
2011-09-25 22:00:00,81.69714
2011-09-25 23:00:00,78.16192
2011-09-26 00:00:00,93.65023
2011-09-26 01:00:00,124.1238
2011-09-26 02:00:00,124.1238
2011-09-26 03:00:00,93.65025
2011-09-26 04:00:00,101.2394
2011-09-26 05:00:00,102.31934
2011-09-26 06:00:00,101.23936
2011-09-26 07:00:00,93.65023
2011-09-26 08:00:00,93.65023
2011-09-26 09:00:00,142.0923
2011-09-26 10:00:00,142.0923
2011-09-26 11:00:00,176.0369
2011-09-26 12:00:00,188.3568
2011-09-26 13:00:00,245.43478
2011-09-26 14:00:00,247.58485
2011-09-26 15:00:00,285.3908
2011-09-26 16:00:00,278.649
2011-09-26 17:00:00,241.36127
2011-09-26 18:00:00,131.92287
2011-09-26 19:00:00,131.38115
2011-09-26 20:00:00,116.504234
2011-09-26 21:00:00,116.504234
2011-09-26 22:00:00,97.43493
2011-09-26 23:00:00,97.43493
2011-09-27 00:00:00,97.43493
2011-09-27 01:00:00,103.6737
2011-09-27 02:00:00,91.21699
2011-09-27 03:00:00,93.65023
2011-09-27 04:00:00,114.370735
2011-09-27 05:00:00,114.370735
2011-09-27 06:00:00,104.348335
2011-09-27 07:00:00,104.348335
2011-09-27 08:00:00,123.417656
2011-09-27 09:00:00,155.2236
2011-09-27 10:00:00,131.76846
2011-09-27 11:00:00,125.24978
2011-09-27 12:00:00,131.46768
2011-09-27 13:00:00,257.8612
2011-09-27 14:00:00,175.93039
2011-09-27 15:00:00,149.16833
2011-09-27 16:00:00,163.72882
2011-09-27 17:00:00,143.92441
2011-09-27 18:00:00,148.33104
2011-09-27 19:00:00,129.63557
2011-09-27 20:00:00,129.8614
2011-09-27 21:00:00,104.564125
2011-09-27 22:00:00,106.05137
2011-09-27 23:00:00,106.05137
2011-09-28 00:00:00,93.09977
2011-09-28 01:00:00,93.09977
2011-09-28 02:00:00,140.29173
2011-09-28 03:00:00,95.00614
2011-09-28 04:00:00,93.09977
2011-09-28 05:00:00,90.79853
2011-09-28 06:00:00,123.70315
2011-09-28 07:00:00,123.70315
2011-09-28 08:00:00,142.39308
2011-09-28 09:00:00,142.39308
2011-09-28 10:00:00,93.65023
2011-09-28 11:00:00,145.0542
2011-09-28 12:00:00,155.52802
2011-09-28 13:00:00,239.31769
2011-09-28 14:00:00,325.94202
2011-09-28 15:00:00,241.36127
2011-09-28 16:00:00,253.78763
2011-09-28 17:00:00,260.01123
2011-09-28 18:00:00,201.96248
2011-09-28 19:00:00,201.9625
2011-09-28 20:00:00,189.34055
2011-09-28 21:00:00,167.12315
2011-09-28 22:00:00,106.05137
2011-09-28 23:00:00,91.20173
2011-09-29 00:00:00,103.65843
2011-09-29 01:00:00,96.985374
2011-09-29 02:00:00,96.985374
2011-09-29 03:00:00,116.78973
2011-09-29 04:00:00,140.96634
2011-09-29 05:00:00,122.29167
2011-09-29 06:00:00,119.1827
2011-09-29 07:00:00,115.37827
2011-09-29 08:00:00,104.564125
2011-09-29 09:00:00,181.66246
2011-09-29 10:00:00,270.86563
2011-09-29 11:00:00,292.55493
2011-09-29 12:00:00,287.89008
2011-09-29 13:00:00,296.55164
2011-09-29 14:00:00,377.0428
2011-09-29 15:00:00,418.82855
2011-09-29 16:00:00,439.49377
2011-09-29 17:00:00,399.63586
2011-09-29 18:00:00,410.77737
2011-09-29 19:00:00,307.78906
2011-09-29 20:00:00,294.36545
2011-09-29 21:00:00,233.07956
2011-09-29 22:00:00,167.58566
2011-09-29 23:00:00,134.38556
2011-09-30 00:00:00,118.98221
2011-09-30 01:00:00,131.27661
2011-09-30 02:00:00,118.98221
2011-09-30 03:00:00,118.98223
2011-09-30 04:00:00,137.65686
2011-09-30 05:00:00,137.65686
2011-09-30 06:00:00,143.89566
2011-09-30 07:00:00,143.89566
2011-09-30 08:00:00,142.46457
2011-09-30 09:00:00,172.93408
2011-09-30 10:00:00,216.19058
2011-09-30 11:00:00,277.04846
2011-09-30 12:00:00,326.887
2011-09-30 13:00:00,398.17407
2011-09-30 14:00:00,390.9115
2011-09-30 15:00:00,362.80927
2011-09-30 16:00:00,339.7625
2011-09-30 17:00:00,330.91385
2011-09-30 18:00:00,331.34802
2011-09-30 19:00:00,304.43
2011-09-30 20:00:00,304.43
2011-09-30 21:00:00,286.35703
2011-09-30 22:00:00,271.99368
2011-09-30 23:00:00,271.99368
2011-10-20 00:00:00,134.91508
2011-10-20 01:00:00,155.02478
2011-10-20 02:00:00,155.49625
2011-10-20 03:00:00,152.5639
2011-10-20 04:00:00,152.5639
2011-10-20 05:00:00,147.27908
2011-10-20 06:00:00,138.10022
2011-10-20 07:00:00,142.86641
2011-10-20 08:00:00,180.99855
2011-10-20 09:00:00,180.34149
2011-10-20 10:00:00,205.98349
2011-10-20 11:00:00,226.89705
2011-10-20 12:00:00,268.54132
2011-10-20 13:00:00,290.87546
2011-10-20 14:00:00,269.59286
2011-10-20 15:00:00,263.76892
2011-10-20 16:00:00,263.76892
2011-10-20 17:00:00,288.492
2011-10-20 18:00:00,269.5717
2011-10-20 19:00:00,258.2126
2011-10-20 20:00:00,266.12817
2011-10-20 21:00:00,253.72601
2011-10-20 22:00:00,250.28247
2011-10-20 23:00:00,205.8494
2011-10-21 00:00:00,182.45074
2011-10-21 01:00:00,182.13646
2011-10-21 02:00:00,161.53587
2011-10-21 03:00:00,131.23563
2011-10-21 04:00:00,131.39294
2011-10-21 05:00:00,117.42483
2011-10-21 06:00:00,131.39294
2011-10-21 07:00:00,131.39294
2011-10-21 08:00:00,181.82115
2011-10-21 09:00:00,224.08403
2011-10-21 10:00:00,275.3612
2011-10-21 11:00:00,320.2697
2011-10-21 12:00:00,315.90128
2011-10-21 13:00:00,290.88403
2011-10-21 14:00:00,354.4253
2011-10-21 15:00:00,316.7738
2011-10-21 16:00:00,318.52472
2011-10-21 17:00:00,272.81677
2011-10-21 18:00:00,245.52156
2011-10-21 19:00:00,230.04294
2011-10-21 20:00:00,248.95355
2011-10-21 21:00:00,216.15692
2011-10-21 22:00:00,239.9537
2011-10-21 23:00:00,182.13646
2011-10-22 00:00:00,160.39676
2011-10-22 01:00:00,160.39676
2011-10-22 02:00:00,160.70667
2011-10-22 03:00:00,149.15302
2011-10-22 04:00:00,120.38897
2011-10-22 05:00:00,101.69346
2011-10-22 06:00:00,87.025246
2011-10-22 07:00:00,91.59255
2011-10-22 08:00:00,90.71844
2011-10-22 09:00:00,121.51495
2011-10-22 10:00:00,183.65288
2011-10-22 11:00:00,183.65288
2011-10-22 12:00:00,222.88647
2011-10-22 13:00:00,316.91742
2011-10-22 14:00:00,307.66336
2011-10-22 15:00:00,285.33228
2011-10-22 16:00:00,356.6012
2011-10-22 17:00:00,232.1907
2011-10-22 18:00:00,223.37746
2011-10-22 19:00:00,111.40657
2011-10-22 20:00:00,106.088295
2011-10-22 21:00:00,77.88233
2011-10-22 22:00:00,77.88233
2011-10-22 23:00:00,61.31511
2011-10-23 00:00:00,57.44952
2011-10-23 01:00:00,57.44952
2011-10-23 02:00:00,58.176384
2011-10-23 03:00:00,57.219044
2011-10-23 04:00:00,57.219044
2011-10-23 05:00:00,57.00646
2011-10-23 06:00:00,59.35903
2011-10-23 07:00:00,58.176384
2011-10-23 08:00:00,64.9557
2011-10-23 09:00:00,77.88233
2011-10-23 10:00:00,111.246086
2011-10-23 11:00:00,127.937706
2011-10-23 12:00:00,238.43915
2011-10-23 13:00:00,268.57434
2011-10-23 14:00:00,274.7979
2011-10-23 15:00:00,284.39185
2011-10-23 16:00:00,268.57434
2011-10-23 17:00:00,180.57486
2011-10-23 18:00:00,174.37204
2011-10-23 19:00:00,80.84041
2011-10-23 20:00:00,110.53988
2011-10-23 21:00:00,110.53988
2011-10-23 22:00:00,98.951706
2011-10-23 23:00:00,111.408424
2011-10-24 00:00:00,103.33364
2011-10-24 01:00:00,116.68782
2011-10-24 02:00:00,99.06968
2011-10-24 03:00:00,107.36092
2011-10-24 04:00:00,98.315544
2011-10-24 05:00:00,94.49999
2011-10-24 06:00:00,99.06968
2011-10-24 07:00:00,101.19788
2011-10-24 08:00:00,122.48669
2011-10-24 09:00:00,139.67392
2011-10-24 10:00:00,144.87982
2011-10-24 11:00:00,183.92644
2011-10-24 12:00:00,198.12689
2011-10-24 13:00:00,246.36151
2011-10-24 14:00:00,249.80502
2011-10-24 15:00:00,265.90848
2011-10-24 16:00:00,233.79669
2011-10-24 17:00:00,179.58337
2011-10-24 18:00:00,242.23215
2011-10-24 19:00:00,122.31447
2011-10-24 20:00:00,117.856224
2011-10-24 21:00:00,103.159096
2011-10-24 22:00:00,148.28352
2011-10-24 23:00:00,125.72234
2011-10-25 00:00:00,133.2171
2011-10-25 01:00:00,133.2171
2011-10-25 02:00:00,118.51992
2011-10-25 03:00:00,94.68873
2011-10-25 04:00:00,101.99064
2011-10-25 05:00:00,101.99064
2011-10-25 06:00:00,108.60881
2011-10-25 07:00:00,138.66939
2011-10-25 08:00:00,118.030785
2011-10-25 09:00:00,261.27478
2011-10-25 10:00:00,291.23108
2011-10-25 11:00:00,310.22253
2011-10-25 12:00:00,374.06314
2011-10-25 13:00:00,389.73926
2011-10-25 14:00:00,388.12683
2011-10-25 15:00:00,356.40274
2011-10-25 16:00:00,395.92993
2011-10-25 17:00:00,356.40274
2011-10-25 18:00:00,348.70154
2011-10-25 19:00:00,190.2483
2011-10-25 20:00:00,161.25906
2011-10-25 21:00:00,146.28967
2011-10-25 22:00:00,183.87622
2011-10-25 23:00:00,146.28967
2011-10-26 00:00:00,160.53688
2011-10-26 01:00:00,178.165
2011-10-26 02:00:00,177.22119
2011-10-26 03:00:00,177.85074
2011-10-26 04:00:00,158.19398
2011-10-26 05:00:00,157.87978
2011-10-26 06:00:00,157.87978
2011-10-26 07:00:00,157.25021
2011-10-26 08:00:00,184.65897
2011-10-26 09:00:00,218.16489
2011-10-26 10:00:00,243.43604
2011-10-26 11:00:00,248.1969
2011-10-26 12:00:00,316.65417
2011-10-26 13:00:00,276.78937
2011-10-26 14:00:00,125.712425
2011-10-26 15:00:00,125.712425
2011-10-26 16:00:00,144.40793
2011-10-26 17:00:00,147.51689
2011-10-26 18:00:00,146.84225
2011-10-26 19:00:00,99.206406
2011-10-26 20:00:00,94.85424
2011-10-26 21:00:00,125.712425
2011-10-26 22:00:00,112.475266
2011-10-26 23:00:00,112.475266
2011-10-27 00:00:00,90.14222
2011-10-27 01:00:00,90.14222
2011-10-27 02:00:00,104.93119
2011-10-27 03:00:00,104.93119
2011-10-27 04:00:00,109.47207
2011-10-27 05:00:00,125.60662
2011-10-27 06:00:00,124.14655
2011-10-27 07:00:00,101.29299
2011-10-27 08:00:00,140.99207
2011-10-27 09:00:00,145.27643
2011-10-27 10:00:00,145.72699
2011-10-27 11:00:00,136.76562
2011-10-27 12:00:00,136.76562
2011-10-27 13:00:00,129.87308
2011-10-27 14:00:00,110.309105
2011-10-27 15:00:00,132.11359
2011-10-27 16:00:00,185.84448
2011-10-27 17:00:00,189.54758
2011-10-27 18:00:00,197.77356
2011-10-27 19:00:00,186.76596
2011-10-27 20:00:00,174.31113
2011-10-27 21:00:00,182.71236
2011-10-27 22:00:00,137.7922
2011-10-27 23:00:00,149.44846
2011-10-28 00:00:00,135.4962
2011-10-28 01:00:00,129.12404
2011-10-28 02:00:00,129.43936
2011-10-28 03:00:00,116.15833
2011-10-28 04:00:00,126.498375
2011-10-28 05:00:00,146.90543
2011-10-28 06:00:00,120.60985
2011-10-28 07:00:00,120.60985
2011-10-28 08:00:00,140.09726
2011-10-28 09:00:00,159.4072
2011-10-28 10:00:00,165.77934
2011-10-28 11:00:00,213.74028
2011-10-28 12:00:00,294.77124
2011-10-28 13:00:00,276.4815
2011-10-28 14:00:00,243.10727
2011-10-28 15:00:00,250.22284
2011-10-28 16:00:00,243.56577
2011-10-28 17:00:00,228.54295
2011-10-28 18:00:00,207.25183
2011-10-28 19:00:00,228.54295
2011-10-28 20:00:00,164.96844
2011-10-28 21:00:00,133.60628
2011-10-28 22:00:00,112.59597
2011-10-28 23:00:00,98.0756
2011-10-29 00:00:00,70.22968
2011-10-29 01:00:00,75.012375
2011-10-29 02:00:00,75.012375
2011-10-29 03:00:00,87.064514
2011-10-29 04:00:00,87.064514
2011-10-29 05:00:00,57.843594
2011-10-29 06:00:00,63.913593
2011-10-29 07:00:00,63.913593
2011-10-29 08:00:00,70.501274
2011-10-29 09:00:00,70.501274
2011-10-29 10:00:00,57.324085
2011-10-29 11:00:00,58.364857
2011-10-29 12:00:00,61.012814
2011-10-29 13:00:00,61.816242
2011-10-29 14:00:00,60.233547
2011-10-29 15:00:00,52.80624
2011-10-29 16:00:00,51.69097
2011-10-29 17:00:00,51.69097
2011-10-29 18:00:00,51.69097
2011-10-29 19:00:00,56.976784
2011-10-29 20:00:00,56.976784
2011-10-29 21:00:00,56.9768
2011-10-29 22:00:00,54.74258
2011-10-29 23:00:00,56.787354
2011-10-30 00:00:00,54.74258
2011-10-30 01:00:00,55.1072
2011-10-30 02:00:00,55.47308
2011-10-30 03:00:00,74.32425
2011-10-30 04:00:00,60.90056
2011-10-30 05:00:00,74.003624
2011-10-30 06:00:00,77.308876
2011-10-30 07:00:00,65.65891
2011-10-30 08:00:00,94.950356
2011-10-30 09:00:00,113.96703
2011-10-30 10:00:00,123.29868
2011-10-30 11:00:00,188.98396
2011-10-30 12:00:00,237.30054
2011-10-30 13:00:00,287.4178
2011-10-30 14:00:00,385.2769
2011-10-30 15:00:00,406.42596
2011-10-30 16:00:00,410.27405
2011-10-30 17:00:00,397.81955
2011-10-30 18:00:00,303.012
2011-10-30 19:00:00,333.73444
2011-10-30 20:00:00,139.47426
2011-10-30 21:00:00,96.16816
2011-10-30 22:00:00,71.20214
2011-10-30 23:00:00,56.332924
2011-10-31 00:00:00,93.420364
2011-10-31 01:00:00,97.77252
2011-10-31 02:00:00,93.24637
2011-10-31 03:00:00,82.74363
2011-10-31 04:00:00,93.246376
2011-10-31 05:00:00,88.25758
2011-10-31 06:00:00,93.24637
2011-10-31 07:00:00,88.74604
2011-10-31 08:00:00,101.0036
2011-10-31 09:00:00,115.44169
2011-10-31 10:00:00,183.45511
2011-10-31 11:00:00,253.56627
2011-10-31 12:00:00,282.43976
2011-10-31 13:00:00,296.47125
2011-10-31 14:00:00,279.08606
2011-10-31 15:00:00,281.17206
2011-10-31 16:00:00,239.9537
2011-10-31 17:00:00,243.39726
2011-10-31 18:00:00,154.78094
2011-10-31 19:00:00,154.78094
2011-10-31 20:00:00,154.78094
2011-10-31 21:00:00,125.09145
2011-10-31 22:00:00,125.09145
2011-10-31 23:00:00,125.09145
2011-11-20 00:00:00,135.95465
2011-11-20 01:00:00,160.70667
2011-11-20 02:00:00,161.02199
2011-11-20 03:00:00,154.54666
2011-11-20 04:00:00,140.01552
2011-11-20 05:00:00,157.48764
2011-11-20 06:00:00,157.17236
2011-11-20 07:00:00,149.73459
2011-11-20 08:00:00,144.75046
2011-11-20 09:00:00,126.10555
2011-11-20 10:00:00,126.78019
2011-11-20 11:00:00,199.11835
2011-11-20 12:00:00,205.32106
2011-11-20 13:00:00,259.08884
2011-11-20 14:00:00,213.42847
2011-11-20 15:00:00,183.51566
2011-11-20 16:00:00,213.32202
2011-11-20 17:00:00,225.74838
2011-11-20 18:00:00,225.3027
2011-11-20 19:00:00,132.90858
2011-11-20 20:00:00,164.88655
2011-11-20 21:00:00,114.528336
2011-11-20 22:00:00,97.55916
2011-11-20 23:00:00,97.55916
2011-11-21 00:00:00,97.536705
2011-11-21 01:00:00,124.99372
2011-11-21 02:00:00,108.99902
2011-11-21 03:00:00,106.03817
2011-11-21 04:00:00,106.03817
2011-11-21 05:00:00,93.013405
2011-11-21 06:00:00,92.824684
2011-11-21 07:00:00,110.77656
2011-11-21 08:00:00,97.536705
2011-11-21 09:00:00,102.10641
2011-11-21 10:00:00,110.309105
2011-11-21 11:00:00,132.11359
2011-11-21 12:00:00,152.61069
2011-11-21 13:00:00,152.61069
2011-11-21 14:00:00,149.32373
2011-11-21 15:00:00,120.41609
2011-11-21 16:00:00,120.41609
2011-11-21 17:00:00,116.0448
2011-11-21 18:00:00,126.74101
2011-11-21 19:00:00,110.76577
2011-11-21 20:00:00,124.036766
2011-11-21 21:00:00,123.72262
2011-11-21 22:00:00,123.565315
2011-11-21 23:00:00,123.72262
2011-11-22 00:00:00,108.09501
2011-11-22 01:00:00,110.45166
2011-11-22 02:00:00,103.03472
2011-11-22 03:00:00,103.03472
2011-11-22 04:00:00,105.85093
2011-11-22 05:00:00,105.85093
2011-11-22 06:00:00,101.19788
2011-11-22 07:00:00,106.160286
2011-11-22 08:00:00,106.160286
2011-11-22 09:00:00,104.400215
2011-11-22 10:00:00,104.400215
2011-11-22 11:00:00,110.45166
2011-11-22 12:00:00,103.797935
2011-11-22 13:00:00,103.97544
2011-11-22 14:00:00,103.97544
2011-11-22 15:00:00,104.76005
2011-11-22 16:00:00,104.76005
2011-11-22 17:00:00,104.1642
2011-11-22 18:00:00,100.40786
2011-11-22 19:00:00,111.45121
2011-11-22 20:00:00,107.765305
2011-11-22 21:00:00,111.0913
2011-11-22 22:00:00,120.687706
2011-11-22 23:00:00,127.15728
2011-11-23 00:00:00,127.15728
2011-11-23 01:00:00,127.39303
2011-11-23 02:00:00,135.35071
2011-11-23 03:00:00,135.35071
2011-11-23 04:00:00,151.34903
2011-11-23 05:00:00,116.994484
2011-11-23 06:00:00,93.013405
2011-11-23 07:00:00,96.94088
2011-11-23 08:00:00,102.10641
2011-11-23 09:00:00,122.548744
2011-11-23 10:00:00,122.548744
2011-11-23 11:00:00,189.07509
2011-11-23 12:00:00,238.93213
2011-11-23 13:00:00,218.01935
2011-11-23 14:00:00,205.57593
2011-11-23 15:00:00,211.7755
2011-11-23 16:00:00,185.43515
2011-11-23 17:00:00,158.44742
2011-11-23 18:00:00,192.37952
2011-11-23 19:00:00,186.75858
2011-11-23 20:00:00,156.85306
2011-11-23 21:00:00,167.26347
2011-11-23 22:00:00,149.1258
2011-11-23 23:00:00,148.81894
2011-11-24 00:00:00,138.52936
2011-11-24 01:00:00,135.82877
2011-11-24 02:00:00,121.69962
2011-11-24 03:00:00,112.17079
2011-11-24 04:00:00,127.67237
2011-11-24 05:00:00,127.75078
2011-11-24 06:00:00,127.67237
2011-11-24 07:00:00,88.45507
2011-11-24 08:00:00,120.17887
2011-11-24 09:00:00,117.409454
2011-11-24 10:00:00,158.94682
2011-11-24 11:00:00,296.51697
2011-11-24 12:00:00,409.96667
2011-11-24 13:00:00,417.6813
2011-11-24 14:00:00,413.70947
2011-11-24 15:00:00,421.159
2011-11-24 16:00:00,418.38428
2011-11-24 17:00:00,424.20587
2011-11-24 18:00:00,260.1977
2011-11-24 19:00:00,221.99417
2011-11-24 20:00:00,110.10083
2011-11-24 21:00:00,120.07382
2011-11-24 22:00:00,120.07382
2011-11-24 23:00:00,100.184135
2011-11-25 00:00:00,117.26801
2011-11-25 01:00:00,102.11908
2011-11-25 02:00:00,95.514275
2011-11-25 03:00:00,104.59934
2011-11-25 04:00:00,112.84258
2011-11-25 05:00:00,102.31344
2011-11-25 06:00:00,91.701126
2011-11-25 07:00:00,97.77252
2011-11-25 08:00:00,89.03795
2011-11-25 09:00:00,101.94796
2011-11-25 10:00:00,131.39294
2011-11-25 11:00:00,159.38101
2011-11-25 12:00:00,269.41336
2011-11-25 13:00:00,320.2697
2011-11-25 14:00:00,373.98242
2011-11-25 15:00:00,385.4525
2011-11-25 16:00:00,368.0993
2011-11-25 17:00:00,355.50516
2011-11-25 18:00:00,305.31137
2011-11-25 19:00:00,129.00587
2011-11-25 20:00:00,206.87527
2011-11-25 21:00:00,113.21168
2011-11-25 22:00:00,125.67396
2011-11-25 23:00:00,115.94681
2011-11-26 00:00:00,89.760414
2011-11-26 01:00:00,84.79038
2011-11-26 02:00:00,73.089676
2011-11-26 03:00:00,61.276318
2011-11-26 04:00:00,61.276318
2011-11-26 05:00:00,88.63442
2011-11-26 06:00:00,98.65681
2011-11-26 07:00:00,56.269188
2011-11-26 08:00:00,84.79038
2011-11-26 09:00:00,86.65144
2011-11-26 10:00:00,61.869328
2011-11-26 11:00:00,142.95023
2011-11-26 12:00:00,229.85693
2011-11-26 13:00:00,319.84186
2011-11-26 14:00:00,329.3827
2011-11-26 15:00:00,400.37735
2011-11-26 16:00:00,328.93005
2011-11-26 17:00:00,328.93005
2011-11-26 18:00:00,185.05032
2011-11-26 19:00:00,122.54528
2011-11-26 20:00:00,187.6868
2011-11-26 21:00:00,73.74926
2011-11-26 22:00:00,89.1526
2011-11-26 23:00:00,61.869328
2011-11-27 00:00:00,61.869328
2011-11-27 01:00:00,61.869328
2011-11-27 02:00:00,61.680584
2011-11-27 03:00:00,57.219044
2011-11-27 04:00:00,61.27117
2011-11-27 05:00:00,77.395004
2011-11-27 06:00:00,94.87908
2011-11-27 07:00:00,94.35257
2011-11-27 08:00:00,116.57812
2011-11-27 09:00:00,149.46146
2011-11-27 10:00:00,149.46146
2011-11-27 11:00:00,199.3126
2011-11-27 12:00:00,282.53088
2011-11-27 13:00:00,234.34258
2011-11-27 14:00:00,433.68713
2011-11-27 15:00:00,468.50476
2011-11-27 16:00:00,316.60406
2011-11-27 17:00:00,268.12866
2011-11-27 18:00:00,186.7985
2011-11-27 19:00:00,157.48315
2011-11-27 20:00:00,205.4276
2011-11-27 21:00:00,169.44919
2011-11-27 22:00:00,148.47343
2011-11-27 23:00:00,148.47343
2011-11-28 00:00:00,151.49542
2011-11-28 01:00:00,151.57382
2011-11-28 03:00:00,123.673134
2011-11-28 04:00:00,111.05409
2011-11-28 05:00:00,94.68873
2011-11-28 06:00:00,109.19303
2011-11-28 07:00:00,94.1345
2011-11-28 08:00:00,97.17683
2011-11-28 09:00:00,128.74777
2011-11-28 10:00:00,150.5257
2011-11-28 11:00:00,198.12686
2011-11-28 12:00:00,250.63834
2011-11-28 13:00:00,247.04068
2011-11-28 14:00:00,250.99614
2011-11-28 15:00:00,272.32828
2011-11-28 16:00:00,271.36246
2011-11-28 17:00:00,298.40717
2011-11-28 18:00:00,247.97588
2011-11-28 19:00:00,180.0802
2011-11-28 20:00:00,196.68814
2011-11-28 21:00:00,182.77502
2011-11-28 22:00:00,132.11359
2011-11-28 23:00:00,138.33148
2011-11-29 00:00:00,98.66981
2011-11-29 01:00:00,115.87325
2011-11-29 02:00:00,102.2487
2011-11-29 03:00:00,102.2487
2011-11-29 04:00:00,157.65051
2011-11-29 05:00:00,140.38123
2011-11-29 06:00:00,154.50616
2011-11-29 07:00:00,160.2875
2011-11-29 08:00:00,176.2811
2011-11-29 09:00:00,210.77234
2011-11-29 10:00:00,210.77234
2011-11-29 11:00:00,146.27687
2011-11-29 12:00:00,139.14781
2011-11-29 13:00:00,152.3581
2011-11-29 14:00:00,110.765785
2011-11-29 15:00:00,124.57821
2011-11-29 16:00:00,124.036766
2011-11-29 17:00:00,121.52067
2011-11-29 18:00:00,130.88759
2011-11-29 19:00:00,131.0449
2011-11-29 20:00:00,116.52691
2011-11-29 21:00:00,116.52691
2011-11-29 22:00:00,123.220924
2011-11-29 23:00:00,119.69454
2011-11-30 00:00:00,157.16734
2011-11-30 01:00:00,131.50613
2011-11-30 02:00:00,123.77334
2011-11-30 03:00:00,123.77334
2011-11-30 04:00:00,106.47732
2011-11-30 05:00:00,90.32006
2011-11-30 06:00:00,86.57446
2011-11-30 07:00:00,91.701126
2011-11-30 08:00:00,90.32006
2011-11-30 09:00:00,106.7914
2011-11-30 10:00:00,135.18195
2011-11-30 11:00:00,201.73264
2011-11-30 12:00:00,188.9766
2011-11-30 13:00:00,264.78168
2011-11-30 14:00:00,264.78168
2011-11-30 15:00:00,220.97778
2011-11-30 16:00:00,226.13734
2011-11-30 17:00:00,191.72754
2011-11-30 18:00:00,187.24396
2011-11-30 19:00:00,164.4122
2011-11-30 20:00:00,164.4122
2011-11-30 21:00:00,165.02213
2011-11-30 22:00:00,152.47507
2011-11-30 23:00:00,157.45804
2011-12-20 00:00:00,187.12549
2011-12-20 01:00:00,209.82309
2011-12-20 02:00:00,164.97878
2011-12-20 03:00:00,164.97878
2011-12-20 04:00:00,218.6218
2011-12-20 05:00:00,204.97122
2011-12-20 06:00:00,204.9712
2011-12-20 07:00:00,163.22906
2011-12-20 08:00:00,247.27563
2011-12-20 09:00:00,145.01912
2011-12-20 10:00:00,217.2085
2011-12-20 11:00:00,188.6304
2011-12-20 12:00:00,255.22055
2011-12-20 13:00:00,255.22055
2011-12-20 14:00:00,238.90791
2011-12-20 15:00:00,234.62122
2011-12-20 16:00:00,221.51265
2011-12-20 17:00:00,181.5069
2011-12-20 18:00:00,161.85016
2011-12-20 19:00:00,127.87986
2011-12-20 20:00:00,126.04775
2011-12-20 21:00:00,144.48424
2011-12-20 22:00:00,145.01912
2011-12-20 23:00:00,171.18457
2011-12-21 00:00:00,97.10438
2011-12-21 01:00:00,110.2586
2011-12-21 02:00:00,117.92617
2011-12-21 03:00:00,117.92617
2011-12-21 04:00:00,117.92617
2011-12-21 05:00:00,103.2663
2011-12-21 06:00:00,104.60318
2011-12-21 07:00:00,92.69921
2011-12-21 08:00:00,99.272316
2011-12-21 09:00:00,92.126854
2011-12-21 10:00:00,101.800415
2011-12-21 11:00:00,101.800415
2011-12-21 12:00:00,88.30839
2011-12-21 13:00:00,86.72885
2011-12-21 14:00:00,94.51127
2011-12-21 15:00:00,91.7924
2011-12-21 16:00:00,79.587585
2011-12-21 17:00:00,79.587585
2011-12-21 18:00:00,81.89944
2011-12-21 19:00:00,95.920364
2011-12-21 20:00:00,93.21058
2011-12-21 21:00:00,105.47717
2011-12-21 22:00:00,108.16307
2011-12-21 23:00:00,109.28717
2011-12-22 00:00:00,117.28167
2011-12-22 01:00:00,99.95701
2011-12-22 02:00:00,109.71607
2011-12-22 03:00:00,122.20409
2011-12-22 04:00:00,100.95052
2011-12-22 05:00:00,104.42663
2011-12-22 06:00:00,100.6287
2011-12-22 07:00:00,95.94435
2011-12-22 08:00:00,104.60318
2011-12-22 09:00:00,100.42866
2011-12-22 10:00:00,108.406685
2011-12-22 11:00:00,115.99648
2011-12-22 12:00:00,130.43741
2011-12-22 13:00:00,126.32266
2011-12-22 14:00:00,126.32266
2011-12-22 15:00:00,132.8562
2011-12-22 16:00:00,126.32266
2011-12-22 17:00:00,121.87124
2011-12-22 18:00:00,134.16922
2011-12-22 19:00:00,128.34612
2011-12-22 20:00:00,127.55436
2011-12-22 21:00:00,127.55436
2011-12-22 22:00:00,87.21612
2011-12-22 23:00:00,111.87994
2011-12-23 00:00:00,94.51888
2011-12-23 01:00:00,94.51888
2011-12-23 02:00:00,90.05952
2011-12-23 03:00:00,90.05952
2011-12-23 04:00:00,77.00863
2011-12-23 05:00:00,77.191246
2011-12-23 06:00:00,90.16839
2011-12-23 07:00:00,92.87817
2011-12-23 08:00:00,99.13053
2011-12-23 09:00:00,109.326324
2011-12-23 10:00:00,117.12997
2011-12-23 11:00:00,125.08783
2011-12-23 12:00:00,134.47241
2011-12-23 13:00:00,149.9046
2011-12-23 14:00:00,136.55356
2011-12-23 15:00:00,130.3818
2011-12-23 16:00:00,145.81401
2011-12-23 17:00:00,120.03066
2011-12-23 18:00:00,125.47613
2011-12-23 19:00:00,113.26547
2011-12-23 20:00:00,89.350204
2011-12-23 21:00:00,91.457924
2011-12-23 22:00:00,92.491905
2011-12-23 23:00:00,100.32845
2011-12-24 00:00:00,73.96744
2011-12-24 01:00:00,86.084145
2011-12-24 02:00:00,86.5699
2011-12-24 03:00:00,83.22101
2011-12-24 04:00:00,77.396126
2011-12-24 05:00:00,77.396126
2011-12-24 06:00:00,65.83391
2011-12-24 07:00:00,56.263725
2011-12-24 08:00:00,61.31701
2011-12-24 09:00:00,100.17108
2011-12-24 10:00:00,103.04502
2011-12-24 11:00:00,125.50833
2011-12-24 12:00:00,135.84021
2011-12-24 13:00:00,131.21947
2011-12-24 14:00:00,131.21947
2011-12-24 15:00:00,128.83849
2011-12-24 16:00:00,123.10189
2011-12-24 17:00:00,100.94055
2011-12-24 18:00:00,120.40664
2011-12-24 19:00:00,91.64489
2011-12-24 20:00:00,77.311485
2011-12-24 21:00:00,72.2474
2011-12-24 22:00:00,88.12498
2011-12-24 23:00:00,79.87997
2011-12-25 00:00:00,59.664467
2011-12-25 01:00:00,56.4764
2011-12-25 02:00:00,60.467003
2011-12-25 03:00:00,73.19132
2011-12-25 05:00:00,54.95076
2011-12-25 06:00:00,54.95076
2011-12-25 07:00:00,55.50329
2011-12-25 08:00:00,48.737774
2011-12-25 09:00:00,50.72831
2011-12-25 10:00:00,49.423008
2011-12-25 11:00:00,70.38995
2011-12-25 12:00:00,54.045227
2011-12-25 13:00:00,63.627464
2011-12-25 14:00:00,82.33741
2011-12-25 15:00:00,85.50855
2011-12-25 16:00:00,87.44308
2011-12-25 17:00:00,82.7743
2011-12-25 18:00:00,71.55809
2011-12-25 19:00:00,89.967804
2011-12-25 20:00:00,101.17869
2011-12-25 21:00:00,85.068306
2011-12-25 22:00:00,71.71107
2011-12-25 23:00:00,69.68582
2011-12-26 00:00:00,50.83495
2011-12-26 01:00:00,77.220894
2011-12-26 02:00:00,112.278824
2011-12-26 04:00:00,108.28766
2011-12-26 05:00:00,122.8314
2011-12-26 06:00:00,109.93597
2011-12-26 07:00:00,113.76893
2011-12-26 08:00:00,117.885796
2011-12-26 09:00:00,108.28766
2011-12-26 10:00:00,116.26069
2011-12-26 11:00:00,105.2348
2011-12-26 12:00:00,125.86245
2011-12-26 13:00:00,158.71536
2011-12-26 14:00:00,158.27934
2011-12-26 15:00:00,159.36865
2011-12-26 16:00:00,129.44826
2011-12-26 17:00:00,112.278824
2011-12-26 18:00:00,106.27178
2011-12-26 19:00:00,79.97268
2011-12-26 20:00:00,88.423164
2011-12-26 21:00:00,78.43791
2011-12-26 22:00:00,78.43793
2011-12-26 23:00:00,64.10596
2011-12-27 00:00:00,77.798195
2011-12-27 01:00:00,83.04565
2011-12-27 02:00:00,83.04565
2011-12-27 03:00:00,87.31834
2011-12-27 04:00:00,83.98646
2011-12-27 05:00:00,78.14433
2011-12-27 06:00:00,83.85209
2011-12-27 07:00:00,79.772415
2011-12-27 08:00:00,91.823006
2011-12-27 09:00:00,102.30281
2011-12-27 10:00:00,103.970024
2011-12-27 11:00:00,102.30281
2011-12-27 12:00:00,87.299965
2011-12-27 13:00:00,75.522125
2011-12-27 14:00:00,90.156425
2011-12-27 15:00:00,90.156425
2011-12-27 16:00:00,89.16625
2011-12-27 17:00:00,99.92333
2011-12-27 18:00:00,83.152664
2011-12-27 19:00:00,81.18488
2011-12-27 20:00:00,81.49671
2011-12-27 21:00:00,86.65294
2011-12-27 22:00:00,86.65294
2011-12-27 23:00:00,71.33402
2011-12-28 00:00:00,77.3293
2011-12-28 01:00:00,86.78242
2011-12-28 02:00:00,88.96492
2011-12-28 03:00:00,88.96492
2011-12-28 05:00:00,93.51485
2011-12-28 06:00:00,96.46064
2011-12-28 07:00:00,96.46064
2011-12-28 08:00:00,93.51484
2011-12-28 09:00:00,96.84593
2011-12-28 10:00:00,101.068344
2011-12-28 11:00:00,137.63824
2011-12-28 12:00:00,117.1881
2011-12-28 13:00:00,140.33829
2011-12-28 14:00:00,139.4974
2011-12-28 15:00:00,144.87097
2011-12-28 16:00:00,139.47002
2011-12-28 17:00:00,135.81645
2011-12-28 18:00:00,120.75001
2011-12-28 19:00:00,108.83808
2011-12-28 20:00:00,109.43154
2011-12-28 21:00:00,97.81634
2011-12-28 22:00:00,103.02276
2011-12-28 23:00:00,93.57607
2011-12-29 00:00:00,94.056496
2011-12-29 01:00:00,87.800575
2011-12-29 02:00:00,90.11097
2011-12-29 03:00:00,73.75267
2011-12-29 04:00:00,78.92588
2011-12-29 05:00:00,86.7791
2011-12-29 06:00:00,97.80978
2011-12-29 07:00:00,76.79333
2011-12-29 08:00:00,93.304924
2011-12-29 09:00:00,73.74614
2011-12-29 10:00:00,74.899666
2011-12-29 11:00:00,91.21731
2011-12-29 12:00:00,97.02155
2011-12-29 13:00:00,105.22988
2011-12-29 14:00:00,132.44919
2011-12-29 15:00:00,116.72218
2011-12-29 16:00:00,104.115105
2011-12-29 17:00:00,95.494865
2011-12-29 18:00:00,102.32302
2011-12-29 19:00:00,107.51225
2011-12-29 20:00:00,93.68116
2011-12-29 21:00:00,94.018585
2011-12-29 22:00:00,91.02675
2011-12-29 23:00:00,92.163
2011-12-30 00:00:00,86.86192
2011-12-30 01:00:00,93.72758
2011-12-30 02:00:00,81.90046
2011-12-30 03:00:00,81.90046
2011-12-30 04:00:00,83.22765
2011-12-30 05:00:00,77.653946
2011-12-30 06:00:00,83.22765
2011-12-30 07:00:00,78.969406
2011-12-30 08:00:00,78.64258
2011-12-30 09:00:00,95.895935
2011-12-30 10:00:00,81.67208
2011-12-30 11:00:00,92.491905
2011-12-30 12:00:00,107.82514
2011-12-30 13:00:00,126.65592
2011-12-30 14:00:00,161.15411
2011-12-30 15:00:00,136.70023
2011-12-30 16:00:00,168.74251
2011-12-30 17:00:00,132.31296
2011-12-30 18:00:00,108.75207
2011-12-30 19:00:00,119.061775
2011-12-30 20:00:00,106.45908
2011-12-30 21:00:00,110.2586
2011-12-30 22:00:00,94.44106
2011-12-30 23:00:00,91.99731
2011-12-31 00:00:00,103.73748
2011-12-31 01:00:00,108.25979
2011-12-31 02:00:00,108.25979
2011-12-31 03:00:00,108.25979
2011-12-31 04:00:00,84.63004
2011-12-31 05:00:00,71.13488
2011-12-31 06:00:00,86.93342
2011-12-31 07:00:00,86.756
2011-12-31 08:00:00,67.88853
2011-12-31 09:00:00,71.967094
2011-12-31 10:00:00,78.92458
2011-12-31 11:00:00,82.83752
2011-12-31 12:00:00,244.43005
2011-12-31 13:00:00,192.84799
2011-12-31 14:00:00,147.92532
2011-12-31 15:00:00,163.2547
2011-12-31 16:00:00,142.21419
2011-12-31 17:00:00,123.74573
2011-12-31 18:00:00,111.28907
2011-12-31 19:00:00,124.759056
2011-12-31 20:00:00,124.759056
2011-12-31 21:00:00,111.64475
2011-12-31 22:00:00,87.75237
2011-12-31 23:00:00,79.04954
2012-01-20 00:00:00,95.228645
2012-01-20 01:00:00,102.87687
2012-01-20 02:00:00,102.87687
2012-01-20 03:00:00,96.893845
2012-01-20 04:00:00,86.41386
2012-01-20 05:00:00,86.41386
2012-01-20 06:00:00,66.565216
2012-01-20 07:00:00,63.596954
2012-01-20 08:00:00,64.531136
2012-01-20 09:00:00,85.16269
2012-01-20 10:00:00,96.63256
2012-01-20 11:00:00,119.093575
2012-01-20 12:00:00,115.65562
2012-01-20 13:00:00,126.836525
2012-01-20 14:00:00,123.19787
2012-01-20 15:00:00,128.08798
2012-01-20 16:00:00,119.21429
2012-01-20 17:00:00,130.13704
2012-01-20 18:00:00,124.43829
2012-01-20 19:00:00,123.60992
2012-01-20 20:00:00,124.43829
2012-01-20 21:00:00,123.77436
2012-01-20 22:00:00,114.25254
2012-01-20 23:00:00,56.527626
2012-01-21 00:00:00,43.716076
2012-01-21 01:00:00,39.593834
2012-01-21 02:00:00,52.38932
2012-01-21 03:00:00,42.516346
2012-01-21 04:00:00,47.182728
2012-01-21 05:00:00,44.734146
2012-01-21 06:00:00,37.94796
2012-01-21 07:00:00,37.94796
2012-01-21 08:00:00,36.700462
2012-01-21 09:00:00,36.700462
2012-01-21 10:00:00,37.605255
2012-01-21 11:00:00,48.76747
2012-01-21 12:00:00,48.730083
2012-01-21 13:00:00,43.11941
2012-01-21 14:00:00,45.651825
2012-01-21 15:00:00,45.651814
2012-01-21 16:00:00,39.398663
2012-01-21 17:00:00,38.772892
2012-01-21 18:00:00,39.522583
2012-01-21 19:00:00,39.24902
2012-01-21 20:00:00,37.982635
2012-01-21 21:00:00,37.788807
2012-01-21 22:00:00,39.282036
2012-01-21 23:00:00,37.822136
2012-01-22 00:00:00,36.938095
2012-01-22 01:00:00,39.282036
2012-01-22 02:00:00,39.915997
2012-01-22 03:00:00,41.66131
2012-01-22 04:00:00,39.76996
2012-01-22 05:00:00,40.225445
2012-01-22 06:00:00,40.233135
2012-01-22 07:00:00,40.233135
2012-01-22 08:00:00,40.233135
2012-01-22 09:00:00,40.233135
2012-01-22 10:00:00,39.14893
2012-01-22 11:00:00,39.34278
2012-01-22 12:00:00,38.138744
2012-01-22 13:00:00,45.568302
2012-01-22 14:00:00,42.493458
2012-01-22 15:00:00,39.410923
2012-01-22 16:00:00,39.410923
2012-01-22 17:00:00,46.836227
2012-01-22 18:00:00,44.734146
2012-01-22 19:00:00,44.734146
2012-01-22 20:00:00,40.391396
2012-01-22 21:00:00,44.734146
2012-01-22 22:00:00,44.74697
2012-01-22 23:00:00,42.29839
2012-01-23 00:00:00,70.83369
2012-01-23 01:00:00,61.56456
2012-01-23 02:00:00,61.56456
2012-01-23 03:00:00,70.83369
2012-01-23 04:00:00,79.86233
2012-01-23 05:00:00,74.70609
2012-01-23 06:00:00,74.70609
2012-01-23 07:00:00,74.37925
2012-01-23 08:00:00,60.697292
2012-01-23 09:00:00,64.42148
2012-01-23 10:00:00,69.407585
2012-01-23 11:00:00,61.97803
2012-01-23 12:00:00,72.54605
2012-01-23 13:00:00,65.99598
2012-01-23 14:00:00,57.936718
2012-01-23 15:00:00,52.414165
2012-01-23 16:00:00,61.42333
2012-01-23 17:00:00,64.73085
2012-01-23 18:00:00,62.695503
2012-01-23 19:00:00,63.64629
2012-01-23 20:00:00,61.202827
2012-01-23 21:00:00,54.308033
2012-01-23 22:00:00,54.308033
2012-01-23 23:00:00,57.0683
2012-01-24 00:00:00,60.556602
2012-01-24 01:00:00,66.48323
2012-01-24 02:00:00,67.75117
2012-01-24 03:00:00,77.10523
2012-01-24 04:00:00,72.42812
2012-01-24 05:00:00,72.42812
2012-01-24 06:00:00,70.837944
2012-01-24 07:00:00,77.10524
2012-01-24 08:00:00,77.10524
2012-01-24 09:00:00,86.32613
2012-01-24 10:00:00,81.49671
2012-01-24 11:00:00,83.90375
2012-01-24 12:00:00,81.18488
2012-01-24 13:00:00,81.18488
2012-01-24 14:00:00,84.78489
2012-01-24 15:00:00,110.92747
2012-01-24 16:00:00,113.92321
2012-01-24 17:00:00,119.423195
2012-01-24 18:00:00,122.87888
2012-01-24 19:00:00,148.90578
2012-01-24 20:00:00,106.485985
2012-01-24 21:00:00,112.23444
2012-01-24 22:00:00,102.32255
2012-01-24 23:00:00,106.485985
2012-01-25 00:00:00,80.60081
2012-01-25 01:00:00,80.097534
2012-01-25 02:00:00,78.94399
2012-01-25 03:00:00,70.79155
2012-01-25 04:00:00,65.11061
2012-01-25 05:00:00,65.11061
2012-01-25 06:00:00,64.205086
2012-01-25 07:00:00,63.37139
2012-01-25 08:00:00,64.1148
2012-01-25 09:00:00,64.1148
2012-01-25 10:00:00,61.071144
2012-01-25 11:00:00,83.85209
2012-01-25 12:00:00,112.76733
2012-01-25 13:00:00,126.75909
2012-01-25 14:00:00,131.06555
2012-01-25 15:00:00,135.46376
2012-01-25 16:00:00,113.47557
2012-01-25 17:00:00,119.84772
2012-01-25 18:00:00,100.32845
2012-01-25 19:00:00,140.53311
2012-01-25 20:00:00,96.65672
2012-01-25 21:00:00,111.832405
2012-01-25 22:00:00,101.34336
2012-01-25 23:00:00,107.7031
2012-01-26 00:00:00,85.01148
2012-01-26 01:00:00,99.374
2012-01-26 02:00:00,77.03006
2012-01-26 03:00:00,88.85749
2012-01-26 04:00:00,99.709076
2012-01-26 05:00:00,91.34655
2012-01-26 06:00:00,94.3762
2012-01-26 07:00:00,83.75441
2012-01-26 08:00:00,83.75441
2012-01-26 09:00:00,98.17579
2012-01-26 10:00:00,81.0052
2012-01-26 11:00:00,81.115685
2012-01-26 12:00:00,88.73315
2012-01-26 13:00:00,119.80004
2012-01-26 14:00:00,116.240944
2012-01-26 15:00:00,120.03738
2012-01-26 16:00:00,117.566246
2012-01-26 17:00:00,120.15992
2012-01-26 18:00:00,120.15992
2012-01-26 19:00:00,112.077515
2012-01-26 20:00:00,104.42817
2012-01-26 21:00:00,112.077515
2012-01-26 22:00:00,103.60111
2012-01-26 23:00:00,112.00986
2012-01-27 00:00:00,93.71394
2012-01-27 01:00:00,92.126854
2012-01-27 02:00:00,98.4072
2012-01-27 03:00:00,84.53819
2012-01-27 04:00:00,76.43348
2012-01-27 05:00:00,80.46445
2012-01-27 06:00:00,77.37234
2012-01-27 07:00:00,78.6445
2012-01-27 08:00:00,104.822914
2012-01-27 09:00:00,104.822914
2012-01-27 10:00:00,101.512695
2012-01-27 11:00:00,109.65554
2012-01-27 12:00:00,115.43232
2012-01-27 13:00:00,154.56906
2012-01-27 14:00:00,167.02986
2012-01-27 15:00:00,175.62784
2012-01-27 16:00:00,159.2522
2012-01-27 17:00:00,154.85684
2012-01-27 18:00:00,149.31113
2012-01-27 19:00:00,122.79952
2012-01-27 20:00:00,105.7489
2012-01-27 21:00:00,103.111046
2012-01-27 22:00:00,114.386696
2012-01-27 23:00:00,108.81422
2012-01-28 00:00:00,89.86219
2012-01-28 01:00:00,92.719154
2012-01-28 02:00:00,82.493225
2012-01-28 03:00:00,80.49281
2012-01-28 04:00:00,68.73741
2012-01-28 05:00:00,61.610424
2012-01-28 06:00:00,74.97076
2012-01-28 07:00:00,70.61983
2012-01-28 08:00:00,53.865303
2012-01-28 09:00:00,66.37969
2012-01-28 10:00:00,65.39999
2012-01-28 11:00:00,85.068306
2012-01-28 12:00:00,72.95805
2012-01-28 13:00:00,89.83094
2012-01-28 14:00:00,126.52888
2012-01-28 15:00:00,142.47058
2012-01-28 16:00:00,159.3247
2012-01-28 17:00:00,159.63998
2012-01-28 18:00:00,182.42667
2012-01-28 19:00:00,167.05908
2012-01-28 20:00:00,189.64584
2012-01-28 21:00:00,192.48785
2012-01-28 22:00:00,174.78487
2012-01-28 23:00:00,181.27032
2012-01-29 00:00:00,150.04218
2012-01-29 01:00:00,159.79684
2012-01-29 02:00:00,163.7651
2012-01-29 03:00:00,160.47766
2012-01-29 04:00:00,163.13562
2012-01-29 05:00:00,67.532684
2012-01-29 06:00:00,91.164665
2012-01-29 07:00:00,96.554474
2012-01-29 08:00:00,83.078186
2012-01-29 09:00:00,77.45805
2012-01-29 10:00:00,116.06675
2012-01-29 11:00:00,168.39624
2012-01-29 12:00:00,205.69315
2012-01-29 13:00:00,205.69315
2012-01-29 14:00:00,199.61655
2012-01-29 15:00:00,241.37643
2012-01-29 16:00:00,216.80408
2012-01-29 17:00:00,216.80406
2012-01-29 18:00:00,207.37503
2012-01-29 19:00:00,181.76898
2012-01-29 20:00:00,122.49778
2012-01-29 21:00:00,143.16663
2012-01-29 22:00:00,179.64351
2012-01-29 23:00:00,135.87927
2012-01-30 00:00:00,182.53046
2012-01-30 01:00:00,70.0261
2012-01-30 02:00:00,87.87289
2012-01-30 03:00:00,90.53384
2012-01-30 04:00:00,84.921074
2012-01-30 05:00:00,84.921074
2012-01-30 06:00:00,93.57607
2012-01-30 07:00:00,93.73028
2012-01-30 08:00:00,83.06224
2012-01-30 09:00:00,83.06224
2012-01-30 10:00:00,100.88193
2012-01-30 11:00:00,129.40637
2012-01-30 12:00:00,127.21032
2012-01-30 13:00:00,155.72406
2012-01-30 14:00:00,192.27373
2012-01-30 15:00:00,191.76054
2012-01-30 16:00:00,197.10039
2012-01-30 17:00:00,215.65631
2012-01-30 18:00:00,201.72504
2012-01-30 19:00:00,132.10867
2012-01-30 20:00:00,144.09343
2012-01-30 21:00:00,138.15953
2012-01-30 22:00:00,103.80961
2012-01-30 23:00:00,83.53877
2012-01-31 00:00:00,96.33055
2012-01-31 01:00:00,126.40599
2012-01-31 02:00:00,132.53517
2012-01-31 03:00:00,121.852745
2012-01-31 04:00:00,108.20495
2012-01-31 05:00:00,108.20495
2012-01-31 06:00:00,96.656494
2012-01-31 07:00:00,83.538765
2012-01-31 08:00:00,94.02971
2012-01-31 09:00:00,100.78405
2012-01-31 10:00:00,102.56286
2012-01-31 11:00:00,184.15195
2012-01-31 12:00:00,169.40541
2012-01-31 13:00:00,214.53798
2012-01-31 14:00:00,255.13263
2012-01-31 15:00:00,279.91577
2012-01-31 16:00:00,279.91577
2012-01-31 17:00:00,281.54108
2012-01-31 18:00:00,286.538
2012-01-31 19:00:00,255.57288
2012-01-31 20:00:00,128.97383
2012-01-31 21:00:00,224.20908
2012-01-31 22:00:00,208.38219
2012-01-31 23:00:00,198.2526
2012-02-20 00:00:00,53.83817
2012-02-20 01:00:00,53.83817
2012-02-20 02:00:00,53.83817
2012-02-20 03:00:00,47.873295
2012-02-20 05:00:00,58.354523
2012-02-20 06:00:00,65.8141
2012-02-20 07:00:00,61.335114
2012-02-20 08:00:00,51.57619
2012-02-20 09:00:00,51.57619
2012-02-20 10:00:00,60.530148
2012-02-20 11:00:00,81.33262
2012-02-20 12:00:00,97.9854
2012-02-20 13:00:00,113.7944
2012-02-20 14:00:00,145.95465
2012-02-20 15:00:00,161.2772
2012-02-20 16:00:00,232.9329
2012-02-20 17:00:00,246.1081
2012-02-20 18:00:00,161.2772
2012-02-20 19:00:00,161.2772
2012-02-20 20:00:00,169.21515
2012-02-20 21:00:00,127.480804
2012-02-20 22:00:00,111.07369
2012-02-20 23:00:00,137.2028
2012-02-21 00:00:00,104.2228
2012-02-21 01:00:00,112.56149
2012-02-21 02:00:00,104.58979
2012-02-21 04:00:00,97.44453
2012-02-21 05:00:00,89.48011
2012-02-21 06:00:00,84.48232
2012-02-21 07:00:00,97.44453
2012-02-21 08:00:00,76.3977
2012-02-21 09:00:00,69.886566
2012-02-21 10:00:00,68.6759
2012-02-21 11:00:00,65.22403
2012-02-21 12:00:00,93.683876
2012-02-21 13:00:00,113.79322
2012-02-21 14:00:00,104.067085
2012-02-21 15:00:00,113.79322
2012-02-21 16:00:00,136.44931
2012-02-21 17:00:00,167.98895
2012-02-21 18:00:00,167.98895
2012-02-21 19:00:00,138.82718
2012-02-21 20:00:00,108.71778
2012-02-21 21:00:00,103.110725
2012-02-21 22:00:00,91.78666
2012-02-21 23:00:00,87.2931
2012-02-22 00:00:00,87.2931
2012-02-22 01:00:00,96.99658
2012-02-22 02:00:00,85.79165
2012-02-22 03:00:00,86.60453
2012-02-22 04:00:00,94.781075
2012-02-22 05:00:00,99.65098
2012-02-22 06:00:00,86.78242
2012-02-22 07:00:00,95.98026
2012-02-22 08:00:00,93.01376
2012-02-22 09:00:00,100.97637
2012-02-22 10:00:00,103.956825
2012-02-22 11:00:00,102.761856
2012-02-22 12:00:00,116.7452
2012-02-22 13:00:00,146.26157
2012-02-22 14:00:00,153.0268
2012-02-22 15:00:00,246.83157
2012-02-22 16:00:00,258.06488
2012-02-22 17:00:00,252.31638
2012-02-22 18:00:00,202.36386
2012-02-22 19:00:00,183.78804
2012-02-22 20:00:00,174.50197
2012-02-22 21:00:00,231.90347
2012-02-22 22:00:00,175.23587
2012-02-22 23:00:00,194.4205
2012-02-23 00:00:00,175.23587
2012-02-23 01:00:00,144.9443
2012-02-23 02:00:00,131.89
2012-02-23 03:00:00,122.21773
2012-02-23 04:00:00,101.784935
2012-02-23 05:00:00,101.784935
2012-02-23 06:00:00,82.3475
2012-02-23 07:00:00,84.78489
2012-02-23 08:00:00,78.475105
2012-02-23 09:00:00,79.51815
2012-02-23 10:00:00,115.74036
2012-02-23 11:00:00,182.03989
2012-02-23 12:00:00,209.6886
2012-02-23 13:00:00,230.05862
2012-02-23 14:00:00,244.98532
2012-02-23 15:00:00,241.44214
2012-02-23 16:00:00,190.14462
2012-02-23 17:00:00,255.09439
2012-02-23 18:00:00,234.36295
2012-02-23 19:00:00,206.12395
2012-02-23 20:00:00,187.06615
2012-02-23 21:00:00,162.22664
2012-02-23 22:00:00,152.3418
2012-02-23 23:00:00,128.41676
2012-02-24 00:00:00,141.06659
2012-02-24 01:00:00,125.77358
2012-02-24 02:00:00,99.179146
2012-02-24 03:00:00,108.56011
2012-02-24 04:00:00,100.57657
2012-02-24 05:00:00,94.84571
2012-02-24 06:00:00,97.55549
2012-02-24 07:00:00,101.44492
2012-02-24 08:00:00,88.774376
2012-02-24 09:00:00,78.8645
2012-02-24 10:00:00,89.559845
2012-02-24 11:00:00,97.76419
2012-02-24 12:00:00,109.42595
2012-02-24 13:00:00,120.03738
2012-02-24 14:00:00,127.80218
2012-02-24 15:00:00,94.51888
2012-02-24 16:00:00,94.51888
2012-02-24 17:00:00,100.49721
2012-02-24 18:00:00,103.47669
2012-02-24 19:00:00,109.69486
2012-02-24 20:00:00,126.93764
2012-02-24 21:00:00,184.3168
2012-02-24 22:00:00,177.61008
2012-02-24 23:00:00,171.0557
2012-02-25 00:00:00,129.68407
2012-02-25 01:00:00,121.649895
2012-02-25 02:00:00,108.754456
2012-02-25 03:00:00,99.54592
2012-02-25 04:00:00,108.62278
2012-02-25 05:00:00,115.431015
2012-02-25 06:00:00,115.431015
2012-02-25 07:00:00,92.07911
2012-02-25 08:00:00,80.94756
2012-02-25 09:00:00,42.08707
2012-02-25 10:00:00,58.526398
2012-02-25 11:00:00,111.34958
2012-02-25 12:00:00,140.41522
2012-02-25 13:00:00,142.84146
2012-02-25 14:00:00,142.2399
2012-02-25 15:00:00,158.36395
2012-02-25 16:00:00,151.25406
2012-02-25 17:00:00,135.44473
2012-02-25 18:00:00,138.04501
2012-02-25 19:00:00,115.89846
2012-02-25 20:00:00,120.44865
2012-02-25 21:00:00,108.58936
2012-02-25 22:00:00,92.28895
2012-02-25 23:00:00,86.43609
2012-02-26 00:00:00,89.61294
2012-02-26 01:00:00,83.837456
2012-02-26 02:00:00,83.837456
2012-02-26 03:00:00,92.261635
2012-02-26 04:00:00,92.261635
2012-02-26 05:00:00,82.040794
2012-02-26 06:00:00,79.09914
2012-02-26 07:00:00,61.015167
2012-02-26 08:00:00,64.34278
2012-02-26 09:00:00,76.42064
2012-02-26 10:00:00,102.35592
2012-02-26 11:00:00,105.20934
2012-02-26 12:00:00,126.29931
2012-02-26 13:00:00,152.18176
2012-02-26 14:00:00,190.54416
2012-02-26 15:00:00,215.26529
2012-02-26 16:00:00,186.67538
2012-02-26 17:00:00,194.63158
2012-02-26 18:00:00,148.07303
2012-02-26 19:00:00,178.21689
2012-02-26 20:00:00,122.78763
2012-02-26 21:00:00,105.90104
2012-02-26 22:00:00,112.29865
2012-02-26 23:00:00,72.2474
2012-02-27 00:00:00,75.685555
2012-02-27 01:00:00,76.66645
2012-02-27 02:00:00,62.350998
2012-02-27 03:00:00,69.628944
2012-02-27 04:00:00,65.03001
2012-02-27 05:00:00,65.03001
2012-02-27 06:00:00,64.1148
2012-02-27 07:00:00,74.5404
2012-02-27 08:00:00,96.99786
2012-02-27 09:00:00,83.538765
2012-02-27 10:00:00,128.58939
2012-02-27 11:00:00,147.91248
2012-02-27 12:00:00,183.92273
2012-02-27 13:00:00,169.62268
2012-02-27 14:00:00,213.61945
2012-02-27 15:00:00,275.39923
2012-02-27 16:00:00,279.91577
2012-02-27 17:00:00,280.05682
2012-02-27 18:00:00,267.12976
2012-02-27 19:00:00,253.3133
2012-02-27 20:00:00,231.92319
2012-02-27 21:00:00,213.61945
2012-02-27 22:00:00,179.14667
2012-02-27 23:00:00,158.62463
2012-02-28 00:00:00,144.71051
2012-02-28 01:00:00,114.94477
2012-02-28 02:00:00,136.0451
2012-02-28 03:00:00,201.03564
2012-02-28 04:00:00,132.57774
2012-02-28 05:00:00,132.57774
2012-02-28 06:00:00,115.128075
2012-02-28 07:00:00,108.393425
2012-02-28 08:00:00,95.73431
2012-02-28 09:00:00,107.20446
2012-02-28 10:00:00,126.40598
2012-02-28 11:00:00,155.85799
2012-02-28 12:00:00,174.4697
2012-02-28 13:00:00,184.90723
2012-02-28 14:00:00,214.05989
2012-02-28 15:00:00,227.98413
2012-02-28 16:00:00,221.16422
2012-02-28 17:00:00,227.98413
2012-02-28 18:00:00,223.4851
2012-02-28 19:00:00,189.17313
2012-02-28 20:00:00,210.10712
2012-02-28 21:00:00,141.42183
2012-02-28 22:00:00,141.42183
2012-02-28 23:00:00,103.80267
2012-02-29 00:00:00,116.54809
2012-02-29 01:00:00,124.85055
2012-02-29 02:00:00,93.44255
2012-02-29 03:00:00,93.36233
2012-02-29 05:00:00,85.38192
2012-02-29 06:00:00,88.85749
2012-02-29 07:00:00,73.27724
2012-02-29 08:00:00,85.01148
2012-02-29 09:00:00,77.95951
2012-02-29 10:00:00,77.95951
2012-02-29 11:00:00,68.89901
2012-02-29 12:00:00,63.297253
2012-02-29 13:00:00,66.47097
2012-02-29 14:00:00,66.47097
2012-02-29 15:00:00,90.9951
2012-02-29 16:00:00,96.09689
2012-02-29 17:00:00,97.55549
2012-02-29 18:00:00,111.87995
2012-02-29 19:00:00,102.91772
2012-02-29 20:00:00,100.224846
2012-02-29 21:00:00,100.224846
2012-02-29 22:00:00,86.930214
2012-02-29 23:00:00,86.930214
2012-03-20 00:00:00,120.10706
2012-03-20 01:00:00,101.53159
2012-03-20 02:00:00,105.287865
2012-03-20 03:00:00,108.926094
2012-03-20 04:00:00,114.36759
2012-03-20 05:00:00,104.38516
2012-03-20 06:00:00,111.26892
2012-03-20 07:00:00,108.95907
2012-03-20 08:00:00,113.11826
2012-03-20 09:00:00,115.80984
2012-03-20 10:00:00,109.66467
2012-03-20 11:00:00,111.14851
2012-03-20 12:00:00,122.63267
2012-03-20 13:00:00,120.12986
2012-03-20 14:00:00,133.47539
2012-03-20 15:00:00,133.15215
2012-03-20 16:00:00,155.21298
2012-03-20 17:00:00,126.56199
2012-03-20 18:00:00,149.2876
2012-03-20 19:00:00,118.40213
2012-03-20 20:00:00,120.154945
2012-03-20 21:00:00,112.58311
2012-03-20 22:00:00,109.51055
2012-03-20 23:00:00,104.96963
2012-03-21 00:00:00,99.24287
2012-03-21 01:00:00,106.625984
2012-03-21 02:00:00,104.684395
2012-03-21 03:00:00,114.58169
2012-03-21 04:00:00,112.078865
2012-03-21 05:00:00,112.078865
2012-03-21 06:00:00,106.70992
2012-03-21 07:00:00,109.06411
2012-03-21 08:00:00,113.7008
2012-03-21 09:00:00,113.33239
2012-03-21 10:00:00,117.147934
2012-03-21 11:00:00,117.147934
2012-03-21 12:00:00,114.80507
2012-03-21 13:00:00,110.45293
2012-03-21 14:00:00,114.25081
2012-03-21 15:00:00,114.25081
2012-03-21 16:00:00,110.67188
2012-03-21 17:00:00,132.68951
2012-03-21 18:00:00,119.08799
2012-03-21 19:00:00,132.32413
2012-03-21 20:00:00,110.61263
2012-03-21 21:00:00,107.43942
2012-03-21 22:00:00,109.75344
2012-03-21 23:00:00,107.41059
2012-03-22 00:00:00,106.625984
2012-03-22 01:00:00,106.625984
2012-03-22 02:00:00,106.625984
2012-03-22 03:00:00,106.625984
2012-03-22 04:00:00,101.308495
2012-03-22 05:00:00,101.308495
2012-03-22 06:00:00,101.308495
2012-03-22 07:00:00,101.308495
2012-03-22 08:00:00,105.85273
2012-03-22 09:00:00,105.85273
2012-03-22 10:00:00,101.50062
2012-03-22 11:00:00,102.28518
2012-03-22 12:00:00,114.9592
2012-03-22 13:00:00,110.801414
2012-03-22 14:00:00,125.52958
2012-03-22 15:00:00,158.17746
2012-03-22 16:00:00,172.22543
2012-03-22 17:00:00,173.9782
2012-03-22 18:00:00,173.9782
2012-03-22 19:00:00,146.92761
2012-03-22 20:00:00,162.08551
2012-03-22 21:00:00,114.54482
2012-03-22 22:00:00,111.36262
2012-03-22 23:00:00,106.98585
2012-03-23 00:00:00,103.22958
2012-03-23 01:00:00,99.43162
2012-03-23 02:00:00,103.18795
2012-03-23 03:00:00,103.62385
2012-03-23 04:00:00,106.47741
2012-03-23 05:00:00,102.09644
2012-03-23 06:00:00,106.448586
2012-03-23 07:00:00,108.452095
2012-03-23 08:00:00,107.72672
2012-03-23 09:00:00,108.942955
2012-03-23 10:00:00,111.378204
2012-03-23 11:00:00,136.12086
2012-03-23 12:00:00,239.51443
2012-03-23 13:00:00,210.20038
2012-03-23 14:00:00,270.6114
2012-03-23 15:00:00,283.2834
2012-03-23 16:00:00,297.29172
2012-03-23 17:00:00,297.29172
2012-03-23 18:00:00,274.4968
2012-03-23 19:00:00,265.05493
2012-03-23 20:00:00,257.44345
2012-03-23 21:00:00,225.27856
2012-03-23 22:00:00,207.1533
2012-03-23 23:00:00,174.48376
2012-03-24 00:00:00,79.76949
2012-03-24 01:00:00,83.76783
2012-03-24 02:00:00,74.97985
2012-03-24 03:00:00,74.97985
2012-03-24 04:00:00,69.81428
2012-03-24 05:00:00,83.0994
2012-03-24 06:00:00,83.0994
2012-03-24 07:00:00,75.214745
2012-03-24 08:00:00,73.14382
2012-03-24 09:00:00,79.082726
2012-03-24 10:00:00,77.874596
2012-03-24 11:00:00,73.14382
2012-03-24 12:00:00,82.032906
2012-03-24 13:00:00,86.42543
2012-03-24 14:00:00,107.50891
2012-03-24 15:00:00,91.55984
2012-03-24 16:00:00,90.92606
2012-03-24 17:00:00,93.9177
2012-03-24 18:00:00,81.3594
2012-03-24 19:00:00,77.71324
2012-03-24 20:00:00,75.46196
2012-03-24 21:00:00,75.46196
2012-03-24 22:00:00,73.77856
2012-03-24 23:00:00,75.9917
2012-03-25 00:00:00,75.9917
2012-03-25 01:00:00,70.9999
2012-03-25 02:00:00,68.33309
2012-03-25 03:00:00,72.05407
2012-03-25 04:00:00,69.886696
2012-03-25 05:00:00,68.32347
2012-03-25 06:00:00,68.32347
2012-03-25 07:00:00,66.95197
2012-03-25 08:00:00,66.95197
2012-03-25 09:00:00,71.582016
2012-03-25 10:00:00,77.49963
2012-03-25 11:00:00,71.582016
2012-03-25 12:00:00,73.58593
2012-03-25 13:00:00,75.54536
2012-03-25 14:00:00,75.77577
2012-03-25 15:00:00,76.98845
2012-03-25 16:00:00,70.05029
2012-03-25 17:00:00,80.78077
2012-03-25 18:00:00,80.78077
2012-03-25 19:00:00,115.02107
2012-03-25 20:00:00,94.13496
2012-03-25 21:00:00,81.678215
2012-03-25 22:00:00,71.83005
2012-03-25 23:00:00,72.05375
2012-03-26 00:00:00,117.513435
2012-03-26 01:00:00,113.871056
2012-03-26 02:00:00,108.08083
2012-03-26 03:00:00,111.17953
2012-03-26 04:00:00,109.759056
2012-03-26 05:00:00,113.38587
2012-03-26 06:00:00,108.30067
2012-03-26 07:00:00,123.225464
2012-03-26 08:00:00,148.16968
2012-03-26 09:00:00,206.29767
2012-03-26 10:00:00,260.1149
2012-03-26 11:00:00,262.8791
2012-03-26 12:00:00,264.9817
2012-03-26 13:00:00,256.5043
2012-03-26 14:00:00,267.2551
2012-03-26 15:00:00,258.22693
2012-03-26 16:00:00,250.86993
2012-03-26 17:00:00,268.75354
2012-03-26 18:00:00,260.32056
2012-03-26 19:00:00,262.5611
2012-03-26 20:00:00,232.87155
2012-03-26 21:00:00,226.20787
2012-03-26 22:00:00,228.483
2012-03-26 23:00:00,196.62157
2012-03-27 00:00:00,193.0285
2012-03-27 01:00:00,191.50171
2012-03-27 02:00:00,170.5618
2012-03-27 03:00:00,168.65811
2012-03-27 04:00:00,145.68661
2012-03-27 05:00:00,134.8182
2012-03-27 06:00:00,139.54385
2012-03-27 07:00:00,139.54385
2012-03-27 08:00:00,134.65375
2012-03-27 09:00:00,139.31824
2012-03-27 10:00:00,157.28073
2012-03-27 11:00:00,196.9487
2012-03-27 12:00:00,205.58131
2012-03-27 13:00:00,227.78217
2012-03-27 14:00:00,271.28613
2012-03-27 15:00:00,243.42224
2012-03-27 16:00:00,243.42224
2012-03-27 17:00:00,227.30823
2012-03-27 18:00:00,235.61813
2012-03-27 19:00:00,228.50616
2012-03-27 20:00:00,235.61813
2012-03-27 21:00:00,201.19049
2012-03-27 22:00:00,201.65051
2012-03-27 23:00:00,200.732
2012-03-28 00:00:00,177.52928
2012-03-28 01:00:00,159.15692
2012-03-28 02:00:00,142.30623
2012-03-28 03:00:00,157.18661
2012-03-28 04:00:00,164.91568
2012-03-28 05:00:00,164.91568
2012-03-28 06:00:00,158.33243
2012-03-28 07:00:00,158.72092
2012-03-28 08:00:00,174.91655
2012-03-28 09:00:00,185.00879
2012-03-28 10:00:00,226.5257
2012-03-28 11:00:00,245.62051
2012-03-28 12:00:00,272.99716
2012-03-28 13:00:00,268.81226
2012-03-28 14:00:00,320.58252
2012-03-28 15:00:00,309.51468
2012-03-28 16:00:00,266.2196
2012-03-28 17:00:00,218.45953
2012-03-28 18:00:00,218.45953
2012-03-28 19:00:00,238.69257
2012-03-28 20:00:00,248.72981
2012-03-28 21:00:00,199.79405
2012-03-28 22:00:00,143.3624
2012-03-28 23:00:00,130.2851
2012-03-29 00:00:00,142.74182
2012-03-29 01:00:00,163.22913
2012-03-29 02:00:00,348.19287
2012-03-29 03:00:00,339.71997
2012-03-29 04:00:00,277.9587
2012-03-29 05:00:00,237.32797
2012-03-29 06:00:00,165.02377
2012-03-29 07:00:00,187.33374
2012-03-29 08:00:00,194.14148
2012-03-29 09:00:00,197.73792
2012-03-29 10:00:00,193.70547
2012-03-29 11:00:00,225.48291
2012-03-29 12:00:00,234.73889
2012-03-29 13:00:00,218.98569
2012-03-29 14:00:00,246.08055
2012-03-29 15:00:00,265.532
2012-03-29 16:00:00,276.80942
2012-03-29 17:00:00,268.6783
2012-03-29 18:00:00,257.81793
2012-03-29 19:00:00,249.43289
2012-03-29 20:00:00,244.1773
2012-03-29 21:00:00,212.7831
2012-03-29 22:00:00,201.39127
2012-03-29 23:00:00,184.87509
2012-03-30 00:00:00,179.38358
2012-03-30 01:00:00,168.32611
2012-03-30 02:00:00,139.82596
2012-03-30 03:00:00,112.80062
2012-03-30 04:00:00,140.80652
2012-03-30 05:00:00,113.521164
2012-03-30 06:00:00,121.30693
2012-03-30 07:00:00,116.87583
2012-03-30 08:00:00,100.202896
2012-03-30 09:00:00,123.216545
2012-03-30 10:00:00,140.82906
2012-03-30 11:00:00,150.98209
2012-03-30 12:00:00,148.17195
2012-03-30 13:00:00,177.29822
2012-03-30 14:00:00,162.4756
2012-03-30 15:00:00,162.78822
2012-03-30 16:00:00,147.49805
2012-03-30 17:00:00,142.58032
2012-03-30 18:00:00,168.6799
2012-03-30 19:00:00,135.4568
2012-03-30 20:00:00,134.82727
2012-03-30 21:00:00,119.92029
2012-03-30 22:00:00,103.64905
2012-03-30 23:00:00,110.134514
2012-03-31 00:00:00,73.37333
2012-03-31 01:00:00,96.20833
2012-03-31 02:00:00,100.942085
2012-03-31 03:00:00,79.84527
2012-03-31 04:00:00,98.84996
2012-03-31 05:00:00,74.82055
2012-03-31 06:00:00,70.24412
2012-03-31 07:00:00,70.24412
2012-03-31 08:00:00,69.64349
2012-03-31 09:00:00,96.20833
2012-03-31 10:00:00,83.751625
2012-03-31 11:00:00,86.4145
2012-03-31 12:00:00,77.303856
2012-03-31 13:00:00,128.466
2012-03-31 14:00:00,149.5173
2012-03-31 15:00:00,169.80356
2012-03-31 16:00:00,149.98969
2012-03-31 17:00:00,131.88231
2012-03-31 18:00:00,116.166756
2012-03-31 19:00:00,110.29508
2012-03-31 20:00:00,107.84049
2012-03-31 21:00:00,107.84049
2012-03-31 22:00:00,102.6894
2012-03-31 23:00:00,78.06914
2012-04-20 00:00:00,121.08012
2012-04-20 01:00:00,111.17953
2012-04-20 02:00:00,106.65624
2012-04-20 03:00:00,102.9041
2012-04-20 04:00:00,98.29974
2012-04-20 05:00:00,93.98223
2012-04-20 06:00:00,98.334404
2012-04-20 07:00:00,93.98223
2012-04-20 08:00:00,94.17098
2012-04-20 09:00:00,102.450584
2012-04-20 10:00:00,115.914665
2012-04-20 11:00:00,136.52388
2012-04-20 12:00:00,232.23325
2012-04-20 13:00:00,294.9447
2012-04-20 14:00:00,299.63593
2012-04-20 15:00:00,277.84232
2012-04-20 16:00:00,289.49078
2012-04-20 17:00:00,295.12146
2012-04-20 18:00:00,278.45477
2012-04-20 19:00:00,251.63744
2012-04-20 20:00:00,208.85776
2012-04-20 21:00:00,132.11723
2012-04-20 22:00:00,159.88351
2012-04-20 23:00:00,118.15511
2012-04-21 00:00:00,97.82812
2012-04-21 01:00:00,97.82812
2012-04-21 02:00:00,79.13264
2012-04-21 03:00:00,83.10927
2012-04-21 04:00:00,89.318504
2012-04-21 05:00:00,89.318504
2012-04-21 06:00:00,83.109245
2012-04-21 07:00:00,95.54857
2012-04-21 08:00:00,93.77714
2012-04-21 09:00:00,87.23249
2012-04-21 10:00:00,168.4656
2012-04-21 11:00:00,199.63513
2012-04-21 12:00:00,219.6254
2012-04-21 13:00:00,246.07611
2012-04-21 14:00:00,339.80243
2012-04-21 15:00:00,392.89197
2012-04-21 16:00:00,382.37103
2012-04-21 17:00:00,454.92926
2012-04-21 18:00:00,316.66907
2012-04-21 19:00:00,145.83777
2012-04-21 20:00:00,113.70551
2012-04-21 21:00:00,114.17698
2012-04-21 22:00:00,96.77023
2012-04-21 23:00:00,101.17169
2012-04-22 00:00:00,86.295135
2012-04-22 01:00:00,101.412285
2012-04-22 02:00:00,117.0507
2012-04-22 03:00:00,80.27607
2012-04-22 04:00:00,91.116356
2012-04-22 05:00:00,103.57306
2012-04-22 06:00:00,115.46009
2012-04-22 07:00:00,104.555885
2012-04-22 08:00:00,89.65594
2012-04-22 09:00:00,89.65594
2012-04-22 10:00:00,85.211876
2012-04-22 11:00:00,75.505135
2012-04-22 12:00:00,75.64117
2012-04-22 13:00:00,85.347466
2012-04-22 14:00:00,75.64117
2012-04-22 15:00:00,75.91278
2012-04-22 16:00:00,76.18441
2012-04-22 17:00:00,56.722908
2012-04-22 18:00:00,56.722908
2012-04-22 19:00:00,64.09343
2012-04-22 20:00:00,58.61919
2012-04-22 21:00:00,64.16966
2012-04-22 22:00:00,58.85135
2012-04-22 23:00:00,69.12264
2012-04-23 00:00:00,83.62281
2012-04-23 01:00:00,67.380974
2012-04-23 02:00:00,67.89268
2012-04-23 03:00:00,73.90249
2012-04-23 04:00:00,70.142914
2012-04-23 05:00:00,70.142914
2012-04-23 06:00:00,67.233635
2012-04-23 07:00:00,72.43898
2012-04-23 08:00:00,73.756195
2012-04-23 09:00:00,74.02782
2012-04-23 10:00:00,91.60232
2012-04-23 11:00:00,88.271255
2012-04-23 12:00:00,94.037926
2012-04-23 13:00:00,103.56181
2012-04-23 14:00:00,116.12684
2012-04-23 15:00:00,116.40142
2012-04-23 16:00:00,67.81787
2012-04-23 17:00:00,66.28668
2012-04-23 18:00:00,92.21146
2012-04-23 19:00:00,87.497215
2012-04-23 20:00:00,91.53419
2012-04-23 21:00:00,79.33112
2012-04-23 22:00:00,89.219765
2012-04-23 23:00:00,91.87418
2012-04-24 00:00:00,96.7163
2012-04-24 01:00:00,92.551476
2012-04-24 02:00:00,84.93377
2012-04-24 03:00:00,79.65798
2012-04-24 04:00:00,87.8825
2012-04-24 05:00:00,87.8825
2012-04-24 06:00:00,85.21918
2012-04-24 07:00:00,95.96471
2012-04-24 08:00:00,109.941536
2012-04-24 09:00:00,178.51297
2012-04-24 10:00:00,184.87509
2012-04-24 11:00:00,268.4615
2012-04-24 12:00:00,288.15796
2012-04-24 13:00:00,298.67847
2012-04-24 14:00:00,295.1156
2012-04-24 15:00:00,287.06104
2012-04-24 16:00:00,300.8664
2012-04-24 17:00:00,294.97873
2012-04-24 18:00:00,248.56534
2012-04-24 19:00:00,281.84842
2012-04-24 20:00:00,281.17917
2012-04-24 21:00:00,276.40866
2012-04-24 22:00:00,248.60703
2012-04-24 23:00:00,230.14441
2012-04-25 00:00:00,206.48737
2012-04-25 01:00:00,194.49936
2012-04-25 02:00:00,116.66274
2012-04-25 03:00:00,106.027
2012-04-25 04:00:00,113.17086
2012-04-25 05:00:00,113.57255
2012-04-25 06:00:00,113.57255
2012-04-25 07:00:00,109.94576
2012-04-25 08:00:00,107.58343
2012-04-25 09:00:00,130.44133
2012-04-25 10:00:00,229.20613
2012-04-25 11:00:00,291.1009
2012-04-25 12:00:00,322.36514
2012-04-25 13:00:00,332.00504
2012-04-25 14:00:00,313.74216
2012-04-25 15:00:00,281.66248
2012-04-25 16:00:00,323.664
2012-04-25 17:00:00,316.40613
2012-04-25 18:00:00,312.24698
2012-04-25 19:00:00,294.17233
2012-04-25 20:00:00,286.88306
2012-04-25 21:00:00,206.76212
2012-04-25 22:00:00,161.14967
2012-04-25 23:00:00,206.97922
2012-04-26 00:00:00,124.411476
2012-04-26 01:00:00,215.92743
2012-04-26 02:00:00,189.46286
2012-04-26 03:00:00,184.28856
2012-04-26 04:00:00,165.33739
2012-04-26 05:00:00,161.47003
2012-04-26 06:00:00,164.9206
2012-04-26 07:00:00,115.909225
2012-04-26 08:00:00,115.243416
2012-04-26 09:00:00,112.89904
2012-04-26 10:00:00,108.230316
2012-04-26 11:00:00,102.85275
2012-04-26 12:00:00,115.89445
2012-04-26 13:00:00,117.68454
2012-04-26 14:00:00,132.76816
2012-04-26 15:00:00,125.23976
2012-04-26 16:00:00,121.74253
2012-04-26 17:00:00,114.29437
2012-04-26 18:00:00,132.76816
2012-04-26 19:00:00,139.00693
2012-04-26 20:00:00,119.63683
2012-04-26 21:00:00,112.25628
2012-04-26 22:00:00,109.75344
2012-04-26 23:00:00,105.9379
2012-04-27 00:00:00,161.67992
2012-04-27 01:00:00,179.78351
2012-04-27 02:00:00,173.1275
2012-04-27 03:00:00,187.68944
2012-04-27 04:00:00,204.83478
2012-04-27 05:00:00,192.79968
2012-04-27 06:00:00,199.42188
2012-04-27 07:00:00,168.32611
2012-04-27 08:00:00,145.6491
2012-04-27 09:00:00,187.99094
2012-04-27 10:00:00,233.01111
2012-04-27 11:00:00,235.10298
2012-04-27 12:00:00,250.47137
2012-04-27 13:00:00,260.83026
2012-04-27 14:00:00,261.74878
2012-04-27 15:00:00,294.70404
2012-04-27 16:00:00,311.00568
2012-04-27 17:00:00,308.56824
2012-04-27 18:00:00,305.78717
2012-04-27 19:00:00,300.6062
2012-04-27 20:00:00,276.5896
2012-04-27 21:00:00,253.59448
2012-04-27 22:00:00,227.61967
2012-04-27 23:00:00,211.79279
2012-04-28 00:00:00,196.31909
2012-04-28 01:00:00,128.28105
2012-04-28 02:00:00,172.9827
2012-04-28 03:00:00,124.55334
2012-04-28 04:00:00,128.6702
2012-04-28 05:00:00,141.13895
2012-04-28 06:00:00,128.98447
2012-04-28 07:00:00,128.6702
2012-04-28 08:00:00,219.88942
2012-04-28 09:00:00,239.18753
2012-04-28 10:00:00,220.92941
2012-04-28 11:00:00,227.80496
2012-04-28 12:00:00,198.5455
2012-04-28 13:00:00,246.74304
2012-04-28 14:00:00,249.12825
2012-04-28 15:00:00,226.3751
2012-04-28 16:00:00,269.64758
2012-04-28 17:00:00,241.17773
2012-04-28 18:00:00,197.5065
2012-04-28 19:00:00,93.241234
2012-04-28 20:00:00,84.5152
2012-04-28 21:00:00,93.55536
2012-04-28 22:00:00,84.1213
2012-04-28 23:00:00,81.01791
2012-04-29 00:00:00,79.738754
2012-04-29 01:00:00,73.52773
2012-04-29 02:00:00,70.50361
2012-04-29 03:00:00,69.64351
2012-04-29 04:00:00,69.02739
2012-04-29 05:00:00,61.28543
2012-04-29 06:00:00,62.067245
2012-04-29 07:00:00,68.80489
2012-04-29 08:00:00,75.444214
2012-04-29 09:00:00,83.4564
2012-04-29 10:00:00,86.23051
2012-04-29 11:00:00,138.13976
2012-04-29 12:00:00,227.01776
2012-04-29 13:00:00,226.52673
2012-04-29 14:00:00,314.99835
2012-04-29 15:00:00,320.7464
2012-04-29 16:00:00,406.87552
2012-04-29 17:00:00,434.57953
2012-04-29 18:00:00,428.54596
2012-04-29 19:00:00,339.5465
2012-04-29 20:00:00,354.5074
2012-04-29 21:00:00,215.3908
2012-04-29 22:00:00,199.46225
2012-04-29 23:00:00,97.407135
2012-04-30 00:00:00,114.50988
2012-04-30 01:00:00,110.069664
2012-04-30 02:00:00,116.2958
2012-04-30 03:00:00,112.15092
2012-04-30 04:00:00,129.3989
2012-04-30 05:00:00,129.3989
2012-04-30 06:00:00,182.50067
2012-04-30 07:00:00,175.14871
2012-04-30 08:00:00,201.89243
2012-04-30 09:00:00,200.72496
2012-04-30 10:00:00,217.01031
2012-04-30 11:00:00,215.74257
2012-04-30 12:00:00,204.46518
2012-04-30 13:00:00,202.98253
2012-04-30 14:00:00,201.4761
2012-04-30 15:00:00,197.74092
2012-04-30 16:00:00,179.46146
2012-04-30 17:00:00,170.2612
2012-04-30 18:00:00,200.23117
2012-04-30 19:00:00,180.60587
2012-04-30 20:00:00,190.60272
2012-04-30 21:00:00,190.60272
2012-04-30 22:00:00,209.64867
2012-04-30 23:00:00,204.2091
2012-05-20 00:00:00,190.9126
2012-05-20 01:00:00,169.60695
2012-05-20 02:00:00,169.60695
2012-05-20 03:00:00,146.5152
2012-05-20 04:00:00,92.91071
2012-05-20 05:00:00,83.88972
2012-05-20 06:00:00,113.212654
2012-05-20 07:00:00,114.69433
2012-05-20 08:00:00,169.99855
2012-05-20 09:00:00,417.23596
2012-05-20 10:00:00,426.75128
2012-05-20 11:00:00,418.4364
2012-05-20 12:00:00,428.96307
2012-05-20 13:00:00,415.003
2012-05-20 14:00:00,425.14905
2012-05-20 15:00:00,412.23383
2012-05-20 16:00:00,397.85297
2012-05-20 17:00:00,360.9417
2012-05-20 18:00:00,304.4184
2012-05-20 19:00:00,216.54402
2012-05-20 20:00:00,216.5441
2012-05-20 21:00:00,170.72025
2012-05-20 22:00:00,143.52103
2012-05-20 23:00:00,148.76553
2012-05-21 00:00:00,132.87517
2012-05-21 01:00:00,133.18794
2012-05-21 02:00:00,118.97462
2012-05-21 03:00:00,125.2085
2012-05-21 04:00:00,128.11713
2012-05-21 05:00:00,128.11713
2012-05-21 06:00:00,128.11713
2012-05-21 07:00:00,128.11713
2012-05-21 08:00:00,127.88139
2012-05-21 09:00:00,125.73092
2012-05-21 10:00:00,132.79675
2012-05-21 11:00:00,117.867676
2012-05-21 12:00:00,135.34682
2012-05-21 13:00:00,146.7413
2012-05-21 14:00:00,136.02142
2012-05-21 15:00:00,158.65872
2012-05-21 16:00:00,177.09007
2012-05-21 17:00:00,196.84276
2012-05-21 18:00:00,124.85064
2012-05-21 19:00:00,134.19296
2012-05-21 20:00:00,141.33746
2012-05-21 21:00:00,134.5506
2012-05-21 22:00:00,148.57758
2012-05-21 23:00:00,162.08551
2012-05-22 00:00:00,120.383354
2012-05-22 01:00:00,116.44305
2012-05-22 02:00:00,115.1937
2012-05-22 03:00:00,115.1937
2012-05-22 04:00:00,113.88099
2012-05-22 05:00:00,122.52481
2012-05-22 06:00:00,118.77265
2012-05-22 07:00:00,118.77265
2012-05-22 08:00:00,112.62751
2012-05-22 09:00:00,115.364845
2012-05-22 10:00:00,121.047615
2012-05-22 11:00:00,117.29129
2012-05-22 12:00:00,123.2848
2012-05-22 13:00:00,121.27797
2012-05-22 14:00:00,137.98196
2012-05-22 15:00:00,186.32123
2012-05-22 16:00:00,187.37128
2012-05-22 17:00:00,193.65671
2012-05-22 18:00:00,197.72
2012-05-22 19:00:00,165.53186
2012-05-22 20:00:00,155.98195
2012-05-22 21:00:00,116.37137
2012-05-22 22:00:00,119.880585
2012-05-22 23:00:00,122.989525
2012-05-23 00:00:00,116.37137
2012-05-23 01:00:00,110.47321
2012-05-23 02:00:00,117.867676
2012-05-23 03:00:00,114.27777
2012-05-23 04:00:00,134.18935
2012-05-23 05:00:00,127.88139
2012-05-23 06:00:00,103.98371
2012-05-23 07:00:00,103.418274
2012-05-23 08:00:00,103.418274
2012-05-23 09:00:00,117.46241
2012-05-23 10:00:00,113.824265
2012-05-23 11:00:00,113.88349
2012-05-23 12:00:00,149.41063
2012-05-23 13:00:00,149.70358
2012-05-23 14:00:00,175.75548
2012-05-23 15:00:00,172.07288
2012-05-23 16:00:00,220.0556
2012-05-23 17:00:00,170.80551
2012-05-23 18:00:00,170.80551
2012-05-23 19:00:00,118.53323
2012-05-23 20:00:00,114.92896
2012-05-23 21:00:00,111.17266
2012-05-23 22:00:00,118.53323
2012-05-23 23:00:00,109.21969
2012-05-24 00:00:00,107.34574
2012-05-24 01:00:00,101.05599
2012-05-24 02:00:00,97.29966
2012-05-24 03:00:00,109.07511
2012-05-24 04:00:00,111.57792
2012-05-24 05:00:00,111.57792
2012-05-24 06:00:00,111.57792
2012-05-24 07:00:00,107.970375
2012-05-24 08:00:00,129.20744
2012-05-24 09:00:00,135.44627
2012-05-24 10:00:00,159.79904
2012-05-24 11:00:00,167.75461
2012-05-24 12:00:00,207.03531
2012-05-24 13:00:00,251.0169
2012-05-24 14:00:00,268.3664
2012-05-24 15:00:00,277.1855
2012-05-24 16:00:00,305.46506
2012-05-24 17:00:00,286.03418
2012-05-24 18:00:00,299.61066
2012-05-24 19:00:00,250.6979
2012-05-24 20:00:00,206.07388
2012-05-24 21:00:00,146.33282
2012-05-24 22:00:00,120.74476
2012-05-24 23:00:00,126.962685
2012-05-25 00:00:00,109.40843
2012-05-25 01:00:00,107.53448
2012-05-25 02:00:00,111.17266
2012-05-25 03:00:00,109.24622
2012-05-25 04:00:00,104.86529
2012-05-25 05:00:00,108.621574
2012-05-25 06:00:00,109.24622
2012-05-25 07:00:00,111.749016
2012-05-25 08:00:00,108.70964
2012-05-25 09:00:00,109.95895
2012-05-25 10:00:00,125.59719
2012-05-25 11:00:00,119.35839
2012-05-25 12:00:00,174.18521
2012-05-25 13:00:00,204.9425
2012-05-25 14:00:00,225.66208
2012-05-25 15:00:00,234.26364
2012-05-25 16:00:00,286.36353
2012-05-25 17:00:00,263.69064
2012-05-25 18:00:00,234.26364
2012-05-25 19:00:00,246.40681
2012-05-25 20:00:00,189.93468
2012-05-25 21:00:00,181.12479
2012-05-25 22:00:00,124.11552
2012-05-25 23:00:00,134.38794
2012-05-26 00:00:00,76.6755
2012-05-26 01:00:00,70.43671
2012-05-26 02:00:00,65.752754
2012-05-26 03:00:00,65.04003
2012-05-26 04:00:00,66.289375
2012-05-26 05:00:00,97.890144
2012-05-26 06:00:00,68.792206
2012-05-26 07:00:00,75.10964
2012-05-26 08:00:00,87.644966
2012-05-26 09:00:00,82.893425
2012-05-26 10:00:00,111.86747
2012-05-26 11:00:00,124.69804
2012-05-26 12:00:00,183.52032
2012-05-26 13:00:00,192.14209
2012-05-26 14:00:00,198.36572
2012-05-26 15:00:00,210.79205
2012-05-26 16:00:00,292.8284
2012-05-26 17:00:00,316.02875
2012-05-26 18:00:00,291.6484
2012-05-26 19:00:00,208.26662
2012-05-26 20:00:00,280.4056
2012-05-26 21:00:00,227.82826
2012-05-26 22:00:00,137.15475
2012-05-26 23:00:00,137.15475
2012-05-27 00:00:00,145.14732
2012-05-27 01:00:00,122.84254
2012-05-27 02:00:00,123.577644
2012-05-27 03:00:00,111.12092
2012-05-27 04:00:00,85.43344
2012-05-27 05:00:00,85.43344
2012-05-27 06:00:00,79.21554
2012-05-27 07:00:00,67.54286
2012-05-27 08:00:00,82.893425
2012-05-27 09:00:00,95.36541
2012-05-27 10:00:00,130.92152
2012-05-27 11:00:00,175.51945
2012-05-27 12:00:00,189.72314
2012-05-27 13:00:00,252.82462
2012-05-27 14:00:00,265.25095
2012-05-27 15:00:00,312.20148
2012-05-27 16:00:00,312.20148
2012-05-27 17:00:00,335.25394
2012-05-27 18:00:00,274.57593
2012-05-27 19:00:00,252.82462
2012-05-27 20:00:00,255.2116
2012-05-27 21:00:00,193.60333
2012-05-27 22:00:00,81.75544
2012-05-27 23:00:00,99.2394
2012-05-28 00:00:00,102.096
2012-05-28 01:00:00,148.00119
2012-05-28 02:00:00,100.23487
2012-05-28 03:00:00,119.68358
2012-05-28 04:00:00,98.7766
2012-05-28 05:00:00,98.7766
2012-05-28 06:00:00,119.68358
2012-05-28 07:00:00,94.3908
2012-05-28 08:00:00,108.34629
2012-05-28 09:00:00,167.7744
2012-05-28 10:00:00,167.7744
2012-05-28 11:00:00,168.34117
2012-05-28 12:00:00,218.08371
2012-05-28 13:00:00,277.294
2012-05-28 14:00:00,277.294
2012-05-28 15:00:00,333.9203
2012-05-28 16:00:00,339.39258
2012-05-28 17:00:00,333.9203
2012-05-28 18:00:00,305.87628
2012-05-28 19:00:00,327.94736
2012-05-28 20:00:00,267.1068
2012-05-28 21:00:00,222.26382
2012-05-28 22:00:00,154.03418
2012-05-28 23:00:00,135.13704
2012-05-29 00:00:00,138.04836
2012-05-29 01:00:00,138.04836
2012-05-29 02:00:00,112.62002
2012-05-29 03:00:00,150.51062
2012-05-29 04:00:00,134.38794
2012-05-29 05:00:00,134.38794
2012-05-29 06:00:00,134.38794
2012-05-29 07:00:00,134.38794
2012-05-29 08:00:00,150.88446
2012-05-29 09:00:00,182.69684
2012-05-29 10:00:00,198.65308
2012-05-29 11:00:00,268.1002
2012-05-29 12:00:00,319.03708
2012-05-29 13:00:00,353.64642
2012-05-29 14:00:00,355.41046
2012-05-29 15:00:00,366.5913
2012-05-29 16:00:00,365.08157
2012-05-29 17:00:00,374.2818
2012-05-29 18:00:00,353.68256
2012-05-29 19:00:00,329.0752
2012-05-29 20:00:00,245.52191
2012-05-29 21:00:00,134.90363
2012-05-29 22:00:00,108.621574
2012-05-29 23:00:00,105.24464
2012-05-30 00:00:00,116.1041
2012-05-30 01:00:00,119.939186
2012-05-30 02:00:00,109.00092
2012-05-30 03:00:00,117.89
2012-05-30 04:00:00,110.495544
2012-05-30 05:00:00,129.50273
2012-05-30 06:00:00,121.67228
2012-05-30 07:00:00,154.47476
2012-05-30 08:00:00,151.29514
2012-05-30 09:00:00,180.28815
2012-05-30 10:00:00,198.87259
2012-05-30 11:00:00,204.9273
2012-05-30 12:00:00,191.46492
2012-05-30 13:00:00,198.0112
2012-05-30 14:00:00,270.622
2012-05-30 15:00:00,250.23253
2012-05-30 16:00:00,261.5545
2012-05-30 17:00:00,235.99689
2012-05-30 18:00:00,268.63138
2012-05-30 19:00:00,251.0169
2012-05-30 20:00:00,181.05579
2012-05-30 21:00:00,208.09085
2012-05-30 22:00:00,136.95166
2012-05-30 23:00:00,161.55182
2012-05-31 00:00:00,141.33746
2012-05-31 01:00:00,132.01059
2012-05-31 02:00:00,150.49487
2012-05-31 03:00:00,134.5506
2012-05-31 04:00:00,119.845375
2012-05-31 05:00:00,176.60883
2012-05-31 06:00:00,150.44298
2012-05-31 07:00:00,207.1533
2012-05-31 08:00:00,252.20285
2012-05-31 09:00:00,295.6676
2012-05-31 10:00:00,355.41644
2012-05-31 11:00:00,362.25345
2012-05-31 12:00:00,322.48145
2012-05-31 13:00:00,316.13934
2012-05-31 14:00:00,344.59467
2012-05-31 15:00:00,371.64413
2012-05-31 16:00:00,365.0302
2012-05-31 17:00:00,338.36258
2012-05-31 18:00:00,342.7428
2012-05-31 19:00:00,319.4929
2012-05-31 20:00:00,278.53128
2012-05-31 21:00:00,278.53128
2012-05-31 22:00:00,256.2358
2012-05-31 23:00:00,256.64377
2012-06-20 00:00:00,138.04836
2012-06-20 01:00:00,131.81512
2012-06-20 02:00:00,111.02184
2012-06-20 03:00:00,109.76835
2012-06-20 04:00:00,107.89436
2012-06-20 05:00:00,107.89436
2012-06-20 06:00:00,108.08499
2012-06-20 07:00:00,104.499794
2012-06-20 08:00:00,132.505
2012-06-20 09:00:00,130.64117
2012-06-20 10:00:00,261.49966
2012-06-20 11:00:00,291.49387
2012-06-20 12:00:00,281.55264
2012-06-20 13:00:00,293.24277
2012-06-20 14:00:00,346.9502
2012-06-20 15:00:00,322.3493
2012-06-20 16:00:00,344.2033
2012-06-20 17:00:00,316.70184
2012-06-20 18:00:00,316.70187
2012-06-20 19:00:00,366.1233
2012-06-20 20:00:00,349.56833
2012-06-20 21:00:00,283.19406
2012-06-20 22:00:00,262.03204
2012-06-20 23:00:00,227.31143
2012-06-21 00:00:00,196.5975
2012-06-21 01:00:00,149.46707
2012-06-21 02:00:00,144.73108
2012-06-21 03:00:00,149.44847
2012-06-21 04:00:00,121.07085
2012-06-21 05:00:00,124.1798
2012-06-21 06:00:00,134.2022
2012-06-21 07:00:00,134.2022
2012-06-21 08:00:00,165.4819
2012-06-21 09:00:00,308.52518
2012-06-21 10:00:00,313.95807
2012-06-21 11:00:00,371.17178
2012-06-21 12:00:00,409.95688
2012-06-21 13:00:00,369.38574
2012-06-21 14:00:00,394.44272
2012-06-21 15:00:00,414.05453
2012-06-21 16:00:00,397.47183
2012-06-21 17:00:00,360.1036
2012-06-21 18:00:00,383.65686
2012-06-21 19:00:00,400.23965
2012-06-21 20:00:00,375.1858
2012-06-21 21:00:00,320.46808
2012-06-21 22:00:00,280.36902
2012-06-21 23:00:00,260.5431
2012-06-22 00:00:00,227.22801
2012-06-22 01:00:00,199.94675
2012-06-22 02:00:00,134.39734
2012-06-22 03:00:00,134.39734
2012-06-22 04:00:00,211.65765
2012-06-22 05:00:00,234.18423
2012-06-22 06:00:00,203.06863
2012-06-22 07:00:00,274.118
2012-06-22 08:00:00,274.03876
2012-06-22 09:00:00,302.66428
2012-06-22 10:00:00,375.97687
2012-06-22 11:00:00,320.38416
2012-06-22 12:00:00,320.9239
2012-06-22 13:00:00,400.23965
2012-06-22 14:00:00,400.23965
2012-06-22 15:00:00,444.29602
2012-06-22 16:00:00,420.54062
2012-06-22 17:00:00,375.38312
2012-06-22 18:00:00,322.95294
2012-06-22 19:00:00,348.40356
2012-06-22 20:00:00,348.40356
2012-06-22 21:00:00,280.0169
2012-06-22 22:00:00,191.91075
2012-06-22 23:00:00,142.846
2012-06-23 00:00:00,63.583355
2012-06-23 01:00:00,107.14828
2012-06-23 02:00:00,113.666985
2012-06-23 03:00:00,91.8834
2012-06-23 04:00:00,107.449066
2012-06-23 05:00:00,113.666985
2012-06-23 06:00:00,78.75207
2012-06-23 07:00:00,94.31775
2012-06-23 08:00:00,177.3204
2012-06-23 09:00:00,253.0235
2012-06-23 10:00:00,298.93726
2012-06-23 11:00:00,378.89673
2012-06-23 12:00:00,438.4035
2012-06-23 13:00:00,485.79446
2012-06-23 14:00:00,488.51263
2012-06-23 15:00:00,490.8435
2012-06-23 16:00:00,467.87836
2012-06-23 17:00:00,461.25208
2012-06-23 18:00:00,464.80804
2012-06-23 19:00:00,457.71585
2012-06-23 20:00:00,473.82993
2012-06-23 21:00:00,463.14026
2012-06-23 22:00:00,440.93802
2012-06-23 23:00:00,365.7992
2012-06-24 00:00:00,275.82828
2012-06-24 01:00:00,276.68274
2012-06-24 02:00:00,282.8235
2012-06-24 03:00:00,199.89787
2012-06-24 04:00:00,181.24792
2012-06-24 05:00:00,147.00134
2012-06-24 06:00:00,182.72383
2012-06-24 07:00:00,142.99168
2012-06-24 08:00:00,217.78836
2012-06-24 09:00:00,286.2929
2012-06-24 10:00:00,414.24774
2012-06-24 11:00:00,436.9084
2012-06-24 12:00:00,489.92136
2012-06-24 13:00:00,494.65994
2012-06-24 14:00:00,488.47025
2012-06-24 15:00:00,476.37433
2012-06-24 16:00:00,484.91425
2012-06-24 17:00:00,494.8583
2012-06-24 18:00:00,498.27954
2012-06-24 19:00:00,480.35815
2012-06-24 20:00:00,413.9413
2012-06-24 21:00:00,314.48206
2012-06-24 22:00:00,270.7588
2012-06-24 23:00:00,257.86035
2012-06-25 00:00:00,286.3826
2012-06-25 01:00:00,252.30254
2012-06-25 02:00:00,210.0698
2012-06-25 03:00:00,216.76346
2012-06-25 04:00:00,158.24808
2012-06-25 05:00:00,154.21445
2012-06-25 06:00:00,137.71237
2012-06-25 07:00:00,168.89352
2012-06-25 08:00:00,196.3363
2012-06-25 09:00:00,246.00946
2012-06-25 10:00:00,285.36078
2012-06-25 11:00:00,422.2021
2012-06-25 12:00:00,405.75232
2012-06-25 13:00:00,343.2663
2012-06-25 14:00:00,388.27765
2012-06-25 15:00:00,446.93738
2012-06-25 16:00:00,424.7918
2012-06-25 17:00:00,394.46063
2012-06-25 18:00:00,414.10663
2012-06-25 19:00:00,413.6378
2012-06-25 20:00:00,416.1336
2012-06-25 21:00:00,401.6023
2012-06-25 22:00:00,395.3121
2012-06-25 23:00:00,399.25153
2012-06-26 00:00:00,390.42004
2012-06-26 01:00:00,376.45868
2012-06-26 02:00:00,307.50122
2012-06-26 03:00:00,291.67438
2012-06-26 04:00:00,291.4451
2012-06-26 05:00:00,264.6108
2012-06-26 06:00:00,251.13312
2012-06-26 07:00:00,244.25758
2012-06-26 08:00:00,285.1742
2012-06-26 09:00:00,303.2487
2012-06-26 10:00:00,359.74927
2012-06-26 11:00:00,388.73254
2012-06-26 12:00:00,403.26178
2012-06-26 13:00:00,406.75977
2012-06-26 14:00:00,406.75977
2012-06-26 15:00:00,409.36108
2012-06-26 16:00:00,400.2366
2012-06-26 17:00:00,412.61835
2012-06-26 18:00:00,395.8957
2012-06-26 19:00:00,370.977
2012-06-26 20:00:00,387.5334
2012-06-26 21:00:00,362.35583
2012-06-26 22:00:00,387.70587
2012-06-26 23:00:00,323.94516
2012-06-27 00:00:00,351.91498
2012-06-27 01:00:00,323.33542
2012-06-27 02:00:00,267.36267
2012-06-27 03:00:00,265.193
2012-06-27 04:00:00,362.5008
2012-06-27 05:00:00,335.8507
2012-06-27 06:00:00,305.31494
2012-06-27 07:00:00,334.70294
2012-06-27 08:00:00,343.76752
2012-06-27 09:00:00,380.03986
2012-06-27 10:00:00,387.83722
2012-06-27 11:00:00,399.30502
2012-06-27 12:00:00,388.7147
2012-06-27 13:00:00,388.6875
2012-06-27 14:00:00,375.43307
2012-06-27 15:00:00,411.13715
2012-06-27 16:00:00,389.556
2012-06-27 17:00:00,381.58047
2012-06-27 18:00:00,388.6875
2012-06-27 19:00:00,394.85748
2012-06-27 20:00:00,390.3641
2012-06-27 21:00:00,363.17584
2012-06-27 22:00:00,336.80988
2012-06-27 23:00:00,297.89948
2012-06-28 00:00:00,269.5369
2012-06-28 01:00:00,218.80096
2012-06-28 02:00:00,263.8948
2012-06-28 03:00:00,263.8948
2012-06-28 04:00:00,223.5567
2012-06-28 05:00:00,243.19815
2012-06-28 06:00:00,243.19815
2012-06-28 07:00:00,223.5567
2012-06-28 08:00:00,280.82104
2012-06-28 09:00:00,283.1305
2012-06-28 10:00:00,325.52393
2012-06-28 11:00:00,397.90765
2012-06-28 12:00:00,386.99927
2012-06-28 13:00:00,386.7339
2012-06-28 14:00:00,389.35736
2012-06-28 15:00:00,389.35736
2012-06-28 16:00:00,372.5148
2012-06-28 17:00:00,367.54285
2012-06-28 18:00:00,381.06268
2012-06-28 19:00:00,408.77386
2012-06-28 20:00:00,396.1529
2012-06-28 21:00:00,296.6449
2012-06-28 22:00:00,294.80194
2012-06-28 23:00:00,301.54153
2012-06-29 00:00:00,301.54153
2012-06-29 01:00:00,292.0089
2012-06-29 02:00:00,282.13553
2012-06-29 03:00:00,282.13553
2012-06-29 04:00:00,235.66074
2012-06-29 05:00:00,235.64816
2012-06-29 06:00:00,269.42493
2012-06-29 07:00:00,235.64816
2012-06-29 08:00:00,275.38077
2012-06-29 09:00:00,285.36078
2012-06-29 10:00:00,419.4756
2012-06-29 11:00:00,405.36884
2012-06-29 12:00:00,406.627
2012-06-29 13:00:00,408.75555
2012-06-29 14:00:00,424.29074
2012-06-29 15:00:00,377.46655
2012-06-29 16:00:00,377.46655
2012-06-29 17:00:00,428.3675
2012-06-29 18:00:00,394.72083
2012-06-29 19:00:00,371.18414
2012-06-29 20:00:00,403.182
2012-06-29 21:00:00,334.66565
2012-06-29 22:00:00,329.85727
2012-06-29 23:00:00,329.85727
2012-06-30 00:00:00,105.177055
2012-06-30 01:00:00,117.63378
2012-06-30 02:00:00,65.417
2012-06-30 03:00:00,65.417
2012-06-30 04:00:00,60.48637
2012-06-30 05:00:00,78.91442
2012-06-30 06:00:00,78.91442
2012-06-30 07:00:00,78.91442
2012-06-30 08:00:00,78.91442
2012-06-30 09:00:00,78.91442
2012-06-30 10:00:00,493.15698
2012-06-30 11:00:00,493.15698
2012-06-30 12:00:00,493.15698
2012-06-30 13:00:00,493.15698
2012-06-30 14:00:00,493.15698
2012-06-30 15:00:00,493.15698
2012-06-30 16:00:00,484.85504
2012-06-30 17:00:00,492.99713
2012-06-30 18:00:00,455.39246
2012-06-30 19:00:00,452.94836
2012-06-30 20:00:00,347.9548
2012-06-30 21:00:00,347.9548
2012-06-30 22:00:00,274.413
2012-06-30 23:00:00,253.02402
2012-07-20 00:00:00,117.62992
2012-07-20 01:00:00,100.69412
2012-07-20 02:00:00,106.15615
2012-07-20 03:00:00,107.60753
2012-07-20 04:00:00,120.064224
2012-07-20 05:00:00,113.825485
2012-07-20 06:00:00,120.064224
2012-07-20 07:00:00,126.28218
2012-07-20 08:00:00,146.10187
2012-07-20 09:00:00,156.36514
2012-07-20 10:00:00,162.60396
2012-07-20 11:00:00,241.28772
2012-07-20 12:00:00,159.23318
2012-07-20 13:00:00,146.77646
2012-07-20 14:00:00,162.8992
2012-07-20 15:00:00,180.16309
2012-07-20 16:00:00,185.63947
2012-07-20 17:00:00,160.40445
2012-07-20 18:00:00,195.27608
2012-07-20 19:00:00,158.54889
2012-07-20 20:00:00,174.91206
2012-07-20 21:00:00,172.68817
2012-07-20 22:00:00,142.39343
2012-07-20 23:00:00,161.08893
2012-07-21 00:00:00,148.03383
2012-07-21 01:00:00,128.66374
2012-07-21 02:00:00,128.96454
2012-07-21 03:00:00,122.72574
2012-07-21 04:00:00,131.50453
2012-07-21 05:00:00,125.265755
2012-07-21 06:00:00,125.265755
2012-07-21 07:00:00,112.134415
2012-07-21 08:00:00,124.97053
2012-07-21 09:00:00,112.513824
2012-07-21 10:00:00,125.265755
2012-07-21 11:00:00,126.80264
2012-07-21 12:00:00,133.71603
2012-07-21 13:00:00,121.25931
2012-07-21 14:00:00,109.59439
2012-07-21 15:00:00,122.72574
2012-07-21 16:00:00,110.26902
2012-07-21 17:00:00,104.0511
2012-07-21 18:00:00,97.137695
2012-07-21 19:00:00,90.91976
2012-07-21 20:00:00,104.0511
2012-07-21 21:00:00,90.91976
2012-07-21 22:00:00,78.46305
2012-07-21 23:00:00,65.78251
2012-07-22 00:00:00,78.46305
2012-07-22 01:00:00,90.91976
2012-07-22 02:00:00,78.46305
2012-07-22 03:00:00,78.46305
2012-07-22 04:00:00,60.314365
2012-07-22 05:00:00,60.314365
2012-07-22 06:00:00,94.42342
2012-07-22 07:00:00,75.72793
2012-07-22 08:00:00,92.73702
2012-07-22 09:00:00,147.46176
2012-07-22 10:00:00,122.64937
2012-07-22 11:00:00,122.64937
2012-07-22 12:00:00,176.72296
2012-07-22 13:00:00,215.85425
2012-07-22 14:00:00,200.60815
2012-07-22 15:00:00,200.60815
2012-07-22 16:00:00,208.60902
2012-07-22 17:00:00,233.46179
2012-07-22 18:00:00,221.03543
2012-07-22 19:00:00,179.24841
2012-07-22 20:00:00,147.98886
2012-07-22 21:00:00,114.37466
2012-07-22 22:00:00,152.44312
2012-07-22 23:00:00,117.05301
2012-07-23 00:00:00,98.761665
2012-07-23 01:00:00,113.150826
2012-07-23 02:00:00,102.52933
2012-07-23 03:00:00,102.52933
2012-07-23 04:00:00,104.40331
2012-07-23 05:00:00,104.40331
2012-07-23 06:00:00,115.13285
2012-07-23 07:00:00,130.39772
2012-07-23 08:00:00,144.73108
2012-07-23 09:00:00,212.07059
2012-07-23 10:00:00,227.71461
2012-07-23 11:00:00,315.47076
2012-07-23 12:00:00,315.47076
2012-07-23 13:00:00,287.50092
2012-07-23 14:00:00,297.2789
2012-07-23 15:00:00,308.52518
2012-07-23 16:00:00,292.4983
2012-07-23 17:00:00,292.4983
2012-07-23 18:00:00,332.3043
2012-07-23 19:00:00,336.40656
2012-07-23 20:00:00,267.46985
2012-07-23 21:00:00,276.73364
2012-07-23 22:00:00,268.87238
2012-07-23 23:00:00,239.06982
2012-07-24 00:00:00,164.52347
2012-07-24 01:00:00,143.23941
2012-07-24 02:00:00,126.737335
2012-07-24 03:00:00,126.737335
2012-07-24 04:00:00,111.171684
2012-07-24 05:00:00,114.28063
2012-07-24 06:00:00,120.49856
2012-07-24 07:00:00,170.74704
2012-07-24 08:00:00,226.69234
2012-07-24 09:00:00,255.58188
2012-07-24 10:00:00,350.88843
2012-07-24 11:00:00,387.85352
2012-07-24 12:00:00,337.06796
2012-07-24 13:00:00,376.53162
2012-07-24 14:00:00,344.9768
2012-07-24 15:00:00,383.00226
2012-07-24 16:00:00,348.0954
2012-07-24 17:00:00,364.6927
2012-07-24 18:00:00,316.5083
2012-07-24 19:00:00,267.46985
2012-07-24 20:00:00,243.22354
2012-07-24 21:00:00,263.95575
2012-07-24 22:00:00,272.00885
2012-07-24 23:00:00,325.90692
2012-07-25 00:00:00,313.06152
2012-07-25 01:00:00,278.1134
2012-07-25 02:00:00,270.0205
2012-07-25 03:00:00,236.34607
2012-07-25 04:00:00,228.39053
2012-07-25 05:00:00,215.96413
2012-07-25 06:00:00,222.16692
2012-07-25 07:00:00,327.46085
2012-07-25 08:00:00,385.94745
2012-07-25 09:00:00,408.3999
2012-07-25 10:00:00,329.44235
2012-07-25 11:00:00,345.41254
2012-07-25 12:00:00,345.41254
2012-07-25 13:00:00,390.08148
2012-07-25 14:00:00,383.22498
2012-07-25 15:00:00,374.4804
2012-07-25 16:00:00,385.59827
2012-07-25 17:00:00,360.4179
2012-07-25 18:00:00,373.28088
2012-07-25 19:00:00,373.49878
2012-07-25 20:00:00,355.3105
2012-07-25 21:00:00,315.8156
2012-07-25 22:00:00,259.2202
2012-07-25 23:00:00,309.35773
2012-07-26 00:00:00,230.12247
2012-07-26 01:00:00,236.34607
2012-07-26 02:00:00,208.76266
2012-07-26 03:00:00,202.5599
2012-07-26 04:00:00,160.43239
2012-07-26 05:00:00,160.43239
2012-07-26 06:00:00,158.24808
2012-07-26 07:00:00,189.37619
2012-07-26 08:00:00,214.12248
2012-07-26 09:00:00,224.83403
2012-07-26 10:00:00,232.91592
2012-07-26 11:00:00,291.74878
2012-07-26 12:00:00,339.8645
2012-07-26 13:00:00,368.04395
2012-07-26 14:00:00,391.36365
2012-07-26 15:00:00,413.81616
2012-07-26 16:00:00,455.59863
2012-07-26 17:00:00,464.91574
2012-07-26 18:00:00,440.98285
2012-07-26 19:00:00,425.1881
2012-07-26 20:00:00,367.15234
2012-07-26 21:00:00,389.84518
2012-07-26 22:00:00,389.84518
2012-07-26 23:00:00,206.26517
2012-07-27 00:00:00,161.32819
2012-07-27 01:00:00,197.61813
2012-07-27 02:00:00,143.23386
2012-07-27 03:00:00,170.74698
2012-07-27 04:00:00,118.95135
2012-07-27 05:00:00,107.016174
2012-07-27 06:00:00,118.95135
2012-07-27 07:00:00,218.69153
2012-07-27 08:00:00,225.90604
2012-07-27 09:00:00,378.1254
2012-07-27 10:00:00,306.877
2012-07-27 11:00:00,415.62814
2012-07-27 12:00:00,409.0333
2012-07-27 13:00:00,394.6391
2012-07-27 14:00:00,405.31714
2012-07-27 15:00:00,389.90985
2012-07-27 16:00:00,366.66925
2012-07-27 17:00:00,405.19232
2012-07-27 18:00:00,346.2593
2012-07-27 19:00:00,320.46808
2012-07-27 20:00:00,260.245
2012-07-27 21:00:00,260.245
2012-07-27 22:00:00,271.52917
2012-07-27 23:00:00,194.7905
2012-07-28 00:00:00,241.70819
2012-07-28 01:00:00,163.72067
2012-07-28 02:00:00,148.48409
2012-07-28 03:00:00,148.48409
2012-07-28 04:00:00,129.50414
2012-07-28 05:00:00,117.05301
2012-07-28 06:00:00,153.94418
2012-07-28 07:00:00,173.02483
2012-07-28 08:00:00,221.03543
2012-07-28 09:00:00,266.27075
2012-07-28 10:00:00,367.49524
2012-07-28 11:00:00,480.81158
2012-07-28 12:00:00,468.8911
2012-07-28 13:00:00,481.61734
2012-07-28 14:00:00,491.5066
2012-07-28 15:00:00,505.47437
2012-07-28 16:00:00,486.2464
2012-07-28 17:00:00,414.72534
2012-07-28 18:00:00,462.05133
2012-07-28 19:00:00,72.52302
2012-07-28 20:00:00,113.00765
2012-07-28 21:00:00,97.82137
2012-07-28 22:00:00,97.82137
2012-07-28 23:00:00,84.98529
2012-07-29 00:00:00,74.507706
2012-07-29 01:00:00,88.09425
2012-07-29 02:00:00,128.04156
2012-07-29 03:00:00,169.31958
2012-07-29 04:00:00,156.36955
2012-07-29 05:00:00,120.28394
2012-07-29 06:00:00,132.16273
2012-07-29 07:00:00,175.52238
2012-07-29 08:00:00,219.06216
2012-07-29 09:00:00,265.4499
2012-07-29 10:00:00,209.68964
2012-07-29 11:00:00,314.48206
2012-07-29 12:00:00,338.61646
2012-07-29 13:00:00,386.9626
2012-07-29 14:00:00,403.13373
2012-07-29 15:00:00,433.13565
2012-07-29 16:00:00,433.13565
2012-07-29 17:00:00,456.97003
2012-07-29 18:00:00,468.59888
2012-07-29 19:00:00,295.81305
2012-07-29 20:00:00,208.60902
2012-07-29 21:00:00,173.02483
2012-07-29 22:00:00,153.94418
2012-07-29 23:00:00,138.32423
2012-07-30 00:00:00,157.03476
2012-07-30 01:00:00,143.5836
2012-07-30 02:00:00,133.48218
2012-07-30 03:00:00,102.03809
2012-07-30 04:00:00,102.03809
2012-07-30 05:00:00,114.28063
2012-07-30 06:00:00,126.737335
2012-07-30 07:00:00,133.90698
2012-07-30 08:00:00,197.91231
2012-07-30 09:00:00,182.34908
2012-07-30 10:00:00,277.40125
2012-07-30 11:00:00,294.40662
2012-07-30 12:00:00,271.87973
2012-07-30 13:00:00,320.38416
2012-07-30 14:00:00,348.35394
2012-07-30 15:00:00,359.6058
2012-07-30 16:00:00,369.3924
2012-07-30 17:00:00,342.87396
2012-07-30 18:00:00,343.12643
2012-07-30 19:00:00,306.50662
2012-07-30 20:00:00,224.91516
2012-07-30 21:00:00,218.69153
2012-07-30 22:00:00,207.91974
2012-07-30 23:00:00,176.94981
2012-07-31 00:00:00,137.00061
2012-07-31 01:00:00,120.49856
2012-07-31 02:00:00,120.49857
2012-07-31 03:00:00,111.171684
2012-07-31 04:00:00,111.171684
2012-07-31 05:00:00,126.737335
2012-07-31 06:00:00,105.10079
2012-07-31 07:00:00,145.42726
2012-07-31 08:00:00,143.23383
2012-07-31 09:00:00,197.61813
2012-07-31 10:00:00,182.04774
2012-07-31 11:00:00,222.5543
2012-07-31 12:00:00,301.3114
2012-07-31 13:00:00,342.4533
2012-07-31 14:00:00,342.4533
2012-07-31 15:00:00,256.90326
2012-07-31 16:00:00,302.66428
2012-07-31 17:00:00,319.1823
2012-07-31 18:00:00,329.61572
2012-07-31 19:00:00,315.8857
2012-07-31 20:00:00,252.07434
2012-07-31 21:00:00,149.45734
2012-07-31 22:00:00,180.21884
2012-07-31 23:00:00,139.86868
2012-08-20 00:00:00,121.85767
2012-08-20 01:00:00,121.183105
2012-08-20 02:00:00,121.183105
2012-08-20 03:00:00,99.58069
2012-08-20 04:00:00,118.74876
2012-08-20 05:00:00,108.883965
2012-08-20 06:00:00,145.31284
2012-08-20 07:00:00,147.14496
2012-08-20 08:00:00,154.34846
2012-08-20 09:00:00,162.38391
2012-08-20 10:00:00,191.39651
2012-08-20 11:00:00,206.65053
2012-08-20 12:00:00,243.73836
2012-08-20 13:00:00,259.2202
2012-08-20 14:00:00,284.93207
2012-08-20 15:00:00,317.06317
2012-08-20 16:00:00,317.06317
2012-08-20 17:00:00,304.62988
2012-08-20 18:00:00,178.3268
2012-08-20 19:00:00,159.89545
2012-08-20 20:00:00,161.08893
2012-08-20 21:00:00,101.489494
2012-08-20 22:00:00,108.883965
2012-08-20 23:00:00,108.883965
2012-08-21 00:00:00,118.74876
2012-08-21 01:00:00,128.07565
2012-08-21 02:00:00,144.55962
2012-08-21 03:00:00,97.502785
2012-08-21 04:00:00,97.502785
2012-08-21 05:00:00,104.885925
2012-08-21 06:00:00,105.51058
2012-08-21 07:00:00,125.96359
2012-08-21 08:00:00,132.18149
2012-08-21 09:00:00,145.86342
2012-08-21 10:00:00,227.37013
2012-08-21 11:00:00,223.2626
2012-08-21 12:00:00,281.14804
2012-08-21 13:00:00,320.97137
2012-08-21 14:00:00,352.85596
2012-08-21 15:00:00,334.11792
2012-08-21 16:00:00,334.11792
2012-08-21 17:00:00,337.2212
2012-08-21 18:00:00,307.53827
2012-08-21 19:00:00,177.45717
2012-08-21 20:00:00,127.815865
2012-08-21 21:00:00,127.815865
2012-08-21 22:00:00,105.476166
2012-08-21 23:00:00,101.67823
2012-08-22 00:00:00,110.58743
2012-08-22 01:00:00,107.968025
2012-08-22 02:00:00,107.968025
2012-08-22 03:00:00,107.968025
2012-08-22 04:00:00,106.89425
2012-08-22 05:00:00,107.79687
2012-08-22 06:00:00,122.49758
2012-08-22 07:00:00,107.968025
2012-08-22 08:00:00,141.20866
2012-08-22 09:00:00,174.5143
2012-08-22 10:00:00,230.4738
2012-08-22 11:00:00,244.68161
2012-08-22 12:00:00,238.62303
2012-08-22 13:00:00,295.26587
2012-08-22 14:00:00,320.17786
2012-08-22 15:00:00,304.8396
2012-08-22 16:00:00,334.0768
2012-08-22 17:00:00,334.0768
2012-08-22 18:00:00,287.06445
2012-08-22 19:00:00,142.846
2012-08-22 20:00:00,161.99442
2012-08-22 21:00:00,127.815865
2012-08-22 22:00:00,127.815865
2012-08-22 23:00:00,99.18638
2012-08-23 00:00:00,105.476166
2012-08-23 01:00:00,101.67823
2012-08-23 02:00:00,101.67823
2012-08-23 03:00:00,107.47848
2012-08-23 04:00:00,101.67823
2012-08-23 05:00:00,101.67823
2012-08-23 06:00:00,106.35051
2012-08-23 07:00:00,120.60981
2012-08-23 08:00:00,157.11938
2012-08-23 09:00:00,169.60635
2012-08-23 10:00:00,246.38602
2012-08-23 11:00:00,291.78296
2012-08-23 12:00:00,335.97668
2012-08-23 13:00:00,363.02502
2012-08-23 14:00:00,361.83496
2012-08-23 15:00:00,326.1386
2012-08-23 16:00:00,318.8479
2012-08-23 17:00:00,364.39255
2012-08-23 18:00:00,335.3105
2012-08-23 19:00:00,266.12506
2012-08-23 20:00:00,235.64816
2012-08-23 21:00:00,245.99683
2012-08-23 22:00:00,247.76044
2012-08-23 23:00:00,166.50821
2012-08-24 00:00:00,166.50821
2012-08-24 01:00:00,142.49788
2012-08-24 02:00:00,149.64102
2012-08-24 03:00:00,127.815865
2012-08-24 04:00:00,142.49788
2012-08-24 05:00:00,105.476166
2012-08-24 06:00:00,109.07273
2012-08-24 07:00:00,116.58256
2012-08-24 08:00:00,142.846
2012-08-24 09:00:00,225.62259
2012-08-24 10:00:00,281.23523
2012-08-24 11:00:00,305.66235
2012-08-24 12:00:00,325.98276
2012-08-24 13:00:00,349.7515
2012-08-24 14:00:00,342.66486
2012-08-24 15:00:00,317.50098
2012-08-24 16:00:00,317.50098
2012-08-24 17:00:00,329.04282
2012-08-24 18:00:00,281.79034
2012-08-24 19:00:00,286.39197
2012-08-24 20:00:00,269.83282
2012-08-24 21:00:00,269.42493
2012-08-24 22:00:00,215.87018
2012-08-24 23:00:00,201.7775
2012-08-25 00:00:00,222.12056
2012-08-25 01:00:00,155.46262
2012-08-25 02:00:00,136.04218
2012-08-25 03:00:00,146.05077
2012-08-25 04:00:00,169.21309
2012-08-25 05:00:00,146.84482
2012-08-25 06:00:00,124.657295
2012-08-25 07:00:00,130.87524
2012-08-25 08:00:00,160.57074
2012-08-25 09:00:00,214.4931
2012-08-25 10:00:00,259.33618
2012-08-25 11:00:00,296.25693
2012-08-25 12:00:00,356.4375
2012-08-25 13:00:00,382.4843
2012-08-25 14:00:00,258.80112
2012-08-25 15:00:00,182.17818
2012-08-25 16:00:00,170.61516
2012-08-25 17:00:00,179.84627
2012-08-25 18:00:00,210.66983
2012-08-25 19:00:00,152.67972
2012-08-25 20:00:00,141.79507
2012-08-25 21:00:00,137.33685
2012-08-25 22:00:00,137.33685
2012-08-25 23:00:00,128.66374
2012-08-26 00:00:00,97.58902
2012-08-26 01:00:00,85.13232
2012-08-26 02:00:00,104.50245
2012-08-26 03:00:00,110.72038
2012-08-26 04:00:00,98.26368
2012-08-26 05:00:00,85.13232
2012-08-26 06:00:00,107.64294
2012-08-26 07:00:00,85.13232
2012-08-26 08:00:00,141.96646
2012-08-26 09:00:00,135.72766
2012-08-26 10:00:00,267.63953
2012-08-26 11:00:00,261.41595
2012-08-26 12:00:00,240.524
2012-08-26 13:00:00,181.5994
2012-08-26 14:00:00,66.45768
2012-08-26 15:00:00,130.09048
2012-08-26 16:00:00,130.09048
2012-08-26 17:00:00,91.37109
2012-08-26 18:00:00,76.480064
2012-08-26 19:00:00,92.04575
2012-08-26 20:00:00,78.91442
2012-08-26 21:00:00,88.07894
2012-08-26 22:00:00,64.05491
2012-08-26 23:00:00,81.29209
2012-08-27 00:00:00,101.67823
2012-08-27 01:00:00,99.12717
2012-08-27 02:00:00,101.00114
2012-08-27 03:00:00,99.12716
2012-08-27 04:00:00,101.67823
2012-08-27 05:00:00,95.370834
2012-08-27 06:00:00,95.370834
2012-08-27 07:00:00,102.03809
2012-08-27 08:00:00,111.171684
2012-08-27 09:00:00,114.28063
2012-08-27 10:00:00,179.36877
2012-08-27 11:00:00,253.5723
2012-08-27 12:00:00,209.81735
2012-08-27 13:00:00,283.2052
2012-08-27 14:00:00,296.6105
2012-08-27 15:00:00,348.0954
2012-08-27 16:00:00,331.13132
2012-08-27 17:00:00,365.53223
2012-08-27 18:00:00,330.4664
2012-08-27 19:00:00,232.91592
2012-08-27 20:00:00,226.69234
2012-08-27 21:00:00,191.79518
2012-08-27 22:00:00,142.85446
2012-08-27 23:00:00,136.63654
2012-08-28 00:00:00,155.31116
2012-08-28 01:00:00,123.78516
2012-08-28 02:00:00,151.64517
2012-08-28 03:00:00,100.69412
2012-08-28 04:00:00,120.49856
2012-08-28 05:00:00,124.302986
2012-08-28 06:00:00,107.60753
2012-08-28 07:00:00,127.411964
2012-08-28 08:00:00,126.64965
2012-08-28 09:00:00,162.60397
2012-08-28 10:00:00,286.54013
2012-08-28 11:00:00,325.19116
2012-08-28 12:00:00,369.3924
2012-08-28 13:00:00,409.60675
2012-08-28 14:00:00,425.35632
2012-08-28 15:00:00,418.007
2012-08-28 16:00:00,422.28912
2012-08-28 17:00:00,451.54694
2012-08-28 18:00:00,389.41156
2012-08-28 19:00:00,333.12463
2012-08-28 20:00:00,284.67853
2012-08-28 21:00:00,277.69775
2012-08-28 22:00:00,223.2626
2012-08-28 23:00:00,212.50781
2012-08-29 00:00:00,149.64102
2012-08-29 01:00:00,175.95438
2012-08-29 02:00:00,146.8497
2012-08-29 03:00:00,140.6318
2012-08-29 04:00:00,173.06221
2012-08-29 05:00:00,163.83109
2012-08-29 06:00:00,163.83109
2012-08-29 07:00:00,197.35187
2012-08-29 08:00:00,248.10225
2012-08-29 09:00:00,303.85583
2012-08-29 10:00:00,311.5368
2012-08-29 11:00:00,281.14804
2012-08-29 12:00:00,324.6062
2012-08-29 13:00:00,313.35895
2012-08-29 14:00:00,343.34424
2012-08-29 15:00:00,365.17743
2012-08-29 16:00:00,362.2041
2012-08-29 17:00:00,391.27188
2012-08-29 18:00:00,348.61548
2012-08-29 19:00:00,294.41464
2012-08-29 20:00:00,212.50781
2012-08-29 21:00:00,256.9486
2012-08-29 22:00:00,218.80096
2012-08-29 23:00:00,210.77821
2012-08-30 00:00:00,145.86342
2012-08-30 01:00:00,166.23627
2012-08-30 02:00:00,122.49758
2012-08-30 03:00:00,122.49758
2012-08-30 04:00:00,122.49758
2012-08-30 05:00:00,122.49758
2012-08-30 06:00:00,121.183105
2012-08-30 07:00:00,127.815865
2012-08-30 08:00:00,170.36061
2012-08-30 09:00:00,211.538
2012-08-30 10:00:00,228.07126
2012-08-30 11:00:00,343.34424
2012-08-30 12:00:00,327.14374
2012-08-30 13:00:00,295.26587
2012-08-30 14:00:00,304.8396
2012-08-30 15:00:00,339.69354
2012-08-30 16:00:00,358.78467
2012-08-30 17:00:00,402.40588
2012-08-30 18:00:00,367.69763
2012-08-30 19:00:00,304.8396
2012-08-30 20:00:00,274.118
2012-08-30 21:00:00,228.68645
2012-08-30 22:00:00,152.73921
2012-08-30 23:00:00,159.26193
2012-08-31 00:00:00,132.97054
2012-08-31 01:00:00,132.97054
2012-08-31 02:00:00,100.69417
2012-08-31 03:00:00,99.386314
2012-08-31 04:00:00,100.46453
2012-08-31 05:00:00,105.10079
2012-08-31 06:00:00,118.232124
2012-08-31 07:00:00,105.98504
2012-08-31 08:00:00,153.35147
2012-08-31 09:00:00,165.4819
2012-08-31 10:00:00,241.23132
2012-08-31 11:00:00,402.59927
2012-08-31 12:00:00,389.09927
2012-08-31 13:00:00,403.77472
2012-08-31 14:00:00,389.3055
2012-08-31 15:00:00,405.87473
2012-08-31 16:00:00,402.3187
2012-08-31 17:00:00,409.6086
2012-08-31 18:00:00,412.3486
2012-08-31 19:00:00,307.05923
2012-08-31 20:00:00,307.05923
2012-08-31 21:00:00,291.3423
2012-08-31 22:00:00,291.3423
2012-08-31 23:00:00,238.74634
2012-09-20 00:00:00,135.91956
2012-09-20 01:00:00,124.025154
2012-09-20 02:00:00,120.91622
2012-09-20 03:00:00,104.40214
2012-09-20 04:00:00,109.35692
2012-09-20 05:00:00,109.35692
2012-09-20 06:00:00,104.40214
2012-09-20 07:00:00,105.32743
2012-09-20 08:00:00,134.87831
2012-09-20 09:00:00,202.23056
2012-09-20 10:00:00,240.89627
2012-09-20 11:00:00,259.04245
2012-09-20 12:00:00,312.22864
2012-09-20 13:00:00,309.2719
2012-09-20 14:00:00,315.23267
2012-09-20 15:00:00,312.86835
2012-09-20 16:00:00,303.94855
2012-09-20 17:00:00,313.30554
2012-09-20 18:00:00,289.42896
2012-09-20 19:00:00,239.72134
2012-09-20 20:00:00,179.38449
2012-09-20 21:00:00,191.81085
2012-09-20 22:00:00,128.87329
2012-09-20 23:00:00,141.70938
2012-09-21 00:00:00,121.13778
2012-09-21 01:00:00,108.74869
2012-09-21 02:00:00,108.74869
2012-09-21 03:00:00,111.7733
2012-09-21 04:00:00,104.93316
2012-09-21 05:00:00,101.30634
2012-09-21 06:00:00,111.7733
2012-09-21 07:00:00,105.121895
2012-09-21 08:00:00,135.09122
2012-09-21 09:00:00,153.59918
2012-09-21 10:00:00,258.63367
2012-09-21 11:00:00,283.25827
2012-09-21 12:00:00,269.6126
2012-09-21 13:00:00,283.1305
2012-09-21 14:00:00,326.29932
2012-09-21 15:00:00,304.22195
2012-09-21 16:00:00,294.4146
2012-09-21 17:00:00,304.94812
2012-09-21 18:00:00,272.50568
2012-09-21 19:00:00,234.59326
2012-09-21 20:00:00,187.26971
2012-09-21 21:00:00,182.26242
2012-09-21 22:00:00,163.83109
2012-09-21 23:00:00,195.59035
2012-09-22 00:00:00,154.35553
2012-09-22 01:00:00,121.18693
2012-09-22 02:00:00,97.14199
2012-09-22 03:00:00,116.21693
2012-09-22 04:00:00,116.21693
2012-09-22 05:00:00,125.564644
2012-09-22 06:00:00,119.325874
2012-09-22 07:00:00,124.675316
2012-09-22 08:00:00,157.46451
2012-09-22 09:00:00,167.56683
2012-09-22 10:00:00,224.85712
2012-09-22 11:00:00,290.61426
2012-09-22 12:00:00,326.6483
2012-09-22 13:00:00,359.49652
2012-09-22 14:00:00,398.4372
2012-09-22 15:00:00,410.69305
2012-09-22 16:00:00,359.45288
2012-09-22 17:00:00,359.45288
2012-09-22 18:00:00,322.79602
2012-09-22 19:00:00,271.9643
2012-09-22 20:00:00,309.94238
2012-09-22 21:00:00,275.76965
2012-09-22 22:00:00,262.2323
2012-09-22 23:00:00,310.4455
2012-09-23 00:00:00,482.03217
2012-09-23 01:00:00,298.06177
2012-09-23 02:00:00,322.3944
2012-09-23 03:00:00,251.91133
2012-09-23 04:00:00,246.38034
2012-09-23 05:00:00,213.97983
2012-09-23 06:00:00,179.48062
2012-09-23 07:00:00,216.66309
2012-09-23 08:00:00,246.06842
2012-09-23 09:00:00,284.65924
2012-09-23 10:00:00,379.84232
2012-09-23 11:00:00,384.65262
2012-09-23 12:00:00,389.3783
2012-09-23 13:00:00,453.0221
2012-09-23 14:00:00,462.04224
2012-09-23 15:00:00,473.5619
2012-09-23 16:00:00,480.3485
2012-09-23 17:00:00,458.47162
2012-09-23 18:00:00,446.62115
2012-09-23 19:00:00,405.3526
2012-09-23 20:00:00,405.3526
2012-09-23 21:00:00,351.23108
2012-09-23 22:00:00,295.20773
2012-09-23 23:00:00,232.90448
2012-09-24 00:00:00,201.20181
2012-09-24 01:00:00,170.45934
2012-09-24 02:00:00,216.33633
2012-09-24 03:00:00,203.88501
2012-09-24 04:00:00,159.1741
2012-09-24 05:00:00,169.9046
2012-09-24 06:00:00,199.73756
2012-09-24 07:00:00,170.45934
2012-09-24 08:00:00,276.0804
2012-09-24 09:00:00,297.17593
2012-09-24 10:00:00,316.16736
2012-09-24 11:00:00,395.9299
2012-09-24 12:00:00,401.31714
2012-09-24 13:00:00,410.82068
2012-09-24 14:00:00,346.1084
2012-09-24 15:00:00,355.44705
2012-09-24 16:00:00,385.44547
2012-09-24 17:00:00,350.17615
2012-09-24 18:00:00,382.22592
2012-09-24 19:00:00,367.52057
2012-09-24 20:00:00,277.13928
2012-09-24 21:00:00,286.25122
2012-09-24 22:00:00,291.68958
2012-09-24 23:00:00,197.8588
2012-09-25 00:00:00,179.69043
2012-09-25 01:00:00,146.28967
2012-09-25 02:00:00,131.35603
2012-09-25 03:00:00,137.43248
2012-09-25 04:00:00,148.58163
2012-09-25 05:00:00,122.02915
2012-09-25 06:00:00,146.44635
2012-09-25 07:00:00,145.67383
2012-09-25 08:00:00,190.24829
2012-09-25 09:00:00,286.03937
2012-09-25 10:00:00,312.815
2012-09-25 11:00:00,374.60107
2012-09-25 12:00:00,406.4183
2012-09-25 13:00:00,390.37662
2012-09-25 14:00:00,438.9499
2012-09-25 15:00:00,443.04053
2012-09-25 16:00:00,438.87622
2012-09-25 17:00:00,438.5047
2012-09-25 18:00:00,410.77737
2012-09-25 19:00:00,354.91418
2012-09-25 20:00:00,326.73938
2012-09-25 21:00:00,326.73938
2012-09-25 22:00:00,326.96857
2012-09-25 23:00:00,326.27936
2012-09-26 00:00:00,256.04034
2012-09-26 01:00:00,252.5968
2012-09-26 02:00:00,262.2399
2012-09-26 03:00:00,262.2399
2012-09-26 04:00:00,191.36542
2012-09-26 05:00:00,182.16519
2012-09-26 06:00:00,170.84912
2012-09-26 07:00:00,142.46457
2012-09-26 08:00:00,196.37775
2012-09-26 09:00:00,275.20856
2012-09-26 10:00:00,216.93988
2012-09-26 11:00:00,314.21936
2012-09-26 12:00:00,309.57996
2012-09-26 13:00:00,325.96716
2012-09-26 14:00:00,422.24408
2012-09-26 15:00:00,427.121
2012-09-26 16:00:00,437.58405
2012-09-26 17:00:00,427.121
2012-09-26 18:00:00,402.70364
2012-09-26 19:00:00,316.03888
2012-09-26 20:00:00,246.27782
2012-09-26 21:00:00,277.972
2012-09-26 22:00:00,279.06915
2012-09-26 23:00:00,201.68816
2012-09-27 00:00:00,140.49683
2012-09-27 01:00:00,140.49683
2012-09-27 02:00:00,140.49686
2012-09-27 03:00:00,124.5752
2012-09-27 04:00:00,100.65391
2012-09-27 05:00:00,102.73204
2012-09-27 06:00:00,106.73034
2012-09-27 07:00:00,124.575195
2012-09-27 08:00:00,198.58755
2012-09-27 09:00:00,214.51318
2012-09-27 10:00:00,394.8139
2012-09-27 11:00:00,370.50327
2012-09-27 12:00:00,370.58865
2012-09-27 13:00:00,341.1278
2012-09-27 14:00:00,373.01935
2012-09-27 15:00:00,354.28125
2012-09-27 16:00:00,361.32224
2012-09-27 17:00:00,280.78027
2012-09-27 18:00:00,275.04938
2012-09-27 19:00:00,261.15182
2012-09-27 20:00:00,267.94305
2012-09-27 21:00:00,195.71268
2012-09-27 22:00:00,195.71268
2012-09-27 23:00:00,170.12091
2012-09-28 00:00:00,147.8797
2012-09-28 01:00:00,113.61855
2012-09-28 02:00:00,167.59558
2012-09-28 03:00:00,145.71786
2012-09-28 04:00:00,136.10199
2012-09-28 05:00:00,95.402885
2012-09-28 06:00:00,104.45831
2012-09-28 07:00:00,98.44518
2012-09-28 08:00:00,123.259636
2012-09-28 09:00:00,141.36104
2012-09-28 10:00:00,167.73349
2012-09-28 11:00:00,210.66075
2012-09-28 12:00:00,367.15265
2012-09-28 13:00:00,395.35284
2012-09-28 14:00:00,367.15265
2012-09-28 15:00:00,359.18976
2012-09-28 16:00:00,381.80273
2012-09-28 17:00:00,350.3279
2012-09-28 18:00:00,370.92786
2012-09-28 19:00:00,363.25937
2012-09-28 20:00:00,337.28955
2012-09-28 21:00:00,336.83105
2012-09-28 22:00:00,317.82166
2012-09-28 23:00:00,298.8302
2012-09-29 00:00:00,240.56613
2012-09-29 01:00:00,240.56613
2012-09-29 02:00:00,294.2157
2012-09-29 03:00:00,259.53452
2012-09-29 04:00:00,247.21457
2012-09-29 05:00:00,193.00122
2012-09-29 06:00:00,205.4276
2012-09-29 07:00:00,169.44919
2012-09-29 08:00:00,172.39017
2012-09-29 09:00:00,193.00122
2012-09-29 10:00:00,280.55505
2012-09-29 11:00:00,318.01544
2012-09-29 12:00:00,476.51556
2012-09-29 13:00:00,476.51556
2012-09-29 14:00:00,472.27322
2012-09-29 15:00:00,460.1786
2012-09-29 16:00:00,470.27295
2012-09-29 17:00:00,476.03848
2012-09-29 18:00:00,386.16193
2012-09-29 19:00:00,262.37158
2012-09-29 20:00:00,268.57434
2012-09-29 21:00:00,256.148
2012-09-29 22:00:00,174.37204
2012-09-29 23:00:00,205.05676
2012-09-30 00:00:00,186.40681
2012-09-30 01:00:00,186.40681
2012-09-30 02:00:00,144.66513
2012-09-30 03:00:00,130.0856
2012-09-30 04:00:00,130.0856
2012-09-30 05:00:00,91.84438
2012-09-30 06:00:00,110.53988
2012-09-30 07:00:00,79.0083
2012-09-30 08:00:00,137.63101
2012-09-30 09:00:00,182.37292
2012-09-30 10:00:00,387.20908
2012-09-30 11:00:00,450.42474
2012-09-30 12:00:00,476.51556
2012-09-30 13:00:00,470.27295
2012-09-30 14:00:00,470.27295
2012-09-30 15:00:00,488.8763
2012-09-30 16:00:00,482.77112
2012-09-30 17:00:00,490.85693
2012-09-30 18:00:00,233.21028
2012-09-30 19:00:00,154.04861
2012-09-30 20:00:00,154.04861
2012-09-30 21:00:00,122.359085
2012-09-30 22:00:00,97.32041
2012-09-30 23:00:00,114.23312
2012-10-20 00:00:00,96.02672
2012-10-20 01:00:00,121.69891
2012-10-20 02:00:00,100.81276
2012-10-20 03:00:00,105.16961
2012-10-20 04:00:00,91.84438
2012-10-20 05:00:00,62.479034
2012-10-20 06:00:00,92.55057
2012-10-20 07:00:00,62.479034
2012-10-20 08:00:00,136.76706
2012-10-20 09:00:00,214.36096
2012-10-20 10:00:00,276.66147
2012-10-20 11:00:00,304.0437
2012-10-20 12:00:00,361.17807
2012-10-20 13:00:00,408.9187
2012-10-20 14:00:00,400.8191
2012-10-20 15:00:00,368.66156
2012-10-20 16:00:00,415.73856
2012-10-20 17:00:00,453.8236
2012-10-20 18:00:00,436.0639
2012-10-20 19:00:00,356.67456
2012-10-20 20:00:00,425.53723
2012-10-20 21:00:00,297.73712
2012-10-20 22:00:00,251.81848
2012-10-20 23:00:00,162.94049
2012-10-21 00:00:00,238.90524
2012-10-21 01:00:00,199.63307
2012-10-21 02:00:00,155.37662
2012-10-21 03:00:00,120.38897
2012-10-21 04:00:00,112.51321
2012-10-21 05:00:00,120.38897
2012-10-21 06:00:00,125.492775
2012-10-21 07:00:00,125.492775
2012-10-21 08:00:00,106.088295
2012-10-21 09:00:00,238.41429
2012-10-21 10:00:00,305.95035
2012-10-21 11:00:00,349.7567
2012-10-21 12:00:00,435.5149
2012-10-21 13:00:00,463.96307
2012-10-21 14:00:00,455.48834
2012-10-21 15:00:00,453.4997
2012-10-21 16:00:00,453.8236
2012-10-21 17:00:00,433.7461
2012-10-21 18:00:00,434.03302
2012-10-21 19:00:00,398.53754
2012-10-21 20:00:00,354.5771
2012-10-21 21:00:00,230.90439
2012-10-21 22:00:00,196.72667
2012-10-21 23:00:00,204.72748
2012-10-22 00:00:00,154.4392
2012-10-22 01:00:00,116.90485
2012-10-22 02:00:00,115.04376
2012-10-22 03:00:00,154.4392
2012-10-22 04:00:00,127.87986
2012-10-22 05:00:00,120.90316
2012-10-22 06:00:00,114.669975
2012-10-22 07:00:00,152.65585
2012-10-22 08:00:00,131.6032
2012-10-22 09:00:00,188.55457
2012-10-22 10:00:00,228.7352
2012-10-22 11:00:00,382.9026
2012-10-22 12:00:00,343.64667
2012-10-22 13:00:00,367.88324
2012-10-22 14:00:00,359.60535
2012-10-22 15:00:00,370.95355
2012-10-22 16:00:00,387.7713
2012-10-22 17:00:00,377.377
2012-10-22 18:00:00,215.16756
2012-10-22 19:00:00,277.1393
2012-10-22 20:00:00,240.55283
2012-10-22 21:00:00,162.76932
2012-10-22 22:00:00,122.213104
2012-10-22 23:00:00,115.99517
2012-10-23 00:00:00,113.04856
2012-10-23 01:00:00,141.288
2012-10-23 02:00:00,104.97762
2012-10-23 03:00:00,133.2171
2012-10-23 04:00:00,125.13807
2012-10-23 05:00:00,123.89019
2012-10-23 06:00:00,107.36092
2012-10-23 07:00:00,140.13052
2012-10-23 08:00:00,156.68498
2012-10-23 09:00:00,165.49512
2012-10-23 10:00:00,211.14316
2012-10-23 11:00:00,260.43732
2012-10-23 12:00:00,347.70813
2012-10-23 13:00:00,326.9426
2012-10-23 14:00:00,385.54263
2012-10-23 15:00:00,412.04248
2012-10-23 16:00:00,359.3224
2012-10-23 17:00:00,349.05536
2012-10-23 18:00:00,292.00107
2012-10-23 19:00:00,279.41284
2012-10-23 20:00:00,237.3268
2012-10-23 21:00:00,167.58566
2012-10-23 22:00:00,189.33698
2012-10-23 23:00:00,146.51549
2012-10-24 00:00:00,143.40656
2012-10-24 01:00:00,159.6301
2012-10-24 02:00:00,159.6301
2012-10-24 03:00:00,129.41553
2012-10-24 04:00:00,129.41556
2012-10-24 05:00:00,99.206406
2012-10-24 06:00:00,117.856224
2012-10-24 07:00:00,101.17611
2012-10-24 08:00:00,132.11359
2012-10-24 09:00:00,144.40793
2012-10-24 10:00:00,143.18367
2012-10-24 11:00:00,198.70166
2012-10-24 12:00:00,261.65854
2012-10-24 13:00:00,250.7529
2012-10-24 14:00:00,399.78412
2012-10-24 15:00:00,382.28003
2012-10-24 16:00:00,405.22278
2012-10-24 17:00:00,312.17267
2012-10-24 18:00:00,335.9088
2012-10-24 19:00:00,305.64148
2012-10-24 20:00:00,274.734
2012-10-24 21:00:00,279.1436
2012-10-24 22:00:00,274.86023
2012-10-24 23:00:00,218.98276
2012-10-25 00:00:00,266.04114
2012-10-25 01:00:00,175.58643
2012-10-25 02:00:00,114.44216
2012-10-25 03:00:00,125.49535
2012-10-25 04:00:00,119.277435
2012-10-25 05:00:00,131.73415
2012-10-25 06:00:00,137.95207
2012-10-25 07:00:00,137.95207
2012-10-25 08:00:00,144.57028
2012-10-25 09:00:00,150.78822
2012-10-25 10:00:00,140.19255
2012-10-25 11:00:00,133.97461
2012-10-25 12:00:00,148.64284
2012-10-25 13:00:00,126.8384
2012-10-25 14:00:00,182.99773
2012-10-25 15:00:00,257.33844
2012-10-25 16:00:00,223.00748
2012-10-25 17:00:00,223.00748
2012-10-25 18:00:00,122.67539
2012-10-25 19:00:00,139.51797
2012-10-25 20:00:00,125.49535
2012-10-25 21:00:00,125.49535
2012-10-25 22:00:00,130.86569
2012-10-25 23:00:00,140.19255
2012-10-26 00:00:00,127.573494
2012-10-26 01:00:00,116.16848
2012-10-26 02:00:00,119.277435
2012-10-26 03:00:00,131.73415
2012-10-26 04:00:00,131.73415
2012-10-26 05:00:00,119.277435
2012-10-26 06:00:00,116.16848
2012-10-26 07:00:00,119.277435
2012-10-26 08:00:00,127.35644
2012-10-26 09:00:00,127.35644
2012-10-26 10:00:00,121.13851
2012-10-26 11:00:00,163.75987
2012-10-26 12:00:00,198.48065
2012-10-26 13:00:00,228.28687
2012-10-26 14:00:00,274.86023
2012-10-26 15:00:00,279.1436
2012-10-26 16:00:00,192.27783
2012-10-26 17:00:00,181.79402
2012-10-26 18:00:00,154.86078
2012-10-26 19:00:00,146.43134
2012-10-26 20:00:00,146.43134
2012-10-26 21:00:00,156.86075
2012-10-26 22:00:00,138.33148
2012-10-26 23:00:00,131.43895
2012-10-27 00:00:00,84.31659
2012-10-27 01:00:00,97.44791
2012-10-27 02:00:00,109.90461
2012-10-27 03:00:00,90.55535
2012-10-27 04:00:00,103.68668
2012-10-27 05:00:00,125.30794
2012-10-27 06:00:00,125.30794
2012-10-27 07:00:00,107.777275
2012-10-27 08:00:00,137.46942
2012-10-27 09:00:00,137.46942
2012-10-27 10:00:00,157.69922
2012-10-27 11:00:00,227.16202
2012-10-27 12:00:00,346.93137
2012-10-27 13:00:00,460.1786
2012-10-27 14:00:00,431.67358
2012-10-27 15:00:00,274.78406
2012-10-27 16:00:00,245.06677
2012-10-27 17:00:00,245.06677
2012-10-27 18:00:00,245.06677
2012-10-27 19:00:00,161.06221
2012-10-27 20:00:00,161.06221
2012-10-27 21:00:00,161.06221
2012-10-27 22:00:00,170.26245
2012-10-27 23:00:00,186.98784
2012-10-28 00:00:00,199.30771
2012-10-28 01:00:00,165.91481
2012-10-28 02:00:00,179.6708
2012-10-28 03:00:00,211.755
2012-10-28 04:00:00,209.07176
2012-10-28 05:00:00,214.4472
2012-10-28 06:00:00,241.47226
2012-10-28 07:00:00,244.16444
2012-10-28 08:00:00,215.7746
2012-10-28 09:00:00,255.03854
2012-10-28 10:00:00,267.47314
2012-10-28 11:00:00,282.26727
2012-10-28 12:00:00,211.28812
2012-10-28 13:00:00,219.87967
2012-10-28 14:00:00,227.79822
2012-10-28 15:00:00,198.71513
2012-10-28 16:00:00,185.58484
2012-10-28 17:00:00,147.1683
2012-10-28 18:00:00,105.5528
2012-10-28 19:00:00,104.85168
2012-10-28 20:00:00,105.41288
2012-10-28 21:00:00,121.2763
2012-10-28 22:00:00,120.96218
2012-10-28 23:00:00,104.85168
2012-10-29 00:00:00,132.35771
2012-10-30 13:00:00,98.22932
2012-10-30 14:00:00,98.22932
2012-10-30 15:00:00,89.87457
2012-10-30 16:00:00,89.87457
2012-10-30 17:00:00,89.73897
2012-10-30 18:00:00,92.82354
2012-10-30 19:00:00,200.31284
2012-10-30 20:00:00,97.98797
2012-10-30 21:00:00,96.51795
2012-10-30 22:00:00,98.2508
2012-10-30 23:00:00,98.2508
2012-10-31 00:00:00,104.51092
2012-10-31 01:00:00,104.43252
2012-10-31 02:00:00,101.15939
2012-10-31 03:00:00,104.51092
2012-10-31 04:00:00,86.64448
2012-10-31 05:00:00,101.15939
2012-10-31 06:00:00,98.40812
2012-10-31 07:00:00,91.30324
2012-10-31 08:00:00,106.49407
2012-10-31 09:00:00,117.110695
2012-10-31 10:00:00,128.5129
2012-10-31 11:00:00,153.42401
2012-10-31 12:00:00,201.36285
2012-10-31 13:00:00,256.87488
2012-10-31 14:00:00,259.63458
2012-10-31 15:00:00,239.9537
2012-10-31 16:00:00,237.56172
2012-10-31 17:00:00,209.27841
2012-10-31 18:00:00,209.27841
2012-10-31 19:00:00,251.4803
2012-10-31 20:00:00,251.4803
2012-10-31 21:00:00,251.4803
2012-10-31 22:00:00,178.89806
2012-10-31 23:00:00,188.46707
2012-11-20 00:00:00,127.10125
2012-11-20 01:00:00,143.44705
2012-11-20 02:00:00,118.53437
2012-11-20 03:00:00,133.57202
2012-11-20 04:00:00,146.73657
2012-11-20 05:00:00,146.10703
2012-11-20 06:00:00,129.54352
2012-11-20 07:00:00,110.97677
2012-11-20 08:00:00,126.477585
2012-11-20 09:00:00,126.34298
2012-11-20 10:00:00,174.2449
2012-11-20 11:00:00,174.55965
2012-11-20 12:00:00,146.89719
2012-11-20 13:00:00,217.36133
2012-11-20 14:00:00,238.90791
2012-11-20 15:00:00,260.68704
2012-11-20 16:00:00,203.33112
2012-11-20 17:00:00,158.03304
2012-11-20 18:00:00,174.2449
2012-11-20 19:00:00,130.03621
2012-11-20 20:00:00,115.33899
2012-11-20 21:00:00,113.21168
2012-11-20 22:00:00,113.21168
2012-11-20 23:00:00,101.24965
2012-11-21 00:00:00,98.49228
2012-11-21 01:00:00,101.24965
2012-11-21 02:00:00,90.42216
2012-11-21 03:00:00,90.42216
2012-11-21 04:00:00,90.42216
2012-11-21 05:00:00,90.42216
2012-11-21 06:00:00,94.307625
2012-11-21 07:00:00,90.47683
2012-11-21 08:00:00,99.67447
2012-11-21 09:00:00,110.97677
2012-11-21 10:00:00,140.5762
2012-11-21 11:00:00,248.95634
2012-11-21 12:00:00,319.76544
2012-11-21 13:00:00,350.2276
2012-11-21 14:00:00,364.33704
2012-11-21 15:00:00,346.78137
2012-11-21 16:00:00,358.1645
2012-11-21 17:00:00,305.23212
2012-11-21 18:00:00,335.23328
2012-11-21 19:00:00,269.2592
2012-11-21 20:00:00,160.44565
2012-11-21 21:00:00,222.768
2012-11-21 22:00:00,223.06085
2012-11-21 23:00:00,140.78314
2012-11-22 00:00:00,120.886345
2012-11-22 01:00:00,115.42083
2012-11-22 02:00:00,83.59493
2012-11-22 03:00:00,83.674965
2012-11-22 04:00:00,65.97479
2012-11-22 05:00:00,83.674965
2012-11-22 06:00:00,97.88906
2012-11-22 07:00:00,75.50906
2012-11-22 08:00:00,80.28918
2012-11-22 09:00:00,107.29806
2012-11-22 10:00:00,171.8714
2012-11-22 11:00:00,362.17432
2012-11-22 12:00:00,388.5725
2012-11-22 13:00:00,407.9536
2012-11-22 14:00:00,403.5277
2012-11-22 15:00:00,403.5277
2012-11-22 16:00:00,407.91174
2012-11-22 17:00:00,388.5725
2012-11-22 18:00:00,318.2986
2012-11-22 19:00:00,84.61287
2012-11-22 20:00:00,95.587944
2012-11-22 21:00:00,137.09154
2012-11-22 22:00:00,119.428
2012-11-22 23:00:00,94.46195
2012-11-23 00:00:00,121.22862
2012-11-23 01:00:00,99.03701
2012-11-23 02:00:00,103.27122
2012-11-23 03:00:00,106.53143
2012-11-23 04:00:00,95.106316
2012-11-23 05:00:00,97.60143
2012-11-23 06:00:00,97.60143
2012-11-23 07:00:00,97.60143
2012-11-23 08:00:00,84.08342
2012-11-23 09:00:00,104.59934
2012-11-23 10:00:00,156.29736
2012-11-23 11:00:00,248.95634
2012-11-23 12:00:00,334.15503
2012-11-23 13:00:00,342.34995
2012-11-23 14:00:00,374.89258
2012-11-23 15:00:00,341.41132
2012-11-23 16:00:00,344.13727
2012-11-23 17:00:00,344.73547
2012-11-23 18:00:00,291.28973
2012-11-23 19:00:00,288.6189
2012-11-23 20:00:00,333.768
2012-11-23 21:00:00,288.40933
2012-11-23 22:00:00,305.04877
2012-11-23 23:00:00,308.53107
2012-11-24 00:00:00,293.59338
2012-11-24 01:00:00,205.7555
2012-11-24 02:00:00,193.29251
2012-11-24 03:00:00,197.5501
2012-11-24 04:00:00,166.82065
2012-11-24 05:00:00,185.09589
2012-11-24 06:00:00,160.38849
2012-11-24 07:00:00,189.57947
2012-11-24 08:00:00,151.74063
2012-11-24 09:00:00,169.7889
2012-11-24 10:00:00,175.17542
2012-11-24 11:00:00,208.90924
2012-11-24 12:00:00,183.50787
2012-11-24 13:00:00,255.88107
2012-11-24 14:00:00,232.58185
2012-11-24 15:00:00,220.31769
2012-11-24 16:00:00,198.72314
2012-11-24 17:00:00,178.22037
2012-11-24 18:00:00,196.06789
2012-11-24 19:00:00,198.19336
2012-11-24 20:00:00,160.38847
2012-11-24 21:00:00,174.03702
2012-11-24 22:00:00,168.66162
2012-11-24 23:00:00,174.03702
2012-11-25 00:00:00,135.43027
2012-11-25 01:00:00,167.36998
2012-11-25 02:00:00,141.58716
2012-11-25 03:00:00,201.40994
2012-11-25 04:00:00,201.40994
2012-11-25 05:00:00,157.52432
2012-11-25 06:00:00,168.44397
2012-11-25 07:00:00,138.72672
2012-11-25 08:00:00,133.10323
2012-11-25 09:00:00,151.38667
2012-11-25 10:00:00,138.94432
2012-11-25 11:00:00,210.63307
2012-11-25 12:00:00,210.63307
2012-11-25 13:00:00,217.50867
2012-11-25 14:00:00,224.00586
2012-11-25 15:00:00,219.52228
2012-11-25 16:00:00,240.80186
2012-11-25 17:00:00,224.38715
2012-11-25 18:00:00,194.51244
2012-11-25 19:00:00,239.90018
2012-11-25 20:00:00,104.18514
2012-11-25 21:00:00,183.5802
2012-11-25 22:00:00,104.18514
2012-11-25 23:00:00,93.54243
2012-11-26 00:00:00,106.117
2012-11-26 01:00:00,104.63784
2012-11-26 02:00:00,104.63784
2012-11-26 03:00:00,104.63784
2012-11-26 04:00:00,106.117
2012-11-26 05:00:00,98.41749
2012-11-26 06:00:00,106.117
2012-11-26 07:00:00,117.53544
2012-11-26 08:00:00,117.53544
2012-11-26 09:00:00,158.20206
2012-11-26 10:00:00,219.06415
2012-11-26 11:00:00,314.20813
2012-11-26 12:00:00,344.2332
2012-11-26 13:00:00,344.2332
2012-11-26 14:00:00,306.22162
2012-11-26 15:00:00,343.7815
2012-11-26 16:00:00,323.7713
2012-11-26 17:00:00,314.69257
2012-11-26 18:00:00,220.61584
2012-11-26 19:00:00,205.80096
2012-11-26 20:00:00,223.06085
2012-11-26 21:00:00,223.06085
2012-11-26 22:00:00,140.78314
2012-11-26 23:00:00,144.19849
2012-11-27 00:00:00,144.04132
2012-11-27 01:00:00,130.91386
2012-11-27 02:00:00,126.68197
2012-11-27 03:00:00,138.0374
2012-11-27 04:00:00,100.89025
2012-11-27 05:00:00,98.14217
2012-11-27 06:00:00,101.31676
2012-11-27 07:00:00,104.06713
2012-11-27 08:00:00,108.982735
2012-11-27 09:00:00,109.40269
2012-11-27 10:00:00,109.136444
2012-11-27 11:00:00,86.53615
2012-11-27 12:00:00,82.13703
2012-11-27 13:00:00,85.04449
2012-11-27 14:00:00,82.001
2012-11-27 15:00:00,106.26268
2012-11-27 16:00:00,106.26268
2012-11-27 17:00:00,106.72483
2012-11-27 18:00:00,79.21995
2012-11-27 19:00:00,101.11638
2012-11-27 20:00:00,90.53008
2012-11-27 21:00:00,74.05047
2012-11-27 22:00:00,80.5684
2012-11-27 23:00:00,85.22189
2012-11-28 00:00:00,96.53187
2012-11-28 01:00:00,99.88603
2012-11-28 02:00:00,99.88603
2012-11-28 03:00:00,109.255684
2012-11-28 04:00:00,109.101456
2012-11-28 05:00:00,112.2736
2012-11-28 06:00:00,119.872
2012-11-28 07:00:00,150.56155
2012-11-28 08:00:00,114.601456
2012-11-28 09:00:00,162.46124
2012-11-28 10:00:00,203.81891
2012-11-28 11:00:00,227.6078
2012-11-28 12:00:00,222.01273
2012-11-28 13:00:00,250.06729
2012-11-28 14:00:00,264.85727
2012-11-28 15:00:00,290.57138
2012-11-28 16:00:00,300.79565
2012-11-28 17:00:00,313.2635
2012-11-28 18:00:00,278.9437
2012-11-28 19:00:00,285.27405
2012-11-28 20:00:00,288.53192
2012-11-28 21:00:00,248.8848
2012-11-28 22:00:00,200.32968
2012-11-28 23:00:00,179.05798
2012-11-29 00:00:00,140.7428
2012-11-29 01:00:00,114.38538
2012-11-29 02:00:00,117.399185
2012-11-29 04:00:00,86.61646
2012-11-29 05:00:00,104.63784
2012-11-29 06:00:00,106.117
2012-11-29 07:00:00,112.664215
2012-11-29 08:00:00,96.85363
2012-11-29 09:00:00,135.72336
2012-11-29 10:00:00,127.60467
2012-11-29 11:00:00,297.0928
2012-11-29 12:00:00,277.73798
2012-11-29 13:00:00,334.34656
2012-11-29 14:00:00,254.63358
2012-11-29 15:00:00,243.9849
2012-11-29 16:00:00,274.24203
2012-11-29 17:00:00,272.28152
2012-11-29 18:00:00,203.8111
2012-11-29 19:00:00,167.97723
2012-11-29 20:00:00,174.57164
2012-11-29 21:00:00,118.7319
2012-11-29 22:00:00,112.63811
2012-11-29 23:00:00,136.57314
2012-11-30 00:00:00,106.03707
2012-11-30 01:00:00,104.394844
2012-11-30 02:00:00,101.953575
2012-11-30 03:00:00,101.953575
2012-11-30 04:00:00,101.76481
2012-11-30 05:00:00,95.478294
2012-11-30 06:00:00,90.42694
2012-11-30 07:00:00,98.13803
2012-11-30 08:00:00,88.449814
2012-11-30 09:00:00,95.02793
2012-11-30 10:00:00,143.10107
2012-11-30 11:00:00,208.97568
2012-11-30 12:00:00,257.10007
2012-11-30 13:00:00,305.29794
2012-11-30 14:00:00,309.94144
2012-11-30 15:00:00,325.711
2012-11-30 16:00:00,280.39282
2012-11-30 17:00:00,217.18382
2012-11-30 18:00:00,164.97878
2012-11-30 19:00:00,122.354576
2012-11-30 20:00:00,122.354576
2012-11-30 21:00:00,111.71189
2012-11-30 22:00:00,102.48456
2012-11-30 23:00:00,115.67281
2012-12-20 00:00:00,154.38773
2012-12-20 01:00:00,122.354576
2012-12-20 02:00:00,122.354576
2012-12-20 03:00:00,125.039696
2012-12-20 04:00:00,125.039696
2012-12-20 05:00:00,125.11811
2012-12-20 06:00:00,143.10107
2012-12-20 07:00:00,123.35595
2012-12-20 08:00:00,123.35595
2012-12-20 09:00:00,123.35595
2012-12-20 10:00:00,134.72249
2012-12-20 11:00:00,170.79881
2012-12-20 12:00:00,207.25183
2012-12-20 13:00:00,180.44743
2012-12-20 14:00:00,203.8198
2012-12-20 15:00:00,174.9314
2012-12-20 16:00:00,173.23221
2012-12-20 17:00:00,146.73657
2012-12-20 18:00:00,129.73802
2012-12-20 19:00:00,132.56383
2012-12-20 20:00:00,123.085236
2012-12-20 21:00:00,123.085236
2012-12-20 22:00:00,102.631195
2012-12-20 23:00:00,133.79362
2012-12-21 00:00:00,88.01272
2012-12-21 01:00:00,83.7376
2012-12-21 02:00:00,82.43695
2012-12-21 03:00:00,82.43695
2012-12-21 04:00:00,80.16263
2012-12-21 05:00:00,67.89844
2012-12-21 06:00:00,98.82554
2012-12-21 07:00:00,102.56286
2012-12-21 08:00:00,99.51715
2012-12-21 09:00:00,118.65678
2012-12-21 10:00:00,130.49661
2012-12-21 11:00:00,135.52983
2012-12-21 12:00:00,141.89127
2012-12-21 13:00:00,141.23233
2012-12-21 14:00:00,140.90231
2012-12-21 15:00:00,129.89014
2012-12-21 16:00:00,136.81921
2012-12-21 17:00:00,80.391426
2012-12-21 18:00:00,80.237206
2012-12-21 19:00:00,108.393425
2012-12-21 20:00:00,128.14183
2012-12-21 21:00:00,108.28517
2012-12-21 22:00:00,99.98058
2012-12-21 23:00:00,104.8903
2012-12-22 00:00:00,86.39954
2012-12-22 01:00:00,85.70684
2012-12-22 02:00:00,86.091606
2012-12-22 03:00:00,78.21113
2012-12-22 04:00:00,87.39126
2012-12-22 05:00:00,81.564766
2012-12-22 06:00:00,89.06049
2012-12-22 07:00:00,89.06049
2012-12-22 08:00:00,87.9678
2012-12-22 09:00:00,81.411064
2012-12-22 10:00:00,81.10313
2012-12-22 11:00:00,105.99604
2012-12-22 12:00:00,121.13978
2012-12-22 13:00:00,133.89542
2012-12-22 14:00:00,133.67813
2012-12-22 15:00:00,134.30655
2012-12-22 16:00:00,119.23061
2012-12-22 17:00:00,105.36647
2012-12-22 18:00:00,85.7837
2012-12-22 19:00:00,76.49543
2012-12-22 20:00:00,82.47642
2012-12-22 21:00:00,69.23533
2012-12-22 22:00:00,69.23533
2012-12-22 23:00:00,72.27811
2012-12-23 00:00:00,76.73104
2012-12-23 01:00:00,79.77163
2012-12-23 02:00:00,67.36328
2012-12-23 03:00:00,67.532684
2012-12-23 04:00:00,74.69947
2012-12-23 05:00:00,87.06997
2012-12-23 06:00:00,55.37444
2012-12-23 07:00:00,55.37444
2012-12-23 08:00:00,48.472595
2012-12-23 09:00:00,65.999016
2012-12-23 10:00:00,55.277832
2012-12-23 11:00:00,71.65446
2012-12-23 12:00:00,111.983345
2012-12-23 13:00:00,128.83849
2012-12-23 14:00:00,171.5788
2012-12-23 15:00:00,181.66045
2012-12-23 16:00:00,174.78487
2012-12-23 17:00:00,103.25413
2012-12-23 18:00:00,106.21635
2012-12-23 19:00:00,102.99375
2012-12-23 20:00:00,78.86642
2012-12-23 21:00:00,74.97076
2012-12-23 22:00:00,72.82038
2012-12-23 23:00:00,82.322075
2012-12-24 00:00:00,93.27971
2012-12-24 01:00:00,93.2797
2012-12-24 02:00:00,84.48232
2012-12-24 03:00:00,84.48232
2012-12-24 05:00:00,60.596043
2012-12-24 06:00:00,84.48232
2012-12-24 07:00:00,89.48011
2012-12-24 08:00:00,93.2797
2012-12-24 09:00:00,85.72527
2012-12-24 10:00:00,103.88739
2012-12-24 11:00:00,85.85316
2012-12-24 12:00:00,104.68383
2012-12-24 13:00:00,71.80462
2012-12-24 14:00:00,67.86473
2012-12-24 15:00:00,59.167267
2012-12-24 16:00:00,59.167267
2012-12-24 17:00:00,61.41564
2012-12-24 18:00:00,65.77035
2012-12-24 19:00:00,62.695503
2012-12-24 20:00:00,62.687813
2012-12-24 21:00:00,66.4043
2012-12-24 22:00:00,76.41842
2012-12-24 23:00:00,76.091606
2012-12-25 00:00:00,51.736115
2012-12-25 01:00:00,51.072456
2012-12-25 02:00:00,51.072456
2012-12-25 04:00:00,53.83817
2012-12-25 05:00:00,45.81629
2012-12-25 06:00:00,45.81629
2012-12-25 07:00:00,44.54412
2012-12-25 08:00:00,61.41755
2012-12-25 09:00:00,57.87115
2012-12-25 10:00:00,70.41776
2012-12-25 11:00:00,71.40095
2012-12-25 12:00:00,74.37461
2012-12-25 13:00:00,133.13763
2012-12-25 14:00:00,140.04904
2012-12-25 15:00:00,107.761284
2012-12-25 16:00:00,112.45848
2012-12-25 17:00:00,88.06126
2012-12-25 18:00:00,71.08125
2012-12-25 19:00:00,70.945656
2012-12-25 20:00:00,71.21726
2012-12-25 21:00:00,67.91701
2012-12-25 22:00:00,66.126175
2012-12-25 23:00:00,63.35856
2012-12-26 00:00:00,77.48542
2012-12-26 01:00:00,64.90802
2012-12-26 02:00:00,64.90802
2012-12-26 03:00:00,57.58027
2012-12-26 04:00:00,55.726006
2012-12-26 05:00:00,60.69504
2012-12-26 06:00:00,63.710373
2012-12-26 07:00:00,48.821526
2012-12-26 08:00:00,48.821526
2012-12-26 09:00:00,48.821526
2012-12-26 10:00:00,50.09369
2012-12-26 11:00:00,44.168343
2012-12-26 12:00:00,50.69541
2012-12-26 13:00:00,50.69541
2012-12-26 14:00:00,53.582
2012-12-26 15:00:00,53.861458
2012-12-26 16:00:00,53.861458
2012-12-26 17:00:00,51.76707
2012-12-26 18:00:00,58.332783
2012-12-26 19:00:00,68.89901
2012-12-26 20:00:00,66.47555
2012-12-26 21:00:00,62.645866
2012-12-26 22:00:00,43.92918
2012-12-26 23:00:00,56.401527
2012-12-27 00:00:00,56.401527
2012-12-27 01:00:00,43.92918
2012-12-27 02:00:00,46.031258
2012-12-27 03:00:00,59.174934
2012-12-27 04:00:00,52.914112
2012-12-27 05:00:00,69.628944
2012-12-27 06:00:00,54.286987
2012-12-27 07:00:00,65.95706
2012-12-27 08:00:00,62.42469
2012-12-27 09:00:00,68.16044
2012-12-27 10:00:00,79.71754
2012-12-27 11:00:00,85.745605
2012-12-27 12:00:00,104.28389
2012-12-27 13:00:00,104.28389
2012-12-27 14:00:00,77.84593
2012-12-27 15:00:00,77.4994
2012-12-27 16:00:00,91.14086
2012-12-27 17:00:00,91.14086
2012-12-27 18:00:00,71.51422
2012-12-27 19:00:00,66.565216
2012-12-27 20:00:00,82.376915
2012-12-27 21:00:00,71.51422
2012-12-27 22:00:00,67.815094
2012-12-27 23:00:00,71.51422
2012-12-28 00:00:00,82.03689
2012-12-28 01:00:00,77.2037
2012-12-28 02:00:00,71.84103
2012-12-28 03:00:00,82.03689
2012-12-28 04:00:00,89.8901
2012-12-28 05:00:00,91.21731
2012-12-28 06:00:00,62.91447
2012-12-28 07:00:00,75.22647
2012-12-28 08:00:00,84.70022
2012-12-28 09:00:00,67.815094
2012-12-28 10:00:00,83.49092
2012-12-28 11:00:00,99.07914
2012-12-28 12:00:00,119.2754
2012-12-28 13:00:00,119.2754
2012-12-28 14:00:00,119.2754
2012-12-28 15:00:00,134.7565
2012-12-28 16:00:00,114.00686
2012-12-28 17:00:00,85.04022
2012-12-28 18:00:00,85.04022
2012-12-28 19:00:00,72.64594
2012-12-28 20:00:00,85.72527
2012-12-28 21:00:00,76.31785
2012-12-28 22:00:00,82.88765
2012-12-28 23:00:00,87.05248
2012-12-29 00:00:00,70.812294
2012-12-29 01:00:00,58.778606
2012-12-29 02:00:00,70.812294
2012-12-29 03:00:00,66.526436
2012-12-29 04:00:00,58.778606
2012-12-29 05:00:00,58.778606
2012-12-29 06:00:00,62.70103
2012-12-29 07:00:00,60.021492
2012-12-29 08:00:00,62.958496
2012-12-29 09:00:00,62.958504
2012-12-29 10:00:00,54.487793
2012-12-29 11:00:00,50.975925
2012-12-29 12:00:00,52.34474
2012-12-29 13:00:00,52.34474
2012-12-29 14:00:00,53.92572
2012-12-29 15:00:00,58.31345
2012-12-29 16:00:00,60.396812
2012-12-29 17:00:00,57.066887
2012-12-29 18:00:00,57.960274
2012-12-29 19:00:00,65.18987
2012-12-29 20:00:00,76.11863
2012-12-29 21:00:00,74.55919
2012-12-29 22:00:00,65.47918
2012-12-29 23:00:00,79.20057
2012-12-30 00:00:00,68.467224
2012-12-30 01:00:00,69.41303
2012-12-30 02:00:00,72.26769
2012-12-30 03:00:00,69.41303
2012-12-30 04:00:00,75.467636
2012-12-30 05:00:00,83.851204
2012-12-30 06:00:00,68.72062
2012-12-30 07:00:00,61.352886
2012-12-30 08:00:00,65.96599
2012-12-30 09:00:00,69.145485
2012-12-30 10:00:00,92.021324
2012-12-30 11:00:00,94.68229
2012-12-30 12:00:00,110.65183
2012-12-30 13:00:00,121.13978
2012-12-30 14:00:00,128.25764
2012-12-30 15:00:00,115.88091
2012-12-30 16:00:00,111.41326
2012-12-30 17:00:00,94.56324
2012-12-30 18:00:00,86.58552
2012-12-30 19:00:00,82.4876
2012-12-30 20:00:00,73.47733
2012-12-30 21:00:00,67.36328
2012-12-30 22:00:00,56.425392
2012-12-30 23:00:00,64.18908
2012-12-31 00:00:00,69.93641
2012-12-31 01:00:00,69.93641
2012-12-31 02:00:00,65.38289
2012-12-31 03:00:00,73.29589
2012-12-31 04:00:00,61.598713
2012-12-31 05:00:00,57.88618
2012-12-31 06:00:00,61.488476
2012-12-31 07:00:00,66.34501
2012-12-31 08:00:00,58.187164
2012-12-31 09:00:00,75.12612
2012-12-31 10:00:00,69.44927
2012-12-31 11:00:00,75.58291
2012-12-31 12:00:00,80.19555
2012-12-31 13:00:00,117.18023
2012-12-31 14:00:00,119.76061
2012-12-31 15:00:00,126.188515
2012-12-31 16:00:00,102.34352
2012-12-31 17:00:00,113.67914
2012-12-31 18:00:00,108.14542
2012-12-31 19:00:00,85.85316
2012-12-31 20:00:00,85.85316
2012-12-31 21:00:00,86.19317
2012-12-31 22:00:00,94.70717
2012-12-31 23:00:00,87.21047
