datetime,count
2011-01-20 00:00:00,34.69147
2011-01-20 01:00:00,34.69147
2011-01-20 02:00:00,34.69147
2011-01-20 03:00:00,34.69147
2011-01-20 04:00:00,34.69147
2011-01-20 05:00:00,34.69147
2011-01-20 06:00:00,34.69147
2011-01-20 07:00:00,34.69147
2011-01-20 08:00:00,34.69147
2011-01-20 09:00:00,34.69147
2011-01-20 10:00:00,34.69147
2011-01-20 11:00:00,34.69147
2011-01-20 12:00:00,48.519962
2011-01-20 13:00:00,34.69147
2011-01-20 14:00:00,34.69147
2011-01-20 15:00:00,34.69147
2011-01-20 16:00:00,34.69147
2011-01-20 17:00:00,34.69147
2011-01-20 18:00:00,34.69147
2011-01-20 19:00:00,34.69147
2011-01-20 20:00:00,34.69147
2011-01-20 21:00:00,34.69147
2011-01-20 22:00:00,34.69147
2011-01-20 23:00:00,34.69147
2011-01-21 00:00:00,34.69147
2011-01-21 01:00:00,34.69147
2011-01-21 02:00:00,34.69147
2011-01-21 03:00:00,34.69147
2011-01-21 04:00:00,34.69147
2011-01-21 05:00:00,34.69147
2011-01-21 06:00:00,34.69147
2011-01-21 07:00:00,34.69147
2011-01-21 08:00:00,34.69147
2011-01-21 09:00:00,34.69147
2011-01-21 10:00:00,34.69147
2011-01-21 11:00:00,34.69147
2011-01-21 12:00:00,178.82857
2011-01-21 13:00:00,400.9267
2011-01-21 14:00:00,116.85607
2011-01-21 15:00:00,34.69147
2011-01-21 16:00:00,34.69147
2011-01-21 17:00:00,34.69147
2011-01-21 18:00:00,34.69147
2011-01-21 19:00:00,34.69147
2011-01-21 20:00:00,34.69147
2011-01-21 21:00:00,34.69147
2011-01-21 22:00:00,34.69147
2011-01-21 23:00:00,34.69147
2011-01-22 00:00:00,34.69147
2011-01-22 01:00:00,34.69147
2011-01-22 02:00:00,34.69147
2011-01-22 03:00:00,34.69147
2011-01-22 04:00:00,34.69147
2011-01-22 06:00:00,34.69147
2011-01-22 07:00:00,34.69147
2011-01-22 08:00:00,34.69147
2011-01-22 09:00:00,34.69147
2011-01-22 10:00:00,34.69147
2011-01-22 11:00:00,34.69147
2011-01-22 12:00:00,34.69147
2011-01-22 13:00:00,34.69147
2011-01-22 14:00:00,34.69147
2011-01-22 15:00:00,34.69147
2011-01-22 16:00:00,34.69147
2011-01-22 17:00:00,34.69147
2011-01-22 18:00:00,34.69147
2011-01-22 19:00:00,34.69147
2011-01-22 20:00:00,34.69147
2011-01-22 21:00:00,34.69147
2011-01-22 22:00:00,34.69147
2011-01-22 23:00:00,34.69147
2011-01-23 00:00:00,34.69147
2011-01-23 01:00:00,34.69147
2011-01-23 02:00:00,34.69147
2011-01-23 03:00:00,34.69147
2011-01-23 05:00:00,34.69147
2011-01-23 06:00:00,34.69147
2011-01-23 07:00:00,34.69147
2011-01-23 08:00:00,34.69147
2011-01-23 09:00:00,34.69147
2011-01-23 10:00:00,34.69147
2011-01-23 11:00:00,34.69147
2011-01-23 12:00:00,34.69147
2011-01-23 13:00:00,34.69147
2011-01-23 14:00:00,34.69147
2011-01-23 15:00:00,34.69147
2011-01-23 16:00:00,34.69147
2011-01-23 17:00:00,34.69147
2011-01-23 18:00:00,34.69147
2011-01-23 19:00:00,34.69147
2011-01-23 20:00:00,34.69147
2011-01-23 21:00:00,34.69147
2011-01-23 22:00:00,34.69147
2011-01-23 23:00:00,34.69147
2011-01-24 00:00:00,34.69147
2011-01-24 01:00:00,34.69147
2011-01-24 03:00:00,34.69147
2011-01-24 04:00:00,34.69147
2011-01-24 05:00:00,34.69147
2011-01-24 06:00:00,34.69147
2011-01-24 07:00:00,34.69147
2011-01-24 08:00:00,34.69147
2011-01-24 09:00:00,34.69147
2011-01-24 10:00:00,34.69147
2011-01-24 11:00:00,34.69147
2011-01-24 12:00:00,34.69147
2011-01-24 13:00:00,34.69147
2011-01-24 14:00:00,34.69147
2011-01-24 15:00:00,34.69147
2011-01-24 16:00:00,34.69147
2011-01-24 17:00:00,34.69147
2011-01-24 18:00:00,34.69147
2011-01-24 19:00:00,34.69147
2011-01-24 20:00:00,34.69147
2011-01-24 21:00:00,34.69147
2011-01-24 22:00:00,34.69147
2011-01-24 23:00:00,34.69147
2011-01-25 00:00:00,34.69147
2011-01-25 01:00:00,34.69147
2011-01-25 02:00:00,34.69147
2011-01-25 04:00:00,34.69147
2011-01-25 05:00:00,34.69147
2011-01-25 06:00:00,34.69147
2011-01-25 07:00:00,34.69147
2011-01-25 08:00:00,34.69147
2011-01-25 09:00:00,34.69147
2011-01-25 10:00:00,34.69147
2011-01-25 11:00:00,34.69147
2011-01-25 12:00:00,34.69147
2011-01-25 13:00:00,34.69147
2011-01-25 14:00:00,34.69147
2011-01-25 15:00:00,131.45584
2011-01-25 16:00:00,131.45584
2011-01-25 17:00:00,34.69147
2011-01-25 18:00:00,34.69147
2011-01-25 19:00:00,34.69147
2011-01-25 20:00:00,34.69147
2011-01-25 21:00:00,34.69147
2011-01-25 22:00:00,34.69147
2011-01-25 23:00:00,34.69147
2011-01-26 00:00:00,34.69147
2011-01-26 01:00:00,34.69147
2011-01-26 02:00:00,34.69147
2011-01-26 05:00:00,34.69147
2011-01-26 06:00:00,34.69147
2011-01-26 07:00:00,34.69147
2011-01-26 08:00:00,34.69147
2011-01-26 09:00:00,34.69147
2011-01-26 10:00:00,34.69147
2011-01-26 11:00:00,34.69147
2011-01-26 12:00:00,34.69147
2011-01-26 13:00:00,34.69147
2011-01-26 14:00:00,34.69147
2011-01-26 15:00:00,34.69147
2011-01-26 16:00:00,34.69147
2011-01-26 17:00:00,34.69147
2011-01-27 16:00:00,34.69147
2011-01-27 17:00:00,34.69147
2011-01-27 18:00:00,34.69147
2011-01-27 19:00:00,34.69147
2011-01-27 20:00:00,34.69147
2011-01-27 21:00:00,34.69147
2011-01-27 22:00:00,34.69147
2011-01-27 23:00:00,34.69147
2011-01-28 00:00:00,34.69147
2011-01-28 01:00:00,34.69147
2011-01-28 02:00:00,34.69147
2011-01-28 03:00:00,34.69147
2011-01-28 05:00:00,34.69147
2011-01-28 06:00:00,34.69147
2011-01-28 07:00:00,34.69147
2011-01-28 08:00:00,34.69147
2011-01-28 09:00:00,34.69147
2011-01-28 10:00:00,34.69147
2011-01-28 11:00:00,34.69147
2011-01-28 12:00:00,34.69147
2011-01-28 13:00:00,34.69147
2011-01-28 14:00:00,34.69147
2011-01-28 15:00:00,34.69147
2011-01-28 16:00:00,34.69147
2011-01-28 17:00:00,34.69147
2011-01-28 18:00:00,34.69147
2011-01-28 19:00:00,34.69147
2011-01-28 20:00:00,34.69147
2011-01-28 21:00:00,34.69147
2011-01-28 22:00:00,34.69147
2011-01-28 23:00:00,34.69147
2011-01-29 00:00:00,34.69147
2011-01-29 01:00:00,34.69147
2011-01-29 02:00:00,34.69147
2011-01-29 03:00:00,34.69147
2011-01-29 04:00:00,34.69147
2011-01-29 06:00:00,34.69147
2011-01-29 07:00:00,34.69147
2011-01-29 08:00:00,34.69147
2011-01-29 09:00:00,34.69147
2011-01-29 10:00:00,34.69147
2011-01-29 11:00:00,34.69147
2011-01-29 12:00:00,34.69147
2011-01-29 13:00:00,34.69147
2011-01-29 14:00:00,34.69147
2011-01-29 15:00:00,34.69147
2011-01-29 16:00:00,34.69147
2011-01-29 17:00:00,34.69147
2011-01-29 18:00:00,34.69147
2011-01-29 19:00:00,34.69147
2011-01-29 20:00:00,34.69147
2011-01-29 21:00:00,34.69147
2011-01-29 22:00:00,34.69147
2011-01-29 23:00:00,34.69147
2011-01-30 00:00:00,34.69147
2011-01-30 01:00:00,34.69147
2011-01-30 02:00:00,34.69147
2011-01-30 03:00:00,34.69147
2011-01-30 04:00:00,34.69147
2011-01-30 05:00:00,34.69147
2011-01-30 07:00:00,34.69147
2011-01-30 08:00:00,34.69147
2011-01-30 09:00:00,34.69147
2011-01-30 10:00:00,34.69147
2011-01-30 11:00:00,34.69147
2011-01-30 12:00:00,34.69147
2011-01-30 13:00:00,34.69147
2011-01-30 14:00:00,34.69147
2011-01-30 15:00:00,34.69147
2011-01-30 16:00:00,34.69147
2011-01-30 17:00:00,34.69147
2011-01-30 18:00:00,34.69147
2011-01-30 19:00:00,34.69147
2011-01-30 20:00:00,34.69147
2011-01-30 21:00:00,34.69147
2011-01-30 22:00:00,34.69147
2011-01-30 23:00:00,34.69147
2011-01-31 00:00:00,34.69147
2011-01-31 01:00:00,34.69147
2011-01-31 02:00:00,34.69147
2011-01-31 03:00:00,34.69147
2011-01-31 04:00:00,34.69147
2011-01-31 05:00:00,34.69147
2011-01-31 06:00:00,34.69147
2011-01-31 07:00:00,34.69147
2011-01-31 08:00:00,34.69147
2011-01-31 09:00:00,34.69147
2011-01-31 10:00:00,34.69147
2011-01-31 11:00:00,34.69147
2011-01-31 12:00:00,34.69147
2011-01-31 13:00:00,34.69147
2011-01-31 14:00:00,34.69147
2011-01-31 15:00:00,34.69147
2011-01-31 16:00:00,34.69147
2011-01-31 17:00:00,34.69147
2011-01-31 18:00:00,34.69147
2011-01-31 19:00:00,34.69147
2011-01-31 20:00:00,34.69147
2011-01-31 21:00:00,34.69147
2011-01-31 22:00:00,34.69147
2011-01-31 23:00:00,34.69147
2011-02-20 00:00:00,34.69147
2011-02-20 01:00:00,34.69147
2011-02-20 02:00:00,34.69147
2011-02-20 03:00:00,34.69147
2011-02-20 04:00:00,34.69147
2011-02-20 06:00:00,34.69147
2011-02-20 07:00:00,34.69147
2011-02-20 08:00:00,34.69147
2011-02-20 09:00:00,34.69147
2011-02-20 10:00:00,34.69147
2011-02-20 11:00:00,245.68439
2011-02-20 12:00:00,319.50577
2011-02-20 13:00:00,644.7867
2011-02-20 14:00:00,751.3477
2011-02-20 15:00:00,842.71265
2011-02-20 16:00:00,757.9289
2011-02-20 17:00:00,470.84174
2011-02-20 18:00:00,305.92075
2011-02-20 19:00:00,305.92075
2011-02-20 20:00:00,228.70605
2011-02-20 21:00:00,34.69147
2011-02-20 22:00:00,34.69147
2011-02-20 23:00:00,34.69147
2011-02-21 00:00:00,34.69147
2011-02-21 01:00:00,34.69147
2011-02-21 02:00:00,34.69147
2011-02-21 03:00:00,34.69147
2011-02-21 04:00:00,34.69147
2011-02-21 05:00:00,480.6274
2011-02-21 06:00:00,1294.9218
2011-02-21 07:00:00,1284.7734
2011-02-21 08:00:00,34.69147
2011-02-21 09:00:00,34.69147
2011-02-21 10:00:00,34.69147
2011-02-21 11:00:00,34.69147
2011-02-21 12:00:00,34.69147
2011-02-21 13:00:00,34.69147
2011-02-21 14:00:00,34.69147
2011-02-21 15:00:00,34.69147
2011-02-21 16:00:00,34.69147
2011-02-21 17:00:00,34.69147
2011-02-21 18:00:00,34.69147
2011-02-21 19:00:00,34.69147
2011-02-21 20:00:00,34.69147
2011-02-21 21:00:00,34.69147
2011-02-21 22:00:00,34.69147
2011-02-21 23:00:00,34.69147
2011-02-22 06:00:00,34.69147
2011-02-22 07:00:00,34.69147
2011-02-22 08:00:00,34.69147
2011-02-22 09:00:00,34.69147
2011-02-22 10:00:00,34.69147
2011-02-22 11:00:00,34.69147
2011-02-22 12:00:00,34.69147
2011-02-22 13:00:00,34.69147
2011-02-22 14:00:00,34.69147
2011-02-22 15:00:00,34.69147
2011-02-22 16:00:00,34.69147
2011-02-22 17:00:00,34.69147
2011-02-22 18:00:00,34.69147
2011-02-22 19:00:00,34.69147
2011-02-22 20:00:00,34.69147
2011-02-22 21:00:00,34.69147
2011-02-22 22:00:00,34.69147
2011-02-22 23:00:00,34.69147
2011-02-23 00:00:00,34.69147
2011-02-23 01:00:00,34.69147
2011-02-23 02:00:00,34.69147
2011-02-23 03:00:00,34.69147
2011-02-23 05:00:00,34.69147
2011-02-23 06:00:00,34.69147
2011-02-23 07:00:00,34.69147
2011-02-23 08:00:00,34.69147
2011-02-23 09:00:00,34.69147
2011-02-23 10:00:00,34.69147
2011-02-23 11:00:00,34.69147
2011-02-23 12:00:00,81.53735
2011-02-23 13:00:00,527.6976
2011-02-23 14:00:00,566.7901
2011-02-23 15:00:00,830.2461
2011-02-23 16:00:00,927.6504
2011-02-23 17:00:00,830.2461
2011-02-23 18:00:00,699.9648
2011-02-23 19:00:00,413.1428
2011-02-23 20:00:00,34.69147
2011-02-23 21:00:00,34.69147
2011-02-23 22:00:00,34.69147
2011-02-23 23:00:00,34.69147
2011-02-24 00:00:00,34.69147
2011-02-24 01:00:00,34.69147
2011-02-24 02:00:00,34.69147
2011-02-24 03:00:00,34.69147
2011-02-24 05:00:00,34.69147
2011-02-24 06:00:00,34.69147
2011-02-24 07:00:00,34.69147
2011-02-24 08:00:00,34.69147
2011-02-24 09:00:00,34.69147
2011-02-24 10:00:00,34.69147
2011-02-24 11:00:00,34.69147
2011-02-24 12:00:00,34.69147
2011-02-24 13:00:00,34.69147
2011-02-24 14:00:00,119.44111
2011-02-24 15:00:00,44.637093
2011-02-24 16:00:00,34.69147
2011-02-24 17:00:00,34.69147
2011-02-24 18:00:00,34.69147
2011-02-24 19:00:00,34.69147
2011-02-24 20:00:00,34.69147
2011-02-24 21:00:00,34.69147
2011-02-24 22:00:00,34.69147
2011-02-24 23:00:00,34.69147
2011-02-25 00:00:00,34.69147
2011-02-25 01:00:00,34.69147
2011-02-25 02:00:00,34.69147
2011-02-25 03:00:00,34.69147
2011-02-25 05:00:00,34.69147
2011-02-25 06:00:00,34.69147
2011-02-25 07:00:00,34.69147
2011-02-25 08:00:00,34.69147
2011-02-25 09:00:00,34.69147
2011-02-25 10:00:00,34.69147
2011-02-25 11:00:00,34.69147
2011-02-25 12:00:00,227.70227
2011-02-25 13:00:00,227.70227
2011-02-25 14:00:00,378.72742
2011-02-25 15:00:00,767.4813
2011-02-25 16:00:00,34.69147
2011-02-25 17:00:00,34.69147
2011-02-25 18:00:00,34.69147
2011-02-25 19:00:00,34.69147
2011-02-25 20:00:00,34.69147
2011-02-25 21:00:00,34.69147
2011-02-25 22:00:00,34.69147
2011-02-25 23:00:00,34.69147
2011-02-26 00:00:00,34.69147
2011-02-26 01:00:00,34.69147
2011-02-26 02:00:00,34.69147
2011-02-26 03:00:00,34.69147
2011-02-26 04:00:00,34.69147
2011-02-26 05:00:00,34.69147
2011-02-26 06:00:00,34.69147
2011-02-26 07:00:00,34.69147
2011-02-26 08:00:00,34.69147
2011-02-26 09:00:00,34.69147
2011-02-26 10:00:00,34.69147
2011-02-26 11:00:00,34.69147
2011-02-26 12:00:00,34.69147
2011-02-26 13:00:00,69.008446
2011-02-26 14:00:00,174.80992
2011-02-26 15:00:00,158.63972
2011-02-26 16:00:00,34.69147
2011-02-26 17:00:00,118.61858
2011-02-26 18:00:00,34.69147
2011-02-26 19:00:00,34.69147
2011-02-26 20:00:00,34.69147
2011-02-26 21:00:00,34.69147
2011-02-26 22:00:00,34.69147
2011-02-26 23:00:00,34.69147
2011-02-27 00:00:00,34.69147
2011-02-27 01:00:00,34.69147
2011-02-27 02:00:00,34.69147
2011-02-27 03:00:00,34.69147
2011-02-27 04:00:00,34.69147
2011-02-27 06:00:00,34.69147
2011-02-27 07:00:00,34.69147
2011-02-27 08:00:00,34.69147
2011-02-27 09:00:00,34.69147
2011-02-27 10:00:00,34.69147
2011-02-27 11:00:00,34.69147
2011-02-27 12:00:00,34.69147
2011-02-27 13:00:00,355.54254
2011-02-27 14:00:00,407.3564
2011-02-27 15:00:00,604.01776
2011-02-27 16:00:00,679.8687
2011-02-27 17:00:00,72.15748
2011-02-27 18:00:00,34.69147
2011-02-27 19:00:00,34.69147
2011-02-27 20:00:00,34.69147
2011-02-27 21:00:00,34.69147
2011-02-27 22:00:00,34.69147
2011-02-27 23:00:00,34.69147
2011-02-28 00:00:00,34.69147
2011-02-28 01:00:00,34.69147
2011-02-28 03:00:00,34.69147
2011-02-28 05:00:00,34.69147
2011-02-28 06:00:00,34.69147
2011-02-28 07:00:00,34.69147
2011-02-28 08:00:00,34.69147
2011-02-28 09:00:00,34.69147
2011-02-28 10:00:00,34.69147
2011-02-28 11:00:00,165.12552
2011-02-28 12:00:00,165.12553
2011-02-28 13:00:00,34.69147
2011-02-28 14:00:00,34.69147
2011-02-28 15:00:00,34.69147
2011-02-28 16:00:00,34.69147
2011-02-28 17:00:00,34.69147
2011-02-28 18:00:00,34.69147
2011-02-28 19:00:00,34.69147
2011-02-28 20:00:00,34.69147
2011-02-28 21:00:00,34.69147
2011-02-28 22:00:00,34.69147
2011-02-28 23:00:00,34.69147
2011-03-20 00:00:00,34.69147
2011-03-20 01:00:00,34.69147
2011-03-20 02:00:00,34.69147
2011-03-20 03:00:00,34.69147
2011-03-20 04:00:00,34.69147
2011-03-20 05:00:00,34.69147
2011-03-20 06:00:00,34.69147
2011-03-20 07:00:00,34.69147
2011-03-20 08:00:00,34.69147
2011-03-20 09:00:00,34.69147
2011-03-20 10:00:00,34.69147
2011-03-20 11:00:00,240.52776
2011-03-20 12:00:00,285.6195
2011-03-20 13:00:00,731.2635
2011-03-20 14:00:00,988.72046
2011-03-20 15:00:00,867.8609
2011-03-20 16:00:00,991.4201
2011-03-20 17:00:00,662.5749
2011-03-20 18:00:00,341.60858
2011-03-20 19:00:00,93.8837
2011-03-20 20:00:00,34.69147
2011-03-20 21:00:00,34.69147
2011-03-20 22:00:00,34.69147
2011-03-20 23:00:00,34.69147
2011-03-21 00:00:00,34.69147
2011-03-21 01:00:00,34.69147
2011-03-21 02:00:00,34.69147
2011-03-21 03:00:00,34.69147
2011-03-21 05:00:00,34.69147
2011-03-21 06:00:00,34.69147
2011-03-21 07:00:00,34.69147
2011-03-21 08:00:00,34.69147
2011-03-21 09:00:00,34.69147
2011-03-21 10:00:00,34.69147
2011-03-21 11:00:00,34.69147
2011-03-21 12:00:00,34.69147
2011-03-21 13:00:00,50.995785
2011-03-21 14:00:00,116.27352
2011-03-21 15:00:00,298.28336
2011-03-21 16:00:00,123.37087
2011-03-21 17:00:00,119.816216
2011-03-21 18:00:00,34.69147
2011-03-21 19:00:00,315.68292
2011-03-21 20:00:00,155.49812
2011-03-21 21:00:00,34.69147
2011-03-21 22:00:00,34.69147
2011-03-21 23:00:00,34.69147
2011-03-22 00:00:00,34.69147
2011-03-22 01:00:00,34.69147
2011-03-22 02:00:00,34.69147
2011-03-22 03:00:00,34.69147
2011-03-22 04:00:00,34.69147
2011-03-22 05:00:00,34.69147
2011-03-22 06:00:00,34.69147
2011-03-22 07:00:00,34.69147
2011-03-22 08:00:00,34.69147
2011-03-22 09:00:00,34.69147
2011-03-22 10:00:00,123.308105
2011-03-22 11:00:00,190.85988
2011-03-22 12:00:00,386.51617
2011-03-22 13:00:00,658.6714
2011-03-22 14:00:00,743.77185
2011-03-22 15:00:00,785.8469
2011-03-22 16:00:00,833.9211
2011-03-22 17:00:00,833.9211
2011-03-22 18:00:00,667.6532
2011-03-22 19:00:00,117.98213
2011-03-22 20:00:00,130.40547
2011-03-22 21:00:00,78.168465
2011-03-22 22:00:00,34.69147
2011-03-22 23:00:00,34.69147
2011-03-23 00:00:00,34.69147
2011-03-23 01:00:00,34.69147
2011-03-23 02:00:00,34.69147
2011-03-23 03:00:00,34.69147
2011-03-23 05:00:00,34.69147
2011-03-23 06:00:00,34.69147
2011-03-23 07:00:00,34.69147
2011-03-23 08:00:00,34.69147
2011-03-23 09:00:00,34.69147
2011-03-23 10:00:00,34.69147
2011-03-23 11:00:00,34.69147
2011-03-23 12:00:00,34.69147
2011-03-23 13:00:00,34.69147
2011-03-23 14:00:00,34.69147
2011-03-23 15:00:00,34.69147
2011-03-23 16:00:00,34.69147
2011-03-23 17:00:00,34.69147
2011-03-23 18:00:00,34.69147
2011-03-23 19:00:00,34.69147
2011-03-23 20:00:00,34.69147
2011-03-23 21:00:00,34.69147
2011-03-23 22:00:00,34.69147
2011-03-23 23:00:00,34.69147
2011-03-24 00:00:00,34.69147
2011-03-24 01:00:00,34.69147
2011-03-24 02:00:00,34.69147
2011-03-24 03:00:00,34.69147
2011-03-24 04:00:00,34.69147
2011-03-24 05:00:00,34.69147
2011-03-24 06:00:00,34.69147
2011-03-24 07:00:00,34.69147
2011-03-24 08:00:00,34.69147
2011-03-24 09:00:00,34.69147
2011-03-24 10:00:00,34.69147
2011-03-24 11:00:00,34.69147
2011-03-24 12:00:00,34.69147
2011-03-24 13:00:00,34.69147
2011-03-24 14:00:00,34.69147
2011-03-24 15:00:00,34.69147
2011-03-24 16:00:00,34.69147
2011-03-24 17:00:00,34.69147
2011-03-24 18:00:00,34.69147
2011-03-24 19:00:00,34.69147
2011-03-24 20:00:00,34.69147
2011-03-24 21:00:00,34.69147
2011-03-24 22:00:00,34.69147
2011-03-24 23:00:00,34.69147
2011-03-25 00:00:00,34.69147
2011-03-25 01:00:00,34.69147
2011-03-25 02:00:00,34.69147
2011-03-25 03:00:00,34.69147
2011-03-25 04:00:00,34.69147
2011-03-25 05:00:00,34.69147
2011-03-25 06:00:00,34.69147
2011-03-25 07:00:00,34.69147
2011-03-25 08:00:00,34.69147
2011-03-25 09:00:00,34.69147
2011-03-25 10:00:00,34.69147
2011-03-25 11:00:00,34.69147
2011-03-25 12:00:00,34.69147
2011-03-25 13:00:00,109.35174
2011-03-25 14:00:00,376.10162
2011-03-25 15:00:00,192.74107
2011-03-25 16:00:00,209.15257
2011-03-25 17:00:00,130.17339
2011-03-25 18:00:00,41.4581
2011-03-25 19:00:00,109.76867
2011-03-25 20:00:00,59.2656
2011-03-25 21:00:00,62.820225
2011-03-25 22:00:00,34.69147
2011-03-25 23:00:00,34.69147
2011-03-26 00:00:00,34.69147
2011-03-26 01:00:00,34.69147
2011-03-26 02:00:00,34.69147
2011-03-26 03:00:00,34.69147
2011-03-26 04:00:00,34.69147
2011-03-26 05:00:00,34.69147
2011-03-26 06:00:00,34.69147
2011-03-26 07:00:00,34.69147
2011-03-26 08:00:00,34.69147
2011-03-26 09:00:00,34.69147
2011-03-26 10:00:00,34.69147
2011-03-26 11:00:00,34.69147
2011-03-26 12:00:00,106.93301
2011-03-26 13:00:00,219.6116
2011-03-26 14:00:00,460.82364
2011-03-26 15:00:00,534.19086
2011-03-26 16:00:00,825.7235
2011-03-26 17:00:00,586.8645
2011-03-26 18:00:00,840.28754
2011-03-26 19:00:00,34.69147
2011-03-26 20:00:00,34.69147
2011-03-26 21:00:00,34.69147
2011-03-26 22:00:00,34.69147
2011-03-26 23:00:00,34.69147
2011-03-27 00:00:00,34.69147
2011-03-27 01:00:00,34.69147
2011-03-27 02:00:00,34.69147
2011-03-27 03:00:00,34.69147
2011-03-27 04:00:00,34.69147
2011-03-27 06:00:00,34.69147
2011-03-27 07:00:00,34.69147
2011-03-27 08:00:00,34.69147
2011-03-27 09:00:00,34.69147
2011-03-27 10:00:00,34.69147
2011-03-27 11:00:00,34.69147
2011-03-27 12:00:00,34.69147
2011-03-27 13:00:00,46.11108
2011-03-27 14:00:00,178.38133
2011-03-27 15:00:00,160.74377
2011-03-27 16:00:00,400.3423
2011-03-27 17:00:00,287.46265
2011-03-27 18:00:00,171.30956
2011-03-27 19:00:00,217.78189
2011-03-27 20:00:00,60.022057
2011-03-27 21:00:00,34.69147
2011-03-27 22:00:00,34.69147
2011-03-27 23:00:00,34.69147
2011-03-28 00:00:00,34.69147
2011-03-28 01:00:00,34.69147
2011-03-28 02:00:00,34.69147
2011-03-28 03:00:00,34.69147
2011-03-28 05:00:00,34.69147
2011-03-28 06:00:00,34.69147
2011-03-28 07:00:00,34.69147
2011-03-28 08:00:00,34.69147
2011-03-28 09:00:00,34.69147
2011-03-28 10:00:00,65.972176
2011-03-28 11:00:00,120.16241
2011-03-28 12:00:00,433.30627
2011-03-28 13:00:00,499.5935
2011-03-28 14:00:00,737.3692
2011-03-28 15:00:00,624.3983
2011-03-28 16:00:00,783.3784
2011-03-28 17:00:00,773.8426
2011-03-28 18:00:00,854.3282
2011-03-28 19:00:00,669.83093
2011-03-28 20:00:00,831.04755
2011-03-28 21:00:00,872.717
2011-03-28 22:00:00,614.9382
2011-03-28 23:00:00,339.49454
2011-03-29 00:00:00,136.40384
2011-03-29 01:00:00,34.69147
2011-03-29 02:00:00,34.69147
2011-03-29 03:00:00,34.69147
2011-03-29 04:00:00,34.69147
2011-03-29 05:00:00,34.69147
2011-03-29 06:00:00,34.69147
2011-03-29 07:00:00,34.69147
2011-03-29 08:00:00,34.69147
2011-03-29 09:00:00,218.49236
2011-03-29 10:00:00,452.1393
2011-03-29 11:00:00,684.5119
2011-03-29 12:00:00,705.99005
2011-03-29 13:00:00,620.5797
2011-03-29 14:00:00,772.47406
2011-03-29 15:00:00,1054.1427
2011-03-29 16:00:00,1243.9299
2011-03-29 17:00:00,1500.0234
2011-03-29 18:00:00,1087.5286
2011-03-29 19:00:00,822.5955
2011-03-29 20:00:00,1087.5286
2011-03-29 21:00:00,174.50389
2011-03-29 22:00:00,34.69147
2011-03-29 23:00:00,34.69147
2011-03-30 00:00:00,34.69147
2011-03-30 01:00:00,214.1958
2011-03-30 02:00:00,34.69147
2011-03-30 03:00:00,34.69147
2011-03-30 04:00:00,34.69147
2011-03-30 05:00:00,34.69147
2011-03-30 06:00:00,34.69147
2011-03-30 07:00:00,34.69147
2011-03-30 08:00:00,34.69147
2011-03-30 09:00:00,34.69147
2011-03-30 10:00:00,34.69147
2011-03-30 11:00:00,34.69147
2011-03-30 12:00:00,34.69147
2011-03-30 13:00:00,49.600975
2011-03-30 14:00:00,34.69147
2011-03-30 15:00:00,34.69147
2011-03-30 16:00:00,34.69147
2011-03-30 17:00:00,34.69147
2011-03-30 18:00:00,34.69147
2011-03-30 19:00:00,34.69147
2011-03-30 20:00:00,34.69147
2011-03-30 21:00:00,34.69147
2011-03-30 22:00:00,34.69147
2011-03-30 23:00:00,34.69147
2011-03-31 00:00:00,34.69147
2011-03-31 01:00:00,34.69147
2011-03-31 02:00:00,34.69147
2011-03-31 03:00:00,34.69147
2011-03-31 04:00:00,34.69147
2011-03-31 05:00:00,34.69147
2011-03-31 06:00:00,34.69147
2011-03-31 07:00:00,34.69147
2011-03-31 08:00:00,34.69147
2011-03-31 09:00:00,34.69147
2011-03-31 10:00:00,34.69147
2011-03-31 11:00:00,34.69147
2011-03-31 12:00:00,34.69147
2011-03-31 13:00:00,34.69147
2011-03-31 14:00:00,34.69147
2011-03-31 15:00:00,34.69147
2011-03-31 16:00:00,34.69147
2011-03-31 17:00:00,34.69147
2011-03-31 18:00:00,34.69147
2011-03-31 19:00:00,34.69147
2011-03-31 20:00:00,34.69147
2011-03-31 21:00:00,34.69147
2011-03-31 22:00:00,34.69147
2011-03-31 23:00:00,34.69147
2011-04-20 00:00:00,34.69147
2011-04-20 01:00:00,34.69147
2011-04-20 02:00:00,34.69147
2011-04-20 03:00:00,34.69147
2011-04-20 04:00:00,34.69147
2011-04-20 05:00:00,34.69147
2011-04-20 06:00:00,34.69147
2011-04-20 07:00:00,34.69147
2011-04-20 08:00:00,273.4985
2011-04-20 09:00:00,719.5916
2011-04-20 10:00:00,344.92917
2011-04-20 11:00:00,344.92917
2011-04-20 12:00:00,1421.2347
2011-04-20 13:00:00,1421.2347
2011-04-20 14:00:00,2209.5378
2011-04-20 15:00:00,2648.0588
2011-04-20 16:00:00,2648.0588
2011-04-20 17:00:00,2412.6125
2011-04-20 18:00:00,2903.6829
2011-04-20 19:00:00,2497.0278
2011-04-20 20:00:00,2274.7278
2011-04-20 21:00:00,2026.5988
2011-04-20 22:00:00,1527.1573
2011-04-20 23:00:00,1561.299
2011-04-21 00:00:00,952.6441
2011-04-21 01:00:00,746.56104
2011-04-21 02:00:00,719.73474
2011-04-21 03:00:00,250.36432
2011-04-21 04:00:00,141.0574
2011-04-21 05:00:00,110.10056
2011-04-21 06:00:00,34.69147
2011-04-21 07:00:00,249.67244
2011-04-21 08:00:00,145.67982
2011-04-21 09:00:00,228.38043
2011-04-21 10:00:00,313.08682
2011-04-21 11:00:00,541.345
2011-04-21 12:00:00,804.0782
2011-04-21 13:00:00,1124.1265
2011-04-21 14:00:00,1210.4031
2011-04-21 15:00:00,1735.0502
2011-04-21 16:00:00,1848.0594
2011-04-21 17:00:00,1441.986
2011-04-21 18:00:00,1828.7166
2011-04-21 19:00:00,1354.8691
2011-04-21 20:00:00,1067.7682
2011-04-21 21:00:00,243.22539
2011-04-21 22:00:00,658.7414
2011-04-21 23:00:00,353.2996
2011-04-22 00:00:00,34.69147
2011-04-22 01:00:00,34.69147
2011-04-22 02:00:00,34.69147
2011-04-22 03:00:00,34.69147
2011-04-22 04:00:00,34.69147
2011-04-22 05:00:00,34.69147
2011-04-22 06:00:00,34.69147
2011-04-22 07:00:00,34.69147
2011-04-22 08:00:00,34.69147
2011-04-22 09:00:00,34.69147
2011-04-22 10:00:00,34.69147
2011-04-22 11:00:00,34.69147
2011-04-22 12:00:00,34.69147
2011-04-22 13:00:00,34.69147
2011-04-22 14:00:00,34.69147
2011-04-22 15:00:00,34.69147
2011-04-22 16:00:00,34.69147
2011-04-22 17:00:00,34.69147
2011-04-22 18:00:00,34.69147
2011-04-22 19:00:00,34.69147
2011-04-22 20:00:00,34.69147
2011-04-22 21:00:00,34.69147
2011-04-22 22:00:00,34.69147
2011-04-22 23:00:00,34.69147
2011-04-23 00:00:00,34.69147
2011-04-23 01:00:00,34.69147
2011-04-23 02:00:00,34.69147
2011-04-23 03:00:00,34.69147
2011-04-23 04:00:00,34.69147
2011-04-23 05:00:00,34.69147
2011-04-23 06:00:00,34.69147
2011-04-23 07:00:00,34.69147
2011-04-23 08:00:00,34.69147
2011-04-23 09:00:00,34.69147
2011-04-23 10:00:00,34.69147
2011-04-23 11:00:00,34.69147
2011-04-23 12:00:00,34.69147
2011-04-23 13:00:00,34.69147
2011-04-23 14:00:00,34.69147
2011-04-23 15:00:00,143.62193
2011-04-23 16:00:00,131.1985
2011-04-23 17:00:00,136.52449
2011-04-23 18:00:00,34.69147
2011-04-23 19:00:00,34.69147
2011-04-23 20:00:00,34.69147
2011-04-23 21:00:00,34.69147
2011-04-23 22:00:00,34.69147
2011-04-23 23:00:00,34.69147
2011-04-24 00:00:00,34.69147
2011-04-24 01:00:00,34.69147
2011-04-24 02:00:00,34.69147
2011-04-24 03:00:00,34.69147
2011-04-24 04:00:00,34.69147
2011-04-24 05:00:00,34.69147
2011-04-24 06:00:00,34.69147
2011-04-24 07:00:00,34.69147
2011-04-24 08:00:00,34.69147
2011-04-24 09:00:00,34.69147
2011-04-24 10:00:00,34.69147
2011-04-24 11:00:00,619.9039
2011-04-24 12:00:00,659.7192
2011-04-24 13:00:00,1031.9069
2011-04-24 14:00:00,1183.4364
2011-04-24 15:00:00,741.3968
2011-04-24 16:00:00,1610.0377
2011-04-24 17:00:00,553.7917
2011-04-24 18:00:00,350.81448
2011-04-24 19:00:00,34.69147
2011-04-24 20:00:00,34.69147
2011-04-24 21:00:00,34.69147
2011-04-24 22:00:00,34.69147
2011-04-24 23:00:00,34.69147
2011-04-25 00:00:00,34.69147
2011-04-25 01:00:00,34.69147
2011-04-25 02:00:00,34.69147
2011-04-25 03:00:00,34.69147
2011-04-25 04:00:00,34.69147
2011-04-25 05:00:00,34.69147
2011-04-25 06:00:00,34.69147
2011-04-25 07:00:00,34.69147
2011-04-25 08:00:00,34.69147
2011-04-25 09:00:00,34.69147
2011-04-25 10:00:00,170.80971
2011-04-25 11:00:00,170.80971
2011-04-25 12:00:00,196.1984
2011-04-25 13:00:00,749.4346
2011-04-25 14:00:00,1303.6345
2011-04-25 15:00:00,1456.965
2011-04-25 16:00:00,1161.6714
2011-04-25 17:00:00,1185.7085
2011-04-25 18:00:00,947.01227
2011-04-25 19:00:00,871.12115
2011-04-25 20:00:00,719.5916
2011-04-25 21:00:00,284.92743
2011-04-25 22:00:00,124.77401
2011-04-25 23:00:00,34.69147
2011-04-26 00:00:00,276.94202
2011-04-26 01:00:00,134.53874
2011-04-26 02:00:00,34.69147
2011-04-26 03:00:00,34.69147
2011-04-26 04:00:00,34.69147
2011-04-26 05:00:00,34.69147
2011-04-26 06:00:00,34.69147
2011-04-26 07:00:00,34.69147
2011-04-26 08:00:00,34.69147
2011-04-26 09:00:00,186.77576
2011-04-26 10:00:00,357.81393
2011-04-26 11:00:00,595.83887
2011-04-26 12:00:00,840.8913
2011-04-26 13:00:00,1417.1223
2011-04-26 14:00:00,1091.9921
2011-04-26 15:00:00,864.9284
2011-04-26 16:00:00,980.0653
2011-04-26 17:00:00,777.4449
2011-04-26 18:00:00,571.8017
2011-04-26 19:00:00,193.87314
2011-04-26 20:00:00,186.77576
2011-04-26 21:00:00,34.69147
2011-04-26 22:00:00,34.69147
2011-04-26 23:00:00,34.69147
2011-04-27 00:00:00,34.69147
2011-04-27 01:00:00,34.69147
2011-04-27 02:00:00,34.69147
2011-04-27 03:00:00,34.69147
2011-04-27 04:00:00,34.69147
2011-04-27 05:00:00,34.69147
2011-04-27 06:00:00,34.69147
2011-04-27 07:00:00,34.69147
2011-04-27 08:00:00,34.69147
2011-04-27 09:00:00,34.69147
2011-04-27 10:00:00,34.69147
2011-04-27 11:00:00,39.15999
2011-04-27 12:00:00,87.47485
2011-04-27 13:00:00,40.551857
2011-04-27 14:00:00,266.47696
2011-04-27 15:00:00,641.28784
2011-04-27 16:00:00,471.3633
2011-04-27 17:00:00,34.69147
2011-04-27 18:00:00,34.69147
2011-04-27 19:00:00,34.69147
2011-04-27 20:00:00,34.69147
2011-04-27 21:00:00,34.69147
2011-04-27 22:00:00,34.69147
2011-04-27 23:00:00,34.69147
2011-04-28 00:00:00,47.649223
2011-04-28 01:00:00,34.69147
2011-04-28 02:00:00,34.69147
2011-04-28 03:00:00,51.583332
2011-04-28 04:00:00,34.69147
2011-04-28 05:00:00,34.69147
2011-04-28 06:00:00,60.452007
2011-04-28 07:00:00,58.680614
2011-04-28 08:00:00,102.04886
2011-04-28 09:00:00,34.69147
2011-04-28 10:00:00,34.69147
2011-04-28 11:00:00,34.69147
2011-04-28 12:00:00,34.69147
2011-04-28 13:00:00,34.69147
2011-04-28 14:00:00,34.69147
2011-04-28 15:00:00,365.7727
2011-04-28 16:00:00,34.69147
2011-04-28 17:00:00,1256.8861
2011-04-28 18:00:00,1256.8861
2011-04-28 19:00:00,1424.3354
2011-04-28 20:00:00,1094.6075
2011-04-28 21:00:00,915.6179
2011-04-28 22:00:00,858.48773
2011-04-28 23:00:00,1142.8751
2011-04-29 00:00:00,976.875
2011-04-29 01:00:00,712.7448
2011-04-29 02:00:00,34.69147
2011-04-29 03:00:00,34.69147
2011-04-29 04:00:00,265.02307
2011-04-29 05:00:00,434.59042
2011-04-29 06:00:00,634.63434
2011-04-29 07:00:00,885.7752
2011-04-29 08:00:00,1058.7653
2011-04-29 09:00:00,1046.7267
2011-04-29 10:00:00,1109.8563
2011-04-29 11:00:00,1643.7562
2011-04-29 12:00:00,1276.8613
2011-04-29 13:00:00,1287.0096
2011-04-29 14:00:00,1945.3804
2011-04-29 15:00:00,1115.8071
2011-04-29 16:00:00,919.50305
2011-04-29 17:00:00,692.3991
2011-04-29 18:00:00,565.3121
2011-04-29 19:00:00,148.1834
2011-04-29 20:00:00,444.01248
2011-04-29 21:00:00,247.76949
2011-04-29 22:00:00,34.69147
2011-04-29 23:00:00,98.47329
2011-04-30 00:00:00,126.17794
2011-04-30 01:00:00,115.537865
2011-04-30 02:00:00,122.63523
2011-04-30 03:00:00,75.71215
2011-04-30 04:00:00,79.266815
2011-04-30 05:00:00,98.40818
2011-04-30 06:00:00,34.69147
2011-04-30 07:00:00,55.249508
2011-04-30 08:00:00,44.59738
2011-04-30 09:00:00,202.59839
2011-04-30 10:00:00,557.2342
2011-04-30 11:00:00,741.5401
2011-04-30 12:00:00,817.39105
2011-04-30 13:00:00,1068.5319
2011-04-30 14:00:00,1098.5684
2011-04-30 15:00:00,1306.9113
2011-04-30 16:00:00,1370.7638
2011-04-30 17:00:00,1052.5602
2011-04-30 18:00:00,965.0766
2011-04-30 19:00:00,965.0766
2011-04-30 20:00:00,34.69147
2011-04-30 21:00:00,34.69147
2011-04-30 22:00:00,34.69147
2011-04-30 23:00:00,34.69147
2011-05-20 00:00:00,34.69147
2011-05-20 01:00:00,34.69147
2011-05-20 02:00:00,34.69147
2011-05-20 03:00:00,34.69147
2011-05-20 04:00:00,34.69147
2011-05-20 05:00:00,34.69147
2011-05-20 06:00:00,34.69147
2011-05-20 07:00:00,34.69147
2011-05-20 08:00:00,34.69147
2011-05-20 09:00:00,34.69147
2011-05-20 10:00:00,155.49812
2011-05-20 11:00:00,397.93503
2011-05-20 12:00:00,877.07465
2011-05-20 13:00:00,876.9863
2011-05-20 14:00:00,1030.4535
2011-05-20 15:00:00,901.11176
2011-05-20 16:00:00,1040.2858
2011-05-20 17:00:00,1120.6025
2011-05-20 18:00:00,901.1598
2011-05-20 19:00:00,258.45218
2011-05-20 20:00:00,252.45293
2011-05-20 21:00:00,169.49986
2011-05-20 22:00:00,34.69147
2011-05-20 23:00:00,34.69147
2011-05-21 00:00:00,34.69147
2011-05-21 01:00:00,34.69147
2011-05-21 02:00:00,34.69147
2011-05-21 03:00:00,34.69147
2011-05-21 04:00:00,34.69147
2011-05-21 05:00:00,34.69147
2011-05-21 06:00:00,34.69147
2011-05-21 07:00:00,34.69147
2011-05-21 08:00:00,88.510605
2011-05-21 09:00:00,486.42654
2011-05-21 10:00:00,687.8312
2011-05-21 11:00:00,1102.4509
2011-05-21 12:00:00,1309.8549
2011-05-21 13:00:00,1635.859
2011-05-21 14:00:00,1850.5177
2011-05-21 15:00:00,1626.1207
2011-05-21 16:00:00,2090.6782
2011-05-21 17:00:00,1799.2706
2011-05-21 18:00:00,1581.6969
2011-05-21 19:00:00,1458.808
2011-05-21 20:00:00,729.90625
2011-05-21 21:00:00,687.8312
2011-05-21 22:00:00,248.80843
2011-05-21 23:00:00,34.69147
2011-05-22 00:00:00,34.69147
2011-05-22 01:00:00,34.69147
2011-05-22 02:00:00,34.69147
2011-05-22 03:00:00,34.69147
2011-05-22 04:00:00,34.69147
2011-05-22 05:00:00,34.69147
2011-05-22 06:00:00,34.69147
2011-05-22 07:00:00,34.69147
2011-05-22 08:00:00,108.539986
2011-05-22 09:00:00,348.6965
2011-05-22 10:00:00,532.4205
2011-05-22 11:00:00,1237.5499
2011-05-22 12:00:00,1464.5653
2011-05-22 13:00:00,1062.0886
2011-05-22 14:00:00,336.5615
2011-05-22 15:00:00,789.38275
2011-05-22 16:00:00,877.36066
2011-05-22 17:00:00,1043.9457
2011-05-22 18:00:00,753.3953
2011-05-22 19:00:00,765.4339
2011-05-22 20:00:00,520.3817
2011-05-22 21:00:00,132.08243
2011-05-22 22:00:00,34.69147
2011-05-22 23:00:00,34.69147
2011-05-23 00:00:00,34.69147
2011-05-23 01:00:00,34.69147
2011-05-23 02:00:00,34.69147
2011-05-23 03:00:00,34.69147
2011-05-23 04:00:00,34.69147
2011-05-23 05:00:00,34.69147
2011-05-23 06:00:00,34.69147
2011-05-23 07:00:00,34.69147
2011-05-23 08:00:00,34.69147
2011-05-23 09:00:00,34.69147
2011-05-23 10:00:00,201.3783
2011-05-23 11:00:00,428.09238
2011-05-23 12:00:00,428.09238
2011-05-23 13:00:00,1155.3901
2011-05-23 14:00:00,917.5929
2011-05-23 15:00:00,947.6292
2011-05-23 16:00:00,1007.7421
2011-05-23 17:00:00,644.48193
2011-05-23 18:00:00,405.60544
2011-05-23 19:00:00,429.6425
2011-05-23 20:00:00,34.69147
2011-05-23 21:00:00,34.69147
2011-05-23 22:00:00,34.69147
2011-05-23 23:00:00,34.69147
2011-05-24 00:00:00,34.69147
2011-05-24 01:00:00,34.69147
2011-05-24 02:00:00,34.69147
2011-05-24 03:00:00,34.69147
2011-05-24 04:00:00,34.69147
2011-05-24 05:00:00,34.69147
2011-05-24 06:00:00,34.69147
2011-05-24 07:00:00,34.69147
2011-05-24 08:00:00,34.69147
2011-05-24 09:00:00,181.20036
2011-05-24 10:00:00,876.9268
2011-05-24 11:00:00,1456.965
2011-05-24 12:00:00,1959.7899
2011-05-24 13:00:00,1914.2588
2011-05-24 14:00:00,1934.6239
2011-05-24 15:00:00,1294.5162
2011-05-24 16:00:00,416.53278
2011-05-24 17:00:00,967.076
2011-05-24 18:00:00,549.5141
2011-05-24 19:00:00,212.14262
2011-05-24 20:00:00,246.60826
2011-05-24 21:00:00,34.69147
2011-05-24 22:00:00,34.69147
2011-05-24 23:00:00,240.47249
2011-05-25 00:00:00,34.69147
2011-05-25 01:00:00,34.69147
2011-05-25 02:00:00,34.69147
2011-05-25 03:00:00,34.69147
2011-05-25 04:00:00,34.69147
2011-05-25 05:00:00,34.69147
2011-05-25 06:00:00,34.69147
2011-05-25 07:00:00,116.78936
2011-05-25 08:00:00,317.01077
2011-05-25 09:00:00,716.0244
2011-05-25 10:00:00,973.0752
2011-05-25 11:00:00,1511.0383
2011-05-25 12:00:00,1384.8019
2011-05-25 13:00:00,1384.8019
2011-05-25 14:00:00,1372.7632
2011-05-25 15:00:00,1551.7926
2011-05-25 16:00:00,1432.9279
2011-05-25 17:00:00,1456.965
2011-05-25 18:00:00,1134.067
2011-05-25 19:00:00,955.0776
2011-05-25 20:00:00,943.03894
2011-05-25 21:00:00,440.56985
2011-05-25 22:00:00,392.4957
2011-05-25 23:00:00,188.0923
2011-05-26 00:00:00,188.09222
2011-05-26 01:00:00,188.09222
2011-05-26 02:00:00,34.69147
2011-05-26 03:00:00,34.69147
2011-05-26 04:00:00,34.69147
2011-05-26 05:00:00,34.69147
2011-05-26 06:00:00,34.69147
2011-05-26 07:00:00,34.69147
2011-05-26 08:00:00,34.69147
2011-05-26 09:00:00,710.73047
2011-05-26 10:00:00,405.60544
2011-05-26 11:00:00,944.1503
2011-05-26 12:00:00,1435.5198
2011-05-26 13:00:00,1925.6735
2011-05-26 14:00:00,1925.6735
2011-05-26 15:00:00,2303.0981
2011-05-26 16:00:00,2000.634
2011-05-26 17:00:00,2117.0315
2011-05-26 18:00:00,2147.545
2011-05-26 19:00:00,1965.1373
2011-05-26 20:00:00,1158.1041
2011-05-26 21:00:00,1079.9016
2011-05-26 22:00:00,785.5103
2011-05-26 23:00:00,761.4732
2011-05-27 00:00:00,480.38522
2011-05-27 01:00:00,1016.14105
2011-05-27 02:00:00,831.51825
2011-05-27 03:00:00,628.1348
2011-05-27 04:00:00,353.08652
2011-05-27 05:00:00,462.54108
2011-05-27 06:00:00,371.0842
2011-05-27 07:00:00,180.10686
2011-05-27 08:00:00,199.607
2011-05-27 09:00:00,725.3974
2011-05-27 10:00:00,1237.5223
2011-05-27 11:00:00,1318.6014
2011-05-27 12:00:00,1418.5298
2011-05-27 13:00:00,1233.5891
2011-05-27 14:00:00,1424.6172
2011-05-27 15:00:00,1763.7567
2011-05-27 16:00:00,1382.454
2011-05-27 17:00:00,1155.4382
2011-05-27 18:00:00,1007.7421
2011-05-27 19:00:00,34.69147
2011-05-27 20:00:00,127.820816
2011-05-27 21:00:00,34.69147
2011-05-27 22:00:00,34.69147
2011-05-27 23:00:00,34.69147
2011-05-28 00:00:00,34.69147
2011-05-28 01:00:00,34.69147
2011-05-28 02:00:00,34.69147
2011-05-28 03:00:00,34.69147
2011-05-28 04:00:00,34.69147
2011-05-28 05:00:00,34.69147
2011-05-28 06:00:00,34.69147
2011-05-28 07:00:00,34.69147
2011-05-28 08:00:00,34.69147
2011-05-28 09:00:00,182.54814
2011-05-28 10:00:00,759.20123
2011-05-28 11:00:00,759.20123
2011-05-28 12:00:00,1131.8351
2011-05-28 13:00:00,1035.5948
2011-05-28 14:00:00,1231.3171
2011-05-28 15:00:00,1358.493
2011-05-28 16:00:00,1422.345
2011-05-28 17:00:00,1328.4564
2011-05-28 18:00:00,1023.59625
2011-05-28 19:00:00,771.23987
2011-05-28 20:00:00,759.20123
2011-05-28 21:00:00,209.57402
2011-05-28 22:00:00,83.24722
2011-05-28 23:00:00,34.69147
2011-05-29 00:00:00,34.69147
2011-05-29 01:00:00,34.69147
2011-05-29 02:00:00,34.69147
2011-05-29 03:00:00,34.69147
2011-05-29 04:00:00,34.69147
2011-05-29 05:00:00,34.69147
2011-05-29 06:00:00,34.69147
2011-05-29 07:00:00,34.69147
2011-05-29 08:00:00,34.69147
2011-05-29 09:00:00,34.69147
2011-05-29 10:00:00,34.69147
2011-05-29 11:00:00,34.69147
2011-05-29 12:00:00,451.3596
2011-05-29 13:00:00,672.423
2011-05-29 14:00:00,760.3124
2011-05-29 15:00:00,754.31323
2011-05-29 16:00:00,760.3124
2011-05-29 17:00:00,760.3124
2011-05-29 18:00:00,564.58997
2011-05-29 19:00:00,576.6286
2011-05-29 20:00:00,243.81914
2011-05-29 21:00:00,43.84665
2011-05-29 22:00:00,34.69147
2011-05-29 23:00:00,34.69147
2011-05-30 00:00:00,34.69147
2011-05-30 01:00:00,34.69147
2011-05-30 02:00:00,34.69147
2011-05-30 03:00:00,34.69147
2011-05-30 04:00:00,34.69147
2011-05-30 05:00:00,34.69147
2011-05-30 06:00:00,34.69147
2011-05-30 07:00:00,34.69147
2011-05-30 08:00:00,34.69147
2011-05-30 09:00:00,640.2707
2011-05-30 10:00:00,1730.3901
2011-05-30 11:00:00,2047.1968
2011-05-30 12:00:00,2392.4543
2011-05-30 13:00:00,2552.888
2011-05-30 14:00:00,2998.374
2011-05-30 15:00:00,3169.1958
2011-05-30 16:00:00,3282.1248
2011-05-30 17:00:00,2874.5862
2011-05-30 18:00:00,2834.147
2011-05-30 19:00:00,686.7467
2011-05-30 20:00:00,1468.2545
2011-05-30 21:00:00,817.9954
2011-05-30 22:00:00,610.2343
2011-05-30 23:00:00,78.1715
2011-05-31 00:00:00,271.7567
2011-05-31 01:00:00,34.69147
2011-05-31 02:00:00,34.69147
2011-05-31 03:00:00,34.69147
2011-05-31 04:00:00,34.69147
2011-05-31 05:00:00,34.69147
2011-05-31 06:00:00,128.76465
2011-05-31 07:00:00,992.2245
2011-05-31 08:00:00,1513.6705
2011-05-31 09:00:00,1771.1276
2011-05-31 10:00:00,1877.9537
2011-05-31 11:00:00,2427.1924
2011-05-31 12:00:00,2425.7727
2011-05-31 13:00:00,3304.7937
2011-05-31 14:00:00,3288.1394
2011-05-31 15:00:00,3397.8254
2011-05-31 16:00:00,3284.8967
2011-05-31 17:00:00,2056.537
2011-05-31 18:00:00,2068.576
2011-05-31 19:00:00,1398.4934
2011-05-31 20:00:00,1398.4934
2011-05-31 21:00:00,1141.443
2011-05-31 22:00:00,798.61993
2011-05-31 23:00:00,420.97476
2011-06-20 00:00:00,34.69147
2011-06-20 01:00:00,34.69147
2011-06-20 02:00:00,34.69147
2011-06-20 03:00:00,34.69147
2011-06-20 04:00:00,34.69147
2011-06-20 05:00:00,34.69147
2011-06-20 06:00:00,34.69147
2011-06-20 07:00:00,34.69147
2011-06-20 08:00:00,34.69147
2011-06-20 09:00:00,34.69147
2011-06-20 10:00:00,34.69147
2011-06-20 11:00:00,34.69147
2011-06-20 12:00:00,350.88022
2011-06-20 13:00:00,534.65234
2011-06-20 14:00:00,791.70306
2011-06-20 15:00:00,779.7046
2011-06-20 16:00:00,1070.2145
2011-06-20 17:00:00,1305.8942
2011-06-20 18:00:00,907.0033
2011-06-20 19:00:00,574.06146
2011-06-20 20:00:00,404.49417
2011-06-20 21:00:00,180.10677
2011-06-20 22:00:00,173.21498
2011-06-20 23:00:00,34.69147
2011-06-21 00:00:00,34.69147
2011-06-21 01:00:00,34.69147
2011-06-21 02:00:00,34.69147
2011-06-21 03:00:00,34.69147
2011-06-21 04:00:00,34.69147
2011-06-21 05:00:00,34.69147
2011-06-21 06:00:00,34.69147
2011-06-21 07:00:00,34.69147
2011-06-21 08:00:00,34.69147
2011-06-21 09:00:00,34.69147
2011-06-21 10:00:00,34.69147
2011-06-21 11:00:00,34.69147
2011-06-21 12:00:00,421.19427
2011-06-21 13:00:00,935.7019
2011-06-21 14:00:00,1168.716
2011-06-21 15:00:00,1433.1107
2011-06-21 16:00:00,1594.3274
2011-06-21 17:00:00,1210.1012
2011-06-21 18:00:00,891.26776
2011-06-21 19:00:00,645.809
2011-06-21 20:00:00,765.9983
2011-06-21 21:00:00,558.4139
2011-06-21 22:00:00,234.65671
2011-06-21 23:00:00,445.23138
2011-06-22 00:00:00,74.67216
2011-06-22 01:00:00,67.574776
2011-06-22 02:00:00,51.608734
2011-06-22 03:00:00,67.574776
2011-06-22 04:00:00,34.69147
2011-06-22 05:00:00,34.69147
2011-06-22 06:00:00,34.69147
2011-06-22 07:00:00,275.34717
2011-06-22 08:00:00,594.4495
2011-06-22 09:00:00,358.45303
2011-06-22 10:00:00,730.0991
2011-06-22 11:00:00,766.13464
2011-06-22 12:00:00,1606.2776
2011-06-22 13:00:00,1809.3446
2011-06-22 14:00:00,1905.1383
2011-06-22 15:00:00,1797.3058
2011-06-22 16:00:00,1713.4209
2011-06-22 17:00:00,1648.4049
2011-06-22 18:00:00,1594.2792
2011-06-22 19:00:00,1767.9591
2011-06-22 20:00:00,669.9345
2011-06-22 21:00:00,445.9366
2011-06-22 22:00:00,358.4049
2011-06-22 23:00:00,346.36627
2011-06-23 00:00:00,336.0356
2011-06-23 01:00:00,546.3752
2011-06-23 02:00:00,546.3752
2011-06-23 03:00:00,582.3625
2011-06-23 04:00:00,235.75015
2011-06-23 05:00:00,570.4122
2011-06-23 06:00:00,570.4122
2011-06-23 07:00:00,594.40125
2011-06-23 08:00:00,766.0865
2011-06-23 09:00:00,790.1236
2011-06-23 10:00:00,1108.9094
2011-06-23 11:00:00,1072.7853
2011-06-23 12:00:00,1048.7964
2011-06-23 13:00:00,1156.629
2011-06-23 14:00:00,1042.7972
2011-06-23 15:00:00,1489.1829
2011-06-23 16:00:00,1001.41174
2011-06-23 17:00:00,612.08496
2011-06-23 18:00:00,576.0976
2011-06-23 19:00:00,600.13464
2011-06-23 20:00:00,397.15726
2011-06-23 21:00:00,409.19586
2011-06-23 22:00:00,409.10764
2011-06-23 23:00:00,376.34836
2011-06-24 00:00:00,128.20424
2011-06-24 01:00:00,34.69147
2011-06-24 02:00:00,34.69147
2011-06-24 03:00:00,34.69147
2011-06-24 04:00:00,34.69147
2011-06-24 05:00:00,34.69147
2011-06-24 06:00:00,34.69147
2011-06-24 07:00:00,34.69147
2011-06-24 08:00:00,397.15726
2011-06-24 09:00:00,1055.5735
2011-06-24 10:00:00,2316.305
2011-06-24 11:00:00,2668.349
2011-06-24 12:00:00,2409.4314
2011-06-24 13:00:00,2751.5461
2011-06-24 14:00:00,2133.8967
2011-06-24 15:00:00,3135.9883
2011-06-24 16:00:00,3050.0447
2011-06-24 17:00:00,2390.8242
2011-06-24 18:00:00,2420.6367
2011-06-24 19:00:00,2018.4515
2011-06-24 20:00:00,1614.9783
2011-06-24 21:00:00,1473.6864
2011-06-24 22:00:00,1527.7596
2011-06-24 23:00:00,1259.0273
2011-06-25 00:00:00,1426.3226
2011-06-25 01:00:00,1211.2574
2011-06-25 02:00:00,1211.2094
2011-06-25 03:00:00,876.361
2011-06-25 04:00:00,876.361
2011-06-25 05:00:00,643.3474
2011-06-25 06:00:00,864.32245
2011-06-25 07:00:00,840.2852
2011-06-25 08:00:00,1435.3788
2011-06-25 09:00:00,1594.9451
2011-06-25 10:00:00,1612.7463
2011-06-25 11:00:00,1905.9221
2011-06-25 12:00:00,2062.2412
2011-06-25 13:00:00,2062.2412
2011-06-25 14:00:00,1748.284
2011-06-25 15:00:00,1778.7463
2011-06-25 16:00:00,2024.348
2011-06-25 17:00:00,1927.923
2011-06-25 18:00:00,1594.9451
2011-06-25 19:00:00,1511.2295
2011-06-25 20:00:00,1459.416
2011-06-25 21:00:00,1256.7552
2011-06-25 22:00:00,1414.3242
2011-06-25 23:00:00,1169.1343
2011-06-26 00:00:00,1124.0391
2011-06-26 01:00:00,1081.964
2011-06-26 02:00:00,886.24146
2011-06-26 03:00:00,502.01535
2011-06-26 04:00:00,508.0146
2011-06-26 05:00:00,544.0904
2011-06-26 06:00:00,544.0904
2011-06-26 07:00:00,697.4209
2011-06-26 08:00:00,706.79364
2011-06-26 09:00:00,1071.7262
2011-06-26 10:00:00,1583.341
2011-06-26 11:00:00,1636.7837
2011-06-26 12:00:00,1980.9176
2011-06-26 13:00:00,1928.9713
2011-06-26 14:00:00,1960.5526
2011-06-26 15:00:00,1928.9713
2011-06-26 16:00:00,1907.5581
2011-06-26 17:00:00,1768.095
2011-06-26 18:00:00,1600.6595
2011-06-26 19:00:00,1583.2928
2011-06-26 20:00:00,1507.4019
2011-06-26 21:00:00,1253.0508
2011-06-26 22:00:00,1410.351
2011-06-26 23:00:00,1247.0995
2011-06-27 00:00:00,181.8412
2011-06-27 01:00:00,34.69147
2011-06-27 02:00:00,34.69147
2011-06-27 03:00:00,34.69147
2011-06-27 04:00:00,34.69147
2011-06-27 05:00:00,34.69147
2011-06-27 06:00:00,34.69147
2011-06-27 07:00:00,174.36436
2011-06-27 08:00:00,192.13026
2011-06-27 09:00:00,1373.2487
2011-06-27 10:00:00,1319.1752
2011-06-27 11:00:00,1115.7917
2011-06-27 12:00:00,1373.2487
2011-06-27 13:00:00,1113.5321
2011-06-27 14:00:00,1167.6056
2011-06-27 15:00:00,1418.3402
2011-06-27 16:00:00,1364.3148
2011-06-27 17:00:00,1352.3165
2011-06-27 18:00:00,1514.6288
2011-06-27 19:00:00,1005.38153
2011-06-27 20:00:00,765.0235
2011-06-27 21:00:00,807.0985
2011-06-27 22:00:00,550.04755
2011-06-27 23:00:00,550.04755
2011-06-28 00:00:00,67.95414
2011-06-28 01:00:00,250.19872
2011-06-28 02:00:00,262.1491
2011-06-28 03:00:00,262.1491
2011-06-28 04:00:00,250.19872
2011-06-28 05:00:00,51.608734
2011-06-28 06:00:00,34.69147
2011-06-28 07:00:00,42.368942
2011-06-28 08:00:00,218.71227
2011-06-28 09:00:00,832.2468
2011-06-28 10:00:00,1919.2201
2011-06-28 11:00:00,2200.397
2011-06-28 12:00:00,2273.2153
2011-06-28 13:00:00,2311.336
2011-06-28 14:00:00,2626.4905
2011-06-28 15:00:00,2704.4407
2011-06-28 16:00:00,2496.2854
2011-06-28 17:00:00,1809.256
2011-06-28 18:00:00,1696.4309
2011-06-28 19:00:00,1104.867
2011-06-28 20:00:00,1109.6471
2011-06-28 21:00:00,887.6278
2011-06-28 22:00:00,474.9537
2011-06-28 23:00:00,480.95303
2011-06-29 00:00:00,139.23564
2011-06-29 01:00:00,140.6276
2011-06-29 02:00:00,34.69147
2011-06-29 03:00:00,34.69147
2011-06-29 04:00:00,34.69147
2011-06-29 05:00:00,34.69147
2011-06-29 06:00:00,350.3619
2011-06-29 07:00:00,1183.2595
2011-06-29 08:00:00,1413.5735
2011-06-29 09:00:00,1683.3574
2011-06-29 10:00:00,1965.4569
2011-06-29 11:00:00,2523.7307
2011-06-29 12:00:00,2543.5613
2011-06-29 13:00:00,3143.2234
2011-06-29 14:00:00,3053.7861
2011-06-29 15:00:00,3232.366
2011-06-29 16:00:00,3401.1921
2011-06-29 17:00:00,3706.666
2011-06-29 18:00:00,3276.0632
2011-06-29 19:00:00,2632.9985
2011-06-29 20:00:00,2298.1997
2011-06-29 21:00:00,2032.4186
2011-06-29 22:00:00,1659.1732
2011-06-29 23:00:00,1404.5575
2011-06-30 00:00:00,1201.4907
2011-06-30 01:00:00,1060.1989
2011-06-30 02:00:00,864.4765
2011-06-30 03:00:00,637.779
2011-06-30 04:00:00,216.40886
2011-06-30 05:00:00,209.13907
2011-06-30 06:00:00,432.17606
2011-06-30 07:00:00,597.5052
2011-06-30 08:00:00,1392.5189
2011-06-30 09:00:00,1679.5383
2011-06-30 10:00:00,1781.6042
2011-06-30 11:00:00,2187.8735
2011-06-30 12:00:00,2484.0032
2011-06-30 13:00:00,2656.5708
2011-06-30 14:00:00,2931.3494
2011-06-30 15:00:00,3369.5828
2011-06-30 16:00:00,3395.9011
2011-06-30 17:00:00,3346.0916
2011-06-30 18:00:00,3001.7722
2011-06-30 19:00:00,2534.1338
2011-06-30 20:00:00,2534.1338
2011-06-30 21:00:00,2104.7273
2011-06-30 22:00:00,1654.6702
2011-06-30 23:00:00,1267.6028
2011-07-20 00:00:00,85.26106
2011-07-20 01:00:00,73.041214
2011-07-20 02:00:00,73.041214
2011-07-20 03:00:00,85.26106
2011-07-20 04:00:00,34.69147
2011-07-20 05:00:00,34.69147
2011-07-20 06:00:00,34.69147
2011-07-20 07:00:00,85.64033
2011-07-20 08:00:00,724.00793
2011-07-20 09:00:00,796.1711
2011-07-20 10:00:00,981.4653
2011-07-20 11:00:00,1540.5682
2011-07-20 12:00:00,1833.695
2011-07-20 13:00:00,1970.6495
2011-07-20 14:00:00,2173.2693
2011-07-20 15:00:00,2263.1536
2011-07-20 16:00:00,2048.7595
2011-07-20 17:00:00,1904.8024
2011-07-20 18:00:00,1892.7637
2011-07-20 19:00:00,1613.2454
2011-07-20 20:00:00,1162.184
2011-07-20 21:00:00,1444.6849
2011-07-20 22:00:00,1101.862
2011-07-20 23:00:00,728.6864
2011-07-21 00:00:00,764.6739
2011-07-21 01:00:00,288.8314
2011-07-21 02:00:00,288.8314
2011-07-21 03:00:00,469.9257
2011-07-21 04:00:00,243.81001
2011-07-21 05:00:00,243.81001
2011-07-21 06:00:00,243.81001
2011-07-21 07:00:00,319.7012
2011-07-21 08:00:00,668.83954
2011-07-21 09:00:00,1100.8075
2011-07-21 10:00:00,1492.9198
2011-07-21 11:00:00,1977.3911
2011-07-21 12:00:00,2276.3
2011-07-21 13:00:00,2288.339
2011-07-21 14:00:00,2801.0195
2011-07-21 15:00:00,2618.9536
2011-07-21 16:00:00,3086.2493
2011-07-21 17:00:00,3266.8267
2011-07-21 18:00:00,2750.2092
2011-07-21 19:00:00,1924.9355
2011-07-21 20:00:00,1630.1876
2011-07-21 21:00:00,1434.465
2011-07-21 22:00:00,1505.0066
2011-07-21 23:00:00,1294.4598
2011-07-22 00:00:00,1733.1167
2011-07-22 01:00:00,1576.644
2011-07-22 02:00:00,879.4745
2011-07-22 03:00:00,999.712
2011-07-22 04:00:00,788.75916
2011-07-22 05:00:00,469.97394
2011-07-22 06:00:00,794.7583
2011-07-22 07:00:00,1480.6725
2011-07-22 08:00:00,1820.9181
2011-07-22 09:00:00,2049.5508
2011-07-22 10:00:00,2648.842
2011-07-22 11:00:00,2646.9556
2011-07-22 12:00:00,3187.3333
2011-07-22 13:00:00,3076.4424
2011-07-22 14:00:00,3521.1897
2011-07-22 15:00:00,3167.9148
2011-07-22 16:00:00,3370.552
2011-07-22 17:00:00,2616.684
2011-07-22 18:00:00,3366.6497
2011-07-22 19:00:00,2779.2756
2011-07-22 20:00:00,2048.7595
2011-07-22 21:00:00,1797.6193
2011-07-22 22:00:00,2198.3145
2011-07-22 23:00:00,1498.5336
2011-07-23 00:00:00,1909.3087
2011-07-23 01:00:00,1975.0663
2011-07-23 02:00:00,2017.1412
2011-07-23 03:00:00,1273.9413
2011-07-23 04:00:00,1118.7244
2011-07-23 05:00:00,1214.5581
2011-07-23 06:00:00,1813.8497
2011-07-23 07:00:00,1825.8483
2011-07-23 08:00:00,2202.9846
2011-07-23 09:00:00,2166.0942
2011-07-23 10:00:00,2859.6787
2011-07-23 11:00:00,3389.7341
2011-07-23 12:00:00,3572.024
2011-07-23 13:00:00,3657.82
2011-07-23 14:00:00,3237.5571
2011-07-23 15:00:00,3548.09
2011-07-23 16:00:00,3637.9226
2011-07-23 17:00:00,3637.9226
2011-07-23 18:00:00,3482.474
2011-07-23 19:00:00,1801.3383
2011-07-23 20:00:00,1753.3124
2011-07-23 21:00:00,1753.3124
2011-07-23 22:00:00,1616.1327
2011-07-23 23:00:00,1652.1682
2011-07-24 00:00:00,1652.1682
2011-07-24 01:00:00,1267.942
2011-07-24 02:00:00,1550.3348
2011-07-24 03:00:00,1550.3348
2011-07-24 04:00:00,1267.942
2011-07-24 05:00:00,1273.9413
2011-07-24 06:00:00,1562.2853
2011-07-24 07:00:00,1640.1699
2011-07-24 08:00:00,1795.1223
2011-07-24 09:00:00,1753.0474
2011-07-24 10:00:00,2359.4539
2011-07-24 11:00:00,2021.8201
2011-07-24 12:00:00,2936.5374
2011-07-24 13:00:00,2458.7517
2011-07-24 14:00:00,2328.9402
2011-07-24 15:00:00,3167.4255
2011-07-24 16:00:00,3167.4255
2011-07-24 17:00:00,3237.1445
2011-07-24 18:00:00,2924.9966
2011-07-24 19:00:00,2418.0896
2011-07-24 20:00:00,2166.0942
2011-07-24 21:00:00,1532.3373
2011-07-24 22:00:00,1310.0172
2011-07-24 23:00:00,967.10626
2011-07-25 00:00:00,993.4155
2011-07-25 01:00:00,806.7086
2011-07-25 02:00:00,487.92337
2011-07-25 03:00:00,512.0488
2011-07-25 04:00:00,237.85887
2011-07-25 05:00:00,237.85887
2011-07-25 06:00:00,249.80913
2011-07-25 07:00:00,523.9991
2011-07-25 08:00:00,842.7844
2011-07-25 09:00:00,1510.7972
2011-07-25 10:00:00,1833.695
2011-07-25 11:00:00,1916.7528
2011-07-25 12:00:00,1916.7528
2011-07-25 13:00:00,681.8848
2011-07-25 14:00:00,358.40518
2011-07-25 15:00:00,118.97643
2011-07-25 16:00:00,99.4558
2011-07-25 17:00:00,636.52435
2011-07-25 18:00:00,687.9322
2011-07-25 19:00:00,796.1711
2011-07-25 20:00:00,582.451
2011-07-25 21:00:00,73.041214
2011-07-25 22:00:00,73.041214
2011-07-25 23:00:00,83.48968
2011-07-26 00:00:00,234.65648
2011-07-26 01:00:00,234.65648
2011-07-26 02:00:00,34.69147
2011-07-26 03:00:00,34.69147
2011-07-26 04:00:00,34.69147
2011-07-26 05:00:00,34.69147
2011-07-26 06:00:00,45.923607
2011-07-26 07:00:00,799.73834
2011-07-26 08:00:00,1328.2794
2011-07-26 09:00:00,2200.859
2011-07-26 10:00:00,3073.6833
2011-07-26 11:00:00,3123.098
2011-07-26 12:00:00,3398.272
2011-07-26 13:00:00,3291.4365
2011-07-26 14:00:00,3556.2998
2011-07-26 15:00:00,3861.2861
2011-07-26 16:00:00,3158.1892
2011-07-26 17:00:00,3207.8323
2011-07-26 18:00:00,2876.1865
2011-07-26 19:00:00,2448.7515
2011-07-26 20:00:00,2065.4907
2011-07-26 21:00:00,1745.9651
2011-07-26 22:00:00,1440.2059
2011-07-26 23:00:00,1386.3574
2011-07-27 00:00:00,1654.7765
2011-07-27 01:00:00,1758.0035
2011-07-27 02:00:00,1501.2695
2011-07-27 03:00:00,1125.6188
2011-07-27 04:00:00,1410.3633
2011-07-27 05:00:00,1159.2225
2011-07-27 06:00:00,1183.2595
2011-07-27 07:00:00,1513.5015
2011-07-27 08:00:00,1945.0918
2011-07-27 09:00:00,2543.5613
2011-07-27 10:00:00,2648.9238
2011-07-27 11:00:00,2924.6877
2011-07-27 12:00:00,3311.8213
2011-07-27 13:00:00,3483.9016
2011-07-27 14:00:00,3547.2676
2011-07-27 15:00:00,3841.8767
2011-07-27 16:00:00,3798.9817
2011-07-27 17:00:00,3639.904
2011-07-27 18:00:00,3345.3752
2011-07-27 19:00:00,3137.0498
2011-07-27 20:00:00,1816.7772
2011-07-27 21:00:00,1599.7294
2011-07-27 22:00:00,1615.6493
2011-07-27 23:00:00,1732.904
2011-07-28 00:00:00,1346.5109
2011-07-28 01:00:00,1488.4739
2011-07-28 02:00:00,1319.2234
2011-07-28 03:00:00,1361.2982
2011-07-28 04:00:00,934.59076
2011-07-28 05:00:00,765.0235
2011-07-28 06:00:00,559.06366
2011-07-28 07:00:00,678.2453
2011-07-28 08:00:00,935.7019
2011-07-28 09:00:00,1457.1481
2011-07-28 10:00:00,1678.5294
2011-07-28 11:00:00,1934.5732
2011-07-28 12:00:00,2012.0535
2011-07-28 13:00:00,2475.9204
2011-07-28 14:00:00,2203.516
2011-07-28 15:00:00,2264.7856
2011-07-28 16:00:00,2414.9617
2011-07-28 17:00:00,2036.0906
2011-07-28 18:00:00,1958.6105
2011-07-28 19:00:00,1755.5845
2011-07-28 20:00:00,1498.5336
2011-07-28 21:00:00,1186.064
2011-07-28 22:00:00,879.31744
2011-07-28 23:00:00,752.7236
2011-07-29 00:00:00,445.9366
2011-07-29 01:00:00,457.97537
2011-07-29 02:00:00,512.0488
2011-07-29 03:00:00,512.0488
2011-07-29 04:00:00,225.44472
2011-07-29 05:00:00,273.93466
2011-07-29 06:00:00,285.88498
2011-07-29 07:00:00,487.92337
2011-07-29 08:00:00,881.06366
2011-07-29 09:00:00,2475.9204
2011-07-29 10:00:00,3184.0686
2011-07-29 11:00:00,3528.8633
2011-07-29 12:00:00,4270.8374
2011-07-29 13:00:00,3899.9712
2011-07-29 14:00:00,4307.478
2011-07-29 15:00:00,4327.308
2011-07-29 16:00:00,4416.746
2011-07-29 17:00:00,4357.121
2011-07-29 18:00:00,3717.765
2011-07-29 19:00:00,3144.341
2011-07-29 20:00:00,2925.9648
2011-07-29 21:00:00,2186.9395
2011-07-29 22:00:00,1895.1827
2011-07-29 23:00:00,1666.8636
2011-07-30 00:00:00,1425.9357
2011-07-30 01:00:00,1467.9702
2011-07-30 02:00:00,1461.9713
2011-07-30 03:00:00,1053.3015
2011-07-30 04:00:00,857.57916
2011-07-30 05:00:00,639.9376
2011-07-30 06:00:00,633.9383
2011-07-30 07:00:00,1082.6887
2011-07-30 08:00:00,1454.876
2011-07-30 09:00:00,2281.5398
2011-07-30 10:00:00,2604.7422
2011-07-30 11:00:00,2979.381
2011-07-30 12:00:00,3205.3198
2011-07-30 13:00:00,3569.636
2011-07-30 14:00:00,3751.7783
2011-07-30 15:00:00,3748.1177
2011-07-30 16:00:00,4053.5107
2011-07-30 17:00:00,3821.3188
2011-07-30 18:00:00,3775.103
2011-07-30 19:00:00,2557.285
2011-07-30 20:00:00,2340.1748
2011-07-30 21:00:00,1928.9863
2011-07-30 22:00:00,1676.6301
2011-07-30 23:00:00,1467.9705
2011-07-31 00:00:00,1467.9702
2011-07-31 01:00:00,1083.338
2011-07-31 02:00:00,975.505
2011-07-31 03:00:00,1011.58075
2011-07-31 04:00:00,754.12396
2011-07-31 05:00:00,796.5157
2011-07-31 06:00:00,842.01337
2011-07-31 07:00:00,1234.9076
2011-07-31 08:00:00,1413.8969
2011-07-31 09:00:00,1995.0985
2011-07-31 10:00:00,2959.5505
2011-07-31 11:00:00,3632.835
2011-07-31 12:00:00,4126.2505
2011-07-31 13:00:00,4162.891
2011-07-31 14:00:00,4182.7876
2011-07-31 15:00:00,4792.7065
2011-07-31 16:00:00,4859.1597
2011-07-31 17:00:00,4856.0728
2011-07-31 18:00:00,2899.4065
2011-07-31 19:00:00,1670.258
2011-07-31 20:00:00,1670.258
2011-07-31 21:00:00,1424.8397
2011-07-31 22:00:00,721.82794
2011-07-31 23:00:00,921.43146
2011-08-20 00:00:00,34.69147
2011-08-20 01:00:00,34.69147
2011-08-20 02:00:00,34.69147
2011-08-20 03:00:00,34.69147
2011-08-20 04:00:00,34.69147
2011-08-20 05:00:00,34.69147
2011-08-20 06:00:00,34.69147
2011-08-20 07:00:00,34.69147
2011-08-20 08:00:00,471.92453
2011-08-20 09:00:00,816.8651
2011-08-20 10:00:00,1051.1836
2011-08-20 11:00:00,1201.4974
2011-08-20 12:00:00,1234.9076
2011-08-20 13:00:00,1449.9727
2011-08-20 14:00:00,1916.9879
2011-08-20 15:00:00,2258.406
2011-08-20 16:00:00,2027.9572
2011-08-20 17:00:00,1916.9879
2011-08-20 18:00:00,1336.0514
2011-08-20 19:00:00,1041.3032
2011-08-20 20:00:00,1029.2645
2011-08-20 21:00:00,663.9747
2011-08-20 22:00:00,430.91284
2011-08-20 23:00:00,442.99957
2011-08-21 00:00:00,418.96252
2011-08-21 01:00:00,139.95473
2011-08-21 02:00:00,136.40007
2011-08-21 03:00:00,34.69147
2011-08-21 04:00:00,54.119335
2011-08-21 05:00:00,34.69147
2011-08-21 06:00:00,34.69147
2011-08-21 07:00:00,62.98801
2011-08-21 08:00:00,214.94579
2011-08-21 09:00:00,556.14166
2011-08-21 10:00:00,631.62683
2011-08-21 11:00:00,1472.2244
2011-08-21 12:00:00,1729.2753
2011-08-21 13:00:00,1525.9833
2011-08-21 14:00:00,235.22539
2011-08-21 15:00:00,114.74889
2011-08-21 16:00:00,368.21964
2011-08-21 17:00:00,380.2584
2011-08-21 18:00:00,337.74634
2011-08-21 19:00:00,651.97626
2011-08-21 20:00:00,218.48848
2011-08-21 21:00:00,218.48848
2011-08-21 22:00:00,229.4755
2011-08-21 23:00:00,430.9609
2011-08-22 00:00:00,124.66155
2011-08-22 01:00:00,115.792786
2011-08-22 02:00:00,776.9738
2011-08-22 03:00:00,776.9257
2011-08-22 04:00:00,641.50433
2011-08-22 05:00:00,487.5027
2011-08-22 06:00:00,681.107
2011-08-22 07:00:00,669.0683
2011-08-22 08:00:00,669.0683
2011-08-22 09:00:00,1083.7775
2011-08-22 10:00:00,1413.5735
2011-08-22 11:00:00,2484.8662
2011-08-22 12:00:00,2510.5618
2011-08-22 13:00:00,2942.0474
2011-08-22 14:00:00,2892.404
2011-08-22 15:00:00,2832.7793
2011-08-22 16:00:00,2892.404
2011-08-22 17:00:00,3081.7825
2011-08-22 18:00:00,2923.18
2011-08-22 19:00:00,2638.4863
2011-08-22 20:00:00,2088.0286
2011-08-22 21:00:00,1717.914
2011-08-22 22:00:00,1789.0895
2011-08-22 23:00:00,1494.672
2011-08-23 00:00:00,1407.7703
2011-08-23 01:00:00,819.8096
2011-08-23 02:00:00,604.74457
2011-08-23 03:00:00,568.66876
2011-08-23 04:00:00,359.69214
2011-08-23 05:00:00,347.6937
2011-08-23 06:00:00,201.35002
2011-08-23 07:00:00,1153.4191
2011-08-23 08:00:00,1227.2432
2011-08-23 09:00:00,1533.9044
2011-08-23 10:00:00,1932.7416
2011-08-23 11:00:00,2212.7454
2011-08-23 12:00:00,1818.5154
2011-08-23 13:00:00,2641.3447
2011-08-23 14:00:00,2631.4294
2011-08-23 15:00:00,2415.3262
2011-08-23 16:00:00,2508.4387
2011-08-23 17:00:00,2415.3262
2011-08-23 18:00:00,2395.429
2011-08-23 19:00:00,1177.4537
2011-08-23 20:00:00,1012.12445
2011-08-23 21:00:00,918.54987
2011-08-23 22:00:00,864.4765
2011-08-23 23:00:00,633.5809
2011-08-24 00:00:00,864.4765
2011-08-24 01:00:00,661.8161
2011-08-24 02:00:00,109.10894
2011-08-24 03:00:00,109.10894
2011-08-24 04:00:00,34.69147
2011-08-24 05:00:00,34.69147
2011-08-24 06:00:00,34.69147
2011-08-24 07:00:00,498.24796
2011-08-24 08:00:00,294.44614
2011-08-24 09:00:00,284.42722
2011-08-24 10:00:00,989.655
2011-08-24 11:00:00,1241.1125
2011-08-24 12:00:00,1274.1656
2011-08-24 13:00:00,1718.4619
2011-08-24 14:00:00,1718.4619
2011-08-24 15:00:00,1738.8268
2011-08-24 16:00:00,1471.1725
2011-08-24 17:00:00,1477.2324
2011-08-24 18:00:00,1286.2042
2011-08-24 19:00:00,1286.2042
2011-08-24 20:00:00,1071.5454
2011-08-24 21:00:00,832.4432
2011-08-24 22:00:00,662.87585
2011-08-24 23:00:00,429.86194
2011-08-25 00:00:00,247.92186
2011-08-25 01:00:00,404.69614
2011-08-25 02:00:00,404.69614
2011-08-25 03:00:00,208.10829
2011-08-25 04:00:00,97.747536
2011-08-25 05:00:00,34.69147
2011-08-25 06:00:00,34.69147
2011-08-25 07:00:00,144.5616
2011-08-25 08:00:00,381.4214
2011-08-25 09:00:00,636.1221
2011-08-25 10:00:00,893.579
2011-08-25 11:00:00,299.24774
2011-08-25 12:00:00,299.24774
2011-08-25 13:00:00,234.65648
2011-08-25 14:00:00,648.47473
2011-08-25 15:00:00,844.197
2011-08-25 16:00:00,273.93466
2011-08-25 17:00:00,273.93466
2011-08-25 18:00:00,234.49713
2011-08-25 19:00:00,91.02952
2011-08-25 20:00:00,50.824535
2011-08-25 21:00:00,41.955864
2011-08-25 22:00:00,34.69147
2011-08-25 23:00:00,34.69147
2011-08-26 00:00:00,34.69147
2011-08-26 01:00:00,34.69147
2011-08-26 02:00:00,34.69147
2011-08-26 03:00:00,34.69147
2011-08-26 04:00:00,34.69147
2011-08-26 05:00:00,34.69147
2011-08-26 06:00:00,34.69147
2011-08-26 07:00:00,34.69147
2011-08-26 08:00:00,34.69147
2011-08-26 09:00:00,487.30646
2011-08-26 10:00:00,965.73834
2011-08-26 11:00:00,1270.8154
2011-08-26 12:00:00,1120.908
2011-08-26 13:00:00,1505.1342
2011-08-26 14:00:00,1684.4766
2011-08-26 15:00:00,1618.3165
2011-08-26 16:00:00,1366.0082
2011-08-26 17:00:00,621.8603
2011-08-26 18:00:00,681.8848
2011-08-26 19:00:00,382.49026
2011-08-26 20:00:00,388.48944
2011-08-26 21:00:00,358.45303
2011-08-26 22:00:00,382.4905
2011-08-26 23:00:00,83.489586
2011-08-27 00:00:00,93.45678
2011-08-27 01:00:00,100.55416
2011-08-27 02:00:00,104.09687
2011-08-27 03:00:00,108.03097
2011-08-27 04:00:00,108.03097
2011-08-27 05:00:00,116.89964
2011-08-27 06:00:00,116.89964
2011-08-27 07:00:00,123.997025
2011-08-27 08:00:00,111.57368
2011-08-27 09:00:00,131.09438
2011-08-27 10:00:00,243.71465
2011-08-27 11:00:00,34.69147
2011-08-27 12:00:00,34.69147
2011-08-27 13:00:00,34.69147
2011-08-27 14:00:00,34.69147
2011-08-27 15:00:00,34.69147
2011-08-27 16:00:00,34.69147
2011-08-27 17:00:00,34.69147
2011-08-28 07:00:00,34.69147
2011-08-28 08:00:00,34.69147
2011-08-28 09:00:00,226.94408
2011-08-28 10:00:00,740.0621
2011-08-28 11:00:00,957.3466
2011-08-28 12:00:00,1368.134
2011-08-28 13:00:00,1911.3772
2011-08-28 14:00:00,2227.277
2011-08-28 15:00:00,2187.5496
2011-08-28 16:00:00,2864.0679
2011-08-28 17:00:00,2254.4905
2011-08-28 18:00:00,1927.923
2011-08-28 19:00:00,1583.3411
2011-08-28 20:00:00,1648.7821
2011-08-28 21:00:00,756.98566
2011-08-28 22:00:00,342.36618
2011-08-28 23:00:00,124.617676
2011-08-29 00:00:00,116.42196
2011-08-29 01:00:00,223.1145
2011-08-29 02:00:00,201.36139
2011-08-29 03:00:00,223.1145
2011-08-29 04:00:00,65.7407
2011-08-29 05:00:00,34.69147
2011-08-29 06:00:00,34.69147
2011-08-29 07:00:00,613.74194
2011-08-29 08:00:00,816.4023
2011-08-29 09:00:00,985.9695
2011-08-29 10:00:00,1304.6293
2011-08-29 11:00:00,1328.6664
2011-08-29 12:00:00,1555.682
2011-08-29 13:00:00,1859.9083
2011-08-29 14:00:00,1720.7825
2011-08-29 15:00:00,1654.6702
2011-08-29 16:00:00,1761.3075
2011-08-29 17:00:00,1430.6244
2011-08-29 18:00:00,1292.6307
2011-08-29 19:00:00,1292.6307
2011-08-29 20:00:00,1048.1602
2011-08-29 21:00:00,1036.1617
2011-08-29 22:00:00,864.4765
2011-08-29 23:00:00,667.8153
2011-08-30 00:00:00,34.69147
2011-08-30 01:00:00,62.197998
2011-08-30 02:00:00,34.69147
2011-08-30 03:00:00,34.69147
2011-08-30 04:00:00,34.69147
2011-08-30 05:00:00,34.69147
2011-08-30 06:00:00,34.69147
2011-08-30 07:00:00,65.7407
2011-08-30 08:00:00,864.4765
2011-08-30 09:00:00,1177.4537
2011-08-30 10:00:00,1909.9875
2011-08-30 11:00:00,2165.6858
2011-08-30 12:00:00,2033.5524
2011-08-30 13:00:00,2321.2095
2011-08-30 14:00:00,2514.3032
2011-08-30 15:00:00,2401.2942
2011-08-30 16:00:00,2208.2388
2011-08-30 17:00:00,1781.6042
2011-08-30 18:00:00,1527.4948
2011-08-30 19:00:00,1231.5271
2011-08-30 20:00:00,1267.6028
2011-08-30 21:00:00,508.16623
2011-08-30 22:00:00,687.65436
2011-08-30 23:00:00,687.65436
2011-08-31 00:00:00,260.62994
2011-08-31 01:00:00,260.62994
2011-08-31 02:00:00,34.69147
2011-08-31 03:00:00,34.69147
2011-08-31 04:00:00,34.69147
2011-08-31 05:00:00,34.69147
2011-08-31 06:00:00,34.69147
2011-08-31 07:00:00,34.69147
2011-08-31 08:00:00,348.5196
2011-08-31 09:00:00,338.59882
2011-08-31 10:00:00,1551.5321
2011-08-31 11:00:00,1754.1926
2011-08-31 12:00:00,1799.6901
2011-08-31 13:00:00,2167.577
2011-08-31 14:00:00,1957.4246
2011-08-31 15:00:00,1957.4246
2011-08-31 16:00:00,1863.7682
2011-08-31 17:00:00,1627.017
2011-08-31 18:00:00,1310.4349
2011-08-31 19:00:00,2293.5127
2011-08-31 20:00:00,916.78656
2011-08-31 21:00:00,765.21674
2011-08-31 22:00:00,374.67462
2011-08-31 23:00:00,34.69147
2011-09-20 00:00:00,34.69147
2011-09-20 01:00:00,34.69147
2011-09-20 02:00:00,34.69147
2011-09-20 03:00:00,34.69147
2011-09-20 04:00:00,34.69147
2011-09-20 05:00:00,34.69147
2011-09-20 06:00:00,34.69147
2011-09-20 07:00:00,34.69147
2011-09-20 08:00:00,34.69147
2011-09-20 09:00:00,34.69147
2011-09-20 10:00:00,34.69147
2011-09-20 11:00:00,34.69147
2011-09-20 12:00:00,34.69147
2011-09-20 13:00:00,34.69147
2011-09-20 14:00:00,34.69147
2011-09-20 15:00:00,34.69147
2011-09-20 16:00:00,34.69147
2011-09-20 17:00:00,34.69147
2011-09-20 18:00:00,34.69147
2011-09-20 19:00:00,34.69147
2011-09-20 20:00:00,34.69147
2011-09-20 21:00:00,34.69147
2011-09-20 22:00:00,34.69147
2011-09-20 23:00:00,34.69147
2011-09-21 00:00:00,34.69147
2011-09-21 01:00:00,34.69147
2011-09-21 02:00:00,34.69147
2011-09-21 03:00:00,34.69147
2011-09-21 04:00:00,34.69147
2011-09-21 05:00:00,34.69147
2011-09-21 06:00:00,34.69147
2011-09-21 07:00:00,34.69147
2011-09-21 08:00:00,34.69147
2011-09-21 09:00:00,34.69147
2011-09-21 10:00:00,34.69147
2011-09-21 11:00:00,34.69147
2011-09-21 12:00:00,34.69147
2011-09-21 13:00:00,205.7577
2011-09-21 14:00:00,197.79893
2011-09-21 15:00:00,221.70192
2011-09-21 16:00:00,221.70192
2011-09-21 17:00:00,214.81001
2011-09-21 18:00:00,34.69147
2011-09-21 19:00:00,34.69147
2011-09-21 20:00:00,34.69147
2011-09-21 21:00:00,34.69147
2011-09-21 22:00:00,34.69147
2011-09-21 23:00:00,34.69147
2011-09-22 00:00:00,34.69147
2011-09-22 01:00:00,34.69147
2011-09-22 02:00:00,34.69147
2011-09-22 03:00:00,34.69147
2011-09-22 04:00:00,34.69147
2011-09-22 05:00:00,34.69147
2011-09-22 06:00:00,34.69147
2011-09-22 07:00:00,34.69147
2011-09-22 08:00:00,34.69147
2011-09-22 09:00:00,34.69147
2011-09-22 10:00:00,34.69147
2011-09-22 11:00:00,34.69147
2011-09-22 12:00:00,34.69147
2011-09-22 13:00:00,34.69147
2011-09-22 14:00:00,34.69147
2011-09-22 15:00:00,125.0409
2011-09-22 16:00:00,295.96524
2011-09-22 17:00:00,62.640045
2011-09-22 18:00:00,34.69147
2011-09-22 19:00:00,34.69147
2011-09-22 20:00:00,34.69147
2011-09-22 21:00:00,34.69147
2011-09-22 22:00:00,34.69147
2011-09-22 23:00:00,34.69147
2011-09-23 00:00:00,34.69147
2011-09-23 01:00:00,34.69147
2011-09-23 02:00:00,34.69147
2011-09-23 03:00:00,34.69147
2011-09-23 04:00:00,34.69147
2011-09-23 05:00:00,34.69147
2011-09-23 06:00:00,34.69147
2011-09-23 07:00:00,34.69147
2011-09-23 08:00:00,34.69147
2011-09-23 09:00:00,34.69147
2011-09-23 10:00:00,34.69147
2011-09-23 11:00:00,34.69147
2011-09-23 12:00:00,34.69147
2011-09-23 13:00:00,34.69147
2011-09-23 14:00:00,34.69147
2011-09-23 15:00:00,34.69147
2011-09-23 16:00:00,34.69147
2011-09-23 17:00:00,34.69147
2011-09-23 18:00:00,34.69147
2011-09-23 19:00:00,34.69147
2011-09-23 20:00:00,34.69147
2011-09-23 21:00:00,34.69147
2011-09-23 22:00:00,34.69147
2011-09-23 23:00:00,34.69147
2011-09-24 00:00:00,34.69147
2011-09-24 01:00:00,34.69147
2011-09-24 02:00:00,34.69147
2011-09-24 03:00:00,34.69147
2011-09-24 04:00:00,34.69147
2011-09-24 05:00:00,34.69147
2011-09-24 06:00:00,34.69147
2011-09-24 07:00:00,34.69147
2011-09-24 08:00:00,34.69147
2011-09-24 09:00:00,34.69147
2011-09-24 10:00:00,34.69147
2011-09-24 11:00:00,34.69147
2011-09-24 12:00:00,34.69147
2011-09-24 13:00:00,34.69147
2011-09-24 14:00:00,200.01645
2011-09-24 15:00:00,200.01645
2011-09-24 16:00:00,34.69147
2011-09-24 17:00:00,198.92278
2011-09-24 18:00:00,34.69147
2011-09-24 19:00:00,34.69147
2011-09-24 20:00:00,34.69147
2011-09-24 21:00:00,34.69147
2011-09-24 22:00:00,34.69147
2011-09-24 23:00:00,34.69147
2011-09-25 00:00:00,34.69147
2011-09-25 01:00:00,34.69147
2011-09-25 02:00:00,34.69147
2011-09-25 03:00:00,34.69147
2011-09-25 04:00:00,34.69147
2011-09-25 05:00:00,34.69147
2011-09-25 06:00:00,34.69147
2011-09-25 07:00:00,34.69147
2011-09-25 08:00:00,34.69147
2011-09-25 09:00:00,34.69147
2011-09-25 10:00:00,34.69147
2011-09-25 11:00:00,79.32517
2011-09-25 12:00:00,63.35913
2011-09-25 13:00:00,327.32007
2011-09-25 14:00:00,63.35913
2011-09-25 15:00:00,63.35913
2011-09-25 16:00:00,572.42065
2011-09-25 17:00:00,315.3698
2011-09-25 18:00:00,315.3698
2011-09-25 19:00:00,34.69147
2011-09-25 20:00:00,34.69147
2011-09-25 21:00:00,34.69147
2011-09-25 22:00:00,34.69147
2011-09-25 23:00:00,34.69147
2011-09-26 00:00:00,34.69147
2011-09-26 01:00:00,34.69147
2011-09-26 02:00:00,34.69147
2011-09-26 03:00:00,34.69147
2011-09-26 04:00:00,34.69147
2011-09-26 05:00:00,34.69147
2011-09-26 06:00:00,34.69147
2011-09-26 07:00:00,34.69147
2011-09-26 08:00:00,34.69147
2011-09-26 09:00:00,34.69147
2011-09-26 10:00:00,34.69147
2011-09-26 11:00:00,134.93422
2011-09-26 12:00:00,128.21622
2011-09-26 13:00:00,400.6593
2011-09-26 14:00:00,496.5418
2011-09-26 15:00:00,996.93317
2011-09-26 16:00:00,708.50104
2011-09-26 17:00:00,508.58054
2011-09-26 18:00:00,34.69147
2011-09-26 19:00:00,34.69147
2011-09-26 20:00:00,34.69147
2011-09-26 21:00:00,34.69147
2011-09-26 22:00:00,34.69147
2011-09-26 23:00:00,34.69147
2011-09-27 00:00:00,34.69147
2011-09-27 01:00:00,34.69147
2011-09-27 02:00:00,34.69147
2011-09-27 03:00:00,34.69147
2011-09-27 04:00:00,34.69147
2011-09-27 05:00:00,34.69147
2011-09-27 06:00:00,34.69147
2011-09-27 07:00:00,34.69147
2011-09-27 08:00:00,34.69147
2011-09-27 09:00:00,34.69147
2011-09-27 10:00:00,34.69147
2011-09-27 11:00:00,34.69147
2011-09-27 12:00:00,34.69147
2011-09-27 13:00:00,377.9489
2011-09-27 14:00:00,121.11886
2011-09-27 15:00:00,34.69147
2011-09-27 16:00:00,34.69147
2011-09-27 17:00:00,34.69147
2011-09-27 18:00:00,34.69147
2011-09-27 19:00:00,34.69147
2011-09-27 20:00:00,34.69147
2011-09-27 21:00:00,34.69147
2011-09-27 22:00:00,34.69147
2011-09-27 23:00:00,34.69147
2011-09-28 00:00:00,34.69147
2011-09-28 01:00:00,34.69147
2011-09-28 02:00:00,34.69147
2011-09-28 03:00:00,34.69147
2011-09-28 04:00:00,34.69147
2011-09-28 05:00:00,34.69147
2011-09-28 06:00:00,34.69147
2011-09-28 07:00:00,34.69147
2011-09-28 08:00:00,34.69147
2011-09-28 09:00:00,34.69147
2011-09-28 10:00:00,34.69147
2011-09-28 11:00:00,34.69147
2011-09-28 12:00:00,114.95427
2011-09-28 13:00:00,360.9376
2011-09-28 14:00:00,948.8591
2011-09-28 15:00:00,508.58054
2011-09-28 16:00:00,484.54337
2011-09-28 17:00:00,472.50482
2011-09-28 18:00:00,34.69147
2011-09-28 19:00:00,34.69147
2011-09-28 20:00:00,34.69147
2011-09-28 21:00:00,34.69147
2011-09-28 22:00:00,34.69147
2011-09-28 23:00:00,34.69147
2011-09-29 00:00:00,34.69147
2011-09-29 01:00:00,34.69147
2011-09-29 02:00:00,34.69147
2011-09-29 03:00:00,34.69147
2011-09-29 04:00:00,34.69147
2011-09-29 05:00:00,34.69147
2011-09-29 06:00:00,34.69147
2011-09-29 07:00:00,34.69147
2011-09-29 08:00:00,34.69147
2011-09-29 09:00:00,34.69147
2011-09-29 10:00:00,433.64615
2011-09-29 11:00:00,577.0584
2011-09-29 12:00:00,702.6951
2011-09-29 13:00:00,664.54156
2011-09-29 14:00:00,1160.4299
2011-09-29 15:00:00,1466.9008
2011-09-29 16:00:00,1753.8014
2011-09-29 17:00:00,1242.1074
2011-09-29 18:00:00,1500.34
2011-09-29 19:00:00,1146.7316
2011-09-29 20:00:00,993.4011
2011-09-29 21:00:00,568.692
2011-09-29 22:00:00,52.94996
2011-09-29 23:00:00,34.69147
2011-09-30 00:00:00,34.69147
2011-09-30 01:00:00,34.69147
2011-09-30 02:00:00,34.69147
2011-09-30 03:00:00,34.69147
2011-09-30 04:00:00,34.69147
2011-09-30 05:00:00,34.69147
2011-09-30 06:00:00,34.69147
2011-09-30 07:00:00,34.69147
2011-09-30 08:00:00,34.69147
2011-09-30 09:00:00,34.69147
2011-09-30 10:00:00,501.8384
2011-09-30 11:00:00,876.14386
2011-09-30 12:00:00,846.0594
2011-09-30 13:00:00,1242.0193
2011-09-30 14:00:00,1227.9028
2011-09-30 15:00:00,1094.7764
2011-09-30 16:00:00,965.48267
2011-09-30 17:00:00,977.5212
2011-09-30 18:00:00,721.2122
2011-09-30 19:00:00,451.8341
2011-09-30 20:00:00,451.8341
2011-09-30 21:00:00,283.78513
2011-09-30 22:00:00,284.42938
2011-09-30 23:00:00,284.42938
2011-10-20 00:00:00,34.69147
2011-10-20 01:00:00,34.69147
2011-10-20 02:00:00,34.69147
2011-10-20 03:00:00,34.69147
2011-10-20 04:00:00,34.69147
2011-10-20 05:00:00,34.69147
2011-10-20 06:00:00,34.69147
2011-10-20 07:00:00,34.69147
2011-10-20 08:00:00,34.69147
2011-10-20 09:00:00,34.69147
2011-10-20 10:00:00,82.89328
2011-10-20 11:00:00,220.96579
2011-10-20 12:00:00,371.17776
2011-10-20 13:00:00,485.81033
2011-10-20 14:00:00,375.09982
2011-10-20 15:00:00,298.31183
2011-10-20 16:00:00,298.31183
2011-10-20 17:00:00,355.5911
2011-10-20 18:00:00,237.19423
2011-10-20 19:00:00,243.91216
2011-10-20 20:00:00,240.74889
2011-10-20 21:00:00,193.65584
2011-10-20 22:00:00,197.2105
2011-10-20 23:00:00,34.69147
2011-10-21 00:00:00,34.69147
2011-10-21 01:00:00,34.69147
2011-10-21 02:00:00,34.69147
2011-10-21 03:00:00,34.69147
2011-10-21 04:00:00,34.69147
2011-10-21 05:00:00,34.69147
2011-10-21 06:00:00,34.69147
2011-10-21 07:00:00,34.69147
2011-10-21 08:00:00,34.69147
2011-10-21 09:00:00,34.69147
2011-10-21 10:00:00,220.84874
2011-10-21 11:00:00,593.7007
2011-10-21 12:00:00,563.66437
2011-10-21 13:00:00,357.0614
2011-10-21 14:00:00,778.7295
2011-10-21 15:00:00,569.66364
2011-10-21 16:00:00,581.7022
2011-10-21 17:00:00,231.86824
2011-10-21 18:00:00,124.33275
2011-10-21 19:00:00,140.31075
2011-10-21 20:00:00,120.790054
2011-10-21 21:00:00,34.69147
2011-10-21 22:00:00,69.945
2011-10-21 23:00:00,34.69147
2011-10-22 00:00:00,34.69147
2011-10-22 01:00:00,34.69147
2011-10-22 02:00:00,34.69147
2011-10-22 03:00:00,34.69147
2011-10-22 04:00:00,34.69147
2011-10-22 05:00:00,34.69147
2011-10-22 06:00:00,34.69147
2011-10-22 07:00:00,34.69147
2011-10-22 08:00:00,34.69147
2011-10-22 09:00:00,34.69147
2011-10-22 10:00:00,34.69147
2011-10-22 11:00:00,34.69147
2011-10-22 12:00:00,134.34026
2011-10-22 13:00:00,693.6165
2011-10-22 14:00:00,403.69232
2011-10-22 15:00:00,280.9252
2011-10-22 16:00:00,615.5059
2011-10-22 17:00:00,139.65436
2011-10-22 18:00:00,112.6402
2011-10-22 19:00:00,34.69147
2011-10-22 20:00:00,34.69147
2011-10-22 21:00:00,34.69147
2011-10-22 22:00:00,34.69147
2011-10-22 23:00:00,34.69147
2011-10-23 00:00:00,34.69147
2011-10-23 01:00:00,34.69147
2011-10-23 02:00:00,34.69147
2011-10-23 03:00:00,34.69147
2011-10-23 04:00:00,34.69147
2011-10-23 05:00:00,34.69147
2011-10-23 06:00:00,34.69147
2011-10-23 07:00:00,34.69147
2011-10-23 08:00:00,34.69147
2011-10-23 09:00:00,34.69147
2011-10-23 10:00:00,34.69147
2011-10-23 11:00:00,34.69147
2011-10-23 12:00:00,154.54077
2011-10-23 13:00:00,293.4546
2011-10-23 14:00:00,285.4692
2011-10-23 15:00:00,418.65125
2011-10-23 16:00:00,293.4546
2011-10-23 17:00:00,54.51066
2011-10-23 18:00:00,50.967953
2011-10-23 19:00:00,34.69147
2011-10-23 20:00:00,34.69147
2011-10-23 21:00:00,34.69147
2011-10-23 22:00:00,34.69147
2011-10-23 23:00:00,34.69147
2011-10-24 00:00:00,34.69147
2011-10-24 01:00:00,34.69147
2011-10-24 02:00:00,34.69147
2011-10-24 03:00:00,34.69147
2011-10-24 04:00:00,34.69147
2011-10-24 05:00:00,34.69147
2011-10-24 06:00:00,34.69147
2011-10-24 07:00:00,34.69147
2011-10-24 08:00:00,34.69147
2011-10-24 09:00:00,34.69147
2011-10-24 10:00:00,34.69147
2011-10-24 11:00:00,34.69147
2011-10-24 12:00:00,34.69147
2011-10-24 13:00:00,122.62405
2011-10-24 14:00:00,119.069374
2011-10-24 15:00:00,258.38297
2011-10-24 16:00:00,118.68995
2011-10-24 17:00:00,34.69147
2011-10-24 18:00:00,200.4069
2011-10-24 19:00:00,34.69147
2011-10-24 20:00:00,34.69147
2011-10-24 21:00:00,34.69147
2011-10-24 22:00:00,34.69147
2011-10-24 23:00:00,34.69147
2011-10-25 00:00:00,34.69147
2011-10-25 01:00:00,34.69147
2011-10-25 02:00:00,34.69147
2011-10-25 03:00:00,34.69147
2011-10-25 04:00:00,34.69147
2011-10-25 05:00:00,34.69147
2011-10-25 06:00:00,34.69147
2011-10-25 07:00:00,34.69147
2011-10-25 08:00:00,34.69147
2011-10-25 09:00:00,185.47893
2011-10-25 10:00:00,341.1965
2011-10-25 11:00:00,530.3778
2011-10-25 12:00:00,989.25616
2011-10-25 13:00:00,1285.6852
2011-10-25 14:00:00,1056.9242
2011-10-25 15:00:00,1244.1724
2011-10-25 16:00:00,1208.1368
2011-10-25 17:00:00,1244.1724
2011-10-25 18:00:00,856.8401
2011-10-25 19:00:00,34.69147
2011-10-25 20:00:00,34.69147
2011-10-25 21:00:00,34.69147
2011-10-25 22:00:00,34.69147
2011-10-25 23:00:00,34.69147
2011-10-26 00:00:00,34.69147
2011-10-26 01:00:00,34.69147
2011-10-26 02:00:00,34.69147
2011-10-26 03:00:00,34.69147
2011-10-26 04:00:00,34.69147
2011-10-26 05:00:00,34.69147
2011-10-26 06:00:00,34.69147
2011-10-26 07:00:00,34.69147
2011-10-26 08:00:00,34.69147
2011-10-26 09:00:00,34.69147
2011-10-26 10:00:00,125.71612
2011-10-26 11:00:00,198.59396
2011-10-26 12:00:00,629.61896
2011-10-26 13:00:00,293.06064
2011-10-26 14:00:00,34.69147
2011-10-26 15:00:00,34.69147
2011-10-26 16:00:00,34.69147
2011-10-26 17:00:00,34.69147
2011-10-26 18:00:00,34.69147
2011-10-26 19:00:00,34.69147
2011-10-26 20:00:00,34.69147
2011-10-26 21:00:00,34.69147
2011-10-26 22:00:00,34.69147
2011-10-26 23:00:00,34.69147
2011-10-27 00:00:00,34.69147
2011-10-27 01:00:00,34.69147
2011-10-27 02:00:00,34.69147
2011-10-27 03:00:00,34.69147
2011-10-27 04:00:00,34.69147
2011-10-27 05:00:00,34.69147
2011-10-27 06:00:00,34.69147
2011-10-27 07:00:00,34.69147
2011-10-27 08:00:00,34.69147
2011-10-27 09:00:00,34.69147
2011-10-27 10:00:00,34.69147
2011-10-27 11:00:00,34.69147
2011-10-27 12:00:00,34.69147
2011-10-27 13:00:00,34.69147
2011-10-27 14:00:00,34.69147
2011-10-27 15:00:00,34.69147
2011-10-27 16:00:00,34.69147
2011-10-27 17:00:00,34.69147
2011-10-27 18:00:00,34.69147
2011-10-27 19:00:00,34.69147
2011-10-27 20:00:00,34.69147
2011-10-27 21:00:00,34.69147
2011-10-27 22:00:00,34.69147
2011-10-27 23:00:00,34.69147
2011-10-28 00:00:00,34.69147
2011-10-28 01:00:00,34.69147
2011-10-28 02:00:00,34.69147
2011-10-28 03:00:00,34.69147
2011-10-28 04:00:00,34.69147
2011-10-28 05:00:00,34.69147
2011-10-28 06:00:00,34.69147
2011-10-28 07:00:00,34.69147
2011-10-28 08:00:00,34.69147
2011-10-28 09:00:00,34.69147
2011-10-28 10:00:00,34.69147
2011-10-28 11:00:00,34.69147
2011-10-28 12:00:00,322.61505
2011-10-28 13:00:00,248.4009
2011-10-28 14:00:00,52.396927
2011-10-28 15:00:00,92.03869
2011-10-28 16:00:00,48.854225
2011-10-28 17:00:00,34.69147
2011-10-28 18:00:00,34.69147
2011-10-28 19:00:00,34.69147
2011-10-28 20:00:00,34.69147
2011-10-28 21:00:00,34.69147
2011-10-28 22:00:00,34.69147
2011-10-28 23:00:00,34.69147
2011-10-29 00:00:00,34.69147
2011-10-29 01:00:00,34.69147
2011-10-29 02:00:00,34.69147
2011-10-29 03:00:00,34.69147
2011-10-29 04:00:00,34.69147
2011-10-29 05:00:00,34.69147
2011-10-29 06:00:00,34.69147
2011-10-29 07:00:00,34.69147
2011-10-29 08:00:00,34.69147
2011-10-29 09:00:00,34.69147
2011-10-29 10:00:00,34.69147
2011-10-29 11:00:00,34.69147
2011-10-29 12:00:00,34.69147
2011-10-29 13:00:00,34.69147
2011-10-29 14:00:00,34.69147
2011-10-29 15:00:00,34.69147
2011-10-29 16:00:00,34.69147
2011-10-29 17:00:00,34.69147
2011-10-29 18:00:00,34.69147
2011-10-29 19:00:00,34.69147
2011-10-29 20:00:00,34.69147
2011-10-29 21:00:00,34.69147
2011-10-29 22:00:00,34.69147
2011-10-29 23:00:00,34.69147
2011-10-30 00:00:00,34.69147
2011-10-30 01:00:00,34.69147
2011-10-30 02:00:00,34.69147
2011-10-30 03:00:00,34.69147
2011-10-30 04:00:00,34.69147
2011-10-30 05:00:00,34.69147
2011-10-30 06:00:00,34.69147
2011-10-30 07:00:00,34.69147
2011-10-30 08:00:00,34.69147
2011-10-30 09:00:00,34.69147
2011-10-30 10:00:00,34.69147
2011-10-30 11:00:00,34.69147
2011-10-30 12:00:00,80.99181
2011-10-30 13:00:00,278.12665
2011-10-30 14:00:00,561.50256
2011-10-30 15:00:00,700.6766
2011-10-30 16:00:00,839.8907
2011-10-30 17:00:00,637.2303
2011-10-30 18:00:00,181.86903
2011-10-30 19:00:00,667.1263
2011-10-30 20:00:00,34.69147
2011-10-30 21:00:00,34.69147
2011-10-30 22:00:00,34.69147
2011-10-30 23:00:00,34.69147
2011-10-31 00:00:00,34.69147
2011-10-31 01:00:00,34.69147
2011-10-31 02:00:00,34.69147
2011-10-31 03:00:00,34.69147
2011-10-31 04:00:00,34.69147
2011-10-31 05:00:00,34.69147
2011-10-31 06:00:00,34.69147
2011-10-31 07:00:00,34.69147
2011-10-31 08:00:00,34.69147
2011-10-31 09:00:00,34.69147
2011-10-31 10:00:00,34.69147
2011-10-31 11:00:00,109.06689
2011-10-31 12:00:00,302.16245
2011-10-31 13:00:00,389.47882
2011-10-31 14:00:00,275.7641
2011-10-31 15:00:00,282.65585
2011-10-31 16:00:00,69.945
2011-10-31 17:00:00,66.390335
2011-10-31 18:00:00,34.69147
2011-10-31 19:00:00,34.69147
2011-10-31 20:00:00,34.69147
2011-10-31 21:00:00,34.69147
2011-10-31 22:00:00,34.69147
2011-10-31 23:00:00,34.69147
2011-11-20 00:00:00,34.69147
2011-11-20 01:00:00,34.69147
2011-11-20 02:00:00,34.69147
2011-11-20 03:00:00,34.69147
2011-11-20 04:00:00,34.69147
2011-11-20 05:00:00,34.69147
2011-11-20 06:00:00,34.69147
2011-11-20 07:00:00,34.69147
2011-11-20 08:00:00,34.69147
2011-11-20 09:00:00,34.69147
2011-11-20 10:00:00,34.69147
2011-11-20 11:00:00,51.347393
2011-11-20 12:00:00,54.8901
2011-11-20 13:00:00,213.10051
2011-11-20 14:00:00,112.07373
2011-11-20 15:00:00,34.69147
2011-11-20 16:00:00,98.25834
2011-11-20 17:00:00,105.35571
2011-11-20 18:00:00,127.265114
2011-11-20 19:00:00,34.69147
2011-11-20 20:00:00,34.69147
2011-11-20 21:00:00,34.69147
2011-11-20 22:00:00,34.69147
2011-11-20 23:00:00,34.69147
2011-11-21 00:00:00,34.69147
2011-11-21 01:00:00,34.69147
2011-11-21 02:00:00,34.69147
2011-11-21 03:00:00,34.69147
2011-11-21 04:00:00,34.69147
2011-11-21 05:00:00,34.69147
2011-11-21 06:00:00,34.69147
2011-11-21 07:00:00,34.69147
2011-11-21 08:00:00,34.69147
2011-11-21 09:00:00,34.69147
2011-11-21 10:00:00,34.69147
2011-11-21 11:00:00,34.69147
2011-11-21 12:00:00,34.69147
2011-11-21 13:00:00,34.69147
2011-11-21 14:00:00,34.69147
2011-11-21 15:00:00,34.69147
2011-11-21 16:00:00,34.69147
2011-11-21 17:00:00,34.69147
2011-11-21 18:00:00,34.69147
2011-11-21 19:00:00,34.69147
2011-11-21 20:00:00,34.69147
2011-11-21 21:00:00,34.69147
2011-11-21 22:00:00,34.69147
2011-11-21 23:00:00,34.69147
2011-11-22 00:00:00,34.69147
2011-11-22 01:00:00,34.69147
2011-11-22 02:00:00,34.69147
2011-11-22 03:00:00,34.69147
2011-11-22 04:00:00,34.69147
2011-11-22 05:00:00,34.69147
2011-11-22 06:00:00,34.69147
2011-11-22 07:00:00,34.69147
2011-11-22 08:00:00,34.69147
2011-11-22 09:00:00,34.69147
2011-11-22 10:00:00,34.69147
2011-11-22 11:00:00,34.69147
2011-11-22 12:00:00,34.69147
2011-11-22 13:00:00,34.69147
2011-11-22 14:00:00,34.69147
2011-11-22 15:00:00,34.69147
2011-11-22 16:00:00,34.69147
2011-11-22 17:00:00,34.69147
2011-11-22 18:00:00,34.69147
2011-11-22 19:00:00,34.69147
2011-11-22 20:00:00,34.69147
2011-11-22 21:00:00,34.69147
2011-11-22 22:00:00,34.69147
2011-11-22 23:00:00,34.69147
2011-11-23 00:00:00,34.69147
2011-11-23 01:00:00,34.69147
2011-11-23 02:00:00,34.69147
2011-11-23 03:00:00,34.69147
2011-11-23 04:00:00,34.69147
2011-11-23 05:00:00,34.69147
2011-11-23 06:00:00,34.69147
2011-11-23 07:00:00,34.69147
2011-11-23 08:00:00,34.69147
2011-11-23 09:00:00,34.69147
2011-11-23 10:00:00,34.69147
2011-11-23 11:00:00,34.69147
2011-11-23 12:00:00,208.54236
2011-11-23 13:00:00,152.72214
2011-11-23 14:00:00,105.431755
2011-11-23 15:00:00,104.03972
2011-11-23 16:00:00,34.69147
2011-11-23 17:00:00,34.69147
2011-11-23 18:00:00,34.69147
2011-11-23 19:00:00,34.69147
2011-11-23 20:00:00,34.69147
2011-11-23 21:00:00,34.69147
2011-11-23 22:00:00,34.69147
2011-11-23 23:00:00,34.69147
2011-11-24 00:00:00,34.69147
2011-11-24 01:00:00,34.69147
2011-11-24 02:00:00,34.69147
2011-11-24 03:00:00,34.69147
2011-11-24 04:00:00,34.69147
2011-11-24 05:00:00,34.69147
2011-11-24 06:00:00,34.69147
2011-11-24 07:00:00,34.69147
2011-11-24 08:00:00,34.69147
2011-11-24 09:00:00,34.69147
2011-11-24 10:00:00,34.69147
2011-11-24 11:00:00,400.31662
2011-11-24 12:00:00,807.1911
2011-11-24 13:00:00,1022.2563
2011-11-24 14:00:00,1304.1671
2011-11-24 15:00:00,1273.6537
2011-11-24 16:00:00,1063.5697
2011-11-24 17:00:00,1070.3304
2011-11-24 18:00:00,142.99736
2011-11-24 19:00:00,34.69147
2011-11-24 20:00:00,34.69147
2011-11-24 21:00:00,34.69147
2011-11-24 22:00:00,34.69147
2011-11-24 23:00:00,34.69147
2011-11-25 00:00:00,34.69147
2011-11-25 01:00:00,34.69147
2011-11-25 02:00:00,34.69147
2011-11-25 03:00:00,34.69147
2011-11-25 04:00:00,34.69147
2011-11-25 05:00:00,34.69147
2011-11-25 06:00:00,34.69147
2011-11-25 07:00:00,34.69147
2011-11-25 08:00:00,34.69147
2011-11-25 09:00:00,34.69147
2011-11-25 10:00:00,34.69147
2011-11-25 11:00:00,34.69147
2011-11-25 12:00:00,224.88023
2011-11-25 13:00:00,593.7007
2011-11-25 14:00:00,935.9413
2011-11-25 15:00:00,1075.1556
2011-11-25 16:00:00,872.0887
2011-11-25 17:00:00,1108.0852
2011-11-25 18:00:00,514.7929
2011-11-25 19:00:00,34.69147
2011-11-25 20:00:00,34.69147
2011-11-25 21:00:00,34.69147
2011-11-25 22:00:00,34.69147
2011-11-25 23:00:00,34.69147
2011-11-26 00:00:00,34.69147
2011-11-26 01:00:00,34.69147
2011-11-26 02:00:00,34.69147
2011-11-26 03:00:00,34.69147
2011-11-26 04:00:00,34.69147
2011-11-26 05:00:00,34.69147
2011-11-26 06:00:00,34.69147
2011-11-26 07:00:00,34.69147
2011-11-26 08:00:00,34.69147
2011-11-26 09:00:00,34.69147
2011-11-26 10:00:00,34.69147
2011-11-26 11:00:00,34.69147
2011-11-26 12:00:00,184.55899
2011-11-26 13:00:00,648.5248
2011-11-26 14:00:00,436.83447
2011-11-26 15:00:00,790.66724
2011-11-26 16:00:00,391.33676
2011-11-26 17:00:00,391.33676
2011-11-26 18:00:00,34.69147
2011-11-26 19:00:00,34.69147
2011-11-26 20:00:00,34.69147
2011-11-26 21:00:00,34.69147
2011-11-26 22:00:00,34.69147
2011-11-26 23:00:00,34.69147
2011-11-27 00:00:00,34.69147
2011-11-27 01:00:00,34.69147
2011-11-27 02:00:00,34.69147
2011-11-27 03:00:00,34.69147
2011-11-27 04:00:00,34.69147
2011-11-27 05:00:00,34.69147
2011-11-27 06:00:00,34.69147
2011-11-27 07:00:00,34.69147
2011-11-27 08:00:00,34.69147
2011-11-27 09:00:00,34.69147
2011-11-27 10:00:00,34.69147
2011-11-27 11:00:00,81.12873
2011-11-27 12:00:00,309.884
2011-11-27 13:00:00,212.72107
2011-11-27 14:00:00,1425.9475
2011-11-27 15:00:00,1375.1307
2011-11-27 16:00:00,557.98865
2011-11-27 17:00:00,333.8136
2011-11-27 18:00:00,58.065323
2011-11-27 19:00:00,34.69147
2011-11-27 20:00:00,68.70539
2011-11-27 21:00:00,34.69147
2011-11-27 22:00:00,34.69147
2011-11-27 23:00:00,34.69147
2011-11-28 00:00:00,34.69147
2011-11-28 01:00:00,34.69147
2011-11-28 03:00:00,34.69147
2011-11-28 04:00:00,34.69147
2011-11-28 05:00:00,34.69147
2011-11-28 06:00:00,34.69147
2011-11-28 07:00:00,34.69147
2011-11-28 08:00:00,34.69147
2011-11-28 09:00:00,34.69147
2011-11-28 10:00:00,34.69147
2011-11-28 11:00:00,34.69147
2011-11-28 12:00:00,274.32712
2011-11-28 13:00:00,580.6422
2011-11-28 14:00:00,902.30145
2011-11-28 15:00:00,336.64682
2011-11-28 16:00:00,250.42413
2011-11-28 17:00:00,490.5815
2011-11-28 18:00:00,165.40344
2011-11-28 19:00:00,34.69147
2011-11-28 20:00:00,34.69147
2011-11-28 21:00:00,34.69147
2011-11-28 22:00:00,34.69147
2011-11-28 23:00:00,34.69147
2011-11-29 00:00:00,34.69147
2011-11-29 01:00:00,34.69147
2011-11-29 02:00:00,34.69147
2011-11-29 03:00:00,34.69147
2011-11-29 04:00:00,34.69147
2011-11-29 05:00:00,34.69147
2011-11-29 06:00:00,34.69147
2011-11-29 07:00:00,34.69147
2011-11-29 08:00:00,34.69147
2011-11-29 09:00:00,34.69147
2011-11-29 10:00:00,34.69147
2011-11-29 11:00:00,34.69147
2011-11-29 12:00:00,34.69147
2011-11-29 13:00:00,34.69147
2011-11-29 14:00:00,34.69147
2011-11-29 15:00:00,34.69147
2011-11-29 16:00:00,34.69147
2011-11-29 17:00:00,34.69147
2011-11-29 18:00:00,34.69147
2011-11-29 19:00:00,34.69147
2011-11-29 20:00:00,34.69147
2011-11-29 21:00:00,34.69147
2011-11-29 22:00:00,34.69147
2011-11-29 23:00:00,34.69147
2011-11-30 00:00:00,34.69147
2011-11-30 01:00:00,34.69147
2011-11-30 02:00:00,34.69147
2011-11-30 03:00:00,34.69147
2011-11-30 04:00:00,34.69147
2011-11-30 05:00:00,34.69147
2011-11-30 06:00:00,34.69147
2011-11-30 07:00:00,34.69147
2011-11-30 08:00:00,34.69147
2011-11-30 09:00:00,34.69147
2011-11-30 10:00:00,34.69147
2011-11-30 11:00:00,34.69147
2011-11-30 12:00:00,34.69147
2011-11-30 13:00:00,242.9081
2011-11-30 14:00:00,242.9081
2011-11-30 15:00:00,36.163383
2011-11-30 16:00:00,34.69147
2011-11-30 17:00:00,34.69147
2011-11-30 18:00:00,34.69147
2011-11-30 19:00:00,34.69147
2011-11-30 20:00:00,34.69147
2011-11-30 21:00:00,34.69147
2011-11-30 22:00:00,34.69147
2011-11-30 23:00:00,34.69147
2011-12-20 00:00:00,34.69147
2011-12-20 01:00:00,34.69147
2011-12-20 02:00:00,34.69147
2011-12-20 03:00:00,34.69147
2011-12-20 04:00:00,34.69147
2011-12-20 05:00:00,34.69147
2011-12-20 06:00:00,34.69147
2011-12-20 07:00:00,34.69147
2011-12-20 08:00:00,61.45559
2011-12-20 09:00:00,34.69147
2011-12-20 10:00:00,34.69147
2011-12-20 11:00:00,34.69147
2011-12-20 12:00:00,110.138016
2011-12-20 13:00:00,110.138016
2011-12-20 14:00:00,34.69147
2011-12-20 15:00:00,94.171974
2011-12-20 16:00:00,93.79253
2011-12-20 17:00:00,34.69147
2011-12-20 18:00:00,34.69147
2011-12-20 19:00:00,34.69147
2011-12-20 20:00:00,34.69147
2011-12-20 21:00:00,34.69147
2011-12-20 22:00:00,34.69147
2011-12-20 23:00:00,34.69147
2011-12-21 00:00:00,34.69147
2011-12-21 01:00:00,34.69147
2011-12-21 02:00:00,34.69147
2011-12-21 03:00:00,34.69147
2011-12-21 04:00:00,34.69147
2011-12-21 05:00:00,34.69147
2011-12-21 06:00:00,34.69147
2011-12-21 07:00:00,34.69147
2011-12-21 08:00:00,34.69147
2011-12-21 09:00:00,34.69147
2011-12-21 10:00:00,34.69147
2011-12-21 11:00:00,34.69147
2011-12-21 12:00:00,34.69147
2011-12-21 13:00:00,34.69147
2011-12-21 14:00:00,34.69147
2011-12-21 15:00:00,34.69147
2011-12-21 16:00:00,34.69147
2011-12-21 17:00:00,34.69147
2011-12-21 18:00:00,34.69147
2011-12-21 19:00:00,34.69147
2011-12-21 20:00:00,34.69147
2011-12-21 21:00:00,34.69147
2011-12-21 22:00:00,34.69147
2011-12-21 23:00:00,34.69147
2011-12-22 00:00:00,34.69147
2011-12-22 01:00:00,34.69147
2011-12-22 02:00:00,34.69147
2011-12-22 03:00:00,34.69147
2011-12-22 04:00:00,34.69147
2011-12-22 05:00:00,34.69147
2011-12-22 06:00:00,34.69147
2011-12-22 07:00:00,34.69147
2011-12-22 08:00:00,34.69147
2011-12-22 09:00:00,34.69147
2011-12-22 10:00:00,34.69147
2011-12-22 11:00:00,34.69147
2011-12-22 12:00:00,281.85446
2011-12-22 13:00:00,34.69147
2011-12-22 14:00:00,34.69147
2011-12-22 15:00:00,112.287094
2011-12-22 16:00:00,34.69147
2011-12-22 17:00:00,34.69147
2011-12-22 18:00:00,34.69147
2011-12-22 19:00:00,34.69147
2011-12-22 20:00:00,34.69147
2011-12-22 21:00:00,34.69147
2011-12-22 22:00:00,34.69147
2011-12-22 23:00:00,34.69147
2011-12-23 00:00:00,34.69147
2011-12-23 01:00:00,34.69147
2011-12-23 02:00:00,34.69147
2011-12-23 03:00:00,34.69147
2011-12-23 04:00:00,34.69147
2011-12-23 05:00:00,34.69147
2011-12-23 06:00:00,34.69147
2011-12-23 07:00:00,34.69147
2011-12-23 08:00:00,34.69147
2011-12-23 09:00:00,34.69147
2011-12-23 10:00:00,34.69147
2011-12-23 11:00:00,34.69147
2011-12-23 12:00:00,59.84435
2011-12-23 13:00:00,138.58237
2011-12-23 14:00:00,47.420998
2011-12-23 15:00:00,34.69147
2011-12-23 16:00:00,75.69351
2011-12-23 17:00:00,34.69147
2011-12-23 18:00:00,34.69147
2011-12-23 19:00:00,34.69147
2011-12-23 20:00:00,34.69147
2011-12-23 21:00:00,34.69147
2011-12-23 22:00:00,34.69147
2011-12-23 23:00:00,34.69147
2011-12-24 00:00:00,34.69147
2011-12-24 01:00:00,34.69147
2011-12-24 02:00:00,34.69147
2011-12-24 03:00:00,34.69147
2011-12-24 04:00:00,34.69147
2011-12-24 05:00:00,34.69147
2011-12-24 06:00:00,34.69147
2011-12-24 07:00:00,34.69147
2011-12-24 08:00:00,34.69147
2011-12-24 09:00:00,34.69147
2011-12-24 10:00:00,34.69147
2011-12-24 11:00:00,70.4379
2011-12-24 12:00:00,136.56021
2011-12-24 13:00:00,106.49933
2011-12-24 14:00:00,106.49933
2011-12-24 15:00:00,86.09457
2011-12-24 16:00:00,49.995674
2011-12-24 17:00:00,34.69147
2011-12-24 18:00:00,34.69147
2011-12-24 19:00:00,34.69147
2011-12-24 20:00:00,34.69147
2011-12-24 21:00:00,34.69147
2011-12-24 22:00:00,34.69147
2011-12-24 23:00:00,34.69147
2011-12-25 00:00:00,34.69147
2011-12-25 01:00:00,34.69147
2011-12-25 02:00:00,34.69147
2011-12-25 03:00:00,34.69147
2011-12-25 05:00:00,34.69147
2011-12-25 06:00:00,34.69147
2011-12-25 07:00:00,34.69147
2011-12-25 08:00:00,34.69147
2011-12-25 09:00:00,34.69147
2011-12-25 10:00:00,34.69147
2011-12-25 11:00:00,34.69147
2011-12-25 12:00:00,34.69147
2011-12-25 13:00:00,34.69147
2011-12-25 14:00:00,34.69147
2011-12-25 15:00:00,34.69147
2011-12-25 16:00:00,34.69147
2011-12-25 17:00:00,34.69147
2011-12-25 18:00:00,34.69147
2011-12-25 19:00:00,34.69147
2011-12-25 20:00:00,34.69147
2011-12-25 21:00:00,34.69147
2011-12-25 22:00:00,34.69147
2011-12-25 23:00:00,34.69147
2011-12-26 00:00:00,34.69147
2011-12-26 01:00:00,34.69147
2011-12-26 02:00:00,34.69147
2011-12-26 04:00:00,34.69147
2011-12-26 05:00:00,40.664833
2011-12-26 06:00:00,34.69147
2011-12-26 07:00:00,34.69147
2011-12-26 08:00:00,34.69147
2011-12-26 09:00:00,34.69147
2011-12-26 10:00:00,34.69147
2011-12-26 11:00:00,34.69147
2011-12-26 12:00:00,71.442955
2011-12-26 13:00:00,354.29715
2011-12-26 14:00:00,344.26105
2011-12-26 15:00:00,372.33508
2011-12-26 16:00:00,81.77377
2011-12-26 17:00:00,34.69147
2011-12-26 18:00:00,34.69147
2011-12-26 19:00:00,34.69147
2011-12-26 20:00:00,34.69147
2011-12-26 21:00:00,34.69147
2011-12-26 22:00:00,34.69147
2011-12-26 23:00:00,34.69147
2011-12-27 00:00:00,34.69147
2011-12-27 01:00:00,34.69147
2011-12-27 02:00:00,34.69147
2011-12-27 03:00:00,34.69147
2011-12-27 04:00:00,34.69147
2011-12-27 05:00:00,34.69147
2011-12-27 06:00:00,34.69147
2011-12-27 07:00:00,34.69147
2011-12-27 08:00:00,34.69147
2011-12-27 09:00:00,34.69147
2011-12-27 10:00:00,34.69147
2011-12-27 11:00:00,34.69147
2011-12-27 12:00:00,34.69147
2011-12-27 13:00:00,34.69147
2011-12-27 14:00:00,34.69147
2011-12-27 15:00:00,34.69147
2011-12-27 16:00:00,34.69147
2011-12-27 17:00:00,34.69147
2011-12-27 18:00:00,34.69147
2011-12-27 19:00:00,34.69147
2011-12-27 20:00:00,34.69147
2011-12-27 21:00:00,34.69147
2011-12-27 22:00:00,34.69147
2011-12-27 23:00:00,34.69147
2011-12-28 00:00:00,34.69147
2011-12-28 01:00:00,34.69147
2011-12-28 02:00:00,34.69147
2011-12-28 03:00:00,34.69147
2011-12-28 05:00:00,34.69147
2011-12-28 06:00:00,34.69147
2011-12-28 07:00:00,34.69147
2011-12-28 08:00:00,34.69147
2011-12-28 09:00:00,34.69147
2011-12-28 10:00:00,34.69147
2011-12-28 11:00:00,34.69147
2011-12-28 12:00:00,34.69147
2011-12-28 13:00:00,86.201515
2011-12-28 14:00:00,65.7968
2011-12-28 15:00:00,133.71608
2011-12-28 16:00:00,90.3478
2011-12-28 17:00:00,34.69147
2011-12-28 18:00:00,34.69147
2011-12-28 19:00:00,34.69147
2011-12-28 20:00:00,34.69147
2011-12-28 21:00:00,34.69147
2011-12-28 22:00:00,34.69147
2011-12-28 23:00:00,34.69147
2011-12-29 00:00:00,34.69147
2011-12-29 01:00:00,34.69147
2011-12-29 02:00:00,34.69147
2011-12-29 03:00:00,34.69147
2011-12-29 04:00:00,34.69147
2011-12-29 05:00:00,34.69147
2011-12-29 06:00:00,34.69147
2011-12-29 07:00:00,34.69147
2011-12-29 08:00:00,34.69147
2011-12-29 09:00:00,34.69147
2011-12-29 10:00:00,34.69147
2011-12-29 11:00:00,34.69147
2011-12-29 12:00:00,34.69147
2011-12-29 13:00:00,34.69147
2011-12-29 14:00:00,34.69147
2011-12-29 15:00:00,34.69147
2011-12-29 16:00:00,34.69147
2011-12-29 17:00:00,34.69147
2011-12-29 18:00:00,34.69147
2011-12-29 19:00:00,34.69147
2011-12-29 20:00:00,34.69147
2011-12-29 21:00:00,34.69147
2011-12-29 22:00:00,34.69147
2011-12-29 23:00:00,34.69147
2011-12-30 00:00:00,34.69147
2011-12-30 01:00:00,34.69147
2011-12-30 02:00:00,34.69147
2011-12-30 03:00:00,34.69147
2011-12-30 04:00:00,34.69147
2011-12-30 05:00:00,34.69147
2011-12-30 06:00:00,34.69147
2011-12-30 07:00:00,34.69147
2011-12-30 08:00:00,34.69147
2011-12-30 09:00:00,34.69147
2011-12-30 10:00:00,34.69147
2011-12-30 11:00:00,34.69147
2011-12-30 12:00:00,34.69147
2011-12-30 13:00:00,34.69147
2011-12-30 14:00:00,234.16708
2011-12-30 15:00:00,472.95157
2011-12-30 16:00:00,267.66544
2011-12-30 17:00:00,34.69147
2011-12-30 18:00:00,34.69147
2011-12-30 19:00:00,34.69147
2011-12-30 20:00:00,34.69147
2011-12-30 21:00:00,34.69147
2011-12-30 22:00:00,34.69147
2011-12-30 23:00:00,34.69147
2011-12-31 00:00:00,34.69147
2011-12-31 01:00:00,34.69147
2011-12-31 02:00:00,34.69147
2011-12-31 03:00:00,34.69147
2011-12-31 04:00:00,34.69147
2011-12-31 05:00:00,34.69147
2011-12-31 06:00:00,34.69147
2011-12-31 07:00:00,34.69147
2011-12-31 08:00:00,34.69147
2011-12-31 09:00:00,34.69147
2011-12-31 10:00:00,34.69147
2011-12-31 11:00:00,34.69147
2011-12-31 12:00:00,1013.1275
2011-12-31 13:00:00,719.95197
2011-12-31 14:00:00,244.94063
2011-12-31 15:00:00,352.73355
2011-12-31 16:00:00,202.97772
2011-12-31 17:00:00,72.15748
2011-12-31 18:00:00,65.06011
2011-12-31 19:00:00,75.71215
2011-12-31 20:00:00,75.71215
2011-12-31 21:00:00,34.69147
2011-12-31 22:00:00,34.69147
2011-12-31 23:00:00,34.69147
2012-01-20 00:00:00,34.69147
2012-01-20 01:00:00,34.69147
2012-01-20 02:00:00,34.69147
2012-01-20 03:00:00,34.69147
2012-01-20 04:00:00,34.69147
2012-01-20 05:00:00,34.69147
2012-01-20 06:00:00,34.69147
2012-01-20 07:00:00,34.69147
2012-01-20 08:00:00,34.69147
2012-01-20 09:00:00,34.69147
2012-01-20 10:00:00,34.69147
2012-01-20 11:00:00,34.69147
2012-01-20 12:00:00,34.69147
2012-01-20 13:00:00,34.69147
2012-01-20 14:00:00,34.69147
2012-01-20 15:00:00,34.69147
2012-01-20 16:00:00,34.69147
2012-01-20 17:00:00,59.766216
2012-01-20 18:00:00,34.69147
2012-01-20 19:00:00,34.69147
2012-01-20 20:00:00,34.69147
2012-01-20 21:00:00,34.69147
2012-01-20 22:00:00,34.69147
2012-01-20 23:00:00,34.69147
2012-01-21 00:00:00,34.69147
2012-01-21 01:00:00,34.69147
2012-01-21 02:00:00,34.69147
2012-01-21 03:00:00,34.69147
2012-01-21 04:00:00,34.69147
2012-01-21 05:00:00,34.69147
2012-01-21 06:00:00,34.69147
2012-01-21 07:00:00,34.69147
2012-01-21 08:00:00,34.69147
2012-01-21 09:00:00,34.69147
2012-01-21 10:00:00,34.69147
2012-01-21 11:00:00,34.69147
2012-01-21 12:00:00,34.69147
2012-01-21 13:00:00,34.69147
2012-01-21 14:00:00,34.69147
2012-01-21 15:00:00,34.69147
2012-01-21 16:00:00,34.69147
2012-01-21 17:00:00,34.69147
2012-01-21 18:00:00,34.69147
2012-01-21 19:00:00,34.69147
2012-01-21 20:00:00,34.69147
2012-01-21 21:00:00,34.69147
2012-01-21 22:00:00,34.69147
2012-01-21 23:00:00,34.69147
2012-01-22 00:00:00,34.69147
2012-01-22 01:00:00,34.69147
2012-01-22 02:00:00,34.69147
2012-01-22 03:00:00,34.69147
2012-01-22 04:00:00,34.69147
2012-01-22 05:00:00,34.69147
2012-01-22 06:00:00,34.69147
2012-01-22 07:00:00,34.69147
2012-01-22 08:00:00,34.69147
2012-01-22 09:00:00,34.69147
2012-01-22 10:00:00,34.69147
2012-01-22 11:00:00,34.69147
2012-01-22 12:00:00,34.69147
2012-01-22 13:00:00,34.69147
2012-01-22 14:00:00,34.69147
2012-01-22 15:00:00,34.69147
2012-01-22 16:00:00,34.69147
2012-01-22 17:00:00,34.69147
2012-01-22 18:00:00,34.69147
2012-01-22 19:00:00,34.69147
2012-01-22 20:00:00,34.69147
2012-01-22 21:00:00,34.69147
2012-01-22 22:00:00,34.69147
2012-01-22 23:00:00,34.69147
2012-01-23 00:00:00,34.69147
2012-01-23 01:00:00,34.69147
2012-01-23 02:00:00,34.69147
2012-01-23 03:00:00,34.69147
2012-01-23 04:00:00,34.69147
2012-01-23 05:00:00,34.69147
2012-01-23 06:00:00,34.69147
2012-01-23 07:00:00,34.69147
2012-01-23 08:00:00,34.69147
2012-01-23 09:00:00,34.69147
2012-01-23 10:00:00,34.69147
2012-01-23 11:00:00,34.69147
2012-01-23 12:00:00,34.69147
2012-01-23 13:00:00,34.69147
2012-01-23 14:00:00,34.69147
2012-01-23 15:00:00,34.69147
2012-01-23 16:00:00,34.69147
2012-01-23 17:00:00,34.69147
2012-01-23 18:00:00,34.69147
2012-01-23 19:00:00,34.69147
2012-01-23 20:00:00,34.69147
2012-01-23 21:00:00,34.69147
2012-01-23 22:00:00,34.69147
2012-01-23 23:00:00,34.69147
2012-01-24 00:00:00,34.69147
2012-01-24 01:00:00,34.69147
2012-01-24 02:00:00,34.69147
2012-01-24 03:00:00,34.69147
2012-01-24 04:00:00,34.69147
2012-01-24 05:00:00,34.69147
2012-01-24 06:00:00,34.69147
2012-01-24 07:00:00,34.69147
2012-01-24 08:00:00,34.69147
2012-01-24 09:00:00,34.69147
2012-01-24 10:00:00,34.69147
2012-01-24 11:00:00,34.69147
2012-01-24 12:00:00,34.69147
2012-01-24 13:00:00,34.69147
2012-01-24 14:00:00,34.69147
2012-01-24 15:00:00,34.69147
2012-01-24 16:00:00,34.69147
2012-01-24 17:00:00,34.69147
2012-01-24 18:00:00,34.69147
2012-01-24 19:00:00,228.0224
2012-01-24 20:00:00,34.69147
2012-01-24 21:00:00,34.69147
2012-01-24 22:00:00,34.69147
2012-01-24 23:00:00,34.69147
2012-01-25 00:00:00,34.69147
2012-01-25 01:00:00,34.69147
2012-01-25 02:00:00,34.69147
2012-01-25 03:00:00,34.69147
2012-01-25 04:00:00,34.69147
2012-01-25 05:00:00,34.69147
2012-01-25 06:00:00,34.69147
2012-01-25 07:00:00,34.69147
2012-01-25 08:00:00,34.69147
2012-01-25 09:00:00,34.69147
2012-01-25 10:00:00,34.69147
2012-01-25 11:00:00,34.69147
2012-01-25 12:00:00,34.69147
2012-01-25 13:00:00,34.69147
2012-01-25 14:00:00,34.69147
2012-01-25 15:00:00,125.31147
2012-01-25 16:00:00,34.69147
2012-01-25 17:00:00,34.69147
2012-01-25 18:00:00,34.69147
2012-01-25 19:00:00,34.69147
2012-01-25 20:00:00,34.69147
2012-01-25 21:00:00,34.69147
2012-01-25 22:00:00,34.69147
2012-01-25 23:00:00,34.69147
2012-01-26 00:00:00,34.69147
2012-01-26 01:00:00,34.69147
2012-01-26 02:00:00,34.69147
2012-01-26 03:00:00,34.69147
2012-01-26 04:00:00,34.69147
2012-01-26 05:00:00,34.69147
2012-01-26 06:00:00,34.69147
2012-01-26 07:00:00,34.69147
2012-01-26 08:00:00,34.69147
2012-01-26 09:00:00,34.69147
2012-01-26 10:00:00,34.69147
2012-01-26 11:00:00,34.69147
2012-01-26 12:00:00,34.69147
2012-01-26 13:00:00,34.69147
2012-01-26 14:00:00,34.69147
2012-01-26 15:00:00,34.69147
2012-01-26 16:00:00,34.69147
2012-01-26 17:00:00,34.69147
2012-01-26 18:00:00,34.69147
2012-01-26 19:00:00,34.69147
2012-01-26 20:00:00,34.69147
2012-01-26 21:00:00,34.69147
2012-01-26 22:00:00,34.69147
2012-01-26 23:00:00,34.69147
2012-01-27 00:00:00,34.69147
2012-01-27 01:00:00,34.69147
2012-01-27 02:00:00,34.69147
2012-01-27 03:00:00,34.69147
2012-01-27 04:00:00,34.69147
2012-01-27 05:00:00,34.69147
2012-01-27 06:00:00,34.69147
2012-01-27 07:00:00,34.69147
2012-01-27 08:00:00,34.69147
2012-01-27 09:00:00,34.69147
2012-01-27 10:00:00,34.69147
2012-01-27 11:00:00,34.69147
2012-01-27 12:00:00,34.69147
2012-01-27 13:00:00,161.66582
2012-01-27 14:00:00,258.14133
2012-01-27 15:00:00,313.53506
2012-01-27 16:00:00,214.29068
2012-01-27 17:00:00,195.93596
2012-01-27 18:00:00,142.12506
2012-01-27 19:00:00,34.69147
2012-01-27 20:00:00,34.69147
2012-01-27 21:00:00,34.69147
2012-01-27 22:00:00,34.69147
2012-01-27 23:00:00,34.69147
2012-01-28 00:00:00,34.69147
2012-01-28 01:00:00,34.69147
2012-01-28 02:00:00,34.69147
2012-01-28 03:00:00,34.69147
2012-01-28 04:00:00,34.69147
2012-01-28 05:00:00,34.69147
2012-01-28 06:00:00,34.69147
2012-01-28 07:00:00,34.69147
2012-01-28 08:00:00,34.69147
2012-01-28 09:00:00,34.69147
2012-01-28 10:00:00,34.69147
2012-01-28 11:00:00,34.69147
2012-01-28 12:00:00,34.69147
2012-01-28 13:00:00,34.69147
2012-01-28 14:00:00,94.54127
2012-01-28 15:00:00,195.1886
2012-01-28 16:00:00,346.15237
2012-01-28 17:00:00,338.16696
2012-01-28 18:00:00,519.74445
2012-01-28 19:00:00,417.10736
2012-01-28 20:00:00,620.4999
2012-01-28 21:00:00,570.68756
2012-01-28 22:00:00,354.717
2012-01-28 23:00:00,394.40897
2012-01-29 00:00:00,171.68889
2012-01-29 01:00:00,263.39685
2012-01-29 02:00:00,269.26572
2012-01-29 03:00:00,206.45451
2012-01-29 04:00:00,164.16519
2012-01-29 05:00:00,34.69147
2012-01-29 06:00:00,34.69147
2012-01-29 07:00:00,34.69147
2012-01-29 08:00:00,34.69147
2012-01-29 09:00:00,34.69147
2012-01-29 10:00:00,34.69147
2012-01-29 11:00:00,276.36868
2012-01-29 12:00:00,532.59485
2012-01-29 13:00:00,532.59485
2012-01-29 14:00:00,520.59644
2012-01-29 15:00:00,827.14276
2012-01-29 16:00:00,1222.6073
2012-01-29 17:00:00,1222.6072
2012-01-29 18:00:00,847.99994
2012-01-29 19:00:00,393.42093
2012-01-29 20:00:00,42.93581
2012-01-29 21:00:00,178.78622
2012-01-29 22:00:00,516.66296
2012-01-29 23:00:00,152.27995
2012-01-30 00:00:00,537.1082
2012-01-30 01:00:00,34.69147
2012-01-30 02:00:00,34.69147
2012-01-30 03:00:00,34.69147
2012-01-30 04:00:00,34.69147
2012-01-30 05:00:00,34.69147
2012-01-30 06:00:00,34.69147
2012-01-30 07:00:00,34.69147
2012-01-30 08:00:00,34.69147
2012-01-30 09:00:00,34.69147
2012-01-30 10:00:00,34.69147
2012-01-30 11:00:00,34.69147
2012-01-30 12:00:00,34.69147
2012-01-30 13:00:00,239.23395
2012-01-30 14:00:00,766.7508
2012-01-30 15:00:00,681.3851
2012-01-30 16:00:00,726.47687
2012-01-30 17:00:00,1130.2296
2012-01-30 18:00:00,833.4745
2012-01-30 19:00:00,34.69147
2012-01-30 20:00:00,59.265472
2012-01-30 21:00:00,34.69147
2012-01-30 22:00:00,34.69147
2012-01-30 23:00:00,34.69147
2012-01-31 00:00:00,34.69147
2012-01-31 01:00:00,34.69147
2012-01-31 02:00:00,34.69147
2012-01-31 03:00:00,34.69147
2012-01-31 04:00:00,34.69147
2012-01-31 05:00:00,34.69147
2012-01-31 06:00:00,34.69147
2012-01-31 07:00:00,34.69147
2012-01-31 08:00:00,34.69147
2012-01-31 09:00:00,34.69147
2012-01-31 10:00:00,34.69147
2012-01-31 11:00:00,568.02466
2012-01-31 12:00:00,312.43243
2012-01-31 13:00:00,897.31024
2012-01-31 14:00:00,1584.2307
2012-01-31 15:00:00,2137.6653
2012-01-31 16:00:00,2137.6653
2012-01-31 17:00:00,2117.7686
2012-01-31 18:00:00,2230.778
2012-01-31 19:00:00,1554.4183
2012-01-31 20:00:00,34.69147
2012-01-31 21:00:00,1012.1116
2012-01-31 22:00:00,822.18207
2012-01-31 23:00:00,713.0445
2012-02-20 00:00:00,34.69147
2012-02-20 01:00:00,34.69147
2012-02-20 02:00:00,34.69147
2012-02-20 03:00:00,34.69147
2012-02-20 05:00:00,34.69147
2012-02-20 06:00:00,34.69147
2012-02-20 07:00:00,34.69147
2012-02-20 08:00:00,34.69147
2012-02-20 09:00:00,34.69147
2012-02-20 10:00:00,34.69147
2012-02-20 11:00:00,34.69147
2012-02-20 12:00:00,34.69147
2012-02-20 13:00:00,34.69147
2012-02-20 14:00:00,187.34026
2012-02-20 15:00:00,278.92
2012-02-20 16:00:00,811.2345
2012-02-20 17:00:00,938.6759
2012-02-20 18:00:00,278.92
2012-02-20 19:00:00,278.92
2012-02-20 20:00:00,352.28723
2012-02-20 21:00:00,55.351303
2012-02-20 22:00:00,34.69147
2012-02-20 23:00:00,166.12852
2012-02-21 00:00:00,34.69147
2012-02-21 01:00:00,34.69147
2012-02-21 02:00:00,34.69147
2012-02-21 04:00:00,34.69147
2012-02-21 05:00:00,34.69147
2012-02-21 06:00:00,34.69147
2012-02-21 07:00:00,34.69147
2012-02-21 08:00:00,34.69147
2012-02-21 09:00:00,34.69147
2012-02-21 10:00:00,34.69147
2012-02-21 11:00:00,34.69147
2012-02-21 12:00:00,34.69147
2012-02-21 13:00:00,34.69147
2012-02-21 14:00:00,34.69147
2012-02-21 15:00:00,34.69147
2012-02-21 16:00:00,37.27752
2012-02-21 17:00:00,308.03128
2012-02-21 18:00:00,308.03128
2012-02-21 19:00:00,34.69147
2012-02-21 20:00:00,34.69147
2012-02-21 21:00:00,34.69147
2012-02-21 22:00:00,34.69147
2012-02-21 23:00:00,34.69147
2012-02-22 00:00:00,34.69147
2012-02-22 01:00:00,34.69147
2012-02-22 02:00:00,34.69147
2012-02-22 03:00:00,34.69147
2012-02-22 04:00:00,34.69147
2012-02-22 05:00:00,34.69147
2012-02-22 06:00:00,34.69147
2012-02-22 07:00:00,34.69147
2012-02-22 08:00:00,34.69147
2012-02-22 09:00:00,34.69147
2012-02-22 10:00:00,34.69147
2012-02-22 11:00:00,34.69147
2012-02-22 12:00:00,34.69147
2012-02-22 13:00:00,76.38511
2012-02-22 14:00:00,123.30802
2012-02-22 15:00:00,1491.0519
2012-02-22 16:00:00,1796.0385
2012-02-22 17:00:00,1517.2899
2012-02-22 18:00:00,743.1159
2012-02-22 19:00:00,546.0888
2012-02-22 20:00:00,367.5054
2012-02-22 21:00:00,1128.4484
2012-02-22 22:00:00,343.4683
2012-02-22 23:00:00,673.2643
2012-02-23 00:00:00,343.4683
2012-02-23 01:00:00,34.69147
2012-02-23 02:00:00,34.69147
2012-02-23 03:00:00,34.69147
2012-02-23 04:00:00,34.69147
2012-02-23 05:00:00,34.69147
2012-02-23 06:00:00,34.69147
2012-02-23 07:00:00,34.69147
2012-02-23 08:00:00,34.69147
2012-02-23 09:00:00,34.69147
2012-02-23 10:00:00,34.69147
2012-02-23 11:00:00,452.4607
2012-02-23 12:00:00,806.3337
2012-02-23 13:00:00,1045.436
2012-02-23 14:00:00,1194.0723
2012-02-23 15:00:00,1411.7139
2012-02-23 16:00:00,1595.6625
2012-02-23 17:00:00,1488.3641
2012-02-23 18:00:00,1242.1465
2012-02-23 19:00:00,999.5812
2012-02-23 20:00:00,594.2513
2012-02-23 21:00:00,185.28047
2012-02-23 22:00:00,114.42737
2012-02-23 23:00:00,136.92265
2012-02-24 00:00:00,34.69147
2012-02-24 01:00:00,34.69147
2012-02-24 02:00:00,34.69147
2012-02-24 03:00:00,34.69147
2012-02-24 04:00:00,34.69147
2012-02-24 05:00:00,34.69147
2012-02-24 06:00:00,34.69147
2012-02-24 07:00:00,34.69147
2012-02-24 08:00:00,34.69147
2012-02-24 09:00:00,34.69147
2012-02-24 10:00:00,34.69147
2012-02-24 11:00:00,34.69147
2012-02-24 12:00:00,34.69147
2012-02-24 13:00:00,34.69147
2012-02-24 14:00:00,34.69147
2012-02-24 15:00:00,34.69147
2012-02-24 16:00:00,34.69147
2012-02-24 17:00:00,34.69147
2012-02-24 18:00:00,34.69147
2012-02-24 19:00:00,34.69147
2012-02-24 20:00:00,34.69147
2012-02-24 21:00:00,954.88367
2012-02-24 22:00:00,539.5575
2012-02-24 23:00:00,547.5135
2012-02-25 00:00:00,106.30708
2012-02-25 01:00:00,49.220146
2012-02-25 02:00:00,34.69147
2012-02-25 03:00:00,34.69147
2012-02-25 04:00:00,34.69147
2012-02-25 05:00:00,34.69147
2012-02-25 06:00:00,34.69147
2012-02-25 07:00:00,34.69147
2012-02-25 08:00:00,34.69147
2012-02-25 09:00:00,34.69147
2012-02-25 10:00:00,34.69147
2012-02-25 11:00:00,34.69147
2012-02-25 12:00:00,566.6143
2012-02-25 13:00:00,306.1178
2012-02-25 14:00:00,446.8022
2012-02-25 15:00:00,329.1936
2012-02-25 16:00:00,641.7011
2012-02-25 17:00:00,155.8227
2012-02-25 18:00:00,457.27444
2012-02-25 19:00:00,34.69147
2012-02-25 20:00:00,139.31906
2012-02-25 21:00:00,34.69147
2012-02-25 22:00:00,34.69147
2012-02-25 23:00:00,34.69147
2012-02-26 00:00:00,34.69147
2012-02-26 01:00:00,34.69147
2012-02-26 02:00:00,34.69147
2012-02-26 03:00:00,34.69147
2012-02-26 04:00:00,34.69147
2012-02-26 05:00:00,34.69147
2012-02-26 06:00:00,34.69147
2012-02-26 07:00:00,34.69147
2012-02-26 08:00:00,34.69147
2012-02-26 09:00:00,34.69147
2012-02-26 10:00:00,34.69147
2012-02-26 11:00:00,34.69147
2012-02-26 12:00:00,63.90661
2012-02-26 13:00:00,321.88885
2012-02-26 14:00:00,621.7375
2012-02-26 15:00:00,732.67615
2012-02-26 16:00:00,441.61868
2012-02-26 17:00:00,515.3515
2012-02-26 18:00:00,200.93677
2012-02-26 19:00:00,366.71548
2012-02-26 20:00:00,46.452972
2012-02-26 21:00:00,34.69147
2012-02-26 22:00:00,34.69147
2012-02-26 23:00:00,34.69147
2012-02-27 00:00:00,34.69147
2012-02-27 01:00:00,34.69147
2012-02-27 02:00:00,34.69147
2012-02-27 03:00:00,34.69147
2012-02-27 04:00:00,34.69147
2012-02-27 05:00:00,34.69147
2012-02-27 06:00:00,34.69147
2012-02-27 07:00:00,34.69147
2012-02-27 08:00:00,34.69147
2012-02-27 09:00:00,34.69147
2012-02-27 10:00:00,34.69147
2012-02-27 11:00:00,82.1334
2012-02-27 12:00:00,562.0253
2012-02-27 13:00:00,316.4119
2012-02-27 14:00:00,873.2731
2012-02-27 15:00:00,2071.7
2012-02-27 16:00:00,2137.6653
2012-02-27 17:00:00,2290.4026
2012-02-27 18:00:00,1918.9631
2012-02-27 19:00:00,1623.9585
2012-02-27 20:00:00,1175.5992
2012-02-27 21:00:00,873.2731
2012-02-27 22:00:00,458.69345
2012-02-27 23:00:00,160.86562
2012-02-28 00:00:00,56.86439
2012-02-28 01:00:00,34.69147
2012-02-28 02:00:00,34.69147
2012-02-28 03:00:00,761.90155
2012-02-28 04:00:00,34.69147
2012-02-28 05:00:00,34.69147
2012-02-28 06:00:00,34.69147
2012-02-28 07:00:00,34.69147
2012-02-28 08:00:00,34.69147
2012-02-28 09:00:00,34.69147
2012-02-28 10:00:00,34.69147
2012-02-28 11:00:00,189.92877
2012-02-28 12:00:00,456.87698
2012-02-28 13:00:00,614.98755
2012-02-28 14:00:00,1021.6625
2012-02-28 15:00:00,1199.9287
2012-02-28 16:00:00,1115.1451
2012-02-28 17:00:00,1199.9287
2012-02-28 18:00:00,1085.1088
2012-02-28 19:00:00,1236.0046
2012-02-28 20:00:00,924.8803
2012-02-28 21:00:00,34.69147
2012-02-28 22:00:00,34.69147
2012-02-28 23:00:00,34.69147
2012-02-29 00:00:00,34.69147
2012-02-29 01:00:00,34.69147
2012-02-29 02:00:00,34.69147
2012-02-29 03:00:00,34.69147
2012-02-29 05:00:00,34.69147
2012-02-29 06:00:00,34.69147
2012-02-29 07:00:00,34.69147
2012-02-29 08:00:00,34.69147
2012-02-29 09:00:00,34.69147
2012-02-29 10:00:00,34.69147
2012-02-29 11:00:00,34.69147
2012-02-29 12:00:00,34.69147
2012-02-29 13:00:00,34.69147
2012-02-29 14:00:00,34.69147
2012-02-29 15:00:00,34.69147
2012-02-29 16:00:00,34.69147
2012-02-29 17:00:00,34.69147
2012-02-29 18:00:00,34.69147
2012-02-29 19:00:00,34.69147
2012-02-29 20:00:00,34.69147
2012-02-29 21:00:00,34.69147
2012-02-29 22:00:00,34.69147
2012-02-29 23:00:00,34.69147
2012-03-20 00:00:00,34.69147
2012-03-20 01:00:00,34.69147
2012-03-20 02:00:00,34.69147
2012-03-20 03:00:00,34.69147
2012-03-20 04:00:00,34.69147
2012-03-20 05:00:00,34.69147
2012-03-20 06:00:00,34.69147
2012-03-20 07:00:00,34.69147
2012-03-20 08:00:00,34.69147
2012-03-20 09:00:00,34.69147
2012-03-20 10:00:00,34.69147
2012-03-20 11:00:00,34.69147
2012-03-20 12:00:00,34.69147
2012-03-20 13:00:00,34.69147
2012-03-20 14:00:00,111.39544
2012-03-20 15:00:00,383.36548
2012-03-20 16:00:00,450.51657
2012-03-20 17:00:00,109.17536
2012-03-20 18:00:00,230.05952
2012-03-20 19:00:00,34.69147
2012-03-20 20:00:00,123.51971
2012-03-20 21:00:00,34.69147
2012-03-20 22:00:00,34.69147
2012-03-20 23:00:00,34.69147
2012-03-21 00:00:00,34.69147
2012-03-21 01:00:00,34.69147
2012-03-21 02:00:00,34.69147
2012-03-21 03:00:00,34.69147
2012-03-21 04:00:00,34.69147
2012-03-21 05:00:00,34.69147
2012-03-21 06:00:00,34.69147
2012-03-21 07:00:00,34.69147
2012-03-21 08:00:00,34.69147
2012-03-21 09:00:00,34.69147
2012-03-21 10:00:00,34.69147
2012-03-21 11:00:00,34.69147
2012-03-21 12:00:00,34.69147
2012-03-21 13:00:00,34.69147
2012-03-21 14:00:00,34.69147
2012-03-21 15:00:00,34.69147
2012-03-21 16:00:00,34.69147
2012-03-21 17:00:00,257.0394
2012-03-21 18:00:00,293.1152
2012-03-21 19:00:00,566.8091
2012-03-21 20:00:00,34.69147
2012-03-21 21:00:00,34.69147
2012-03-21 22:00:00,34.69147
2012-03-21 23:00:00,34.69147
2012-03-22 00:00:00,34.69147
2012-03-22 01:00:00,34.69147
2012-03-22 02:00:00,34.69147
2012-03-22 03:00:00,34.69147
2012-03-22 04:00:00,34.69147
2012-03-22 05:00:00,34.69147
2012-03-22 06:00:00,34.69147
2012-03-22 07:00:00,34.69147
2012-03-22 08:00:00,34.69147
2012-03-22 09:00:00,34.69147
2012-03-22 10:00:00,34.69147
2012-03-22 11:00:00,34.69147
2012-03-22 12:00:00,34.69147
2012-03-22 13:00:00,34.69147
2012-03-22 14:00:00,101.71061
2012-03-22 15:00:00,302.89438
2012-03-22 16:00:00,498.61682
2012-03-22 17:00:00,598.0985
2012-03-22 18:00:00,598.0985
2012-03-22 19:00:00,833.7779
2012-03-22 20:00:00,134.53874
2012-03-22 21:00:00,34.69147
2012-03-22 22:00:00,34.69147
2012-03-22 23:00:00,34.69147
2012-03-23 00:00:00,34.69147
2012-03-23 01:00:00,34.69147
2012-03-23 02:00:00,34.69147
2012-03-23 03:00:00,34.69147
2012-03-23 04:00:00,34.69147
2012-03-23 05:00:00,34.69147
2012-03-23 06:00:00,34.69147
2012-03-23 07:00:00,34.69147
2012-03-23 08:00:00,34.69147
2012-03-23 09:00:00,34.69147
2012-03-23 10:00:00,34.69147
2012-03-23 11:00:00,126.839516
2012-03-23 12:00:00,755.5791
2012-03-23 13:00:00,1572.1954
2012-03-23 14:00:00,1810.6266
2012-03-23 15:00:00,1798.6282
2012-03-23 16:00:00,1796.1428
2012-03-23 17:00:00,1796.1428
2012-03-23 18:00:00,1559.9801
2012-03-23 19:00:00,1221.9777
2012-03-23 20:00:00,1373.1903
2012-03-23 21:00:00,1078.5276
2012-03-23 22:00:00,452.62283
2012-03-23 23:00:00,206.66338
2012-03-24 00:00:00,134.7272
2012-03-24 01:00:00,34.69147
2012-03-24 02:00:00,34.69147
2012-03-24 03:00:00,34.69147
2012-03-24 04:00:00,34.69147
2012-03-24 05:00:00,34.69147
2012-03-24 06:00:00,34.69147
2012-03-24 07:00:00,34.69147
2012-03-24 08:00:00,34.69147
2012-03-24 09:00:00,34.69147
2012-03-24 10:00:00,34.69147
2012-03-24 11:00:00,34.69147
2012-03-24 12:00:00,34.69147
2012-03-24 13:00:00,34.69147
2012-03-24 14:00:00,34.69147
2012-03-24 15:00:00,34.69147
2012-03-24 16:00:00,34.69147
2012-03-24 17:00:00,34.69147
2012-03-24 18:00:00,34.69147
2012-03-24 19:00:00,34.69147
2012-03-24 20:00:00,34.69147
2012-03-24 21:00:00,34.69147
2012-03-24 22:00:00,34.69147
2012-03-24 23:00:00,34.69147
2012-03-25 00:00:00,34.69147
2012-03-25 01:00:00,34.69147
2012-03-25 02:00:00,34.69147
2012-03-25 03:00:00,34.69147
2012-03-25 04:00:00,34.69147
2012-03-25 05:00:00,34.69147
2012-03-25 06:00:00,34.69147
2012-03-25 07:00:00,34.69147
2012-03-25 08:00:00,34.69147
2012-03-25 09:00:00,34.69147
2012-03-25 10:00:00,34.69147
2012-03-25 11:00:00,34.69147
2012-03-25 12:00:00,34.69147
2012-03-25 13:00:00,34.69147
2012-03-25 14:00:00,34.69147
2012-03-25 15:00:00,34.69147
2012-03-25 16:00:00,34.69147
2012-03-25 17:00:00,34.69147
2012-03-25 18:00:00,34.69147
2012-03-25 19:00:00,34.69147
2012-03-25 20:00:00,34.69147
2012-03-25 21:00:00,34.69147
2012-03-25 22:00:00,34.69147
2012-03-25 23:00:00,34.69147
2012-03-26 00:00:00,34.69147
2012-03-26 01:00:00,34.69147
2012-03-26 02:00:00,34.69147
2012-03-26 03:00:00,34.69147
2012-03-26 04:00:00,34.69147
2012-03-26 05:00:00,34.69147
2012-03-26 06:00:00,34.69147
2012-03-26 07:00:00,34.69147
2012-03-26 08:00:00,34.69147
2012-03-26 09:00:00,375.45947
2012-03-26 10:00:00,1187.3014
2012-03-26 11:00:00,1447.1025
2012-03-26 12:00:00,1254.6376
2012-03-26 13:00:00,1669.3795
2012-03-26 14:00:00,1204.9944
2012-03-26 15:00:00,1619.6699
2012-03-26 16:00:00,1945.0411
2012-03-26 17:00:00,1769.8745
2012-03-26 18:00:00,1495.0957
2012-03-26 19:00:00,1465.7708
2012-03-26 20:00:00,1300.2601
2012-03-26 21:00:00,1234.2947
2012-03-26 22:00:00,842.97577
2012-03-26 23:00:00,710.396
2012-03-27 00:00:00,604.144
2012-03-27 01:00:00,463.9305
2012-03-27 02:00:00,89.93151
2012-03-27 03:00:00,93.48614
2012-03-27 04:00:00,34.69147
2012-03-27 05:00:00,34.69147
2012-03-27 06:00:00,34.69147
2012-03-27 07:00:00,34.69147
2012-03-27 08:00:00,34.69147
2012-03-27 09:00:00,34.69147
2012-03-27 10:00:00,37.22363
2012-03-27 11:00:00,278.8003
2012-03-27 12:00:00,364.1555
2012-03-27 13:00:00,775.2079
2012-03-27 14:00:00,1192.7578
2012-03-27 15:00:00,1530.9823
2012-03-27 16:00:00,1530.9823
2012-03-27 17:00:00,1960.7899
2012-03-27 18:00:00,1821.6091
2012-03-27 19:00:00,1761.4314
2012-03-27 20:00:00,1821.6091
2012-03-27 21:00:00,285.7984
2012-03-27 22:00:00,297.21613
2012-03-27 23:00:00,277.83954
2012-03-28 00:00:00,153.23982
2012-03-28 01:00:00,34.69147
2012-03-28 02:00:00,34.69147
2012-03-28 03:00:00,40.65699
2012-03-28 04:00:00,90.63468
2012-03-28 05:00:00,90.63468
2012-03-28 06:00:00,34.69147
2012-03-28 07:00:00,34.69147
2012-03-28 08:00:00,171.8015
2012-03-28 09:00:00,290.19827
2012-03-28 10:00:00,574.7551
2012-03-28 11:00:00,719.73474
2012-03-28 12:00:00,1055.2671
2012-03-28 13:00:00,964.64264
2012-03-28 14:00:00,1798.0775
2012-03-28 15:00:00,1530.6261
2012-03-28 16:00:00,1532.3458
2012-03-28 17:00:00,646.22723
2012-03-28 18:00:00,646.22723
2012-03-28 19:00:00,889.16144
2012-03-28 20:00:00,847.0865
2012-03-28 21:00:00,361.9476
2012-03-28 22:00:00,161.54106
2012-03-28 23:00:00,34.69147
2012-03-29 00:00:00,34.69147
2012-03-29 01:00:00,322.13217
2012-03-29 02:00:00,2400.827
2012-03-29 03:00:00,2069.0662
2012-03-29 04:00:00,1116.0891
2012-03-29 05:00:00,658.6714
2012-03-29 06:00:00,53.467365
2012-03-29 07:00:00,237.56152
2012-03-29 08:00:00,339.59158
2012-03-29 09:00:00,379.95062
2012-03-29 10:00:00,334.0489
2012-03-29 11:00:00,580.56085
2012-03-29 12:00:00,677.6999
2012-03-29 13:00:00,483.6152
2012-03-29 14:00:00,731.7735
2012-03-29 15:00:00,946.8387
2012-03-29 16:00:00,1138.9342
2012-03-29 17:00:00,1025.9634
2012-03-29 18:00:00,882.98596
2012-03-29 19:00:00,801.5018
2012-03-29 20:00:00,750.0047
2012-03-29 21:00:00,414.1696
2012-03-29 22:00:00,333.0105
2012-03-29 23:00:00,229.77238
2012-03-30 00:00:00,186.61353
2012-03-30 01:00:00,77.09752
2012-03-30 02:00:00,34.69147
2012-03-30 03:00:00,34.69147
2012-03-30 04:00:00,34.69147
2012-03-30 05:00:00,34.69147
2012-03-30 06:00:00,34.69147
2012-03-30 07:00:00,34.69147
2012-03-30 08:00:00,34.69147
2012-03-30 09:00:00,34.69147
2012-03-30 10:00:00,34.69147
2012-03-30 11:00:00,34.69147
2012-03-30 12:00:00,34.69147
2012-03-30 13:00:00,122.53232
2012-03-30 14:00:00,34.69147
2012-03-30 15:00:00,47.80806
2012-03-30 16:00:00,34.69147
2012-03-30 17:00:00,34.69147
2012-03-30 18:00:00,67.13707
2012-03-30 19:00:00,34.69147
2012-03-30 20:00:00,34.69147
2012-03-30 21:00:00,34.69147
2012-03-30 22:00:00,34.69147
2012-03-30 23:00:00,34.69147
2012-03-31 00:00:00,34.69147
2012-03-31 01:00:00,34.69147
2012-03-31 02:00:00,34.69147
2012-03-31 03:00:00,34.69147
2012-03-31 04:00:00,34.69147
2012-03-31 05:00:00,34.69147
2012-03-31 06:00:00,34.69147
2012-03-31 07:00:00,34.69147
2012-03-31 08:00:00,34.69147
2012-03-31 09:00:00,34.69147
2012-03-31 10:00:00,34.69147
2012-03-31 11:00:00,34.69147
2012-03-31 12:00:00,34.69147
2012-03-31 13:00:00,244.93057
2012-03-31 14:00:00,62.734215
2012-03-31 15:00:00,195.49251
2012-03-31 16:00:00,68.06019
2012-03-31 17:00:00,34.69147
2012-03-31 18:00:00,34.69147
2012-03-31 19:00:00,34.69147
2012-03-31 20:00:00,34.69147
2012-03-31 21:00:00,34.69147
2012-03-31 22:00:00,34.69147
2012-03-31 23:00:00,34.69147
2012-04-20 00:00:00,34.69147
2012-04-20 01:00:00,34.69147
2012-04-20 02:00:00,34.69147
2012-04-20 03:00:00,34.69147
2012-04-20 04:00:00,34.69147
2012-04-20 05:00:00,34.69147
2012-04-20 06:00:00,34.69147
2012-04-20 07:00:00,34.69147
2012-04-20 08:00:00,34.69147
2012-04-20 09:00:00,34.69147
2012-04-20 10:00:00,34.69147
2012-04-20 11:00:00,34.69147
2012-04-20 12:00:00,682.72754
2012-04-20 13:00:00,1466.4105
2012-04-20 14:00:00,1438.1351
2012-04-20 15:00:00,1322.9983
2012-04-20 16:00:00,1476.3289
2012-04-20 17:00:00,1286.9225
2012-04-20 18:00:00,1133.592
2012-04-20 19:00:00,1016.33704
2012-04-20 20:00:00,567.5505
2012-04-20 21:00:00,62.565384
2012-04-20 22:00:00,34.69147
2012-04-20 23:00:00,34.69147
2012-04-21 00:00:00,34.69147
2012-04-21 01:00:00,34.69147
2012-04-21 02:00:00,34.69147
2012-04-21 03:00:00,34.69147
2012-04-21 04:00:00,34.69147
2012-04-21 05:00:00,34.69147
2012-04-21 06:00:00,34.69147
2012-04-21 07:00:00,34.69147
2012-04-21 08:00:00,34.69147
2012-04-21 09:00:00,34.69147
2012-04-21 10:00:00,462.38937
2012-04-21 11:00:00,597.682
2012-04-21 12:00:00,896.8077
2012-04-21 13:00:00,1050.1382
2012-04-21 14:00:00,1524.0547
2012-04-21 15:00:00,2087.0188
2012-04-21 16:00:00,1785.0172
2012-04-21 17:00:00,2930.6155
2012-04-21 18:00:00,1453.5143
2012-04-21 19:00:00,34.69147
2012-04-21 20:00:00,34.69147
2012-04-21 21:00:00,34.69147
2012-04-21 22:00:00,34.69147
2012-04-21 23:00:00,34.69147
2012-04-22 00:00:00,34.69147
2012-04-22 01:00:00,34.69147
2012-04-22 02:00:00,34.69147
2012-04-22 03:00:00,34.69147
2012-04-22 04:00:00,34.69147
2012-04-22 05:00:00,34.69147
2012-04-22 06:00:00,34.69147
2012-04-22 07:00:00,34.69147
2012-04-22 08:00:00,34.69147
2012-04-22 09:00:00,34.69147
2012-04-22 10:00:00,34.69147
2012-04-22 11:00:00,34.69147
2012-04-22 12:00:00,34.69147
2012-04-22 13:00:00,34.69147
2012-04-22 14:00:00,34.69147
2012-04-22 15:00:00,34.69147
2012-04-22 16:00:00,34.69147
2012-04-22 17:00:00,34.69147
2012-04-22 18:00:00,34.69147
2012-04-22 19:00:00,34.69147
2012-04-22 20:00:00,34.69147
2012-04-22 21:00:00,34.69147
2012-04-22 22:00:00,34.69147
2012-04-22 23:00:00,34.69147
2012-04-23 00:00:00,34.69147
2012-04-23 01:00:00,34.69147
2012-04-23 02:00:00,34.69147
2012-04-23 03:00:00,34.69147
2012-04-23 04:00:00,34.69147
2012-04-23 05:00:00,34.69147
2012-04-23 06:00:00,34.69147
2012-04-23 07:00:00,34.69147
2012-04-23 08:00:00,34.69147
2012-04-23 09:00:00,34.69147
2012-04-23 10:00:00,34.69147
2012-04-23 11:00:00,34.69147
2012-04-23 12:00:00,34.69147
2012-04-23 13:00:00,34.69147
2012-04-23 14:00:00,34.69147
2012-04-23 15:00:00,34.69147
2012-04-23 16:00:00,34.69147
2012-04-23 17:00:00,34.69147
2012-04-23 18:00:00,34.69147
2012-04-23 19:00:00,34.69147
2012-04-23 20:00:00,34.69147
2012-04-23 21:00:00,34.69147
2012-04-23 22:00:00,34.69147
2012-04-23 23:00:00,34.69147
2012-04-24 00:00:00,34.69147
2012-04-24 01:00:00,34.69147
2012-04-24 02:00:00,34.69147
2012-04-24 03:00:00,34.69147
2012-04-24 04:00:00,34.69147
2012-04-24 05:00:00,34.69147
2012-04-24 06:00:00,34.69147
2012-04-24 07:00:00,34.69147
2012-04-24 08:00:00,34.69147
2012-04-24 09:00:00,193.7109
2012-04-24 10:00:00,229.77238
2012-04-24 11:00:00,1195.567
2012-04-24 12:00:00,1470.741
2012-04-24 13:00:00,1592.7827
2012-04-24 14:00:00,1898.2567
2012-04-24 15:00:00,2070.8245
2012-04-24 16:00:00,1921.8289
2012-04-24 17:00:00,2249.7993
2012-04-24 18:00:00,2174.5732
2012-04-24 19:00:00,2343.3992
2012-04-24 20:00:00,2041.9617
2012-04-24 21:00:00,1277.2048
2012-04-24 22:00:00,867.8073
2012-04-24 23:00:00,658.7414
2012-04-25 00:00:00,782.70685
2012-04-25 01:00:00,567.6417
2012-04-25 02:00:00,34.69147
2012-04-25 03:00:00,34.69147
2012-04-25 04:00:00,34.69147
2012-04-25 05:00:00,34.69147
2012-04-25 06:00:00,34.69147
2012-04-25 07:00:00,34.69147
2012-04-25 08:00:00,34.69147
2012-04-25 09:00:00,44.073658
2012-04-25 10:00:00,1303.0205
2012-04-25 11:00:00,1333.7308
2012-04-25 12:00:00,1844.4849
2012-04-25 13:00:00,2079.536
2012-04-25 14:00:00,2474.3806
2012-04-25 15:00:00,2696.825
2012-04-25 16:00:00,2971.5718
2012-04-25 17:00:00,2951.6746
2012-04-25 18:00:00,2941.7593
2012-04-25 19:00:00,2882.1343
2012-04-25 20:00:00,2295.6394
2012-04-25 21:00:00,485.89395
2012-04-25 22:00:00,494.46967
2012-04-25 23:00:00,470.34412
2012-04-26 00:00:00,34.69147
2012-04-26 01:00:00,510.03616
2012-04-26 02:00:00,207.36925
2012-04-26 03:00:00,213.29329
2012-04-26 04:00:00,77.706215
2012-04-26 05:00:00,34.69147
2012-04-26 06:00:00,34.69147
2012-04-26 07:00:00,34.69147
2012-04-26 08:00:00,34.69147
2012-04-26 09:00:00,34.69147
2012-04-26 10:00:00,34.69147
2012-04-26 11:00:00,34.69147
2012-04-26 12:00:00,34.69147
2012-04-26 13:00:00,34.69147
2012-04-26 14:00:00,34.69147
2012-04-26 15:00:00,34.69147
2012-04-26 16:00:00,34.69147
2012-04-26 17:00:00,34.69147
2012-04-26 18:00:00,34.69147
2012-04-26 19:00:00,34.69147
2012-04-26 20:00:00,34.69147
2012-04-26 21:00:00,34.69147
2012-04-26 22:00:00,34.69147
2012-04-26 23:00:00,34.69147
2012-04-27 00:00:00,69.08813
2012-04-27 01:00:00,163.06972
2012-04-27 02:00:00,116.35633
2012-04-27 03:00:00,296.20407
2012-04-27 04:00:00,340.99588
2012-04-27 05:00:00,313.08682
2012-04-27 06:00:00,301.00122
2012-04-27 07:00:00,77.09752
2012-04-27 08:00:00,103.423195
2012-04-27 09:00:00,317.21237
2012-04-27 10:00:00,614.447
2012-04-27 11:00:00,650.4826
2012-04-27 12:00:00,810.7514
2012-04-27 13:00:00,1041.9626
2012-04-27 14:00:00,1001.3008
2012-04-27 15:00:00,1784.6931
2012-04-27 16:00:00,1625.7704
2012-04-27 17:00:00,2219.499
2012-04-27 18:00:00,2000.7968
2012-04-27 19:00:00,1745.5197
2012-04-27 20:00:00,1124.4202
2012-04-27 21:00:00,874.4804
2012-04-27 22:00:00,592.6695
2012-04-27 23:00:00,420.4025
2012-04-28 00:00:00,256.30978
2012-04-28 01:00:00,34.69147
2012-04-28 02:00:00,114.696526
2012-04-28 03:00:00,34.69147
2012-04-28 04:00:00,34.69147
2012-04-28 05:00:00,34.69147
2012-04-28 06:00:00,34.69147
2012-04-28 07:00:00,34.69147
2012-04-28 08:00:00,390.35376
2012-04-28 09:00:00,583.5529
2012-04-28 10:00:00,390.26535
2012-04-28 11:00:00,414.30243
2012-04-28 12:00:00,329.20193
2012-04-28 13:00:00,671.4425
2012-04-28 14:00:00,662.5088
2012-04-28 15:00:00,487.25916
2012-04-28 16:00:00,726.3132
2012-04-28 17:00:00,535.2851
2012-04-28 18:00:00,259.4744
2012-04-28 19:00:00,34.69147
2012-04-28 20:00:00,34.69147
2012-04-28 21:00:00,34.69147
2012-04-28 22:00:00,34.69147
2012-04-28 23:00:00,34.69147
2012-04-29 00:00:00,34.69147
2012-04-29 01:00:00,34.69147
2012-04-29 02:00:00,34.69147
2012-04-29 03:00:00,34.69147
2012-04-29 04:00:00,34.69147
2012-04-29 05:00:00,34.69147
2012-04-29 06:00:00,34.69147
2012-04-29 07:00:00,34.69147
2012-04-29 08:00:00,34.69147
2012-04-29 09:00:00,34.69147
2012-04-29 10:00:00,34.69147
2012-04-29 11:00:00,328.86307
2012-04-29 12:00:00,671.4205
2012-04-29 13:00:00,716.51215
2012-04-29 14:00:00,1400.6769
2012-04-29 15:00:00,1306.9113
2012-04-29 16:00:00,2334.5408
2012-04-29 17:00:00,2542.7854
2012-04-29 18:00:00,2546.9026
2012-04-29 19:00:00,1391.695
2012-04-29 20:00:00,1536.8679
2012-04-29 21:00:00,665.2279
2012-04-29 22:00:00,758.5871
2012-04-29 23:00:00,84.27574
2012-04-30 00:00:00,34.69147
2012-04-30 01:00:00,34.69147
2012-04-30 02:00:00,34.69147
2012-04-30 03:00:00,34.69147
2012-04-30 04:00:00,34.69147
2012-04-30 05:00:00,34.69147
2012-04-30 06:00:00,174.1902
2012-04-30 07:00:00,109.81364
2012-04-30 08:00:00,317.26404
2012-04-30 09:00:00,329.21442
2012-04-30 10:00:00,513.4798
2012-04-30 11:00:00,498.23117
2012-04-30 12:00:00,359.05725
2012-04-30 13:00:00,382.86066
2012-04-30 14:00:00,282.7791
2012-04-30 15:00:00,382.66708
2012-04-30 16:00:00,298.0951
2012-04-30 17:00:00,310.09354
2012-04-30 18:00:00,298.28336
2012-04-30 19:00:00,119.816216
2012-04-30 20:00:00,188.01022
2012-04-30 21:00:00,188.01022
2012-04-30 22:00:00,358.62994
2012-04-30 23:00:00,334.59293
2012-05-20 00:00:00,728.5297
2012-05-20 01:00:00,725.1069
2012-05-20 02:00:00,725.1069
2012-05-20 03:00:00,431.98038
2012-05-20 04:00:00,34.69147
2012-05-20 05:00:00,34.69147
2012-05-20 06:00:00,48.160027
2012-05-20 07:00:00,34.69147
2012-05-20 08:00:00,489.42755
2012-05-20 09:00:00,2190.836
2012-05-20 10:00:00,2192.5835
2012-05-20 11:00:00,2059.744
2012-05-20 12:00:00,2182.181
2012-05-20 13:00:00,2138.3362
2012-05-20 14:00:00,2177.181
2012-05-20 15:00:00,2078.7515
2012-05-20 16:00:00,1927.7451
2012-05-20 17:00:00,1676.9993
2012-05-20 18:00:00,1310.6123
2012-05-20 19:00:00,675.285
2012-05-20 20:00:00,675.2847
2012-05-20 21:00:00,284.36157
2012-05-20 22:00:00,148.06044
2012-05-20 23:00:00,34.69147
2012-05-21 00:00:00,34.69147
2012-05-21 01:00:00,34.69147
2012-05-21 02:00:00,34.69147
2012-05-21 03:00:00,34.69147
2012-05-21 04:00:00,34.69147
2012-05-21 05:00:00,34.69147
2012-05-21 06:00:00,34.69147
2012-05-21 07:00:00,34.69147
2012-05-21 08:00:00,34.69147
2012-05-21 09:00:00,34.69147
2012-05-21 10:00:00,34.69147
2012-05-21 11:00:00,34.69147
2012-05-21 12:00:00,34.69147
2012-05-21 13:00:00,34.69147
2012-05-21 14:00:00,34.69147
2012-05-21 15:00:00,181.20036
2012-05-21 16:00:00,174.73177
2012-05-21 17:00:00,404.446
2012-05-21 18:00:00,196.051
2012-05-21 19:00:00,458.56754
2012-05-21 20:00:00,353.08652
2012-05-21 21:00:00,344.92917
2012-05-21 22:00:00,120.723465
2012-05-21 23:00:00,134.53874
2012-05-22 00:00:00,34.69147
2012-05-22 01:00:00,34.69147
2012-05-22 02:00:00,34.69147
2012-05-22 03:00:00,34.69147
2012-05-22 04:00:00,34.69147
2012-05-22 05:00:00,34.69147
2012-05-22 06:00:00,34.69147
2012-05-22 07:00:00,34.69147
2012-05-22 08:00:00,34.69147
2012-05-22 09:00:00,34.69147
2012-05-22 10:00:00,34.69147
2012-05-22 11:00:00,34.69147
2012-05-22 12:00:00,34.69147
2012-05-22 13:00:00,249.54286
2012-05-22 14:00:00,207.46783
2012-05-22 15:00:00,973.0752
2012-05-22 16:00:00,879.59247
2012-05-22 17:00:00,1393.7836
2012-05-22 18:00:00,867.594
2012-05-22 19:00:00,404.49417
2012-05-22 20:00:00,174.35242
2012-05-22 21:00:00,34.69147
2012-05-22 22:00:00,121.76643
2012-05-22 23:00:00,117.787056
2012-05-23 00:00:00,34.69147
2012-05-23 01:00:00,34.69147
2012-05-23 02:00:00,34.69147
2012-05-23 03:00:00,34.69147
2012-05-23 04:00:00,34.69147
2012-05-23 05:00:00,34.69147
2012-05-23 06:00:00,34.69147
2012-05-23 07:00:00,34.69147
2012-05-23 08:00:00,34.69147
2012-05-23 09:00:00,34.69147
2012-05-23 10:00:00,34.69147
2012-05-23 11:00:00,237.59268
2012-05-23 12:00:00,470.5179
2012-05-23 13:00:00,229.15388
2012-05-23 14:00:00,698.0267
2012-05-23 15:00:00,1021.10144
2012-05-23 16:00:00,996.97595
2012-05-23 17:00:00,388.9855
2012-05-23 18:00:00,388.9855
2012-05-23 19:00:00,34.69147
2012-05-23 20:00:00,34.69147
2012-05-23 21:00:00,34.69147
2012-05-23 22:00:00,34.69147
2012-05-23 23:00:00,34.69147
2012-05-24 00:00:00,34.69147
2012-05-24 01:00:00,34.69147
2012-05-24 02:00:00,34.69147
2012-05-24 03:00:00,34.69147
2012-05-24 04:00:00,34.69147
2012-05-24 05:00:00,34.69147
2012-05-24 06:00:00,34.69147
2012-05-24 07:00:00,34.69147
2012-05-24 08:00:00,116.78936
2012-05-24 09:00:00,120.34402
2012-05-24 10:00:00,522.6539
2012-05-24 11:00:00,610.1372
2012-05-24 12:00:00,1094.2516
2012-05-24 13:00:00,1327.6714
2012-05-24 14:00:00,1348.7262
2012-05-24 15:00:00,1336.7278
2012-05-24 16:00:00,1294.6527
2012-05-24 17:00:00,1324.6891
2012-05-24 18:00:00,1261.5594
2012-05-24 19:00:00,888.96564
2012-05-24 20:00:00,392.4074
2012-05-24 21:00:00,34.69147
2012-05-24 22:00:00,34.69147
2012-05-24 23:00:00,34.69147
2012-05-25 00:00:00,34.69147
2012-05-25 01:00:00,34.69147
2012-05-25 02:00:00,34.69147
2012-05-25 03:00:00,34.69147
2012-05-25 04:00:00,34.69147
2012-05-25 05:00:00,34.69147
2012-05-25 06:00:00,34.69147
2012-05-25 07:00:00,34.69147
2012-05-25 08:00:00,34.69147
2012-05-25 09:00:00,34.69147
2012-05-25 10:00:00,121.48625
2012-05-25 11:00:00,117.93157
2012-05-25 12:00:00,904.3349
2012-05-25 13:00:00,1088.059
2012-05-25 14:00:00,1257.6262
2012-05-25 15:00:00,1213.2399
2012-05-25 16:00:00,1651.2745
2012-05-25 17:00:00,1177.1641
2012-05-25 18:00:00,1213.2399
2012-05-25 19:00:00,1039.9847
2012-05-25 20:00:00,773.4716
2012-05-25 21:00:00,785.5103
2012-05-25 22:00:00,240.60904
2012-05-25 23:00:00,75.051506
2012-05-26 00:00:00,34.69147
2012-05-26 01:00:00,34.69147
2012-05-26 02:00:00,34.69147
2012-05-26 03:00:00,34.69147
2012-05-26 04:00:00,34.69147
2012-05-26 05:00:00,34.69147
2012-05-26 06:00:00,34.69147
2012-05-26 07:00:00,34.69147
2012-05-26 08:00:00,34.69147
2012-05-26 09:00:00,34.69147
2012-05-26 10:00:00,136.7794
2012-05-26 11:00:00,451.44785
2012-05-26 12:00:00,953.91675
2012-05-26 13:00:00,1115.174
2012-05-26 14:00:00,1103.1353
2012-05-26 15:00:00,1079.0981
2012-05-26 16:00:00,1583.6022
2012-05-26 17:00:00,1660.993
2012-05-26 18:00:00,1597.5468
2012-05-26 19:00:00,965.8671
2012-05-26 20:00:00,1382.4818
2012-05-26 21:00:00,1059.5836
2012-05-26 22:00:00,427.41074
2012-05-26 23:00:00,427.41074
2012-05-27 00:00:00,538.13763
2012-05-27 01:00:00,213.82672
2012-05-27 02:00:00,179.00543
2012-05-27 03:00:00,189.77628
2012-05-27 04:00:00,34.69147
2012-05-27 05:00:00,34.69147
2012-05-27 06:00:00,34.69147
2012-05-27 07:00:00,34.69147
2012-05-27 08:00:00,34.69147
2012-05-27 09:00:00,34.69147
2012-05-27 10:00:00,284.13184
2012-05-27 11:00:00,866.02747
2012-05-27 12:00:00,941.91833
2012-05-27 13:00:00,1392.5739
2012-05-27 14:00:00,1368.5367
2012-05-27 15:00:00,1637.004
2012-05-27 16:00:00,1637.004
2012-05-27 17:00:00,1777.0332
2012-05-27 18:00:00,1350.4989
2012-05-27 19:00:00,1392.5739
2012-05-27 20:00:00,1382.5298
2012-05-27 21:00:00,369.64386
2012-05-27 22:00:00,34.69147
2012-05-27 23:00:00,34.69147
2012-05-28 00:00:00,34.69147
2012-05-28 01:00:00,34.69147
2012-05-28 02:00:00,34.69147
2012-05-28 03:00:00,116.42976
2012-05-28 04:00:00,34.69147
2012-05-28 05:00:00,34.69147
2012-05-28 06:00:00,116.42976
2012-05-28 07:00:00,34.69147
2012-05-28 08:00:00,501.98013
2012-05-28 09:00:00,1016.4879
2012-05-28 10:00:00,1016.4879
2012-05-28 11:00:00,899.6734
2012-05-28 12:00:00,1244.6136
2012-05-28 13:00:00,1502.2797
2012-05-28 14:00:00,1502.2797
2012-05-28 15:00:00,1819.1786
2012-05-28 16:00:00,1807.1398
2012-05-28 17:00:00,1819.1786
2012-05-28 18:00:00,1604.1134
2012-05-28 19:00:00,1712.3524
2012-05-28 20:00:00,1327.7197
2012-05-28 21:00:00,1076.6683
2012-05-28 22:00:00,805.9567
2012-05-28 23:00:00,610.2343
2012-05-29 00:00:00,234.14966
2012-05-29 01:00:00,234.14966
2012-05-29 02:00:00,34.69147
2012-05-29 03:00:00,135.68097
2012-05-29 04:00:00,75.051506
2012-05-29 05:00:00,75.051506
2012-05-29 06:00:00,75.051506
2012-05-29 07:00:00,75.051506
2012-05-29 08:00:00,441.68112
2012-05-29 09:00:00,674.69495
2012-05-29 10:00:00,744.54663
2012-05-29 11:00:00,1171.1649
2012-05-29 12:00:00,1692.9769
2012-05-29 13:00:00,1969.2977
2012-05-29 14:00:00,1989.5944
2012-05-29 15:00:00,2199.7463
2012-05-29 16:00:00,2270.6204
2012-05-29 17:00:00,2390.3777
2012-05-29 18:00:00,2088.4463
2012-05-29 19:00:00,1597.2013
2012-05-29 20:00:00,822.717
2012-05-29 21:00:00,34.69147
2012-05-29 22:00:00,34.69147
2012-05-29 23:00:00,34.69147
2012-05-30 00:00:00,34.69147
2012-05-30 01:00:00,34.69147
2012-05-30 02:00:00,34.69147
2012-05-30 03:00:00,34.69147
2012-05-30 04:00:00,34.69147
2012-05-30 05:00:00,34.69147
2012-05-30 06:00:00,34.69147
2012-05-30 07:00:00,34.69147
2012-05-30 08:00:00,109.187416
2012-05-30 09:00:00,314.84467
2012-05-30 10:00:00,285.9944
2012-05-30 11:00:00,598.0504
2012-05-30 12:00:00,1305.8942
2012-05-30 13:00:00,1433.0697
2012-05-30 14:00:00,1786.6779
2012-05-30 15:00:00,1466.8856
2012-05-30 16:00:00,1454.8469
2012-05-30 17:00:00,1638.2137
2012-05-30 18:00:00,1608.1775
2012-05-30 19:00:00,1327.6714
2012-05-30 20:00:00,246.59908
2012-05-30 21:00:00,1049.16
2012-05-30 22:00:00,452.56833
2012-05-30 23:00:00,622.1357
2012-05-31 00:00:00,353.08652
2012-05-31 01:00:00,371.08414
2012-05-31 02:00:00,540.6516
2012-05-31 03:00:00,344.92917
2012-05-31 04:00:00,381.00494
2012-05-31 05:00:00,284.92743
2012-05-31 06:00:00,115.90534
2012-05-31 07:00:00,452.62283
2012-05-31 08:00:00,848.88763
2012-05-31 09:00:00,1325.1162
2012-05-31 10:00:00,2051.8857
2012-05-31 11:00:00,2257.124
2012-05-31 12:00:00,2196.8618
2012-05-31 13:00:00,2372.682
2012-05-31 14:00:00,2840.4832
2012-05-31 15:00:00,2757.2864
2012-05-31 16:00:00,2747.371
2012-05-31 17:00:00,2820.6526
2012-05-31 18:00:00,2794.415
2012-05-31 19:00:00,2406.7742
2012-05-31 20:00:00,1576.2169
2012-05-31 21:00:00,1576.2169
2012-05-31 22:00:00,1233.9761
2012-05-31 23:00:00,1040.3717
2012-06-20 00:00:00,234.14966
2012-06-20 01:00:00,125.02894
2012-06-20 02:00:00,34.69147
2012-06-20 03:00:00,34.69147
2012-06-20 04:00:00,34.69147
2012-06-20 05:00:00,34.69147
2012-06-20 06:00:00,34.69147
2012-06-20 07:00:00,34.69147
2012-06-20 08:00:00,277.70786
2012-06-20 09:00:00,680.96014
2012-06-20 10:00:00,1985.7861
2012-06-20 11:00:00,2190.3706
2012-06-20 12:00:00,2446.1375
2012-06-20 13:00:00,2576.343
2012-06-20 14:00:00,3142.4827
2012-06-20 15:00:00,3441.295
2012-06-20 16:00:00,3510.8347
2012-06-20 17:00:00,3288.1394
2012-06-20 18:00:00,3288.1394
2012-06-20 19:00:00,3275.2417
2012-06-20 20:00:00,2980.2363
2012-06-20 21:00:00,2383.787
2012-06-20 22:00:00,2190.8079
2012-06-20 23:00:00,1525.669
2012-06-21 00:00:00,796.1711
2012-06-21 01:00:00,370.4918
2012-06-21 02:00:00,382.49026
2012-06-21 03:00:00,636.52435
2012-06-21 04:00:00,83.48968
2012-06-21 05:00:00,85.26106
2012-06-21 06:00:00,83.86911
2012-06-21 07:00:00,83.86911
2012-06-21 08:00:00,832.2468
2012-06-21 09:00:00,1714.6052
2012-06-21 10:00:00,2180.3647
2012-06-21 11:00:00,2795.9128
2012-06-21 12:00:00,3539.2173
2012-06-21 13:00:00,3410.119
2012-06-21 14:00:00,3184.5076
2012-06-21 15:00:00,3794.1655
2012-06-21 16:00:00,3499.4897
2012-06-21 17:00:00,3074.5562
2012-06-21 18:00:00,2836.528
2012-06-21 19:00:00,3131.2039
2012-06-21 20:00:00,2606.1257
2012-06-21 21:00:00,1929.2642
2012-06-21 22:00:00,1510.5317
2012-06-21 23:00:00,1648.4008
2012-06-22 00:00:00,951.3404
2012-06-22 01:00:00,764.7218
2012-06-22 02:00:00,512.0489
2012-06-22 03:00:00,512.0489
2012-06-22 04:00:00,1162.9828
2012-06-22 05:00:00,977.68866
2012-06-22 06:00:00,1013.76447
2012-06-22 07:00:00,1213.1022
2012-06-22 08:00:00,1440.206
2012-06-22 09:00:00,1338.2832
2012-06-22 10:00:00,1735.3495
2012-06-22 11:00:00,1919.2201
2012-06-22 12:00:00,2168.3665
2012-06-22 13:00:00,3131.2039
2012-06-22 14:00:00,3131.2039
2012-06-22 15:00:00,3648.4856
2012-06-22 16:00:00,3804.4885
2012-06-22 17:00:00,2685.2996
2012-06-22 18:00:00,1726.5555
2012-06-22 19:00:00,1315.5582
2012-06-22 20:00:00,1315.5582
2012-06-22 21:00:00,629.3293
2012-06-22 22:00:00,495.97412
2012-06-22 23:00:00,262.1491
2012-06-23 00:00:00,34.69147
2012-06-23 01:00:00,75.77051
2012-06-23 02:00:00,34.69147
2012-06-23 03:00:00,34.69147
2012-06-23 04:00:00,34.69147
2012-06-23 05:00:00,34.69147
2012-06-23 06:00:00,34.69147
2012-06-23 07:00:00,34.69147
2012-06-23 08:00:00,469.66513
2012-06-23 09:00:00,1015.148
2012-06-23 10:00:00,1338.0461
2012-06-23 11:00:00,1648.9054
2012-06-23 12:00:00,2258.406
2012-06-23 13:00:00,3010.0767
2012-06-23 14:00:00,2821.594
2012-06-23 15:00:00,3467.325
2012-06-23 16:00:00,3692.8008
2012-06-23 17:00:00,3600.652
2012-06-23 18:00:00,3630.4646
2012-06-23 19:00:00,3362.5142
2012-06-23 20:00:00,2934.6033
2012-06-23 21:00:00,2620.0967
2012-06-23 22:00:00,2170.7048
2012-06-23 23:00:00,1733.2488
2012-06-24 00:00:00,1410.351
2012-06-24 01:00:00,1171.5665
2012-06-24 02:00:00,1334.8177
2012-06-24 03:00:00,617.3665
2012-06-24 04:00:00,653.44226
2012-06-24 05:00:00,304.2128
2012-06-24 06:00:00,487.89645
2012-06-24 07:00:00,342.36618
2012-06-24 08:00:00,1113.608
2012-06-24 09:00:00,1498.2405
2012-06-24 10:00:00,2078.1892
2012-06-24 11:00:00,2142.96
2012-06-24 12:00:00,2924.2
2012-06-24 13:00:00,2963.928
2012-06-24 14:00:00,3447.4277
2012-06-24 15:00:00,3672.5627
2012-06-24 16:00:00,3417.6155
2012-06-24 17:00:00,3264.8782
2012-06-24 18:00:00,3049.8047
2012-06-24 19:00:00,2651.7063
2012-06-24 20:00:00,1886.2112
2012-06-24 21:00:00,1413.8969
2012-06-24 22:00:00,1374.0817
2012-06-24 23:00:00,1246.9061
2012-06-25 00:00:00,981.34436
2012-06-25 01:00:00,716.9493
2012-06-25 02:00:00,504.99014
2012-06-25 03:00:00,447.89984
2012-06-25 04:00:00,81.769516
2012-06-25 05:00:00,196.70523
2012-06-25 06:00:00,34.69147
2012-06-25 07:00:00,195.68492
2012-06-25 08:00:00,384.0474
2012-06-25 09:00:00,728.9879
2012-06-25 10:00:00,1428.1672
2012-06-25 11:00:00,2346.6077
2012-06-25 12:00:00,1871.2468
2012-06-25 13:00:00,1368.2882
2012-06-25 14:00:00,2113.532
2012-06-25 15:00:00,2575.5774
2012-06-25 16:00:00,3182.9512
2012-06-25 17:00:00,3707.0737
2012-06-25 18:00:00,3283.6743
2012-06-25 19:00:00,3171.1528
2012-06-25 20:00:00,2869.7954
2012-06-25 21:00:00,2545.8616
2012-06-25 22:00:00,2599.6213
2012-06-25 23:00:00,2192.0833
2012-06-26 00:00:00,2129.747
2012-06-26 01:00:00,1954.4017
2012-06-26 02:00:00,950.1953
2012-06-26 03:00:00,777.9283
2012-06-26 04:00:00,771.92883
2012-06-26 05:00:00,520.788
2012-06-26 06:00:00,392.98685
2012-06-26 07:00:00,377.04272
2012-06-26 08:00:00,677.80634
2012-06-26 09:00:00,856.8359
2012-06-26 10:00:00,1536.4528
2012-06-26 11:00:00,2022.5363
2012-06-26 12:00:00,2257.5066
2012-06-26 13:00:00,2757.6692
2012-06-26 14:00:00,2757.6692
2012-06-26 15:00:00,3032.448
2012-06-26 16:00:00,3145.3103
2012-06-26 17:00:00,3002.6355
2012-06-26 18:00:00,2962.908
2012-06-26 19:00:00,2873.537
2012-06-26 20:00:00,2638.4863
2012-06-26 21:00:00,2210.8542
2012-06-26 22:00:00,2128.3416
2012-06-26 23:00:00,1542.746
2012-06-27 00:00:00,1518.709
2012-06-27 01:00:00,1419.7687
2012-06-27 02:00:00,755.9571
2012-06-27 03:00:00,989.01984
2012-06-27 04:00:00,1510.9086
2012-06-27 05:00:00,1371.6946
2012-06-27 06:00:00,910.90936
2012-06-27 07:00:00,1341.6581
2012-06-27 08:00:00,1379.8118
2012-06-27 09:00:00,1662.1512
2012-06-27 10:00:00,2083.9165
2012-06-27 11:00:00,2852.6768
2012-06-27 12:00:00,3031.585
2012-06-27 13:00:00,3448.6975
2012-06-27 14:00:00,3637.5332
2012-06-27 15:00:00,3614.4373
2012-06-27 16:00:00,3819.595
2012-06-27 17:00:00,3779.8672
2012-06-27 18:00:00,3448.6975
2012-06-27 19:00:00,3173.5237
2012-06-27 20:00:00,2809.3079
2012-06-27 21:00:00,2341.506
2012-06-27 22:00:00,1940.9463
2012-06-27 23:00:00,1428.5947
2012-06-28 00:00:00,1225.5278
2012-06-28 01:00:00,1098.0355
2012-06-28 02:00:00,1231.5271
2012-06-28 03:00:00,1231.5271
2012-06-28 04:00:00,645.5792
2012-06-28 05:00:00,882.4741
2012-06-28 06:00:00,882.4741
2012-06-28 07:00:00,645.5792
2012-06-28 08:00:00,1213.5294
2012-06-28 09:00:00,1207.2968
2012-06-28 10:00:00,1563.6938
2012-06-28 11:00:00,3053.7861
2012-06-28 12:00:00,3679.6313
2012-06-28 13:00:00,3822.0457
2012-06-28 14:00:00,3908.2498
2012-06-28 15:00:00,3908.2498
2012-06-28 16:00:00,4093.591
2012-06-28 17:00:00,4169.96
2012-06-28 18:00:00,3838.7092
2012-06-28 19:00:00,3444.1736
2012-06-28 20:00:00,3006.8232
2012-06-28 21:00:00,1416.1688
2012-06-28 22:00:00,1555.3428
2012-06-28 23:00:00,1587.7308
2012-06-29 00:00:00,1587.7308
2012-06-29 01:00:00,1448.5166
2012-06-29 02:00:00,1113.6202
2012-06-29 03:00:00,1113.6202
2012-06-29 04:00:00,740.9863
2012-06-29 05:00:00,934.59076
2012-06-29 06:00:00,922.5041
2012-06-29 07:00:00,934.59076
2012-06-29 08:00:00,1376.2651
2012-06-29 09:00:00,1428.1672
2012-06-29 10:00:00,3362.989
2012-06-29 11:00:00,3187.85
2012-06-29 12:00:00,3502.832
2012-06-29 13:00:00,3674.3967
2012-06-29 14:00:00,4029.173
2012-06-29 15:00:00,3880.1775
2012-06-29 16:00:00,3880.1775
2012-06-29 17:00:00,4284.0547
2012-06-29 18:00:00,4082.1138
2012-06-29 19:00:00,2860.05
2012-06-29 20:00:00,3406.019
2012-06-29 21:00:00,2197.2585
2012-06-29 22:00:00,1732.9806
2012-06-29 23:00:00,1732.9806
2012-06-30 00:00:00,34.69147
2012-06-30 01:00:00,34.69147
2012-06-30 02:00:00,34.69147
2012-06-30 03:00:00,34.69147
2012-06-30 04:00:00,34.69147
2012-06-30 05:00:00,34.69147
2012-06-30 06:00:00,34.69147
2012-06-30 07:00:00,34.69147
2012-06-30 08:00:00,34.69147
2012-06-30 09:00:00,34.69147
2012-06-30 10:00:00,3721.7988
2012-06-30 11:00:00,3721.7988
2012-06-30 12:00:00,3721.7988
2012-06-30 13:00:00,3721.7988
2012-06-30 14:00:00,3721.7988
2012-06-30 15:00:00,3721.7988
2012-06-30 16:00:00,3861.0461
2012-06-30 17:00:00,3489.6062
2012-06-30 18:00:00,3231.2307
2012-06-30 19:00:00,2467.508
2012-06-30 20:00:00,1951.0287
2012-06-30 21:00:00,1951.0287
2012-06-30 22:00:00,1351.7374
2012-06-30 23:00:00,1381.7739
2012-07-20 00:00:00,34.69147
2012-07-20 01:00:00,34.69147
2012-07-20 02:00:00,34.69147
2012-07-20 03:00:00,34.69147
2012-07-20 04:00:00,34.69147
2012-07-20 05:00:00,34.69147
2012-07-20 06:00:00,34.69147
2012-07-20 07:00:00,34.69147
2012-07-20 08:00:00,39.205597
2012-07-20 09:00:00,235.75015
2012-07-20 10:00:00,227.7648
2012-07-20 11:00:00,582.3144
2012-07-20 12:00:00,39.58504
2012-07-20 13:00:00,34.69147
2012-07-20 14:00:00,93.11723
2012-07-20 15:00:00,108.703926
2012-07-20 16:00:00,58.72631
2012-07-20 17:00:00,34.69147
2012-07-20 18:00:00,91.02952
2012-07-20 19:00:00,34.69147
2012-07-20 20:00:00,34.69147
2012-07-20 21:00:00,34.69147
2012-07-20 22:00:00,34.69147
2012-07-20 23:00:00,34.69147
2012-07-21 00:00:00,34.69147
2012-07-21 01:00:00,34.69147
2012-07-21 02:00:00,34.69147
2012-07-21 03:00:00,34.69147
2012-07-21 04:00:00,34.69147
2012-07-21 05:00:00,34.69147
2012-07-21 06:00:00,34.69147
2012-07-21 07:00:00,34.69147
2012-07-21 08:00:00,34.69147
2012-07-21 09:00:00,34.69147
2012-07-21 10:00:00,34.69147
2012-07-21 11:00:00,34.69147
2012-07-21 12:00:00,34.69147
2012-07-21 13:00:00,34.69147
2012-07-21 14:00:00,34.69147
2012-07-21 15:00:00,34.69147
2012-07-21 16:00:00,34.69147
2012-07-21 17:00:00,34.69147
2012-07-21 18:00:00,34.69147
2012-07-21 19:00:00,34.69147
2012-07-21 20:00:00,34.69147
2012-07-21 21:00:00,34.69147
2012-07-21 22:00:00,34.69147
2012-07-21 23:00:00,34.69147
2012-07-22 00:00:00,34.69147
2012-07-22 01:00:00,34.69147
2012-07-22 02:00:00,34.69147
2012-07-22 03:00:00,34.69147
2012-07-22 04:00:00,34.69147
2012-07-22 05:00:00,34.69147
2012-07-22 06:00:00,34.69147
2012-07-22 07:00:00,34.69147
2012-07-22 08:00:00,34.69147
2012-07-22 09:00:00,483.8749
2012-07-22 10:00:00,271.91574
2012-07-22 11:00:00,271.91574
2012-07-22 12:00:00,574.7814
2012-07-22 13:00:00,792.7397
2012-07-22 14:00:00,881.6162
2012-07-22 15:00:00,881.6162
2012-07-22 16:00:00,969.50574
2012-07-22 17:00:00,921.43146
2012-07-22 18:00:00,945.46844
2012-07-22 19:00:00,688.0117
2012-07-22 20:00:00,430.9609
2012-07-22 21:00:00,244.32605
2012-07-22 22:00:00,418.96252
2012-07-22 23:00:00,132.85735
2012-07-23 00:00:00,34.69147
2012-07-23 01:00:00,34.69147
2012-07-23 02:00:00,34.69147
2012-07-23 03:00:00,34.69147
2012-07-23 04:00:00,34.69147
2012-07-23 05:00:00,34.69147
2012-07-23 06:00:00,34.69147
2012-07-23 07:00:00,88.80376
2012-07-23 08:00:00,382.49026
2012-07-23 09:00:00,681.8848
2012-07-23 10:00:00,1420.0336
2012-07-23 11:00:00,1803.9946
2012-07-23 12:00:00,1803.9946
2012-07-23 13:00:00,1828.0321
2012-07-23 14:00:00,1481.0968
2012-07-23 15:00:00,1714.6052
2012-07-23 16:00:00,1953.301
2012-07-23 17:00:00,1953.301
2012-07-23 18:00:00,2158.3223
2012-07-23 19:00:00,1756.0088
2012-07-23 20:00:00,1192.753
2012-07-23 21:00:00,1180.7545
2012-07-23 22:00:00,1031.5364
2012-07-23 23:00:00,847.81256
2012-07-24 00:00:00,433.23297
2012-07-24 01:00:00,124.66155
2012-07-24 02:00:00,34.69147
2012-07-24 03:00:00,34.69147
2012-07-24 04:00:00,34.69147
2012-07-24 05:00:00,34.69147
2012-07-24 06:00:00,34.69147
2012-07-24 07:00:00,421.19427
2012-07-24 08:00:00,754.1363
2012-07-24 09:00:00,2114.201
2012-07-24 10:00:00,1779.3566
2012-07-24 11:00:00,2006.7109
2012-07-24 12:00:00,1821.3429
2012-07-24 13:00:00,2005.966
2012-07-24 14:00:00,2036.002
2012-07-24 15:00:00,2107.544
2012-07-24 16:00:00,1672.5302
2012-07-24 17:00:00,1725.9323
2012-07-24 18:00:00,1126.641
2012-07-24 19:00:00,1192.753
2012-07-24 20:00:00,935.7019
2012-07-24 21:00:00,911.665
2012-07-24 22:00:00,899.66644
2012-07-24 23:00:00,1146.9901
2012-07-25 00:00:00,1071.5454
2012-07-25 01:00:00,1025.7308
2012-07-25 02:00:00,799.03314
2012-07-25 03:00:00,541.5762
2012-07-25 04:00:00,454.09286
2012-07-25 05:00:00,478.1299
2012-07-25 06:00:00,466.13147
2012-07-25 07:00:00,1135.3787
2012-07-25 08:00:00,1699.8351
2012-07-25 09:00:00,2235.8635
2012-07-25 10:00:00,2096.4016
2012-07-25 11:00:00,2526.4924
2012-07-25 12:00:00,2526.4924
2012-07-25 13:00:00,2911.5188
2012-07-25 14:00:00,3166.7957
2012-07-25 15:00:00,2861.876
2012-07-25 16:00:00,3186.6926
2012-07-25 17:00:00,2924.6877
2012-07-25 18:00:00,3319.5325
2012-07-25 19:00:00,2616.843
2012-07-25 20:00:00,1977.7897
2012-07-25 21:00:00,1627.017
2012-07-25 22:00:00,1049.768
2012-07-25 23:00:00,938.56396
2012-07-26 00:00:00,553.6147
2012-07-26 01:00:00,541.5762
2012-07-26 02:00:00,362.32678
2012-07-26 03:00:00,372.00882
2012-07-26 04:00:00,192.13026
2012-07-26 05:00:00,192.13026
2012-07-26 06:00:00,81.769516
2012-07-26 07:00:00,385.15872
2012-07-26 08:00:00,397.1091
2012-07-26 09:00:00,702.23413
2012-07-26 10:00:00,742.0976
2012-07-26 11:00:00,1420.6477
2012-07-26 12:00:00,1946.6122
2012-07-26 13:00:00,2165.094
2012-07-26 14:00:00,2900.7117
2012-07-26 15:00:00,3435.8318
2012-07-26 16:00:00,3803.5615
2012-07-26 17:00:00,3104.039
2012-07-26 18:00:00,3568.5913
2012-07-26 19:00:00,3044.4807
2012-07-26 20:00:00,2305.4475
2012-07-26 21:00:00,2136.758
2012-07-26 22:00:00,2136.758
2012-07-26 23:00:00,690.2838
2012-07-27 00:00:00,744.35724
2012-07-27 01:00:00,702.2822
2012-07-27 02:00:00,226.69792
2012-07-27 03:00:00,421.19424
2012-07-27 04:00:00,275.34717
2012-07-27 05:00:00,73.041214
2012-07-27 06:00:00,275.34717
2012-07-27 07:00:00,666.24664
2012-07-27 08:00:00,1114.9568
2012-07-27 09:00:00,2097.3955
2012-07-27 10:00:00,2245.4888
2012-07-27 11:00:00,2344.3909
2012-07-27 12:00:00,2271.032
2012-07-27 13:00:00,2313.8772
2012-07-27 14:00:00,2506.4338
2012-07-27 15:00:00,2856.425
2012-07-27 16:00:00,2273.2153
2012-07-27 17:00:00,2896.1526
2012-07-27 18:00:00,2186.9395
2012-07-27 19:00:00,1929.2642
2012-07-27 20:00:00,1493.1836
2012-07-27 21:00:00,1493.1836
2012-07-27 22:00:00,1481.185
2012-07-27 23:00:00,1151.0326
2012-07-28 00:00:00,1065.3402
2012-07-28 01:00:00,718.04816
2012-07-28 02:00:00,754.12396
2012-07-28 03:00:00,754.12396
2012-07-28 04:00:00,220.42305
2012-07-28 05:00:00,132.85735
2012-07-28 06:00:00,562.83093
2012-07-28 07:00:00,700.0505
2012-07-28 08:00:00,945.46844
2012-07-28 09:00:00,1502.9502
2012-07-28 10:00:00,1926.9921
2012-07-28 11:00:00,2770.1726
2012-07-28 12:00:00,2677.5364
2012-07-28 13:00:00,2899.4065
2012-07-28 14:00:00,2972.1453
2012-07-28 15:00:00,3588.9585
2012-07-28 16:00:00,2952.315
2012-07-28 17:00:00,2210.3643
2012-07-28 18:00:00,2441.8635
2012-07-28 19:00:00,34.69147
2012-07-28 20:00:00,34.69147
2012-07-28 21:00:00,70.456406
2012-07-28 22:00:00,70.456406
2012-07-28 23:00:00,34.69147
2012-07-29 00:00:00,34.69147
2012-07-29 01:00:00,34.69147
2012-07-29 02:00:00,214.36017
2012-07-29 03:00:00,381.7754
2012-07-29 04:00:00,310.04092
2012-07-29 05:00:00,34.69147
2012-07-29 06:00:00,175.08337
2012-07-29 07:00:00,371.9962
2012-07-29 08:00:00,726.7159
2012-07-29 09:00:00,991.1109
2012-07-29 10:00:00,1119.4138
2012-07-29 11:00:00,1413.8969
2012-07-29 12:00:00,1371.822
2012-07-29 13:00:00,1904.9495
2012-07-29 14:00:00,2027.9572
2012-07-29 15:00:00,2217.7444
2012-07-29 16:00:00,2217.7444
2012-07-29 17:00:00,2514.1726
2012-07-29 18:00:00,2422.6003
2012-07-29 19:00:00,1437.934
2012-07-29 20:00:00,969.50574
2012-07-29 21:00:00,700.0505
2012-07-29 22:00:00,562.83093
2012-07-29 23:00:00,604.90607
2012-07-30 00:00:00,451.23068
2012-07-30 01:00:00,487.30646
2012-07-30 02:00:00,338.08838
2012-07-30 03:00:00,34.69147
2012-07-30 04:00:00,34.69147
2012-07-30 05:00:00,34.69147
2012-07-30 06:00:00,34.69147
2012-07-30 07:00:00,239.27135
2012-07-30 08:00:00,606.3998
2012-07-30 09:00:00,844.1971
2012-07-30 10:00:00,923.61505
2012-07-30 11:00:00,1601.3748
2012-07-30 12:00:00,1398.308
2012-07-30 13:00:00,1919.2201
2012-07-30 14:00:00,1895.1827
2012-07-30 15:00:00,1894.6233
2012-07-30 16:00:00,1914.9884
2012-07-30 17:00:00,1362.0553
2012-07-30 18:00:00,1260.1727
2012-07-30 19:00:00,1941.2622
2012-07-30 20:00:00,654.2081
2012-07-30 21:00:00,666.24664
2012-07-30 22:00:00,409.10764
2012-07-30 23:00:00,409.19586
2012-07-31 00:00:00,121.106895
2012-07-31 01:00:00,34.69147
2012-07-31 02:00:00,34.69147
2012-07-31 03:00:00,34.69147
2012-07-31 04:00:00,34.69147
2012-07-31 05:00:00,34.69147
2012-07-31 06:00:00,34.69147
2012-07-31 07:00:00,45.923607
2012-07-31 08:00:00,226.6977
2012-07-31 09:00:00,702.2822
2012-07-31 10:00:00,913.9245
2012-07-31 11:00:00,1428.4324
2012-07-31 12:00:00,2051.1792
2012-07-31 13:00:00,1678.5294
2012-07-31 14:00:00,1678.5294
2012-07-31 15:00:00,1204.7916
2012-07-31 16:00:00,1338.2832
2012-07-31 17:00:00,1618.7893
2012-07-31 18:00:00,1380.0933
2012-07-31 19:00:00,989.3251
2012-07-31 20:00:00,540.9293
2012-07-31 21:00:00,128.20424
2012-07-31 22:00:00,251.06621
2012-07-31 23:00:00,34.69147
2012-08-20 00:00:00,34.69147
2012-08-20 01:00:00,34.69147
2012-08-20 02:00:00,34.69147
2012-08-20 03:00:00,34.69147
2012-08-20 04:00:00,34.69147
2012-08-20 05:00:00,34.69147
2012-08-20 06:00:00,34.69147
2012-08-20 07:00:00,34.69147
2012-08-20 08:00:00,116.80141
2012-08-20 09:00:00,386.6249
2012-08-20 10:00:00,350.5491
2012-08-20 11:00:00,589.6503
2012-08-20 12:00:00,771.16785
2012-08-20 13:00:00,1049.768
2012-08-20 14:00:00,1295.186
2012-08-20 15:00:00,1259.1505
2012-08-20 16:00:00,1259.1505
2012-08-20 17:00:00,989.655
2012-08-20 18:00:00,34.69147
2012-08-20 19:00:00,34.69147
2012-08-20 20:00:00,34.69147
2012-08-20 21:00:00,34.69147
2012-08-20 22:00:00,34.69147
2012-08-20 23:00:00,34.69147
2012-08-21 00:00:00,34.69147
2012-08-21 01:00:00,34.69147
2012-08-21 02:00:00,34.69147
2012-08-21 03:00:00,34.69147
2012-08-21 04:00:00,34.69147
2012-08-21 05:00:00,34.69147
2012-08-21 06:00:00,34.69147
2012-08-21 07:00:00,34.69147
2012-08-21 08:00:00,34.69147
2012-08-21 09:00:00,374.67462
2012-08-21 10:00:00,759.2175
2012-08-21 11:00:00,1273.4087
2012-08-21 12:00:00,1681.0905
2012-08-21 13:00:00,1919.2047
2012-08-21 14:00:00,2280.254
2012-08-21 15:00:00,2219.2273
2012-08-21 16:00:00,2219.2273
2012-08-21 17:00:00,1400.4425
2012-08-21 18:00:00,1271.1493
2012-08-21 19:00:00,117.18093
2012-08-21 20:00:00,205.10724
2012-08-21 21:00:00,205.10724
2012-08-21 22:00:00,34.69147
2012-08-21 23:00:00,34.69147
2012-08-22 00:00:00,34.69147
2012-08-22 01:00:00,34.69147
2012-08-22 02:00:00,34.69147
2012-08-22 03:00:00,34.69147
2012-08-22 04:00:00,34.69147
2012-08-22 05:00:00,34.69147
2012-08-22 06:00:00,122.299965
2012-08-22 07:00:00,34.69147
2012-08-22 08:00:00,176.63423
2012-08-22 09:00:00,719.6149
2012-08-22 10:00:00,940.59
2012-08-22 11:00:00,1155.655
2012-08-22 12:00:00,1514.6288
2012-08-22 13:00:00,1687.213
2012-08-22 14:00:00,1814.3887
2012-08-22 15:00:00,1675.2145
2012-08-22 16:00:00,1340.1414
2012-08-22 17:00:00,1340.1414
2012-08-22 18:00:00,735.0439
2012-08-22 19:00:00,262.1491
2012-08-22 20:00:00,170.43034
2012-08-22 21:00:00,205.10724
2012-08-22 22:00:00,205.10724
2012-08-22 23:00:00,34.69147
2012-08-23 00:00:00,34.69147
2012-08-23 01:00:00,34.69147
2012-08-23 02:00:00,34.69147
2012-08-23 03:00:00,34.69147
2012-08-23 04:00:00,34.69147
2012-08-23 05:00:00,34.69147
2012-08-23 06:00:00,34.69147
2012-08-23 07:00:00,34.69147
2012-08-23 08:00:00,226.07329
2012-08-23 09:00:00,607.08966
2012-08-23 10:00:00,1243.1387
2012-08-23 11:00:00,1693.212
2012-08-23 12:00:00,2264.842
2012-08-23 13:00:00,2631.102
2012-08-23 14:00:00,1862.7864
2012-08-23 15:00:00,1847.8877
2012-08-23 16:00:00,1663.1758
2012-08-23 17:00:00,1816.7772
2012-08-23 18:00:00,1551.6552
2012-08-23 19:00:00,1452.3981
2012-08-23 20:00:00,934.59076
2012-08-23 21:00:00,922.5923
2012-08-23 22:00:00,859.0575
2012-08-23 23:00:00,474.1084
2012-08-24 00:00:00,474.1084
2012-08-24 01:00:00,217.05751
2012-08-24 02:00:00,462.158
2012-08-24 03:00:00,205.10724
2012-08-24 04:00:00,217.05751
2012-08-24 05:00:00,34.69147
2012-08-24 06:00:00,34.69147
2012-08-24 07:00:00,34.69147
2012-08-24 08:00:00,262.1491
2012-08-24 09:00:00,1203.6813
2012-08-24 10:00:00,1741.2383
2012-08-24 11:00:00,1699.1631
2012-08-24 12:00:00,1832.3381
2012-08-24 13:00:00,2291.635
2012-08-24 14:00:00,2011.912
2012-08-24 15:00:00,1687.1647
2012-08-24 16:00:00,1687.1647
2012-08-24 17:00:00,1436.4299
2012-08-24 18:00:00,1017.3317
2012-08-24 19:00:00,1137.569
2012-08-24 20:00:00,728.8996
2012-08-24 21:00:00,922.5041
2012-08-24 22:00:00,988.61615
2012-08-24 23:00:00,525.92206
2012-08-25 00:00:00,998.3827
2012-08-25 01:00:00,571.7645
2012-08-25 02:00:00,235.83994
2012-08-25 03:00:00,435.84875
2012-08-25 04:00:00,441.79987
2012-08-25 05:00:00,175.46272
2012-08-25 06:00:00,36.336285
2012-08-25 07:00:00,39.878986
2012-08-25 08:00:00,207.80281
2012-08-25 09:00:00,457.57828
2012-08-25 10:00:00,708.6299
2012-08-25 11:00:00,991.0225
2012-08-25 12:00:00,1238.7041
2012-08-25 13:00:00,1365.9683
2012-08-25 14:00:00,563.2448
2012-08-25 15:00:00,194.98344
2012-08-25 16:00:00,213.12878
2012-08-25 17:00:00,216.68346
2012-08-25 18:00:00,339.94388
2012-08-25 19:00:00,52.302334
2012-08-25 20:00:00,34.69147
2012-08-25 21:00:00,34.69147
2012-08-25 22:00:00,34.69147
2012-08-25 23:00:00,34.69147
2012-08-26 00:00:00,34.69147
2012-08-26 01:00:00,34.69147
2012-08-26 02:00:00,34.69147
2012-08-26 03:00:00,34.69147
2012-08-26 04:00:00,34.69147
2012-08-26 05:00:00,34.69147
2012-08-26 06:00:00,34.69147
2012-08-26 07:00:00,34.69147
2012-08-26 08:00:00,147.05208
2012-08-26 09:00:00,143.49742
2012-08-26 10:00:00,855.3194
2012-08-26 11:00:00,867.35815
2012-08-26 12:00:00,525.96906
2012-08-26 13:00:00,110.24476
2012-08-26 14:00:00,34.69147
2012-08-26 15:00:00,34.69147
2012-08-26 16:00:00,34.69147
2012-08-26 17:00:00,34.69147
2012-08-26 18:00:00,34.69147
2012-08-26 19:00:00,34.69147
2012-08-26 20:00:00,34.69147
2012-08-26 21:00:00,34.69147
2012-08-26 22:00:00,34.69147
2012-08-26 23:00:00,34.69147
2012-08-27 00:00:00,34.69147
2012-08-27 01:00:00,34.69147
2012-08-27 02:00:00,34.69147
2012-08-27 03:00:00,34.69147
2012-08-27 04:00:00,34.69147
2012-08-27 05:00:00,34.69147
2012-08-27 06:00:00,34.69147
2012-08-27 07:00:00,34.69147
2012-08-27 08:00:00,34.69147
2012-08-27 09:00:00,34.69147
2012-08-27 10:00:00,582.451
2012-08-27 11:00:00,923.7036
2012-08-27 12:00:00,1258.8651
2012-08-27 13:00:00,1404.7122
2012-08-27 14:00:00,1949.2563
2012-08-27 15:00:00,1672.5302
2012-08-27 16:00:00,1690.568
2012-08-27 17:00:00,2045.194
2012-08-27 18:00:00,1606.7908
2012-08-27 19:00:00,742.0976
2012-08-27 20:00:00,754.1363
2012-08-27 21:00:00,558.4139
2012-08-27 22:00:00,95.90113
2012-08-27 23:00:00,92.35843
2012-08-28 00:00:00,102.9985
2012-08-28 01:00:00,34.69147
2012-08-28 02:00:00,49.466312
2012-08-28 03:00:00,34.69147
2012-08-28 04:00:00,34.69147
2012-08-28 05:00:00,34.69147
2012-08-28 06:00:00,34.69147
2012-08-28 07:00:00,34.69147
2012-08-28 08:00:00,34.69147
2012-08-28 09:00:00,227.7647
2012-08-28 10:00:00,1007.4995
2012-08-28 11:00:00,1541.3502
2012-08-28 12:00:00,1914.9884
2012-08-28 13:00:00,2448.7515
2012-08-28 14:00:00,2912.8274
2012-08-28 15:00:00,3076.3633
2012-08-28 16:00:00,3112.5278
2012-08-28 17:00:00,2877.4768
2012-08-28 18:00:00,2343.8608
2012-08-28 19:00:00,1702.8677
2012-08-28 20:00:00,1573.5742
2012-08-28 21:00:00,1579.5734
2012-08-28 22:00:00,1273.4087
2012-08-28 23:00:00,1058.7498
2012-08-29 00:00:00,462.158
2012-08-29 01:00:00,320.60117
2012-08-29 02:00:00,119.96466
2012-08-29 03:00:00,116.42196
2012-08-29 04:00:00,119.080666
2012-08-29 05:00:00,115.52599
2012-08-29 06:00:00,115.52599
2012-08-29 07:00:00,508.16623
2012-08-29 08:00:00,735.1804
2012-08-29 09:00:00,1322.4739
2012-08-29 10:00:00,1549.5371
2012-08-29 11:00:00,1681.0905
2012-08-29 12:00:00,2068.4226
2012-08-29 13:00:00,1896.1556
2012-08-29 14:00:00,2109.387
2012-08-29 15:00:00,2180.494
2012-08-29 16:00:00,2310.699
2012-08-29 17:00:00,2645.7722
2012-08-29 18:00:00,1884.133
2012-08-29 19:00:00,1195.2983
2012-08-29 20:00:00,1058.7498
2012-08-29 21:00:00,1055.9606
2012-08-29 22:00:00,1098.0355
2012-08-29 23:00:00,970.86005
2012-08-30 00:00:00,374.67462
2012-08-30 01:00:00,544.242
2012-08-30 02:00:00,122.299965
2012-08-30 03:00:00,122.299965
2012-08-30 04:00:00,122.299965
2012-08-30 05:00:00,122.299965
2012-08-30 06:00:00,34.69147
2012-08-30 07:00:00,205.10724
2012-08-30 08:00:00,631.72534
2012-08-30 09:00:00,1103.8414
2012-08-30 10:00:00,1361.2982
2012-08-30 11:00:00,2109.387
2012-08-30 12:00:00,1802.39
2012-08-30 13:00:00,1687.213
2012-08-30 14:00:00,1675.2145
2012-08-30 15:00:00,2004.5323
2012-08-30 16:00:00,2234.9812
2012-08-30 17:00:00,3026.72
2012-08-30 18:00:00,2538.7214
2012-08-30 19:00:00,1675.2145
2012-08-30 20:00:00,1213.1022
2012-08-30 21:00:00,859.8512
2012-08-30 22:00:00,595.1393
2012-08-30 23:00:00,445.23138
2012-08-31 00:00:00,38.826244
2012-08-31 01:00:00,38.826244
2012-08-31 02:00:00,34.69147
2012-08-31 03:00:00,34.69147
2012-08-31 04:00:00,34.69147
2012-08-31 05:00:00,34.69147
2012-08-31 06:00:00,34.69147
2012-08-31 07:00:00,34.69147
2012-08-31 08:00:00,499.2568
2012-08-31 09:00:00,832.2468
2012-08-31 10:00:00,1222.7893
2012-08-31 11:00:00,3718.952
2012-08-31 12:00:00,3841.8767
2012-08-31 13:00:00,3937.6553
2012-08-31 14:00:00,4142.8936
2012-08-31 15:00:00,4099.9004
2012-08-31 16:00:00,4070.0881
2012-08-31 17:00:00,3506.2493
2012-08-31 18:00:00,3138.2922
2012-08-31 19:00:00,1931.2587
2012-08-31 20:00:00,1931.2587
2012-08-31 21:00:00,1350.3219
2012-08-31 22:00:00,1350.3219
2012-08-31 23:00:00,1067.572
2012-09-20 00:00:00,34.69147
2012-09-20 01:00:00,34.69147
2012-09-20 02:00:00,34.69147
2012-09-20 03:00:00,34.69147
2012-09-20 04:00:00,34.69147
2012-09-20 05:00:00,34.69147
2012-09-20 06:00:00,34.69147
2012-09-20 07:00:00,34.69147
2012-09-20 08:00:00,34.69147
2012-09-20 09:00:00,307.6445
2012-09-20 10:00:00,692.27704
2012-09-20 11:00:00,1512.036
2012-09-20 12:00:00,1457.9624
2012-09-20 13:00:00,1441.7255
2012-09-20 14:00:00,1290.513
2012-09-20 15:00:00,1316.6678
2012-09-20 16:00:00,1302.5114
2012-09-20 17:00:00,1151.2987
2012-09-20 18:00:00,832.63904
2012-09-20 19:00:00,344.09885
2012-09-20 20:00:00,151.5761
2012-09-20 21:00:00,158.67346
2012-09-20 22:00:00,34.69147
2012-09-20 23:00:00,34.69147
2012-09-21 00:00:00,34.69147
2012-09-21 01:00:00,34.69147
2012-09-21 02:00:00,34.69147
2012-09-21 03:00:00,34.69147
2012-09-21 04:00:00,34.69147
2012-09-21 05:00:00,34.69147
2012-09-21 06:00:00,34.69147
2012-09-21 07:00:00,34.69147
2012-09-21 08:00:00,34.69147
2012-09-21 09:00:00,109.10894
2012-09-21 10:00:00,597.5052
2012-09-21 11:00:00,880.71075
2012-09-21 12:00:00,992.6375
2012-09-21 13:00:00,1207.2968
2012-09-21 14:00:00,1153.2233
2012-09-21 15:00:00,1183.2595
2012-09-21 16:00:00,1195.2982
2012-09-21 17:00:00,944.56335
2012-09-21 18:00:00,699.1451
2012-09-21 19:00:00,442.09442
2012-09-21 20:00:00,277.4755
2012-09-21 21:00:00,122.623344
2012-09-21 22:00:00,115.52599
2012-09-21 23:00:00,131.504
2012-09-22 00:00:00,134.37383
2012-09-22 01:00:00,34.69147
2012-09-22 02:00:00,34.69147
2012-09-22 03:00:00,34.69147
2012-09-22 04:00:00,34.69147
2012-09-22 05:00:00,34.69147
2012-09-22 06:00:00,34.69147
2012-09-22 07:00:00,34.69147
2012-09-22 08:00:00,136.14511
2012-09-22 09:00:00,294.0967
2012-09-22 10:00:00,509.2678
2012-09-22 11:00:00,999.4216
2012-09-22 12:00:00,1250.8794
2012-09-22 13:00:00,1380.1727
2012-09-22 14:00:00,1630.1178
2012-09-22 15:00:00,1578.8619
2012-09-22 16:00:00,1392.171
2012-09-22 17:00:00,1392.171
2012-09-22 18:00:00,1256.8787
2012-09-22 19:00:00,1035.4973
2012-09-22 20:00:00,1181.0277
2012-09-22 21:00:00,852.32385
2012-09-22 22:00:00,850.20593
2012-09-22 23:00:00,1146.9489
2012-09-23 00:00:00,1667.6788
2012-09-23 01:00:00,441.57986
2012-09-23 02:00:00,552.18304
2012-09-23 03:00:00,202.5434
2012-09-23 04:00:00,150.30638
2012-09-23 05:00:00,68.01371
2012-09-23 06:00:00,34.69147
2012-09-23 07:00:00,64.47101
2012-09-23 08:00:00,209.6407
2012-09-23 09:00:00,335.09225
2012-09-23 10:00:00,767.2481
2012-09-23 11:00:00,812.3396
2012-09-23 12:00:00,999.5878
2012-09-23 13:00:00,1609.0092
2012-09-23 14:00:00,1597.0106
2012-09-23 15:00:00,1968.6146
2012-09-23 16:00:00,2039.4893
2012-09-23 17:00:00,1381.4186
2012-09-23 18:00:00,1130.4199
2012-09-23 19:00:00,842.56964
2012-09-23 20:00:00,842.56964
2012-09-23 21:00:00,624.2058
2012-09-23 22:00:00,654.3306
2012-09-23 23:00:00,137.18279
2012-09-24 00:00:00,34.69147
2012-09-24 01:00:00,34.69147
2012-09-24 02:00:00,34.69147
2012-09-24 03:00:00,34.69147
2012-09-24 04:00:00,34.69147
2012-09-24 05:00:00,34.69147
2012-09-24 06:00:00,34.69147
2012-09-24 07:00:00,34.69147
2012-09-24 08:00:00,225.08302
2012-09-24 09:00:00,397.4998
2012-09-24 10:00:00,599.9127
2012-09-24 11:00:00,1208.1367
2012-09-24 12:00:00,1378.291
2012-09-24 13:00:00,2169.0747
2012-09-24 14:00:00,2137.4878
2012-09-24 15:00:00,1966.6206
2012-09-24 16:00:00,1853.9779
2012-09-24 17:00:00,1681.8895
2012-09-24 18:00:00,1132.6517
2012-09-24 19:00:00,972.0171
2012-09-24 20:00:00,432.9217
2012-09-24 21:00:00,375.42545
2012-09-24 22:00:00,349.1553
2012-09-24 23:00:00,34.69147
2012-09-25 00:00:00,34.69147
2012-09-25 01:00:00,34.69147
2012-09-25 02:00:00,34.69147
2012-09-25 03:00:00,34.69147
2012-09-25 04:00:00,34.69147
2012-09-25 05:00:00,34.69147
2012-09-25 06:00:00,34.69147
2012-09-25 07:00:00,34.69147
2012-09-25 08:00:00,34.69147
2012-09-25 09:00:00,308.1999
2012-09-25 10:00:00,530.18414
2012-09-25 11:00:00,1206.0343
2012-09-25 12:00:00,1365.3643
2012-09-25 13:00:00,1233.9904
2012-09-25 14:00:00,1764.3114
2012-09-25 15:00:00,1994.1385
2012-09-25 16:00:00,1743.9464
2012-09-25 17:00:00,1733.798
2012-09-25 18:00:00,1500.3402
2012-09-25 19:00:00,1080.6598
2012-09-25 20:00:00,782.11584
2012-09-25 21:00:00,782.11584
2012-09-25 22:00:00,788.1152
2012-09-25 23:00:00,770.0773
2012-09-26 00:00:00,217.64037
2012-09-26 01:00:00,221.19507
2012-09-26 02:00:00,216.24852
2012-09-26 03:00:00,216.24852
2012-09-26 04:00:00,34.69147
2012-09-26 05:00:00,34.69147
2012-09-26 06:00:00,34.69147
2012-09-26 07:00:00,34.69147
2012-09-26 08:00:00,34.69147
2012-09-26 09:00:00,423.7278
2012-09-26 10:00:00,129.35332
2012-09-26 11:00:00,640.5045
2012-09-26 12:00:00,766.5477
2012-09-26 13:00:00,981.2067
2012-09-26 14:00:00,1495.1328
2012-09-26 15:00:00,1489.1333
2012-09-26 16:00:00,1703.8318
2012-09-26 17:00:00,1489.1333
2012-09-26 18:00:00,1519.1699
2012-09-26 19:00:00,1174.8113
2012-09-26 20:00:00,354.87476
2012-09-26 21:00:00,521.12933
2012-09-26 22:00:00,272.18408
2012-09-26 23:00:00,34.69147
2012-09-27 00:00:00,34.69147
2012-09-27 01:00:00,34.69147
2012-09-27 02:00:00,34.69147
2012-09-27 03:00:00,34.69147
2012-09-27 04:00:00,34.69147
2012-09-27 05:00:00,34.69147
2012-09-27 06:00:00,34.69147
2012-09-27 07:00:00,34.69147
2012-09-27 08:00:00,206.15192
2012-09-27 09:00:00,599.2399
2012-09-27 10:00:00,1265.8632
2012-09-27 11:00:00,1401.8267
2012-09-27 12:00:00,1567.1959
2012-09-27 13:00:00,1621.2693
2012-09-27 14:00:00,1799.8527
2012-09-27 15:00:00,1835.9285
2012-09-27 16:00:00,1038.9718
2012-09-27 17:00:00,336.01813
2012-09-27 18:00:00,355.9418
2012-09-27 19:00:00,545.16644
2012-09-27 20:00:00,278.04233
2012-09-27 21:00:00,34.69147
2012-09-27 22:00:00,34.69147
2012-09-27 23:00:00,34.69147
2012-09-28 00:00:00,34.69147
2012-09-28 01:00:00,34.69147
2012-09-28 02:00:00,34.69147
2012-09-28 03:00:00,34.69147
2012-09-28 04:00:00,34.69147
2012-09-28 05:00:00,34.69147
2012-09-28 06:00:00,34.69147
2012-09-28 07:00:00,34.69147
2012-09-28 08:00:00,34.69147
2012-09-28 09:00:00,34.69147
2012-09-28 10:00:00,34.69147
2012-09-28 11:00:00,441.62296
2012-09-28 12:00:00,1150.7261
2012-09-28 13:00:00,1277.9015
2012-09-28 14:00:00,1150.7261
2012-09-28 15:00:00,1051.2039
2012-09-28 16:00:00,1156.9188
2012-09-28 17:00:00,957.31494
2012-09-28 18:00:00,1130.7637
2012-09-28 19:00:00,1104.5603
2012-09-28 20:00:00,987.26544
2012-09-28 21:00:00,975.2669
2012-09-28 22:00:00,617.66864
2012-09-28 23:00:00,414.64206
2012-09-29 00:00:00,216.27574
2012-09-29 01:00:00,216.27574
2012-09-29 02:00:00,334.8806
2012-09-29 03:00:00,191.1911
2012-09-29 04:00:00,197.9091
2012-09-29 05:00:00,61.608017
2012-09-29 06:00:00,68.70539
2012-09-29 07:00:00,34.69147
2012-09-29 08:00:00,34.69147
2012-09-29 09:00:00,61.608017
2012-09-29 10:00:00,317.86935
2012-09-29 11:00:00,545.95
2012-09-29 12:00:00,1467.743
2012-09-29 13:00:00,1467.743
2012-09-29 14:00:00,1488.19
2012-09-29 15:00:00,1361.0144
2012-09-29 16:00:00,1471.9531
2012-09-29 17:00:00,1676.0048
2012-09-29 18:00:00,836.3767
2012-09-29 19:00:00,301.41345
2012-09-29 20:00:00,293.4546
2012-09-29 21:00:00,309.3988
2012-09-29 22:00:00,50.967953
2012-09-29 23:00:00,135.03195
2012-09-30 00:00:00,124.380005
2012-09-30 01:00:00,124.380005
2012-09-30 02:00:00,34.69147
2012-09-30 03:00:00,34.69147
2012-09-30 04:00:00,34.69147
2012-09-30 05:00:00,34.69147
2012-09-30 06:00:00,34.69147
2012-09-30 07:00:00,34.69147
2012-09-30 08:00:00,34.69147
2012-09-30 09:00:00,94.336296
2012-09-30 10:00:00,936.26483
2012-09-30 11:00:00,1373.0128
2012-09-30 12:00:00,1467.743
2012-09-30 13:00:00,1471.9531
2012-09-30 14:00:00,1471.9531
2012-09-30 15:00:00,1884.1609
2012-09-30 16:00:00,1863.8641
2012-09-30 17:00:00,1918.4929
2012-09-30 18:00:00,220.9844
2012-09-30 19:00:00,34.69147
2012-09-30 20:00:00,34.69147
2012-09-30 21:00:00,34.69147
2012-09-30 22:00:00,34.69147
2012-09-30 23:00:00,34.69147
2012-10-20 00:00:00,34.69147
2012-10-20 01:00:00,34.69147
2012-10-20 02:00:00,34.69147
2012-10-20 03:00:00,34.69147
2012-10-20 04:00:00,34.69147
2012-10-20 05:00:00,34.69147
2012-10-20 06:00:00,34.69147
2012-10-20 07:00:00,34.69147
2012-10-20 08:00:00,34.69147
2012-10-20 09:00:00,140.34604
2012-10-20 10:00:00,430.6899
2012-10-20 11:00:00,482.50375
2012-10-20 12:00:00,872.41235
2012-10-20 13:00:00,975.55084
2012-10-20 14:00:00,1168.8385
2012-10-20 15:00:00,1041.663
2012-10-20 16:00:00,882.38495
2012-10-20 17:00:00,1118.3815
2012-10-20 18:00:00,945.70807
2012-10-20 19:00:00,639.54315
2012-10-20 20:00:00,857.81836
2012-10-20 21:00:00,354.28085
2012-10-20 22:00:00,178.78813
2012-10-20 23:00:00,34.69147
2012-10-21 00:00:00,121.50896
2012-10-21 01:00:00,34.69147
2012-10-21 02:00:00,34.69147
2012-10-21 03:00:00,34.69147
2012-10-21 04:00:00,34.69147
2012-10-21 05:00:00,34.69147
2012-10-21 06:00:00,34.69147
2012-10-21 07:00:00,34.69147
2012-10-21 08:00:00,34.69147
2012-10-21 09:00:00,143.20903
2012-10-21 10:00:00,452.61594
2012-10-21 11:00:00,691.67377
2012-10-21 12:00:00,991.5225
2012-10-21 13:00:00,1197.2727
2012-10-21 14:00:00,1310.2437
2012-10-21 15:00:00,1401.7839
2012-10-21 16:00:00,1118.3815
2012-10-21 17:00:00,933.7095
2012-10-21 18:00:00,957.7466
2012-10-21 19:00:00,754.6799
2012-10-21 20:00:00,570.4143
2012-10-21 21:00:00,78.14071
2012-10-21 22:00:00,58.620003
2012-10-21 23:00:00,101.98826
2012-10-22 00:00:00,34.69147
2012-10-22 01:00:00,34.69147
2012-10-22 02:00:00,34.69147
2012-10-22 03:00:00,34.69147
2012-10-22 04:00:00,34.69147
2012-10-22 05:00:00,34.69147
2012-10-22 06:00:00,34.69147
2012-10-22 07:00:00,34.69147
2012-10-22 08:00:00,34.69147
2012-10-22 09:00:00,34.69147
2012-10-22 10:00:00,259.93152
2012-10-22 11:00:00,1220.1351
2012-10-22 12:00:00,1458.9208
2012-10-22 13:00:00,2294.7776
2012-10-22 14:00:00,2407.6401
2012-10-22 15:00:00,2357.1138
2012-10-22 16:00:00,1987.6741
2012-10-22 17:00:00,1947.0121
2012-10-22 18:00:00,108.04996
2012-10-22 19:00:00,432.92175
2012-10-22 20:00:00,128.60762
2012-10-22 21:00:00,34.69147
2012-10-22 22:00:00,34.69147
2012-10-22 23:00:00,34.69147
2012-10-23 00:00:00,34.69147
2012-10-23 01:00:00,34.69147
2012-10-23 02:00:00,34.69147
2012-10-23 03:00:00,34.69147
2012-10-23 04:00:00,34.69147
2012-10-23 05:00:00,34.69147
2012-10-23 06:00:00,34.69147
2012-10-23 07:00:00,34.69147
2012-10-23 08:00:00,34.69147
2012-10-23 09:00:00,34.69147
2012-10-23 10:00:00,224.33658
2012-10-23 11:00:00,1029.4769
2012-10-23 12:00:00,1328.2495
2012-10-23 13:00:00,1475.264
2012-10-23 14:00:00,1638.4219
2012-10-23 15:00:00,1662.3295
2012-10-23 16:00:00,1541.2827
2012-10-23 17:00:00,1704.534
2012-10-23 18:00:00,1019.556
2012-10-23 19:00:00,849.98883
2012-10-23 20:00:00,198.11966
2012-10-23 21:00:00,52.94996
2012-10-23 22:00:00,65.3733
2012-10-23 23:00:00,34.69147
2012-10-24 00:00:00,34.69147
2012-10-24 01:00:00,34.69147
2012-10-24 02:00:00,34.69147
2012-10-24 03:00:00,34.69147
2012-10-24 04:00:00,34.69147
2012-10-24 05:00:00,34.69147
2012-10-24 06:00:00,34.69147
2012-10-24 07:00:00,34.69147
2012-10-24 08:00:00,34.69147
2012-10-24 09:00:00,34.69147
2012-10-24 10:00:00,34.69147
2012-10-24 11:00:00,229.55725
2012-10-24 12:00:00,619.09314
2012-10-24 13:00:00,1065.5502
2012-10-24 14:00:00,2771.7915
2012-10-24 15:00:00,1797.4879
2012-10-24 16:00:00,2463.2302
2012-10-24 17:00:00,1362.2931
2012-10-24 18:00:00,1489.4686
2012-10-24 19:00:00,1057.6616
2012-10-24 20:00:00,631.0435
2012-10-24 21:00:00,625.04425
2012-10-24 22:00:00,459.71527
2012-10-24 23:00:00,107.349594
2012-10-25 00:00:00,471.7137
2012-10-25 01:00:00,96.31821
2012-10-25 02:00:00,34.69147
2012-10-25 03:00:00,34.69147
2012-10-25 04:00:00,34.69147
2012-10-25 05:00:00,34.69147
2012-10-25 06:00:00,34.69147
2012-10-25 07:00:00,34.69147
2012-10-25 08:00:00,34.69147
2012-10-25 09:00:00,34.69147
2012-10-25 10:00:00,34.69147
2012-10-25 11:00:00,34.69147
2012-10-25 12:00:00,34.69147
2012-10-25 13:00:00,34.69147
2012-10-25 14:00:00,111.603935
2012-10-25 15:00:00,431.52817
2012-10-25 16:00:00,200.994
2012-10-25 17:00:00,200.994
2012-10-25 18:00:00,34.69147
2012-10-25 19:00:00,34.69147
2012-10-25 20:00:00,34.69147
2012-10-25 21:00:00,34.69147
2012-10-25 22:00:00,34.69147
2012-10-25 23:00:00,34.69147
2012-10-26 00:00:00,34.69147
2012-10-26 01:00:00,34.69147
2012-10-26 02:00:00,34.69147
2012-10-26 03:00:00,34.69147
2012-10-26 04:00:00,34.69147
2012-10-26 05:00:00,34.69147
2012-10-26 06:00:00,34.69147
2012-10-26 07:00:00,34.69147
2012-10-26 08:00:00,34.69147
2012-10-26 09:00:00,34.69147
2012-10-26 10:00:00,34.69147
2012-10-26 11:00:00,34.69147
2012-10-26 12:00:00,34.69147
2012-10-26 13:00:00,112.663704
2012-10-26 14:00:00,459.71527
2012-10-26 15:00:00,625.04425
2012-10-26 16:00:00,34.69147
2012-10-26 17:00:00,34.69147
2012-10-26 18:00:00,34.69147
2012-10-26 19:00:00,34.69147
2012-10-26 20:00:00,34.69147
2012-10-26 21:00:00,34.69147
2012-10-26 22:00:00,34.69147
2012-10-26 23:00:00,34.69147
2012-10-27 00:00:00,34.69147
2012-10-27 01:00:00,34.69147
2012-10-27 02:00:00,34.69147
2012-10-27 03:00:00,34.69147
2012-10-27 04:00:00,34.69147
2012-10-27 05:00:00,34.69147
2012-10-27 06:00:00,34.69147
2012-10-27 07:00:00,34.69147
2012-10-27 08:00:00,34.69147
2012-10-27 09:00:00,34.69147
2012-10-27 10:00:00,34.69147
2012-10-27 11:00:00,180.69655
2012-10-27 12:00:00,937.09576
2012-10-27 13:00:00,1361.0144
2012-10-27 14:00:00,1233.8387
2012-10-27 15:00:00,266.91135
2012-10-27 16:00:00,181.07588
2012-10-27 17:00:00,181.07588
2012-10-27 18:00:00,181.07588
2012-10-27 19:00:00,34.69147
2012-10-27 20:00:00,34.69147
2012-10-27 21:00:00,34.69147
2012-10-27 22:00:00,34.69147
2012-10-27 23:00:00,34.69147
2012-10-28 00:00:00,34.69147
2012-10-28 01:00:00,34.69147
2012-10-28 02:00:00,34.69147
2012-10-28 03:00:00,77.96548
2012-10-28 04:00:00,81.50817
2012-10-28 05:00:00,74.41081
2012-10-28 06:00:00,163.80086
2012-10-28 07:00:00,160.2462
2012-10-28 08:00:00,190.40698
2012-10-28 09:00:00,260.2764
2012-10-28 10:00:00,302.95297
2012-10-28 11:00:00,342.5691
2012-10-28 12:00:00,140.15077
2012-10-28 13:00:00,131.28209
2012-10-28 14:00:00,177.99553
2012-10-28 15:00:00,97.474236
2012-10-28 16:00:00,34.69147
2012-10-28 17:00:00,34.69147
2012-10-28 18:00:00,34.69147
2012-10-28 19:00:00,34.69147
2012-10-28 20:00:00,34.69147
2012-10-28 21:00:00,34.69147
2012-10-28 22:00:00,34.69147
2012-10-28 23:00:00,34.69147
2012-10-29 00:00:00,34.69147
2012-10-30 13:00:00,34.69147
2012-10-30 14:00:00,34.69147
2012-10-30 15:00:00,34.69147
2012-10-30 16:00:00,34.69147
2012-10-30 17:00:00,34.69147
2012-10-30 18:00:00,34.69147
2012-10-30 19:00:00,34.69147
2012-10-30 20:00:00,34.69147
2012-10-30 21:00:00,34.69147
2012-10-30 22:00:00,34.69147
2012-10-30 23:00:00,34.69147
2012-10-31 00:00:00,34.69147
2012-10-31 01:00:00,34.69147
2012-10-31 02:00:00,34.69147
2012-10-31 03:00:00,34.69147
2012-10-31 04:00:00,34.69147
2012-10-31 05:00:00,34.69147
2012-10-31 06:00:00,34.69147
2012-10-31 07:00:00,34.69147
2012-10-31 08:00:00,34.69147
2012-10-31 09:00:00,34.69147
2012-10-31 10:00:00,34.69147
2012-10-31 11:00:00,34.69147
2012-10-31 12:00:00,34.69147
2012-10-31 13:00:00,162.87776
2012-10-31 14:00:00,163.25711
2012-10-31 15:00:00,69.945
2012-10-31 16:00:00,77.421715
2012-10-31 17:00:00,34.69147
2012-10-31 18:00:00,34.69147
2012-10-31 19:00:00,116.54369
2012-10-31 20:00:00,116.54369
2012-10-31 21:00:00,116.54369
2012-10-31 22:00:00,34.69147
2012-10-31 23:00:00,34.69147
2012-11-20 00:00:00,34.69147
2012-11-20 01:00:00,34.69147
2012-11-20 02:00:00,34.69147
2012-11-20 03:00:00,34.69147
2012-11-20 04:00:00,34.69147
2012-11-20 05:00:00,34.69147
2012-11-20 06:00:00,34.69147
2012-11-20 07:00:00,34.69147
2012-11-20 08:00:00,34.69147
2012-11-20 09:00:00,34.69147
2012-11-20 10:00:00,34.69147
2012-11-20 11:00:00,34.69147
2012-11-20 12:00:00,34.69147
2012-11-20 13:00:00,34.69147
2012-11-20 14:00:00,34.69147
2012-11-20 15:00:00,128.29538
2012-11-20 16:00:00,34.69147
2012-11-20 17:00:00,34.69147
2012-11-20 18:00:00,34.69147
2012-11-20 19:00:00,34.69147
2012-11-20 20:00:00,34.69147
2012-11-20 21:00:00,34.69147
2012-11-20 22:00:00,34.69147
2012-11-20 23:00:00,34.69147
2012-11-21 00:00:00,34.69147
2012-11-21 01:00:00,34.69147
2012-11-21 02:00:00,34.69147
2012-11-21 03:00:00,34.69147
2012-11-21 04:00:00,34.69147
2012-11-21 05:00:00,34.69147
2012-11-21 06:00:00,34.69147
2012-11-21 07:00:00,34.69147
2012-11-21 08:00:00,34.69147
2012-11-21 09:00:00,34.69147
2012-11-21 10:00:00,34.69147
2012-11-21 11:00:00,116.16425
2012-11-21 12:00:00,512.4501
2012-11-21 13:00:00,754.7625
2012-11-21 14:00:00,939.06836
2012-11-21 15:00:00,853.9277
2012-11-21 16:00:00,875.62177
2012-11-21 17:00:00,391.82657
2012-11-21 18:00:00,587.7715
2012-11-21 19:00:00,223.00801
2012-11-21 20:00:00,34.69147
2012-11-21 21:00:00,34.69147
2012-11-21 22:00:00,34.69147
2012-11-21 23:00:00,34.69147
2012-11-22 00:00:00,34.69147
2012-11-22 01:00:00,34.69147
2012-11-22 02:00:00,34.69147
2012-11-22 03:00:00,34.69147
2012-11-22 04:00:00,34.69147
2012-11-22 05:00:00,34.69147
2012-11-22 06:00:00,34.69147
2012-11-22 07:00:00,34.69147
2012-11-22 08:00:00,34.69147
2012-11-22 09:00:00,34.69147
2012-11-22 10:00:00,34.69147
2012-11-22 11:00:00,473.93216
2012-11-22 12:00:00,852.2485
2012-11-22 13:00:00,1109.2996
2012-11-22 14:00:00,1281.9728
2012-11-22 15:00:00,1281.9728
2012-11-22 16:00:00,1024.5157
2012-11-22 17:00:00,852.2485
2012-11-22 18:00:00,337.74084
2012-11-22 19:00:00,34.69147
2012-11-22 20:00:00,34.69147
2012-11-22 21:00:00,34.69147
2012-11-22 22:00:00,34.69147
2012-11-22 23:00:00,34.69147
2012-11-23 00:00:00,34.69147
2012-11-23 01:00:00,34.69147
2012-11-23 02:00:00,34.69147
2012-11-23 03:00:00,34.69147
2012-11-23 04:00:00,34.69147
2012-11-23 05:00:00,34.69147
2012-11-23 06:00:00,34.69147
2012-11-23 07:00:00,34.69147
2012-11-23 08:00:00,34.69147
2012-11-23 09:00:00,34.69147
2012-11-23 10:00:00,34.69147
2012-11-23 11:00:00,116.16425
2012-11-23 12:00:00,615.58844
2012-11-23 13:00:00,691.0335
2012-11-23 14:00:00,963.2288
2012-11-23 15:00:00,663.7861
2012-11-23 16:00:00,735.80927
2012-11-23 17:00:00,826.592
2012-11-23 18:00:00,562.8191
2012-11-23 19:00:00,369.60806
2012-11-23 20:00:00,641.96844
2012-11-23 21:00:00,336.65265
2012-11-23 22:00:00,947.80756
2012-11-23 23:00:00,469.79413
2012-11-24 00:00:00,447.45438
2012-11-24 01:00:00,43.089417
2012-11-24 02:00:00,78.292366
2012-11-24 03:00:00,34.69147
2012-11-24 04:00:00,34.69147
2012-11-24 05:00:00,34.69147
2012-11-24 06:00:00,34.69147
2012-11-24 07:00:00,34.69147
2012-11-24 08:00:00,34.69147
2012-11-24 09:00:00,34.69147
2012-11-24 10:00:00,34.69147
2012-11-24 11:00:00,34.69147
2012-11-24 12:00:00,99.88949
2012-11-24 13:00:00,172.42038
2012-11-24 14:00:00,221.14029
2012-11-24 15:00:00,113.39543
2012-11-24 16:00:00,34.69147
2012-11-24 17:00:00,34.69147
2012-11-24 18:00:00,34.69147
2012-11-24 19:00:00,34.69147
2012-11-24 20:00:00,34.69147
2012-11-24 21:00:00,34.69147
2012-11-24 22:00:00,34.69147
2012-11-24 23:00:00,34.69147
2012-11-25 00:00:00,34.69147
2012-11-25 01:00:00,34.69147
2012-11-25 02:00:00,34.69147
2012-11-25 03:00:00,34.69147
2012-11-25 04:00:00,34.69147
2012-11-25 05:00:00,34.69147
2012-11-25 06:00:00,34.69147
2012-11-25 07:00:00,34.69147
2012-11-25 08:00:00,34.69147
2012-11-25 09:00:00,34.69147
2012-11-25 10:00:00,34.69147
2012-11-25 11:00:00,34.69147
2012-11-25 12:00:00,34.69147
2012-11-25 13:00:00,34.69147
2012-11-25 14:00:00,34.69147
2012-11-25 15:00:00,34.69147
2012-11-25 16:00:00,52.461697
2012-11-25 17:00:00,34.69147
2012-11-25 18:00:00,34.69147
2012-11-25 19:00:00,34.69147
2012-11-25 20:00:00,34.69147
2012-11-25 21:00:00,34.69147
2012-11-25 22:00:00,34.69147
2012-11-25 23:00:00,34.69147
2012-11-26 00:00:00,34.69147
2012-11-26 01:00:00,34.69147
2012-11-26 02:00:00,34.69147
2012-11-26 03:00:00,34.69147
2012-11-26 04:00:00,34.69147
2012-11-26 05:00:00,34.69147
2012-11-26 06:00:00,34.69147
2012-11-26 07:00:00,34.69147
2012-11-26 08:00:00,34.69147
2012-11-26 09:00:00,34.69147
2012-11-26 10:00:00,34.69147
2012-11-26 11:00:00,469.67337
2012-11-26 12:00:00,714.94696
2012-11-26 13:00:00,714.94696
2012-11-26 14:00:00,757.02203
2012-11-26 15:00:00,720.9462
2012-11-26 16:00:00,1056.871
2012-11-26 17:00:00,884.19745
2012-11-26 18:00:00,34.69147
2012-11-26 19:00:00,34.69147
2012-11-26 20:00:00,34.69147
2012-11-26 21:00:00,34.69147
2012-11-26 22:00:00,34.69147
2012-11-26 23:00:00,34.69147
2012-11-27 00:00:00,34.69147
2012-11-27 01:00:00,34.69147
2012-11-27 02:00:00,34.69147
2012-11-27 03:00:00,34.69147
2012-11-27 04:00:00,34.69147
2012-11-27 05:00:00,34.69147
2012-11-27 06:00:00,34.69147
2012-11-27 07:00:00,34.69147
2012-11-27 08:00:00,34.69147
2012-11-27 09:00:00,34.69147
2012-11-27 10:00:00,34.69147
2012-11-27 11:00:00,34.69147
2012-11-27 12:00:00,34.69147
2012-11-27 13:00:00,34.69147
2012-11-27 14:00:00,34.69147
2012-11-27 15:00:00,34.69147
2012-11-27 16:00:00,34.69147
2012-11-27 17:00:00,34.69147
2012-11-27 18:00:00,34.69147
2012-11-27 19:00:00,34.69147
2012-11-27 20:00:00,34.69147
2012-11-27 21:00:00,34.69147
2012-11-27 22:00:00,34.69147
2012-11-27 23:00:00,34.69147
2012-11-28 00:00:00,34.69147
2012-11-28 01:00:00,34.69147
2012-11-28 02:00:00,34.69147
2012-11-28 03:00:00,34.69147
2012-11-28 04:00:00,34.69147
2012-11-28 05:00:00,34.69147
2012-11-28 06:00:00,34.69147
2012-11-28 07:00:00,34.69147
2012-11-28 08:00:00,34.69147
2012-11-28 09:00:00,34.69147
2012-11-28 10:00:00,34.69147
2012-11-28 11:00:00,34.69147
2012-11-28 12:00:00,54.10494
2012-11-28 13:00:00,94.484726
2012-11-28 14:00:00,161.36185
2012-11-28 15:00:00,336.58725
2012-11-28 16:00:00,462.97446
2012-11-28 17:00:00,398.707
2012-11-28 18:00:00,223.27522
2012-11-28 19:00:00,176.53618
2012-11-28 20:00:00,204.60445
2012-11-28 21:00:00,68.79141
2012-11-28 22:00:00,34.69147
2012-11-28 23:00:00,34.69147
2012-11-29 00:00:00,34.69147
2012-11-29 01:00:00,34.69147
2012-11-29 02:00:00,34.69147
2012-11-29 04:00:00,34.69147
2012-11-29 05:00:00,34.69147
2012-11-29 06:00:00,34.69147
2012-11-29 07:00:00,34.69147
2012-11-29 08:00:00,34.69147
2012-11-29 09:00:00,34.69147
2012-11-29 10:00:00,34.69147
2012-11-29 11:00:00,248.70187
2012-11-29 12:00:00,177.22794
2012-11-29 13:00:00,654.7511
2012-11-29 14:00:00,119.94875
2012-11-29 15:00:00,95.21387
2012-11-29 16:00:00,184.32524
2012-11-29 17:00:00,158.86127
2012-11-29 18:00:00,34.69147
2012-11-29 19:00:00,34.69147
2012-11-29 20:00:00,34.69147
2012-11-29 21:00:00,34.69147
2012-11-29 22:00:00,34.69147
2012-11-29 23:00:00,34.69147
2012-11-30 00:00:00,34.69147
2012-11-30 01:00:00,34.69147
2012-11-30 02:00:00,34.69147
2012-11-30 03:00:00,34.69147
2012-11-30 04:00:00,34.69147
2012-11-30 05:00:00,34.69147
2012-11-30 06:00:00,34.69147
2012-11-30 07:00:00,34.69147
2012-11-30 08:00:00,34.69147
2012-11-30 09:00:00,34.69147
2012-11-30 10:00:00,34.69147
2012-11-30 11:00:00,34.69147
2012-11-30 12:00:00,139.03891
2012-11-30 13:00:00,403.4178
2012-11-30 14:00:00,427.4549
2012-11-30 15:00:00,599.72174
2012-11-30 16:00:00,286.09732
2012-11-30 17:00:00,34.69147
2012-11-30 18:00:00,34.69147
2012-11-30 19:00:00,34.69147
2012-11-30 20:00:00,34.69147
2012-11-30 21:00:00,34.69147
2012-11-30 22:00:00,34.69147
2012-11-30 23:00:00,34.69147
2012-12-20 00:00:00,34.69147
2012-12-20 01:00:00,34.69147
2012-12-20 02:00:00,34.69147
2012-12-20 03:00:00,34.69147
2012-12-20 04:00:00,34.69147
2012-12-20 05:00:00,34.69147
2012-12-20 06:00:00,34.69147
2012-12-20 07:00:00,34.69147
2012-12-20 08:00:00,34.69147
2012-12-20 09:00:00,34.69147
2012-12-20 10:00:00,34.69147
2012-12-20 11:00:00,34.69147
2012-12-20 12:00:00,34.69147
2012-12-20 13:00:00,34.69147
2012-12-20 14:00:00,34.69147
2012-12-20 15:00:00,34.69147
2012-12-20 16:00:00,34.69147
2012-12-20 17:00:00,34.69147
2012-12-20 18:00:00,34.69147
2012-12-20 19:00:00,34.69147
2012-12-20 20:00:00,34.69147
2012-12-20 21:00:00,34.69147
2012-12-20 22:00:00,34.69147
2012-12-20 23:00:00,34.69147
2012-12-21 00:00:00,34.69147
2012-12-21 01:00:00,34.69147
2012-12-21 02:00:00,34.69147
2012-12-21 03:00:00,34.69147
2012-12-21 04:00:00,34.69147
2012-12-21 05:00:00,34.69147
2012-12-21 06:00:00,34.69147
2012-12-21 07:00:00,34.69147
2012-12-21 08:00:00,34.69147
2012-12-21 09:00:00,34.69147
2012-12-21 10:00:00,34.69147
2012-12-21 11:00:00,34.69147
2012-12-21 12:00:00,62.621574
2012-12-21 13:00:00,69.71895
2012-12-21 14:00:00,73.27357
2012-12-21 15:00:00,34.69147
2012-12-21 16:00:00,34.69147
2012-12-21 17:00:00,34.69147
2012-12-21 18:00:00,34.69147
2012-12-21 19:00:00,34.69147
2012-12-21 20:00:00,34.69147
2012-12-21 21:00:00,34.69147
2012-12-21 22:00:00,34.69147
2012-12-21 23:00:00,34.69147
2012-12-22 00:00:00,34.69147
2012-12-22 01:00:00,34.69147
2012-12-22 02:00:00,34.69147
2012-12-22 03:00:00,34.69147
2012-12-22 04:00:00,34.69147
2012-12-22 05:00:00,34.69147
2012-12-22 06:00:00,34.69147
2012-12-22 07:00:00,34.69147
2012-12-22 08:00:00,34.69147
2012-12-22 09:00:00,34.69147
2012-12-22 10:00:00,34.69147
2012-12-22 11:00:00,34.69147
2012-12-22 12:00:00,118.32662
2012-12-22 13:00:00,145.46643
2012-12-22 14:00:00,147.23778
2012-12-22 15:00:00,269.46918
2012-12-22 16:00:00,37.721603
2012-12-22 17:00:00,34.69147
2012-12-22 18:00:00,34.69147
2012-12-22 19:00:00,34.69147
2012-12-22 20:00:00,34.69147
2012-12-22 21:00:00,34.69147
2012-12-22 22:00:00,34.69147
2012-12-22 23:00:00,34.69147
2012-12-23 00:00:00,34.69147
2012-12-23 01:00:00,34.69147
2012-12-23 02:00:00,34.69147
2012-12-23 03:00:00,34.69147
2012-12-23 04:00:00,34.69147
2012-12-23 05:00:00,34.69147
2012-12-23 06:00:00,34.69147
2012-12-23 07:00:00,34.69147
2012-12-23 08:00:00,34.69147
2012-12-23 09:00:00,34.69147
2012-12-23 10:00:00,34.69147
2012-12-23 11:00:00,34.69147
2012-12-23 12:00:00,34.69147
2012-12-23 13:00:00,86.09457
2012-12-23 14:00:00,321.7899
2012-12-23 15:00:00,378.75418
2012-12-23 16:00:00,354.717
2012-12-23 17:00:00,34.69147
2012-12-23 18:00:00,34.69147
2012-12-23 19:00:00,49.13707
2012-12-23 20:00:00,34.69147
2012-12-23 21:00:00,34.69147
2012-12-23 22:00:00,34.69147
2012-12-23 23:00:00,34.69147
2012-12-24 00:00:00,34.69147
2012-12-24 01:00:00,34.69147
2012-12-24 02:00:00,34.69147
2012-12-24 03:00:00,34.69147
2012-12-24 05:00:00,34.69147
2012-12-24 06:00:00,34.69147
2012-12-24 07:00:00,34.69147
2012-12-24 08:00:00,34.69147
2012-12-24 09:00:00,34.69147
2012-12-24 10:00:00,34.69147
2012-12-24 11:00:00,34.69147
2012-12-24 12:00:00,34.69147
2012-12-24 13:00:00,34.69147
2012-12-24 14:00:00,34.69147
2012-12-24 15:00:00,34.69147
2012-12-24 16:00:00,34.69147
2012-12-24 17:00:00,34.69147
2012-12-24 18:00:00,34.69147
2012-12-24 19:00:00,34.69147
2012-12-24 20:00:00,34.69147
2012-12-24 21:00:00,34.69147
2012-12-24 22:00:00,34.69147
2012-12-24 23:00:00,34.69147
2012-12-25 00:00:00,34.69147
2012-12-25 01:00:00,34.69147
2012-12-25 02:00:00,34.69147
2012-12-25 04:00:00,34.69147
2012-12-25 05:00:00,34.69147
2012-12-25 06:00:00,34.69147
2012-12-25 07:00:00,34.69147
2012-12-25 08:00:00,34.69147
2012-12-25 09:00:00,34.69147
2012-12-25 10:00:00,34.69147
2012-12-25 11:00:00,34.69147
2012-12-25 12:00:00,34.69147
2012-12-25 13:00:00,118.70217
2012-12-25 14:00:00,157.61464
2012-12-25 15:00:00,34.69147
2012-12-25 16:00:00,34.69147
2012-12-25 17:00:00,34.69147
2012-12-25 18:00:00,34.69147
2012-12-25 19:00:00,34.69147
2012-12-25 20:00:00,34.69147
2012-12-25 21:00:00,34.69147
2012-12-25 22:00:00,34.69147
2012-12-25 23:00:00,34.69147
2012-12-26 00:00:00,34.69147
2012-12-26 01:00:00,34.69147
2012-12-26 02:00:00,34.69147
2012-12-26 03:00:00,34.69147
2012-12-26 04:00:00,34.69147
2012-12-26 05:00:00,34.69147
2012-12-26 06:00:00,34.69147
2012-12-26 07:00:00,34.69147
2012-12-26 08:00:00,34.69147
2012-12-26 09:00:00,34.69147
2012-12-26 10:00:00,34.69147
2012-12-26 11:00:00,34.69147
2012-12-26 12:00:00,34.69147
2012-12-26 13:00:00,34.69147
2012-12-26 14:00:00,34.69147
2012-12-26 15:00:00,34.69147
2012-12-26 16:00:00,34.69147
2012-12-26 17:00:00,34.69147
2012-12-26 18:00:00,34.69147
2012-12-26 19:00:00,34.69147
2012-12-26 20:00:00,34.69147
2012-12-26 21:00:00,34.69147
2012-12-26 22:00:00,34.69147
2012-12-26 23:00:00,34.69147
2012-12-27 00:00:00,34.69147
2012-12-27 01:00:00,34.69147
2012-12-27 02:00:00,34.69147
2012-12-27 03:00:00,34.69147
2012-12-27 04:00:00,34.69147
2012-12-27 05:00:00,34.69147
2012-12-27 06:00:00,34.69147
2012-12-27 07:00:00,34.69147
2012-12-27 08:00:00,34.69147
2012-12-27 09:00:00,34.69147
2012-12-27 10:00:00,34.69147
2012-12-27 11:00:00,34.69147
2012-12-27 12:00:00,34.69147
2012-12-27 13:00:00,34.69147
2012-12-27 14:00:00,34.69147
2012-12-27 15:00:00,34.69147
2012-12-27 16:00:00,34.69147
2012-12-27 17:00:00,34.69147
2012-12-27 18:00:00,34.69147
2012-12-27 19:00:00,34.69147
2012-12-27 20:00:00,34.69147
2012-12-27 21:00:00,34.69147
2012-12-27 22:00:00,34.69147
2012-12-27 23:00:00,34.69147
2012-12-28 00:00:00,34.69147
2012-12-28 01:00:00,34.69147
2012-12-28 02:00:00,34.69147
2012-12-28 03:00:00,34.69147
2012-12-28 04:00:00,34.69147
2012-12-28 05:00:00,34.69147
2012-12-28 06:00:00,34.69147
2012-12-28 07:00:00,34.69147
2012-12-28 08:00:00,34.69147
2012-12-28 09:00:00,34.69147
2012-12-28 10:00:00,34.69147
2012-12-28 11:00:00,34.69147
2012-12-28 12:00:00,34.69147
2012-12-28 13:00:00,34.69147
2012-12-28 14:00:00,34.69147
2012-12-28 15:00:00,34.69147
2012-12-28 16:00:00,34.69147
2012-12-28 17:00:00,34.69147
2012-12-28 18:00:00,34.69147
2012-12-28 19:00:00,34.69147
2012-12-28 20:00:00,34.69147
2012-12-28 21:00:00,34.69147
2012-12-28 22:00:00,34.69147
2012-12-28 23:00:00,34.69147
2012-12-29 00:00:00,34.69147
2012-12-29 01:00:00,34.69147
2012-12-29 02:00:00,34.69147
2012-12-29 03:00:00,34.69147
2012-12-29 04:00:00,34.69147
2012-12-29 05:00:00,34.69147
2012-12-29 06:00:00,34.69147
2012-12-29 07:00:00,34.69147
2012-12-29 08:00:00,34.69147
2012-12-29 09:00:00,34.69147
2012-12-29 10:00:00,34.69147
2012-12-29 11:00:00,34.69147
2012-12-29 12:00:00,34.69147
2012-12-29 13:00:00,34.69147
2012-12-29 14:00:00,34.69147
2012-12-29 15:00:00,34.69147
2012-12-29 16:00:00,34.69147
2012-12-29 17:00:00,34.69147
2012-12-29 18:00:00,34.69147
2012-12-29 19:00:00,34.69147
2012-12-29 20:00:00,34.69147
2012-12-29 21:00:00,34.69147
2012-12-29 22:00:00,34.69147
2012-12-29 23:00:00,34.69147
2012-12-30 00:00:00,34.69147
2012-12-30 01:00:00,34.69147
2012-12-30 02:00:00,34.69147
2012-12-30 03:00:00,34.69147
2012-12-30 04:00:00,34.69147
2012-12-30 05:00:00,34.69147
2012-12-30 06:00:00,34.69147
2012-12-30 07:00:00,34.69147
2012-12-30 08:00:00,34.69147
2012-12-30 09:00:00,34.69147
2012-12-30 10:00:00,34.69147
2012-12-30 11:00:00,34.69147
2012-12-30 12:00:00,34.69147
2012-12-30 13:00:00,118.32662
2012-12-30 14:00:00,103.8695
2012-12-30 15:00:00,34.69147
2012-12-30 16:00:00,34.69147
2012-12-30 17:00:00,34.69147
2012-12-30 18:00:00,34.69147
2012-12-30 19:00:00,34.69147
2012-12-30 20:00:00,34.69147
2012-12-30 21:00:00,34.69147
2012-12-30 22:00:00,34.69147
2012-12-30 23:00:00,34.69147
2012-12-31 00:00:00,34.69147
2012-12-31 01:00:00,34.69147
2012-12-31 02:00:00,34.69147
2012-12-31 03:00:00,34.69147
2012-12-31 04:00:00,34.69147
2012-12-31 05:00:00,34.69147
2012-12-31 06:00:00,34.69147
2012-12-31 07:00:00,34.69147
2012-12-31 08:00:00,34.69147
2012-12-31 09:00:00,34.69147
2012-12-31 10:00:00,34.69147
2012-12-31 11:00:00,34.69147
2012-12-31 12:00:00,34.69147
2012-12-31 13:00:00,34.69147
2012-12-31 14:00:00,34.69147
2012-12-31 15:00:00,34.69147
2012-12-31 16:00:00,34.69147
2012-12-31 17:00:00,34.69147
2012-12-31 18:00:00,34.69147
2012-12-31 19:00:00,34.69147
2012-12-31 20:00:00,34.69147
2012-12-31 21:00:00,34.69147
2012-12-31 22:00:00,34.69147
2012-12-31 23:00:00,34.69147
