datetime,count
2011-01-20 00:00:00,94.338875
2011-01-20 01:00:00,86.75707
2011-01-20 02:00:00,86.75707
2011-01-20 03:00:00,91.06669
2011-01-20 04:00:00,91.06669
2011-01-20 05:00:00,71.9717
2011-01-20 06:00:00,66.20938
2011-01-20 07:00:00,81.61193
2011-01-20 08:00:00,84.65131
2011-01-20 09:00:00,102.29162
2011-01-20 10:00:00,114.42135
2011-01-20 11:00:00,136.36366
2011-01-20 12:00:00,155.18468
2011-01-20 13:00:00,137.40106
2011-01-20 14:00:00,144.65373
2011-01-20 15:00:00,153.45546
2011-01-20 16:00:00,132.33168
2011-01-20 17:00:00,134.89133
2011-01-20 18:00:00,98.25965
2011-01-20 19:00:00,91.2995
2011-01-20 20:00:00,86.42243
2011-01-20 21:00:00,79.164665
2011-01-20 22:00:00,61.207558
2011-01-20 23:00:00,63.488365
2011-01-21 00:00:00,48.35955
2011-01-21 01:00:00,48.35955
2011-01-21 02:00:00,38.12627
2011-01-21 03:00:00,19.748745
2011-01-21 04:00:00,-5.92237
2011-01-21 05:00:00,73.721664
2011-01-21 06:00:00,83.129074
2011-01-21 07:00:00,87.16103
2011-01-21 08:00:00,101.76391
2011-01-21 09:00:00,90.95899
2011-01-21 10:00:00,104.55127
2011-01-21 11:00:00,128.76985
2011-01-21 12:00:00,177.97578
2011-01-21 13:00:00,186.64656
2011-01-21 14:00:00,171.28511
2011-01-21 15:00:00,152.9088
2011-01-21 16:00:00,152.42395
2011-01-21 17:00:00,140.5006
2011-01-21 18:00:00,127.333824
2011-01-21 19:00:00,127.08691
2011-01-21 20:00:00,112.58959
2011-01-21 21:00:00,88.66414
2011-01-21 22:00:00,70.8537
2011-01-21 23:00:00,81.13264
2011-01-22 00:00:00,51.341366
2011-01-22 01:00:00,68.05489
2011-01-22 02:00:00,69.339226
2011-01-22 03:00:00,70.86146
2011-01-22 04:00:00,44.32094
2011-01-22 06:00:00,56.895004
2011-01-22 07:00:00,50.20859
2011-01-22 08:00:00,48.412613
2011-01-22 09:00:00,63.66341
2011-01-22 10:00:00,72.90946
2011-01-22 11:00:00,86.39109
2011-01-22 12:00:00,93.000725
2011-01-22 13:00:00,109.185326
2011-01-22 14:00:00,114.22532
2011-01-22 15:00:00,130.04321
2011-01-22 16:00:00,135.86996
2011-01-22 17:00:00,142.24678
2011-01-22 18:00:00,98.73173
2011-01-22 19:00:00,99.76913
2011-01-22 20:00:00,60.67394
2011-01-22 21:00:00,77.3248
2011-01-22 22:00:00,60.29583
2011-01-22 23:00:00,18.982891
2011-01-23 00:00:00,18.982891
2011-01-23 01:00:00,18.982891
2011-01-23 02:00:00,-0.66487026
2011-01-23 03:00:00,-0.66487026
2011-01-23 05:00:00,24.658695
2011-01-23 06:00:00,24.658695
2011-01-23 07:00:00,30.439602
2011-01-23 08:00:00,8.305245
2011-01-23 09:00:00,46.19716
2011-01-23 10:00:00,83.861336
2011-01-23 11:00:00,92.87006
2011-01-23 12:00:00,121.11942
2011-01-23 13:00:00,123.908
2011-01-23 14:00:00,147.60063
2011-01-23 15:00:00,147.60063
2011-01-23 16:00:00,152.24452
2011-01-23 17:00:00,145.47157
2011-01-23 18:00:00,128.67152
2011-01-23 19:00:00,130.19376
2011-01-23 20:00:00,104.452934
2011-01-23 21:00:00,101.41355
2011-01-23 22:00:00,89.4902
2011-01-23 23:00:00,71.95858
2011-01-24 00:00:00,69.098656
2011-01-24 01:00:00,51.04108
2011-01-24 03:00:00,50.00368
2011-01-24 04:00:00,41.12459
2011-01-24 05:00:00,41.12459
2011-01-24 06:00:00,42.925667
2011-01-24 07:00:00,50.540794
2011-01-24 08:00:00,53.222626
2011-01-24 09:00:00,83.60223
2011-01-24 10:00:00,79.84283
2011-01-24 11:00:00,70.281334
2011-01-24 12:00:00,97.080925
2011-01-24 13:00:00,97.20818
2011-01-24 14:00:00,87.96665
2011-01-24 15:00:00,107.54683
2011-01-24 16:00:00,86.46299
2011-01-24 17:00:00,67.40915
2011-01-24 18:00:00,40.72196
2011-01-24 19:00:00,58.657333
2011-01-24 20:00:00,40.72196
2011-01-24 21:00:00,30.932735
2011-01-24 22:00:00,35.597965
2011-01-24 23:00:00,39.77011
2011-01-25 00:00:00,21.839832
2011-01-25 01:00:00,23.887833
2011-01-25 02:00:00,17.174603
2011-01-25 04:00:00,-1.9154835
2011-01-25 05:00:00,-3.9634724
2011-01-25 06:00:00,3.820053
2011-01-25 07:00:00,1.7720404
2011-01-25 08:00:00,11.013004
2011-01-25 09:00:00,55.117043
2011-01-25 10:00:00,73.933174
2011-01-25 11:00:00,77.13589
2011-01-25 12:00:00,101.07131
2011-01-25 13:00:00,99.27024
2011-01-25 14:00:00,145.94316
2011-01-25 15:00:00,160.94704
2011-01-25 16:00:00,160.94704
2011-01-25 17:00:00,140.26735
2011-01-25 18:00:00,134.13277
2011-01-25 19:00:00,69.0179
2011-01-25 20:00:00,55.04692
2011-01-25 21:00:00,55.04692
2011-01-25 22:00:00,54.92473
2011-01-25 23:00:00,60.600548
2011-01-26 00:00:00,43.67576
2011-01-26 01:00:00,61.73333
2011-01-26 02:00:00,52.390953
2011-01-26 05:00:00,-9.30521
2011-01-26 06:00:00,-9.30521
2011-01-26 07:00:00,-1.8148274
2011-01-26 08:00:00,-1.8148274
2011-01-26 09:00:00,-1.8148274
2011-01-26 10:00:00,-21.05648
2011-01-26 11:00:00,-22.82565
2011-01-26 12:00:00,-22.82565
2011-01-26 13:00:00,-22.82565
2011-01-26 14:00:00,-21.308502
2011-01-26 15:00:00,-20.065094
2011-01-26 16:00:00,-17.149826
2011-01-26 17:00:00,-27.070839
2011-01-27 16:00:00,84.16648
2011-01-27 17:00:00,83.65992
2011-01-27 18:00:00,34.038673
2011-01-27 19:00:00,34.038673
2011-01-27 20:00:00,12.873793
2011-01-27 21:00:00,12.873793
2011-01-27 22:00:00,12.873793
2011-01-27 23:00:00,-5.8612804
2011-01-28 00:00:00,19.43037
2011-01-28 01:00:00,19.43037
2011-01-28 02:00:00,20.952614
2011-01-28 03:00:00,21.990005
2011-01-28 05:00:00,0.8251209
2011-01-28 06:00:00,-1.7077007
2011-01-28 07:00:00,-24.152046
2011-01-28 08:00:00,-24.152046
2011-01-28 09:00:00,-12.74071
2011-01-28 10:00:00,-11.98215
2011-01-28 11:00:00,-33.5457
2011-01-28 12:00:00,-33.5457
2011-01-28 13:00:00,-33.5457
2011-01-28 14:00:00,20.805374
2011-01-28 15:00:00,-9.089038
2011-01-28 16:00:00,9.4537325
2011-01-28 17:00:00,25.252388
2011-01-28 18:00:00,24.241806
2011-01-28 19:00:00,30.928219
2011-01-28 20:00:00,45.320175
2011-01-28 21:00:00,25.192688
2011-01-28 22:00:00,59.3297
2011-01-28 23:00:00,71.9717
2011-01-29 00:00:00,58.01238
2011-01-29 01:00:00,57.779575
2011-01-29 02:00:00,56.26243
2011-01-29 03:00:00,48.977848
2011-01-29 04:00:00,20.560299
2011-01-29 06:00:00,37.479996
2011-01-29 07:00:00,51.365402
2011-01-29 08:00:00,72.489174
2011-01-29 09:00:00,60.419144
2011-01-29 10:00:00,51.450974
2011-01-29 11:00:00,48.918144
2011-01-29 12:00:00,69.04564
2011-01-29 13:00:00,89.66285
2011-01-29 14:00:00,72.738045
2011-01-29 15:00:00,41.339603
2011-01-29 16:00:00,74.319984
2011-01-29 17:00:00,78.16398
2011-01-29 18:00:00,39.337635
2011-01-29 19:00:00,47.01542
2011-01-29 20:00:00,14.211483
2011-01-29 21:00:00,14.211483
2011-01-29 22:00:00,-10.007094
2011-01-29 23:00:00,-10.007094
2011-01-30 00:00:00,-13.325324
2011-01-30 01:00:00,-12.204289
2011-01-30 02:00:00,-6.4419546
2011-01-30 03:00:00,-52.250946
2011-01-30 04:00:00,-52.250946
2011-01-30 05:00:00,-30.687355
2011-01-30 07:00:00,-30.687355
2011-01-30 08:00:00,-25.011547
2011-01-30 09:00:00,-0.7661371
2011-01-30 10:00:00,4.969389
2011-01-30 11:00:00,26.193985
2011-01-30 12:00:00,121.31167
2011-01-30 13:00:00,83.77476
2011-01-30 14:00:00,87.066154
2011-01-30 15:00:00,107.7194
2011-01-30 16:00:00,107.7194
2011-01-30 17:00:00,105.41939
2011-01-30 18:00:00,64.67978
2011-01-30 19:00:00,66.19692
2011-01-30 20:00:00,71.36617
2011-01-30 21:00:00,49.1907
2011-01-30 22:00:00,46.657864
2011-01-30 23:00:00,62.545246
2011-01-31 00:00:00,62.244965
2011-01-31 01:00:00,55.404472
2011-01-31 02:00:00,56.441883
2011-01-31 03:00:00,56.441883
2011-01-31 04:00:00,63.55436
2011-01-31 05:00:00,41.378876
2011-01-31 06:00:00,18.444824
2011-01-31 07:00:00,37.242386
2011-01-31 08:00:00,52.644928
2011-01-31 09:00:00,53.403507
2011-01-31 10:00:00,52.133286
2011-01-31 11:00:00,52.133286
2011-01-31 12:00:00,77.83788
2011-01-31 13:00:00,62.58689
2011-01-31 14:00:00,75.30506
2011-01-31 15:00:00,57.22068
2011-01-31 16:00:00,69.5016
2011-01-31 17:00:00,52.133286
2011-01-31 18:00:00,65.97757
2011-01-31 19:00:00,92.24937
2011-01-31 20:00:00,60.36875
2011-01-31 21:00:00,64.69756
2011-01-31 22:00:00,55.70352
2011-01-31 23:00:00,43.619194
2011-02-20 00:00:00,159.32991
2011-02-20 01:00:00,135.8699
2011-02-20 02:00:00,140.42644
2011-02-20 03:00:00,125.42253
2011-02-20 04:00:00,125.42253
2011-02-20 06:00:00,101.57935
2011-02-20 07:00:00,81.240974
2011-02-20 08:00:00,91.584145
2011-02-20 09:00:00,110.63308
2011-02-20 10:00:00,145.80502
2011-02-20 11:00:00,184.47978
2011-02-20 12:00:00,179.84138
2011-02-20 13:00:00,194.2643
2011-02-20 14:00:00,214.54726
2011-02-20 15:00:00,214.79927
2011-02-20 16:00:00,208.63826
2011-02-20 17:00:00,194.37862
2011-02-20 18:00:00,185.21388
2011-02-20 19:00:00,185.21388
2011-02-20 20:00:00,168.02025
2011-02-20 21:00:00,128.3991
2011-02-20 22:00:00,115.27244
2011-02-20 23:00:00,98.22546
2011-02-21 00:00:00,159.32678
2011-02-21 01:00:00,159.32678
2011-02-21 02:00:00,159.32678
2011-02-21 03:00:00,157.80453
2011-02-21 04:00:00,138.44112
2011-02-21 05:00:00,177.34422
2011-02-21 06:00:00,246.342
2011-02-21 07:00:00,245.58342
2011-02-21 08:00:00,109.911316
2011-02-21 09:00:00,109.15275
2011-02-21 10:00:00,107.6305
2011-02-21 11:00:00,108.16137
2011-02-21 12:00:00,80.94331
2011-02-21 13:00:00,33.364784
2011-02-21 14:00:00,49.100796
2011-02-21 15:00:00,67.653366
2011-02-21 16:00:00,46.59207
2011-02-21 17:00:00,43.475906
2011-02-21 18:00:00,-10.58711
2011-02-21 19:00:00,-10.58711
2011-02-21 20:00:00,15.094008
2011-02-21 21:00:00,30.880947
2011-02-21 22:00:00,19.546398
2011-02-21 23:00:00,19.546398
2011-02-22 06:00:00,-19.493668
2011-02-22 07:00:00,-19.493668
2011-02-22 08:00:00,-21.015903
2011-02-22 09:00:00,-0.84730387
2011-02-22 10:00:00,13.902415
2011-02-22 11:00:00,41.508526
2011-02-22 12:00:00,65.602356
2011-02-22 13:00:00,82.64933
2011-02-22 14:00:00,84.16648
2011-02-22 15:00:00,107.41561
2011-02-22 16:00:00,94.97138
2011-02-22 17:00:00,93.933975
2011-02-22 18:00:00,105.7712
2011-02-22 19:00:00,99.4831
2011-02-22 20:00:00,100.520515
2011-02-22 21:00:00,102.03765
2011-02-22 22:00:00,98.785034
2011-02-22 23:00:00,98.785034
2011-02-23 00:00:00,68.446556
2011-02-23 01:00:00,83.30143
2011-02-23 02:00:00,67.77161
2011-02-23 03:00:00,65.243866
2011-02-23 05:00:00,66.254456
2011-02-23 06:00:00,66.254456
2011-02-23 07:00:00,55.449554
2011-02-23 08:00:00,58.657333
2011-02-23 09:00:00,83.72554
2011-02-23 10:00:00,126.93866
2011-02-23 11:00:00,132.54944
2011-02-23 12:00:00,160.08626
2011-02-23 13:00:00,193.14769
2011-02-23 14:00:00,196.56126
2011-02-23 15:00:00,213.88707
2011-02-23 16:00:00,213.37544
2011-02-23 17:00:00,213.88707
2011-02-23 18:00:00,205.04424
2011-02-23 19:00:00,177.23347
2011-02-23 20:00:00,72.9823
2011-02-23 21:00:00,113.79244
2011-02-23 22:00:00,113.79244
2011-02-23 23:00:00,86.97815
2011-02-24 00:00:00,86.97815
2011-02-24 01:00:00,71.575584
2011-02-24 02:00:00,49.44123
2011-02-24 03:00:00,47.64016
2011-02-24 05:00:00,32.237602
2011-02-24 06:00:00,31.227024
2011-02-24 07:00:00,21.985489
2011-02-24 08:00:00,41.1666
2011-02-24 09:00:00,31.161018
2011-02-24 10:00:00,55.617317
2011-02-24 11:00:00,118.24438
2011-02-24 12:00:00,144.59201
2011-02-24 13:00:00,156.41118
2011-02-24 14:00:00,174.49559
2011-02-24 15:00:00,172.41096
2011-02-24 16:00:00,136.68434
2011-02-24 17:00:00,105.938385
2011-02-24 18:00:00,28.525158
2011-02-24 19:00:00,14.195664
2011-02-24 20:00:00,11.559235
2011-02-24 21:00:00,28.525158
2011-02-24 22:00:00,35.996967
2011-02-24 23:00:00,3.0363488
2011-02-25 00:00:00,9.516762
2011-02-25 01:00:00,-17.722626
2011-02-25 02:00:00,-17.722626
2011-02-25 03:00:00,5.084355
2011-02-25 05:00:00,5.084355
2011-02-25 06:00:00,15.7639265
2011-02-25 07:00:00,-7.6007223
2011-02-25 08:00:00,19.725187
2011-02-25 09:00:00,17.23505
2011-02-25 10:00:00,51.886658
2011-02-25 11:00:00,127.74053
2011-02-25 12:00:00,197.9818
2011-02-25 13:00:00,197.9818
2011-02-25 14:00:00,223.63527
2011-02-25 15:00:00,239.6151
2011-02-25 16:00:00,141.0106
2011-02-25 17:00:00,151.37218
2011-02-25 18:00:00,142.52776
2011-02-25 19:00:00,125.24813
2011-02-25 20:00:00,138.7942
2011-02-25 21:00:00,128.79529
2011-02-25 22:00:00,117.945564
2011-02-25 23:00:00,115.94359
2011-02-26 00:00:00,96.43125
2011-02-26 01:00:00,97.67466
2011-02-26 02:00:00,70.33443
2011-02-26 03:00:00,82.46479
2011-02-26 04:00:00,78.5891
2011-02-26 05:00:00,62.948837
2011-02-26 06:00:00,72.40164
2011-02-26 07:00:00,72.91329
2011-02-26 08:00:00,83.8398
2011-02-26 09:00:00,98.08019
2011-02-26 10:00:00,133.66937
2011-02-26 11:00:00,141.60503
2011-02-26 12:00:00,153.27599
2011-02-26 13:00:00,168.75961
2011-02-26 14:00:00,186.96892
2011-02-26 15:00:00,182.1784
2011-02-26 16:00:00,158.01949
2011-02-26 17:00:00,168.29845
2011-02-26 18:00:00,151.77234
2011-02-26 19:00:00,135.75789
2011-02-26 20:00:00,107.95222
2011-02-26 21:00:00,74.971825
2011-02-26 22:00:00,42.64957
2011-02-26 23:00:00,41.63898
2011-02-27 00:00:00,-1.0894814
2011-02-27 01:00:00,-1.5743027
2011-02-27 02:00:00,-0.563714
2011-02-27 03:00:00,1.2373643
2011-02-27 04:00:00,-10.376029
2011-02-27 06:00:00,-5.0098047
2011-02-27 07:00:00,-10.376029
2011-02-27 08:00:00,0.725708
2011-02-27 09:00:00,6.9728622
2011-02-27 10:00:00,30.939419
2011-02-27 11:00:00,105.2071
2011-02-27 12:00:00,147.20009
2011-02-27 13:00:00,169.93758
2011-02-27 14:00:00,180.26154
2011-02-27 15:00:00,197.51433
2011-02-27 16:00:00,204.7989
2011-02-27 17:00:00,158.25072
2011-02-27 18:00:00,152.5152
2011-02-27 19:00:00,149.47581
2011-02-27 20:00:00,147.20009
2011-02-27 21:00:00,120.59163
2011-02-27 22:00:00,123.22806
2011-02-27 23:00:00,112.40515
2011-02-28 00:00:00,99.756035
2011-02-28 01:00:00,35.71812
2011-02-28 03:00:00,9.749588
2011-02-28 05:00:00,9.576478
2011-02-28 06:00:00,1.6051469
2011-02-28 07:00:00,16.582214
2011-02-28 08:00:00,8.519842
2011-02-28 09:00:00,75.220345
2011-02-28 10:00:00,151.09464
2011-02-28 11:00:00,177.35986
2011-02-28 12:00:00,177.35985
2011-02-28 13:00:00,58.06432
2011-02-28 14:00:00,31.88134
2011-02-28 15:00:00,31.88134
2011-02-28 16:00:00,23.521767
2011-02-28 17:00:00,26.145824
2011-02-28 18:00:00,56.542076
2011-02-28 19:00:00,90.5653
2011-02-28 20:00:00,90.5653
2011-02-28 21:00:00,59.315933
2011-02-28 22:00:00,20.274433
2011-02-28 23:00:00,44.312096
2011-03-20 00:00:00,145.803
2011-03-20 01:00:00,124.70605
2011-03-20 02:00:00,122.30305
2011-03-20 03:00:00,102.69643
2011-03-20 04:00:00,95.44376
2011-03-20 05:00:00,81.59948
2011-03-20 06:00:00,83.12171
2011-03-20 07:00:00,73.309395
2011-03-20 08:00:00,98.1399
2011-03-20 09:00:00,118.75202
2011-03-20 10:00:00,153.04318
2011-03-20 11:00:00,172.85617
2011-03-20 12:00:00,175.51118
2011-03-20 13:00:00,198.48637
2011-03-20 14:00:00,216.57079
2011-03-20 15:00:00,214.97136
2011-03-20 16:00:00,216.14525
2011-03-20 17:00:00,215.60657
2011-03-20 18:00:00,198.23961
2011-03-20 19:00:00,167.26106
2011-03-20 20:00:00,158.01949
2011-03-20 21:00:00,136.39622
2011-03-20 22:00:00,134.60023
2011-03-20 23:00:00,118.67133
2011-03-21 00:00:00,124.31924
2011-03-21 01:00:00,103.24085
2011-03-21 02:00:00,100.201454
2011-03-21 03:00:00,100.201454
2011-03-21 05:00:00,60.512764
2011-03-21 06:00:00,84.98614
2011-03-21 07:00:00,49.647785
2011-03-21 08:00:00,43.97197
2011-03-21 09:00:00,69.396355
2011-03-21 10:00:00,115.589714
2011-03-21 11:00:00,137.92851
2011-03-21 12:00:00,122.926956
2011-03-21 13:00:00,181.77036
2011-03-21 14:00:00,190.21452
2011-03-21 15:00:00,208.27211
2011-03-21 16:00:00,193.25392
2011-03-21 17:00:00,191.73167
2011-03-21 18:00:00,159.80809
2011-03-21 19:00:00,218.23534
2011-03-21 20:00:00,188.752
2011-03-21 21:00:00,67.57859
2011-03-21 22:00:00,87.583885
2011-03-21 23:00:00,80.746544
2011-03-22 00:00:00,86.06165
2011-03-22 01:00:00,34.558273
2011-03-22 02:00:00,56.52795
2011-03-22 03:00:00,100.33144
2011-03-22 04:00:00,97.20551
2011-03-22 05:00:00,74.54522
2011-03-22 06:00:00,74.948166
2011-03-22 07:00:00,106.913704
2011-03-22 08:00:00,172.23964
2011-03-22 09:00:00,180.59923
2011-03-22 10:00:00,196.05952
2011-03-22 11:00:00,201.14749
2011-03-22 12:00:00,215.40202
2011-03-22 13:00:00,231.54372
2011-03-22 14:00:00,246.10548
2011-03-22 15:00:00,240.78526
2011-03-22 16:00:00,234.70648
2011-03-22 17:00:00,234.70648
2011-03-22 18:00:00,222.05138
2011-03-22 19:00:00,193.77873
2011-03-22 20:00:00,199.0989
2011-03-22 21:00:00,189.53864
2011-03-22 22:00:00,169.95885
2011-03-22 23:00:00,169.95885
2011-03-23 00:00:00,114.446205
2011-03-23 01:00:00,89.23133
2011-03-23 02:00:00,89.23133
2011-03-23 03:00:00,85.07267
2011-03-23 05:00:00,52.137924
2011-03-23 06:00:00,51.187042
2011-03-23 07:00:00,25.424477
2011-03-23 08:00:00,46.462112
2011-03-23 09:00:00,63.90777
2011-03-23 10:00:00,71.19235
2011-03-23 11:00:00,52.19763
2011-03-23 12:00:00,49.6699
2011-03-23 13:00:00,54.834076
2011-03-23 14:00:00,57.453423
2011-03-23 15:00:00,88.74706
2011-03-23 16:00:00,112.99246
2011-03-23 17:00:00,112.99246
2011-03-23 18:00:00,95.940025
2011-03-23 19:00:00,95.940025
2011-03-23 20:00:00,74.23014
2011-03-23 21:00:00,15.363488
2011-03-23 22:00:00,26.461891
2011-03-23 23:00:00,37.06964
2011-03-24 00:00:00,25.424477
2011-03-24 01:00:00,-1.8746014
2011-03-24 02:00:00,-0.35744953
2011-03-24 03:00:00,-9.159171
2011-03-24 04:00:00,-9.159171
2011-03-24 05:00:00,13.926633
2011-03-24 06:00:00,13.926633
2011-03-24 07:00:00,-7.696645
2011-03-24 08:00:00,-12.025451
2011-03-24 09:00:00,8.191116
2011-03-24 10:00:00,5.384542
2011-03-24 11:00:00,56.376266
2011-03-24 12:00:00,91.78414
2011-03-24 13:00:00,96.27625
2011-03-24 14:00:00,90.02909
2011-03-24 15:00:00,92.05789
2011-03-24 16:00:00,105.94329
2011-03-24 17:00:00,90.54075
2011-03-24 18:00:00,117.986496
2011-03-24 19:00:00,132.27487
2011-03-24 20:00:00,105.8166
2011-03-24 21:00:00,88.76962
2011-03-24 22:00:00,85.73023
2011-03-24 23:00:00,77.43507
2011-03-25 00:00:00,92.83762
2011-03-25 01:00:00,56.147984
2011-03-25 02:00:00,55.13739
2011-03-25 03:00:00,57.185387
2011-03-25 04:00:00,36.020493
2011-03-25 05:00:00,35.0099
2011-03-25 06:00:00,33.972496
2011-03-25 07:00:00,88.70306
2011-03-25 08:00:00,119.36152
2011-03-25 09:00:00,131.04716
2011-03-25 10:00:00,129.73935
2011-03-25 11:00:00,164.91708
2011-03-25 12:00:00,178.3719
2011-03-25 13:00:00,188.65085
2011-03-25 14:00:00,224.47795
2011-03-25 15:00:00,208.29314
2011-03-25 16:00:00,212.65816
2011-03-25 17:00:00,203.80101
2011-03-25 18:00:00,181.87791
2011-03-25 19:00:00,198.31752
2011-03-25 20:00:00,185.52495
2011-03-25 21:00:00,187.04716
2011-03-25 22:00:00,184.62497
2011-03-25 23:00:00,176.58183
2011-03-26 00:00:00,177.91954
2011-03-26 01:00:00,168.95232
2011-03-26 02:00:00,139.2234
2011-03-26 03:00:00,122.72409
2011-03-26 04:00:00,139.2234
2011-03-26 05:00:00,110.40206
2011-03-26 06:00:00,92.317665
2011-03-26 07:00:00,110.40206
2011-03-26 08:00:00,138.73857
2011-03-26 09:00:00,153.71562
2011-03-26 10:00:00,161.0002
2011-03-26 11:00:00,175.97725
2011-03-26 12:00:00,189.41777
2011-03-26 13:00:00,205.91707
2011-03-26 14:00:00,224.00142
2011-03-26 15:00:00,226.52919
2011-03-26 16:00:00,245.01225
2011-03-26 17:00:00,233.64165
2011-03-26 18:00:00,249.59645
2011-03-26 19:00:00,164.64603
2011-03-26 20:00:00,164.64603
2011-03-26 21:00:00,158.95161
2011-03-26 22:00:00,175.45091
2011-03-26 23:00:00,159.43648
2011-03-27 00:00:00,166.67603
2011-03-27 01:00:00,124.49521
2011-03-27 02:00:00,119.24395
2011-03-27 03:00:00,67.826706
2011-03-27 04:00:00,47.699226
2011-03-27 06:00:00,3.4485273
2011-03-27 07:00:00,0.9207759
2011-03-27 08:00:00,56.475082
2011-03-27 09:00:00,104.85294
2011-03-27 10:00:00,111.01358
2011-03-27 11:00:00,139.35011
2011-03-27 12:00:00,160.47386
2011-03-27 13:00:00,181.69847
2011-03-27 14:00:00,197.71292
2011-03-27 15:00:00,199.7149
2011-03-27 16:00:00,201.2499
2011-03-27 17:00:00,213.59523
2011-03-27 18:00:00,198.65929
2011-03-27 19:00:00,206.34258
2011-03-27 20:00:00,182.13828
2011-03-27 21:00:00,161.0002
2011-03-27 22:00:00,161.0002
2011-03-27 23:00:00,153.27583
2011-03-28 00:00:00,106.554634
2011-03-28 01:00:00,140.44026
2011-03-28 02:00:00,138.92311
2011-03-28 03:00:00,138.92311
2011-03-28 05:00:00,127.94611
2011-03-28 06:00:00,156.18237
2011-03-28 07:00:00,170.35973
2011-03-28 08:00:00,162.9553
2011-03-28 09:00:00,180.52766
2011-03-28 10:00:00,185.25298
2011-03-28 11:00:00,201.22594
2011-03-28 12:00:00,210.31691
2011-03-28 13:00:00,232.24428
2011-03-28 14:00:00,238.46501
2011-03-28 15:00:00,235.34337
2011-03-28 16:00:00,241.14682
2011-03-28 17:00:00,240.86797
2011-03-28 18:00:00,244.58488
2011-03-28 19:00:00,232.21782
2011-03-28 20:00:00,240.51299
2011-03-28 21:00:00,245.11066
2011-03-28 22:00:00,232.72949
2011-03-28 23:00:00,220.5541
2011-03-29 00:00:00,199.94197
2011-03-29 01:00:00,180.33534
2011-03-29 02:00:00,180.33534
2011-03-29 03:00:00,180.33534
2011-03-29 04:00:00,133.16078
2011-03-29 05:00:00,160.96645
2011-03-29 06:00:00,150.9252
2011-03-29 07:00:00,149.91461
2011-03-29 08:00:00,174.1332
2011-03-29 09:00:00,212.79369
2011-03-29 10:00:00,226.28963
2011-03-29 11:00:00,244.94438
2011-03-29 12:00:00,235.9964
2011-03-29 13:00:00,234.70695
2011-03-29 14:00:00,242.23848
2011-03-29 15:00:00,258.6604
2011-03-29 16:00:00,264.86252
2011-03-29 17:00:00,275.2637
2011-03-29 18:00:00,254.33284
2011-03-29 19:00:00,243.67458
2011-03-29 20:00:00,254.33284
2011-03-29 21:00:00,183.39488
2011-03-29 22:00:00,161.83131
2011-03-29 23:00:00,138.37093
2011-03-30 00:00:00,137.1275
2011-03-30 01:00:00,186.9009
2011-03-30 02:00:00,137.1275
2011-03-30 03:00:00,161.77159
2011-03-30 04:00:00,137.1275
2011-03-30 05:00:00,132.14568
2011-03-30 06:00:00,154.71982
2011-03-30 07:00:00,175.33705
2011-03-30 08:00:00,162.00441
2011-03-30 09:00:00,173.28903
2011-03-30 10:00:00,175.97089
2011-03-30 11:00:00,177.48802
2011-03-30 12:00:00,176.98146
2011-03-30 13:00:00,185.78317
2011-03-30 14:00:00,185.50435
2011-03-30 15:00:00,56.31657
2011-03-30 16:00:00,39.60267
2011-03-30 17:00:00,11.83814
2011-03-30 18:00:00,8.191116
2011-03-30 19:00:00,8.191116
2011-03-30 20:00:00,3.7757812
2011-03-30 21:00:00,-0.1040411
2011-03-30 22:00:00,4.054611
2011-03-30 23:00:00,3.0171988
2011-03-31 00:00:00,4.054611
2011-03-31 01:00:00,2.5323758
2011-03-31 02:00:00,2.5323758
2011-03-31 03:00:00,4.054611
2011-03-31 04:00:00,5.5717697
2011-03-31 05:00:00,4.054611
2011-03-31 06:00:00,3.7757812
2011-03-31 07:00:00,5.5717697
2011-03-31 08:00:00,-21.667618
2011-03-31 09:00:00,11.307282
2011-03-31 10:00:00,11.307282
2011-03-31 11:00:00,18.080215
2011-03-31 12:00:00,18.080215
2011-03-31 13:00:00,43.336205
2011-03-31 14:00:00,43.3362
2011-03-31 15:00:00,43.569023
2011-03-31 16:00:00,39.689194
2011-03-31 17:00:00,39.689194
2011-03-31 18:00:00,37.660393
2011-03-31 19:00:00,37.660393
2011-03-31 20:00:00,18.591854
2011-03-31 21:00:00,10.887244
2011-03-31 22:00:00,21.119598
2011-03-31 23:00:00,-10.73603
2011-04-20 00:00:00,77.28675
2011-04-20 01:00:00,54.563583
2011-04-20 02:00:00,54.563583
2011-04-20 03:00:00,46.203995
2011-04-20 04:00:00,27.305614
2011-04-20 05:00:00,50.345207
2011-04-20 06:00:00,54.563583
2011-04-20 07:00:00,51.96633
2011-04-20 08:00:00,212.4162
2011-04-20 09:00:00,235.36317
2011-04-20 10:00:00,193.4213
2011-04-20 11:00:00,193.4213
2011-04-20 12:00:00,292.22787
2011-04-20 13:00:00,292.22787
2011-04-20 14:00:00,324.04102
2011-04-20 15:00:00,345.5615
2011-04-20 16:00:00,345.5615
2011-04-20 17:00:00,336.67758
2011-04-20 18:00:00,349.526
2011-04-20 19:00:00,330.6237
2011-04-20 20:00:00,317.2654
2011-04-20 21:00:00,312.37595
2011-04-20 22:00:00,292.08008
2011-04-20 23:00:00,297.2781
2011-04-21 00:00:00,261.8023
2011-04-21 01:00:00,237.30608
2011-04-21 02:00:00,249.14485
2011-04-21 03:00:00,219.3962
2011-04-21 04:00:00,203.66054
2011-04-21 05:00:00,203.2133
2011-04-21 06:00:00,186.678
2011-04-21 07:00:00,220.22037
2011-04-21 08:00:00,206.76045
2011-04-21 09:00:00,211.10222
2011-04-21 10:00:00,218.4659
2011-04-21 11:00:00,229.67178
2011-04-21 12:00:00,238.5701
2011-04-21 13:00:00,268.09457
2011-04-21 14:00:00,273.7889
2011-04-21 15:00:00,296.471
2011-04-21 16:00:00,299.59265
2011-04-21 17:00:00,277.7925
2011-04-21 18:00:00,296.19333
2011-04-21 19:00:00,275.45395
2011-04-21 20:00:00,255.95644
2011-04-21 21:00:00,200.86476
2011-04-21 22:00:00,223.27423
2011-04-21 23:00:00,202.89478
2011-04-22 00:00:00,129.29694
2011-04-22 01:00:00,155.98418
2011-04-22 02:00:00,158.26498
2011-04-22 03:00:00,158.26498
2011-04-22 04:00:00,151.77086
2011-04-22 05:00:00,148.73149
2011-04-22 06:00:00,151.77086
2011-04-22 07:00:00,157.44664
2011-04-22 08:00:00,155.92444
2011-04-22 09:00:00,135.16017
2011-04-22 10:00:00,134.97276
2011-04-22 11:00:00,122.564186
2011-04-22 12:00:00,88.71968
2011-04-22 13:00:00,57.873447
2011-04-22 14:00:00,56.862854
2011-04-22 15:00:00,57.873447
2011-04-22 16:00:00,54.83407
2011-04-22 17:00:00,31.100292
2011-04-22 18:00:00,31.100292
2011-04-22 19:00:00,31.100292
2011-04-22 20:00:00,49.583378
2011-04-22 21:00:00,26.375362
2011-04-22 22:00:00,3.2895691
2011-04-22 23:00:00,33.148304
2011-04-23 00:00:00,7.7531595
2011-04-23 01:00:00,7.7531595
2011-04-23 02:00:00,14.439577
2011-04-23 03:00:00,12.163858
2011-04-23 04:00:00,17.414543
2011-04-23 05:00:00,17.414543
2011-04-23 06:00:00,11.971532
2011-04-23 07:00:00,17.64735
2011-04-23 08:00:00,18.21362
2011-04-23 09:00:00,56.916573
2011-04-23 10:00:00,83.09953
2011-04-23 11:00:00,94.597404
2011-04-23 12:00:00,131.46107
2011-04-23 13:00:00,129.94392
2011-04-23 14:00:00,161.08444
2011-04-23 15:00:00,191.87154
2011-04-23 16:00:00,186.55132
2011-04-23 17:00:00,188.83214
2011-04-23 18:00:00,152.72485
2011-04-23 19:00:00,136.1216
2011-04-23 20:00:00,119.13709
2011-04-23 21:00:00,141.79741
2011-04-23 22:00:00,161.44005
2011-04-23 23:00:00,114.58056
2011-04-24 00:00:00,121.58434
2011-04-24 01:00:00,98.897194
2011-04-24 02:00:00,98.897194
2011-04-24 03:00:00,75.09902
2011-04-24 04:00:00,75.09902
2011-04-24 05:00:00,75.09902
2011-04-24 06:00:00,57.730133
2011-04-24 07:00:00,57.730133
2011-04-24 08:00:00,87.69871
2011-04-24 09:00:00,119.19679
2011-04-24 10:00:00,161.02003
2011-04-24 11:00:00,216.77782
2011-04-24 12:00:00,228.61891
2011-04-24 13:00:00,257.44028
2011-04-24 14:00:00,272.04312
2011-04-24 15:00:00,235.17863
2011-04-24 16:00:00,301.01346
2011-04-24 17:00:00,225.1374
2011-04-24 18:00:00,200.24248
2011-04-24 19:00:00,158.97108
2011-04-24 20:00:00,158.97108
2011-04-24 21:00:00,101.77329
2011-04-24 22:00:00,83.29024
2011-04-24 23:00:00,79.49229
2011-04-25 00:00:00,67.830635
2011-04-25 01:00:00,66.80296
2011-04-25 02:00:00,66.80296
2011-04-25 03:00:00,61.71265
2011-04-25 04:00:00,62.154808
2011-04-25 05:00:00,44.8946
2011-04-25 06:00:00,56.39245
2011-04-25 07:00:00,66.71643
2011-04-25 08:00:00,110.26319
2011-04-25 09:00:00,138.68077
2011-04-25 10:00:00,189.62215
2011-04-25 11:00:00,189.62215
2011-04-25 12:00:00,193.7943
2011-04-25 13:00:00,231.49963
2011-04-25 14:00:00,271.1476
2011-04-25 15:00:00,282.07465
2011-04-25 16:00:00,272.2226
2011-04-25 17:00:00,269.1832
2011-04-25 18:00:00,257.2455
2011-04-25 19:00:00,249.96602
2011-04-25 20:00:00,235.36317
2011-04-25 21:00:00,201.77579
2011-04-25 22:00:00,185.9722
2011-04-25 23:00:00,155.9488
2011-04-26 00:00:00,203.29803
2011-04-26 01:00:00,186.89919
2011-04-26 02:00:00,137.06471
2011-04-26 03:00:00,113.64583
2011-04-26 04:00:00,133.26166
2011-04-26 05:00:00,112.12358
2011-04-26 06:00:00,116.34194
2011-04-26 07:00:00,141.3048
2011-04-26 08:00:00,141.30482
2011-04-26 09:00:00,196.45949
2011-04-26 10:00:00,214.51706
2011-04-26 11:00:00,234.12367
2011-04-26 12:00:00,253.69841
2011-04-26 13:00:00,293.4736
2011-04-26 14:00:00,264.14575
2011-04-26 15:00:00,250.65901
2011-04-26 16:00:00,261.4228
2011-04-26 17:00:00,244.9235
2011-04-26 18:00:00,237.16307
2011-04-26 19:00:00,199.49886
2011-04-26 20:00:00,196.45949
2011-04-26 21:00:00,171.49661
2011-04-26 22:00:00,147.39595
2011-04-26 23:00:00,148.91818
2011-04-27 00:00:00,143.24239
2011-04-27 01:00:00,144.75954
2011-04-27 02:00:00,123.62143
2011-04-27 03:00:00,130.8195
2011-04-27 04:00:00,97.85888
2011-04-27 05:00:00,105.05184
2011-04-27 06:00:00,99.376015
2011-04-27 07:00:00,130.8195
2011-04-27 08:00:00,133.10031
2011-04-27 09:00:00,139.34238
2011-04-27 10:00:00,157.71992
2011-04-27 11:00:00,178.85799
2011-04-27 12:00:00,181.22533
2011-04-27 13:00:00,173.94075
2011-04-27 14:00:00,201.07886
2011-04-27 15:00:00,245.17432
2011-04-27 16:00:00,224.45665
2011-04-27 17:00:00,180.21379
2011-04-27 18:00:00,180.21379
2011-04-27 19:00:00,171.49661
2011-04-27 20:00:00,156.01047
2011-04-27 21:00:00,132.56474
2011-04-27 22:00:00,140.52138
2011-04-27 23:00:00,142.03853
2011-04-28 00:00:00,176.98012
2011-04-28 01:00:00,163.04012
2011-04-28 02:00:00,166.07951
2011-04-28 03:00:00,184.17818
2011-04-28 04:00:00,164.55725
2011-04-28 05:00:00,163.04012
2011-04-28 06:00:00,187.97614
2011-04-28 07:00:00,187.21754
2011-04-28 08:00:00,192.97992
2011-04-28 09:00:00,146.19719
2011-04-28 10:00:00,138.24055
2011-04-28 11:00:00,157.71992
2011-04-28 12:00:00,175.65019
2011-04-28 13:00:00,158.4785
2011-04-28 14:00:00,152.80266
2011-04-28 15:00:00,212.99991
2011-04-28 16:00:00,169.97438
2011-04-28 17:00:00,280.60275
2011-04-28 18:00:00,280.60275
2011-04-28 19:00:00,288.19986
2011-04-28 20:00:00,260.72733
2011-04-28 21:00:00,241.16185
2011-04-28 22:00:00,240.02907
2011-04-28 23:00:00,254.71416
2011-04-29 00:00:00,258.82852
2011-04-29 01:00:00,224.7064
2011-04-29 02:00:00,158.51793
2011-04-29 03:00:00,170.08139
2011-04-29 04:00:00,197.0012
2011-04-29 05:00:00,209.32324
2011-04-29 06:00:00,234.58311
2011-04-29 07:00:00,245.0254
2011-04-29 08:00:00,265.34946
2011-04-29 09:00:00,266.87173
2011-04-29 10:00:00,267.24588
2011-04-29 11:00:00,298.11893
2011-04-29 12:00:00,276.48743
2011-04-29 13:00:00,277.246
2011-04-29 14:00:00,312.68063
2011-04-29 15:00:00,273.68027
2011-04-29 16:00:00,264.8231
2011-04-29 17:00:00,251.3415
2011-04-29 18:00:00,234.9019
2011-04-29 19:00:00,194.56096
2011-04-29 20:00:00,216.56668
2011-04-29 21:00:00,200.04059
2011-04-29 22:00:00,165.46199
2011-04-29 23:00:00,185.42421
2011-04-30 00:00:00,195.11641
2011-04-30 01:00:00,190.55988
2011-04-30 02:00:00,193.59926
2011-04-30 03:00:00,186.31468
2011-04-30 04:00:00,187.83693
2011-04-30 05:00:00,190.52069
2011-04-30 06:00:00,167.14293
2011-04-30 07:00:00,184.78517
2011-04-30 08:00:00,180.22356
2011-04-30 09:00:00,204.00232
2011-04-30 10:00:00,238.58604
2011-04-30 11:00:00,248.96031
2011-04-30 12:00:00,256.24487
2011-04-30 13:00:00,266.68713
2011-04-30 14:00:00,262.88922
2011-04-30 15:00:00,270.2241
2011-04-30 16:00:00,279.0258
2011-04-30 17:00:00,251.74106
2011-04-30 18:00:00,246.00551
2011-04-30 19:00:00,246.00551
2011-04-30 20:00:00,158.71773
2011-04-30 21:00:00,158.71773
2011-04-30 22:00:00,141.79805
2011-04-30 23:00:00,141.79805
2011-05-20 00:00:00,62.26348
2011-05-20 01:00:00,39.218784
2011-05-20 02:00:00,38.04488
2011-05-20 03:00:00,33.483257
2011-05-20 04:00:00,56.52795
2011-05-20 05:00:00,57.28654
2011-05-20 06:00:00,81.50513
2011-05-20 07:00:00,129.928
2011-05-20 08:00:00,160.8177
2011-05-20 09:00:00,172.21667
2011-05-20 10:00:00,188.752
2011-05-20 11:00:00,212.51219
2011-05-20 12:00:00,249.8627
2011-05-20 13:00:00,257.06073
2011-05-20 14:00:00,253.59682
2011-05-20 15:00:00,246.8233
2011-05-20 16:00:00,254.54768
2011-05-20 17:00:00,242.19783
2011-05-20 18:00:00,239.63037
2011-05-20 19:00:00,189.19922
2011-05-20 20:00:00,189.9578
2011-05-20 21:00:00,184.19548
2011-05-20 22:00:00,145.41516
2011-05-20 23:00:00,151.09288
2011-05-21 00:00:00,133.98865
2011-05-21 01:00:00,144.071
2011-05-21 02:00:00,149.39119
2011-05-21 03:00:00,107.08825
2011-05-21 04:00:00,84.35996
2011-05-21 05:00:00,82.84281
2011-05-21 06:00:00,114.34088
2011-05-21 07:00:00,153.59016
2011-05-21 08:00:00,182.32927
2011-05-21 09:00:00,215.31337
2011-05-21 10:00:00,220.16168
2011-05-21 11:00:00,252.05843
2011-05-21 12:00:00,256.14816
2011-05-21 13:00:00,278.99857
2011-05-21 14:00:00,293.97562
2011-05-21 15:00:00,297.65024
2011-05-21 16:00:00,321.80908
2011-05-21 17:00:00,308.01102
2011-05-21 18:00:00,293.03397
2011-05-21 19:00:00,279.51157
2011-05-21 20:00:00,214.84146
2011-05-21 21:00:00,220.16168
2011-05-21 22:00:00,191.27235
2011-05-21 23:00:00,147.40974
2011-05-22 00:00:00,108.90474
2011-05-22 01:00:00,83.13709
2011-05-22 02:00:00,81.61994
2011-05-22 03:00:00,57.374527
2011-05-22 04:00:00,52.05433
2011-05-22 05:00:00,57.374527
2011-05-22 06:00:00,81.61994
2011-05-22 07:00:00,105.865364
2011-05-22 08:00:00,176.67458
2011-05-22 09:00:00,195.51756
2011-05-22 10:00:00,211.04231
2011-05-22 11:00:00,265.20068
2011-05-22 12:00:00,285.88037
2011-05-22 13:00:00,260.90088
2011-05-22 14:00:00,211.42572
2011-05-22 15:00:00,236.2979
2011-05-22 16:00:00,234.8622
2011-05-22 17:00:00,255.91808
2011-05-22 18:00:00,233.66148
2011-05-22 19:00:00,232.13925
2011-05-22 20:00:00,212.56454
2011-05-22 21:00:00,183.67525
2011-05-22 22:00:00,140.01845
2011-05-22 23:00:00,139.95874
2011-05-23 00:00:00,117.45615
2011-05-23 01:00:00,110.26319
2011-05-23 02:00:00,124.6542
2011-05-23 03:00:00,100.4356
2011-05-23 04:00:00,86.400215
2011-05-23 05:00:00,86.400215
2011-05-23 06:00:00,67.91716
2011-05-23 07:00:00,97.45594
2011-05-23 08:00:00,122.267586
2011-05-23 09:00:00,123.78982
2011-05-23 10:00:00,196.07512
2011-05-23 11:00:00,221.8016
2011-05-23 12:00:00,221.8016
2011-05-23 13:00:00,280.11362
2011-05-23 14:00:00,271.4262
2011-05-23 15:00:00,267.62823
2011-05-23 16:00:00,260.0272
2011-05-23 17:00:00,245.62062
2011-05-23 18:00:00,210.8912
2011-05-23 19:00:00,207.85182
2011-05-23 20:00:00,150.69026
2011-05-23 21:00:00,132.20718
2011-05-23 22:00:00,106.9923
2011-05-23 23:00:00,133.67894
2011-05-24 00:00:00,101.333565
2011-05-24 01:00:00,99.816414
2011-05-24 02:00:00,101.333565
2011-05-24 03:00:00,103.218254
2011-05-24 04:00:00,117.71105
2011-05-24 05:00:00,110.81418
2011-05-24 06:00:00,107.77479
2011-05-24 07:00:00,179.97218
2011-05-24 08:00:00,160.35637
2011-05-24 09:00:00,193.77571
2011-05-24 10:00:00,249.14186
2011-05-24 11:00:00,282.07465
2011-05-24 12:00:00,314.6528
2011-05-24 13:00:00,310.4922
2011-05-24 14:00:00,312.01443
2011-05-24 15:00:00,295.0309
2011-05-24 16:00:00,206.15746
2011-05-24 17:00:00,237.7429
2011-05-24 18:00:00,214.57484
2011-05-24 19:00:00,190.7549
2011-05-24 20:00:00,185.43979
2011-05-24 21:00:00,163.30544
2011-05-24 22:00:00,140.877
2011-05-24 23:00:00,200.58937
2011-05-25 00:00:00,154.59401
2011-05-25 01:00:00,147.33624
2011-05-25 02:00:00,92.13572
2011-05-25 03:00:00,69.07869
2011-05-25 04:00:00,67.56155
2011-05-25 05:00:00,109.5046
2011-05-25 06:00:00,91.02153
2011-05-25 07:00:00,179.29817
2011-05-25 08:00:00,201.94417
2011-05-25 09:00:00,218.92674
2011-05-25 10:00:00,236.9843
2011-05-25 11:00:00,275.23734
2011-05-25 12:00:00,269.24094
2011-05-25 13:00:00,269.24094
2011-05-25 14:00:00,270.7632
2011-05-25 15:00:00,290.32358
2011-05-25 16:00:00,285.11404
2011-05-25 17:00:00,282.07465
2011-05-25 18:00:00,258.82553
2011-05-25 19:00:00,239.26006
2011-05-25 20:00:00,240.78227
2011-05-25 21:00:00,203.11809
2011-05-25 22:00:00,209.19687
2011-05-25 23:00:00,185.06053
2011-05-26 00:00:00,185.06053
2011-05-26 01:00:00,185.06053
2011-05-26 02:00:00,142.92595
2011-05-26 03:00:00,116.95249
2011-05-26 04:00:00,112.39086
2011-05-26 05:00:00,122.628296
2011-05-26 06:00:00,73.4586
2011-05-26 07:00:00,114.18525
2011-05-26 08:00:00,163.13899
2011-05-26 09:00:00,222.87001
2011-05-26 10:00:00,210.8912
2011-05-26 11:00:00,243.99376
2011-05-26 12:00:00,286.42535
2011-05-26 13:00:00,317.20596
2011-05-26 14:00:00,317.20596
2011-05-26 15:00:00,337.31485
2011-05-26 16:00:00,326.10898
2011-05-26 17:00:00,321.82675
2011-05-26 18:00:00,324.10757
2011-05-26 19:00:00,314.29523
2011-05-26 20:00:00,255.78618
2011-05-26 21:00:00,243.71613
2011-05-26 22:00:00,226.93802
2011-05-26 23:00:00,229.97737
2011-05-27 00:00:00,214.9592
2011-05-27 01:00:00,256.86118
2011-05-27 02:00:00,238.08612
2011-05-27 03:00:00,213.1644
2011-05-27 04:00:00,197.38255
2011-05-27 05:00:00,217.30562
2011-05-27 06:00:00,195.10686
2011-05-27 07:00:00,186.58275
2011-05-27 08:00:00,195.31653
2011-05-27 09:00:00,234.539
2011-05-27 10:00:00,279.50714
2011-05-27 11:00:00,284.7986
2011-05-27 12:00:00,289.0387
2011-05-27 13:00:00,263.03882
2011-05-27 14:00:00,281.08206
2011-05-27 15:00:00,306.8229
2011-05-27 16:00:00,293.60028
2011-05-27 17:00:00,272.92062
2011-05-27 18:00:00,260.0272
2011-05-27 19:00:00,175.59053
2011-05-27 20:00:00,189.5356
2011-05-27 21:00:00,137.1636
2011-05-27 22:00:00,158.16013
2011-05-27 23:00:00,117.542656
2011-05-28 00:00:00,118.88036
2011-05-28 01:00:00,121.91973
2011-05-28 02:00:00,97.674324
2011-05-28 03:00:00,117.67965
2011-05-28 04:00:00,119.19679
2011-05-28 05:00:00,117.67965
2011-05-28 06:00:00,140.36168
2011-05-28 07:00:00,146.09721
2011-05-28 08:00:00,168.27269
2011-05-28 09:00:00,192.47697
2011-05-28 10:00:00,232.83733
2011-05-28 11:00:00,232.83733
2011-05-28 12:00:00,261.68036
2011-05-28 13:00:00,251.89119
2011-05-28 14:00:00,265.8987
2011-05-28 15:00:00,275.1403
2011-05-28 16:00:00,283.94196
2011-05-28 17:00:00,278.93826
2011-05-28 18:00:00,253.40833
2011-05-28 19:00:00,231.31508
2011-05-28 20:00:00,232.83733
2011-05-28 21:00:00,197.4128
2011-05-28 22:00:00,177.24281
2011-05-28 23:00:00,150.5057
2011-05-29 00:00:00,152.02795
2011-05-29 01:00:00,127.82366
2011-05-29 02:00:00,124.78428
2011-05-29 03:00:00,124.78428
2011-05-29 04:00:00,118.29018
2011-05-29 05:00:00,95.478294
2011-05-29 06:00:00,135.01663
2011-05-29 07:00:00,138.05602
2011-05-29 08:00:00,136.53886
2011-05-29 09:00:00,115.52294
2011-05-29 10:00:00,167.51607
2011-05-29 11:00:00,170.55547
2011-05-29 12:00:00,214.86531
2011-05-29 13:00:00,230.28645
2011-05-29 14:00:00,236.0488
2011-05-29 15:00:00,236.80736
2011-05-29 16:00:00,236.0488
2011-05-29 17:00:00,236.0488
2011-05-29 18:00:00,222.04118
2011-05-29 19:00:00,220.51895
2011-05-29 20:00:00,192.2647
2011-05-29 21:00:00,168.61317
2011-05-29 22:00:00,134.71877
2011-05-29 23:00:00,136.241
2011-05-30 00:00:00,103.38419
2011-05-30 01:00:00,100.34481
2011-05-30 02:00:00,103.38419
2011-05-30 03:00:00,103.38419
2011-05-30 04:00:00,96.13152
2011-05-30 05:00:00,98.76796
2011-05-30 06:00:00,103.744896
2011-05-30 07:00:00,99.18328
2011-05-30 08:00:00,129.71837
2011-05-30 09:00:00,203.00539
2011-05-30 10:00:00,292.88528
2011-05-30 11:00:00,294.9462
2011-05-30 12:00:00,327.16684
2011-05-30 13:00:00,331.59985
2011-05-30 14:00:00,348.1763
2011-05-30 15:00:00,361.09238
2011-05-30 16:00:00,364.72565
2011-05-30 17:00:00,347.6787
2011-05-30 18:00:00,344.6393
2011-05-30 19:00:00,219.8402
2011-05-30 20:00:00,255.153
2011-05-30 21:00:00,219.28871
2011-05-30 22:00:00,206.80333
2011-05-30 23:00:00,163.14653
2011-05-31 00:00:00,185.61191
2011-05-31 01:00:00,144.99446
2011-05-31 02:00:00,123.65432
2011-05-31 03:00:00,107.00468
2011-05-31 04:00:00,153.66524
2011-05-31 05:00:00,153.66524
2011-05-31 06:00:00,175.79958
2011-05-31 07:00:00,237.91501
2011-05-31 08:00:00,276.54355
2011-05-31 09:00:00,294.6279
2011-05-31 10:00:00,301.3597
2011-05-31 11:00:00,329.66806
2011-05-31 12:00:00,336.50534
2011-05-31 13:00:00,374.1696
2011-05-31 14:00:00,367.92105
2011-05-31 15:00:00,376.2806
2011-05-31 16:00:00,372.6473
2011-05-31 17:00:00,320.8984
2011-05-31 18:00:00,319.37613
2011-05-31 19:00:00,265.78482
2011-05-31 20:00:00,265.78482
2011-05-31 21:00:00,247.72734
2011-05-31 22:00:00,228.63231
2011-05-31 23:00:00,195.42421
2011-06-20 00:00:00,157.46318
2011-06-20 01:00:00,125.36985
2011-06-20 02:00:00,125.36985
2011-06-20 03:00:00,132.15985
2011-06-20 04:00:00,137.8376
2011-06-20 05:00:00,155.79475
2011-06-20 06:00:00,169.51173
2011-06-20 07:00:00,126.17134
2011-06-20 08:00:00,141.57391
2011-06-20 09:00:00,169.9147
2011-06-20 10:00:00,169.9147
2011-06-20 11:00:00,162.31877
2011-06-20 12:00:00,199.8557
2011-06-20 13:00:00,208.18745
2011-06-20 14:00:00,226.24504
2011-06-20 15:00:00,227.76216
2011-06-20 16:00:00,250.0238
2011-06-20 17:00:00,253.98628
2011-06-20 18:00:00,245.33884
2011-06-20 19:00:00,220.00175
2011-06-20 20:00:00,207.6797
2011-06-20 21:00:00,186.58275
2011-06-20 22:00:00,195.29796
2011-06-20 23:00:00,169.97438
2011-06-21 00:00:00,187.80602
2011-06-21 01:00:00,199.15764
2011-06-21 02:00:00,179.70511
2011-06-21 03:00:00,179.70511
2011-06-21 04:00:00,145.77504
2011-06-21 05:00:00,147.29218
2011-06-21 06:00:00,147.29218
2011-06-21 07:00:00,113.84499
2011-06-21 08:00:00,151.51057
2011-06-21 09:00:00,159.10649
2011-06-21 10:00:00,177.23198
2011-06-21 11:00:00,179.85132
2011-06-21 12:00:00,227.20055
2011-06-21 13:00:00,263.3425
2011-06-21 14:00:00,284.43942
2011-06-21 15:00:00,305.0104
2011-06-21 16:00:00,313.30557
2011-06-21 17:00:00,286.0065
2011-06-21 18:00:00,271.06516
2011-06-21 19:00:00,251.4636
2011-06-21 20:00:00,265.41144
2011-06-21 21:00:00,238.53004
2011-06-21 22:00:00,208.75864
2011-06-21 23:00:00,224.16118
2011-06-22 00:00:00,196.77104
2011-06-22 01:00:00,193.73166
2011-06-22 02:00:00,186.8943
2011-06-22 03:00:00,193.73166
2011-06-22 04:00:00,161.67946
2011-06-22 05:00:00,143.1964
2011-06-22 06:00:00,171.49176
2011-06-22 07:00:00,203.43843
2011-06-22 08:00:00,233.97351
2011-06-22 09:00:00,221.6103
2011-06-22 10:00:00,255.57697
2011-06-22 11:00:00,251.02048
2011-06-22 12:00:00,318.9814
2011-06-22 13:00:00,335.5024
2011-06-22 14:00:00,345.26987
2011-06-22 15:00:00,337.0247
2011-06-22 16:00:00,334.11395
2011-06-22 17:00:00,335.61307
2011-06-22 18:00:00,320.49857
2011-06-22 19:00:00,333.93536
2011-06-22 20:00:00,241.22615
2011-06-22 21:00:00,227.34584
2011-06-22 22:00:00,228.80327
2011-06-22 23:00:00,230.3255
2011-06-23 00:00:00,224.64967
2011-06-23 01:00:00,240.05223
2011-06-23 02:00:00,240.05223
2011-06-23 03:00:00,242.6887
2011-06-23 04:00:00,215.95158
2011-06-23 05:00:00,237.0129
2011-06-23 06:00:00,237.0129
2011-06-23 07:00:00,241.16644
2011-06-23 08:00:00,258.21338
2011-06-23 09:00:00,255.17403
2011-06-23 10:00:00,277.3084
2011-06-23 11:00:00,289.06302
2011-06-23 12:00:00,284.90942
2011-06-23 13:00:00,293.1546
2011-06-23 14:00:00,285.668
2011-06-23 15:00:00,323.70773
2011-06-23 16:00:00,284.10092
2011-06-23 17:00:00,260.81067
2011-06-23 18:00:00,258.17426
2011-06-23 19:00:00,255.13484
2011-06-23 20:00:00,230.23997
2011-06-23 21:00:00,228.71771
2011-06-23 22:00:00,235.91579
2011-06-23 23:00:00,233.27936
2011-06-24 00:00:00,203.50282
2011-06-24 01:00:00,188.2109
2011-06-24 02:00:00,188.2109
2011-06-24 03:00:00,179.85132
2011-06-24 04:00:00,176.05339
2011-06-24 05:00:00,147.75801
2011-06-24 06:00:00,178.3291
2011-06-24 07:00:00,188.56654
2011-06-24 08:00:00,230.23997
2011-06-24 09:00:00,270.06552
2011-06-24 10:00:00,353.45645
2011-06-24 11:00:00,367.06296
2011-06-24 12:00:00,355.54062
2011-06-24 13:00:00,367.9038
2011-06-24 14:00:00,343.6441
2011-06-24 15:00:00,388.1868
2011-06-24 16:00:00,382.97208
2011-06-24 17:00:00,350.79263
2011-06-24 18:00:00,353.07343
2011-06-24 19:00:00,334.2716
2011-06-24 20:00:00,314.14413
2011-06-24 21:00:00,301.6948
2011-06-24 22:00:00,294.85745
2011-06-24 23:00:00,286.71774
2011-06-25 00:00:00,301.89972
2011-06-25 01:00:00,286.89584
2011-06-25 02:00:00,294.0888
2011-06-25 03:00:00,265.1639
2011-06-25 04:00:00,265.1639
2011-06-25 05:00:00,244.06694
2011-06-25 06:00:00,266.68616
2011-06-25 07:00:00,269.72556
2011-06-25 08:00:00,309.1113
2011-06-25 09:00:00,320.03836
2011-06-25 10:00:00,316.99896
2011-06-25 11:00:00,322.12613
2011-06-25 12:00:00,338.64865
2011-06-25 13:00:00,338.64865
2011-06-25 14:00:00,328.0815
2011-06-25 15:00:00,312.88455
2011-06-25 16:00:00,339.97806
2011-06-25 17:00:00,333.52505
2011-06-25 18:00:00,320.03836
2011-06-25 19:00:00,316.39587
2011-06-25 20:00:00,306.07187
2011-06-25 21:00:00,289.57767
2011-06-25 22:00:00,303.41687
2011-06-25 23:00:00,299.409
2011-06-26 00:00:00,267.60922
2011-06-26 01:00:00,272.9294
2011-06-26 02:00:00,258.9218
2011-06-26 03:00:00,231.62273
2011-06-26 04:00:00,230.86417
2011-06-26 05:00:00,226.30254
2011-06-26 06:00:00,226.30254
2011-06-26 07:00:00,237.22961
2011-06-26 08:00:00,252.84186
2011-06-26 09:00:00,270.77585
2011-06-26 10:00:00,307.27768
2011-06-26 11:00:00,313.95956
2011-06-26 12:00:00,332.56985
2011-06-26 13:00:00,324.2103
2011-06-26 14:00:00,331.04767
2011-06-26 15:00:00,324.2103
2011-06-26 16:00:00,332.00284
2011-06-26 17:00:00,330.39914
2011-06-26 18:00:00,325.71414
2011-06-26 19:00:00,314.47067
2011-06-26 20:00:00,307.1912
2011-06-26 21:00:00,288.7081
2011-06-26 22:00:00,286.95364
2011-06-26 23:00:00,282.27368
2011-06-27 00:00:00,226.40134
2011-06-27 01:00:00,191.95958
2011-06-27 02:00:00,197.6354
2011-06-27 03:00:00,197.6354
2011-06-27 04:00:00,168.26695
2011-06-27 05:00:00,174.0293
2011-06-27 06:00:00,193.4818
2011-06-27 07:00:00,217.68611
2011-06-27 08:00:00,213.14305
2011-06-27 09:00:00,287.81256
2011-06-27 10:00:00,294.6499
2011-06-27 11:00:00,269.72818
2011-06-27 12:00:00,287.81256
2011-06-27 13:00:00,286.8895
2011-06-27 14:00:00,280.05215
2011-06-27 15:00:00,290.46756
2011-06-27 16:00:00,290.11197
2011-06-27 17:00:00,291.62912
2011-06-27 18:00:00,293.0638
2011-06-27 19:00:00,271.41934
2011-06-27 20:00:00,247.809
2011-06-27 21:00:00,242.48882
2011-06-27 22:00:00,224.4312
2011-06-27 23:00:00,224.4312
2011-06-28 00:00:00,199.40749
2011-06-28 01:00:00,203.26634
2011-06-28 02:00:00,208.94218
2011-06-28 03:00:00,208.94218
2011-06-28 04:00:00,203.26634
2011-06-28 05:00:00,186.8943
2011-06-28 06:00:00,179.85132
2011-06-28 07:00:00,191.18079
2011-06-28 08:00:00,211.798
2011-06-28 09:00:00,242.66086
2011-06-28 10:00:00,332.9446
2011-06-28 11:00:00,339.58887
2011-06-28 12:00:00,353.6428
2011-06-28 13:00:00,347.43546
2011-06-28 14:00:00,368.6467
2011-06-28 15:00:00,366.48923
2011-06-28 16:00:00,366.49454
2011-06-28 17:00:00,342.70053
2011-06-28 18:00:00,336.72726
2011-06-28 19:00:00,304.78256
2011-06-28 20:00:00,263.22818
2011-06-28 21:00:00,269.4213
2011-06-28 22:00:00,242.28316
2011-06-28 23:00:00,241.5246
2011-06-29 00:00:00,213.74026
2011-06-29 01:00:00,208.82304
2011-06-29 02:00:00,182.89073
2011-06-29 03:00:00,182.48775
2011-06-29 04:00:00,176.81197
2011-06-29 05:00:00,171.55617
2011-06-29 06:00:00,233.86583
2011-06-29 07:00:00,287.77338
2011-06-29 08:00:00,309.2958
2011-06-29 09:00:00,325.54306
2011-06-29 10:00:00,335.2267
2011-06-29 11:00:00,355.4365
2011-06-29 12:00:00,356.95364
2011-06-29 13:00:00,384.57654
2011-06-29 14:00:00,377.7341
2011-06-29 15:00:00,385.03305
2011-06-29 16:00:00,397.94913
2011-06-29 17:00:00,410.27118
2011-06-29 18:00:00,389.21536
2011-06-29 19:00:00,363.7961
2011-06-29 20:00:00,347.31107
2011-06-29 21:00:00,335.6666
2011-06-29 22:00:00,319.16727
2011-06-29 23:00:00,302.0792
2011-06-30 00:00:00,285.55814
2011-06-30 01:00:00,273.10886
2011-06-30 02:00:00,259.1013
2011-06-30 03:00:00,245.64647
2011-06-30 04:00:00,213.8631
2011-06-30 05:00:00,219.94188
2011-06-30 06:00:00,237.88097
2011-06-30 07:00:00,247.29088
2011-06-30 08:00:00,303.60144
2011-06-30 09:00:00,320.6895
2011-06-30 10:00:00,324.9028
2011-06-30 11:00:00,338.95154
2011-06-30 12:00:00,352.39713
2011-06-30 13:00:00,360.07526
2011-06-30 14:00:00,371.97183
2011-06-30 15:00:00,389.44424
2011-06-30 16:00:00,390.0973
2011-06-30 17:00:00,392.65347
2011-06-30 18:00:00,375.43668
2011-06-30 19:00:00,354.31296
2011-06-30 20:00:00,354.31296
2011-06-30 21:00:00,335.74884
2011-06-30 22:00:00,317.65015
2011-06-30 23:00:00,277.1986
2011-07-20 00:00:00,193.35606
2011-07-20 01:00:00,188.03587
2011-07-20 02:00:00,188.03587
2011-07-20 03:00:00,193.35606
2011-07-20 04:00:00,181.30406
2011-07-20 05:00:00,186.62425
2011-07-20 06:00:00,173.817
2011-07-20 07:00:00,199.03188
2011-07-20 08:00:00,234.38881
2011-07-20 09:00:00,247.22252
2011-07-20 10:00:00,252.47324
2011-07-20 11:00:00,298.223
2011-07-20 12:00:00,311.71893
2011-07-20 13:00:00,336.59958
2011-07-20 14:00:00,353.09885
2011-07-20 15:00:00,355.25104
2011-07-20 16:00:00,326.72287
2011-07-20 17:00:00,331.408
2011-07-20 18:00:00,332.9302
2011-07-20 19:00:00,307.63803
2011-07-20 20:00:00,280.27097
2011-07-20 21:00:00,296.82944
2011-07-20 22:00:00,277.7344
2011-07-20 23:00:00,254.03673
2011-07-21 00:00:00,256.67313
2011-07-21 01:00:00,224.7353
2011-07-21 02:00:00,224.7353
2011-07-21 03:00:00,231.4994
2011-07-21 04:00:00,212.89415
2011-07-21 05:00:00,212.89415
2011-07-21 06:00:00,212.89415
2011-07-21 07:00:00,220.17366
2011-07-21 08:00:00,246.91078
2011-07-21 09:00:00,283.41397
2011-07-21 10:00:00,308.08115
2011-07-21 11:00:00,348.02106
2011-07-21 12:00:00,367.11655
2011-07-21 13:00:00,365.59433
2011-07-21 14:00:00,388.80237
2011-07-21 15:00:00,382.36737
2011-07-21 16:00:00,400.9777
2011-07-21 17:00:00,406.92786
2011-07-21 18:00:00,385.00436
2011-07-21 19:00:00,337.3914
2011-07-21 20:00:00,312.21762
2011-07-21 21:00:00,298.21002
2011-07-21 22:00:00,299.36594
2011-07-21 23:00:00,285.50363
2011-07-22 00:00:00,314.36102
2011-07-22 01:00:00,293.66138
2011-07-22 02:00:00,253.57497
2011-07-22 03:00:00,260.3299
2011-07-22 04:00:00,246.44081
2011-07-22 05:00:00,224.30646
2011-07-22 06:00:00,245.68224
2011-07-22 07:00:00,299.46588
2011-07-22 08:00:00,327.32144
2011-07-22 09:00:00,331.70993
2011-07-22 10:00:00,374.01285
2011-07-22 11:00:00,375.88626
2011-07-22 12:00:00,404.7112
2011-07-22 13:00:00,403.59653
2011-07-22 14:00:00,425.43774
2011-07-22 15:00:00,410.43387
2011-07-22 16:00:00,414.74664
2011-07-22 17:00:00,371.26547
2011-07-22 18:00:00,398.66873
2011-07-22 19:00:00,377.48526
2011-07-22 20:00:00,326.72287
2011-07-22 21:00:00,316.28055
2011-07-22 22:00:00,350.39706
2011-07-22 23:00:00,303.53812
2011-07-23 00:00:00,318.24823
2011-07-23 01:00:00,331.81363
2011-07-23 02:00:00,326.49347
2011-07-23 03:00:00,280.50687
2011-07-23 04:00:00,271.45316
2011-07-23 05:00:00,281.21555
2011-07-23 06:00:00,323.51846
2011-07-23 07:00:00,322.00134
2011-07-23 08:00:00,354.41342
2011-07-23 09:00:00,349.8569
2011-07-23 10:00:00,379.22586
2011-07-23 11:00:00,401.5236
2011-07-23 12:00:00,410.82938
2011-07-23 13:00:00,416.5505
2011-07-23 14:00:00,398.23337
2011-07-23 15:00:00,408.1909
2011-07-23 16:00:00,415.0283
2011-07-23 17:00:00,415.0283
2011-07-23 18:00:00,411.74335
2011-07-23 19:00:00,325.5698
2011-07-23 20:00:00,324.4556
2011-07-23 21:00:00,324.4556
2011-07-23 22:00:00,313.12103
2011-07-23 23:00:00,308.56454
2011-07-24 00:00:00,308.56454
2011-07-24 01:00:00,281.26544
2011-07-24 02:00:00,299.5607
2011-07-24 03:00:00,299.5607
2011-07-24 04:00:00,281.26544
2011-07-24 05:00:00,280.50687
2011-07-24 06:00:00,305.23654
2011-07-24 07:00:00,310.08163
2011-07-24 08:00:00,332.68658
2011-07-24 09:00:00,338.0067
2011-07-24 10:00:00,364.94827
2011-07-24 11:00:00,346.14136
2011-07-24 12:00:00,387.5391
2011-07-24 13:00:00,364.79282
2011-07-24 14:00:00,362.66748
2011-07-24 15:00:00,397.2872
2011-07-24 16:00:00,397.2872
2011-07-24 17:00:00,394.856
2011-07-24 18:00:00,382.91837
2011-07-24 19:00:00,361.75345
2011-07-24 20:00:00,349.8569
2011-07-24 21:00:00,301.8364
2011-07-24 22:00:00,275.94525
2011-07-24 23:00:00,264.0483
2011-07-25 00:00:00,258.14902
2011-07-25 01:00:00,251.35805
2011-07-25 02:00:00,229.22371
2011-07-25 03:00:00,218.98625
2011-07-25 04:00:00,206.45978
2011-07-25 05:00:00,206.45978
2011-07-25 06:00:00,212.13559
2011-07-25 07:00:00,224.66203
2011-07-25 08:00:00,246.79643
2011-07-25 09:00:00,288.46982
2011-07-25 10:00:00,311.71893
2011-07-25 11:00:00,337.08377
2011-07-25 12:00:00,337.08377
2011-07-25 13:00:00,246.90196
2011-07-25 14:00:00,228.80328
2011-07-25 15:00:00,207.79442
2011-07-25 16:00:00,199.43483
2011-07-25 17:00:00,228.6533
2011-07-25 18:00:00,238.95045
2011-07-25 19:00:00,247.22252
2011-07-25 20:00:00,235.49068
2011-07-25 21:00:00,188.03587
2011-07-25 22:00:00,188.03587
2011-07-25 23:00:00,192.59749
2011-07-26 00:00:00,208.75862
2011-07-26 01:00:00,208.75862
2011-07-26 02:00:00,168.14119
2011-07-26 03:00:00,169.65834
2011-07-26 04:00:00,174.26108
2011-07-26 05:00:00,153.49353
2011-07-26 06:00:00,192.70302
2011-07-26 07:00:00,263.65894
2011-07-26 08:00:00,294.6685
2011-07-26 09:00:00,344.08392
2011-07-26 10:00:00,379.25638
2011-07-26 11:00:00,376.6735
2011-07-26 12:00:00,388.59683
2011-07-26 13:00:00,391.4717
2011-07-26 14:00:00,402.60965
2011-07-26 15:00:00,416.8138
2011-07-26 16:00:00,388.20337
2011-07-26 17:00:00,392.00134
2011-07-26 18:00:00,378.51974
2011-07-26 19:00:00,359.95053
2011-07-26 20:00:00,342.69266
2011-07-26 21:00:00,326.17163
2011-07-26 22:00:00,297.39142
2011-07-26 23:00:00,290.68268
2011-07-27 00:00:00,319.56653
2011-07-27 01:00:00,324.64938
2011-07-27 02:00:00,314.99252
2011-07-27 03:00:00,278.1743
2011-07-27 04:00:00,301.25497
2011-07-27 05:00:00,290.81277
2011-07-27 06:00:00,287.77338
2011-07-27 07:00:00,313.5359
2011-07-27 08:00:00,333.7045
2011-07-27 09:00:00,356.95364
2011-07-27 10:00:00,355.93408
2011-07-27 11:00:00,367.85745
2011-07-27 12:00:00,391.11182
2011-07-27 13:00:00,400.6721
2011-07-27 14:00:00,399.9958
2011-07-27 15:00:00,413.4094
2011-07-27 16:00:00,407.8835
2011-07-27 17:00:00,402.08
2011-07-27 18:00:00,388.15463
2011-07-27 19:00:00,378.5801
2011-07-27 20:00:00,328.68137
2011-07-27 21:00:00,307.62552
2011-07-27 22:00:00,300.61978
2011-07-27 23:00:00,316.1085
2011-07-28 00:00:00,292.45328
2011-07-28 01:00:00,291.37827
2011-07-28 02:00:00,287.45694
2011-07-28 03:00:00,282.13672
2011-07-28 04:00:00,260.13104
2011-07-28 05:00:00,247.809
2011-07-28 06:00:00,231.64787
2011-07-28 07:00:00,245.25812
2011-07-28 08:00:00,263.3425
2011-07-28 09:00:00,301.97104
2011-07-28 10:00:00,324.61707
2011-07-28 11:00:00,341.16116
2011-07-28 12:00:00,344.80374
2011-07-28 13:00:00,364.97226
2011-07-28 14:00:00,358.75156
2011-07-28 15:00:00,356.76816
2011-07-28 16:00:00,360.41574
2011-07-28 17:00:00,341.7643
2011-07-28 18:00:00,338.1218
2011-07-28 19:00:00,321.59564
2011-07-28 20:00:00,303.53812
2011-07-28 21:00:00,289.0459
2011-07-28 22:00:00,265.38928
2011-07-28 23:00:00,250.99733
2011-07-29 00:00:00,227.34584
2011-07-29 01:00:00,225.8236
2011-07-29 02:00:00,218.98625
2011-07-29 03:00:00,218.98625
2011-07-29 04:00:00,208.73552
2011-07-29 05:00:00,201.89815
2011-07-29 06:00:00,207.57399
2011-07-29 07:00:00,229.22371
2011-07-29 08:00:00,248.76219
2011-07-29 09:00:00,364.97226
2011-07-29 10:00:00,397.47177
2011-07-29 11:00:00,414.2036
2011-07-29 12:00:00,440.4639
2011-07-29 13:00:00,416.2133
2011-07-29 14:00:00,440.5051
2011-07-29 15:00:00,442.0222
2011-07-29 16:00:00,448.86465
2011-07-29 17:00:00,444.30307
2011-07-29 18:00:00,420.89062
2011-07-29 19:00:00,394.43234
2011-07-29 20:00:00,383.20844
2011-07-29 21:00:00,347.94846
2011-07-29 22:00:00,335.98392
2011-07-29 23:00:00,310.8513
2011-07-30 00:00:00,301.7685
2011-07-30 01:00:00,296.4534
2011-07-30 02:00:00,297.21194
2011-07-30 03:00:00,272.9255
2011-07-30 04:00:00,258.91785
2011-07-30 05:00:00,252.67459
2011-07-30 06:00:00,253.43315
2011-07-30 07:00:00,276.00967
2011-07-30 08:00:00,304.83096
2011-07-30 09:00:00,356.12347
2011-07-30 10:00:00,367.4492
2011-07-30 11:00:00,379.21707
2011-07-30 12:00:00,385.9721
2011-07-30 13:00:00,398.3519
2011-07-30 14:00:00,408.16415
2011-07-30 15:00:00,412.89047
2011-07-30 16:00:00,425.72412
2011-07-30 17:00:00,413.48434
2011-07-30 18:00:00,411.3091
2011-07-30 19:00:00,357.17282
2011-07-30 20:00:00,352.9286
2011-07-30 21:00:00,334.28226
2011-07-30 22:00:00,312.189
2011-07-30 23:00:00,296.45337
2011-07-31 00:00:00,296.4534
2011-07-31 01:00:00,269.12747
2011-07-31 02:00:00,260.88223
2011-07-31 03:00:00,256.32065
2011-07-31 04:00:00,238.23625
2011-07-31 05:00:00,241.31679
2011-07-31 06:00:00,243.99858
2011-07-31 07:00:00,283.72525
2011-07-31 08:00:00,303.29074
2011-07-31 09:00:00,325.9227
2011-07-31 10:00:00,377.69998
2011-07-31 11:00:00,404.02957
2011-07-31 12:00:00,426.2861
2011-07-31 13:00:00,426.32727
2011-07-31 14:00:00,427.84952
2011-07-31 15:00:00,454.85544
2011-07-31 16:00:00,457.1774
2011-07-31 17:00:00,454.17917
2011-07-31 18:00:00,382.26532
2011-07-31 19:00:00,328.23557
2011-07-31 20:00:00,328.23557
2011-07-31 21:00:00,308.62894
2011-07-31 22:00:00,259.1955
2011-07-31 23:00:00,267.7196
2011-08-20 00:00:00,136.11671
2011-08-20 01:00:00,161.33159
2011-08-20 02:00:00,180.7841
2011-08-20 03:00:00,180.7841
2011-08-20 04:00:00,141.79253
2011-08-20 05:00:00,155.56926
2011-08-20 06:00:00,168.0824
2011-08-20 07:00:00,161.33159
2011-08-20 08:00:00,220.00658
2011-08-20 09:00:00,243.82649
2011-08-20 10:00:00,268.20053
2011-08-20 11:00:00,271.15237
2011-08-20 12:00:00,283.72525
2011-08-20 13:00:00,298.72913
2011-08-20 14:00:00,335.7994
2011-08-20 15:00:00,350.2325
2011-08-20 16:00:00,340.991
2011-08-20 17:00:00,335.7994
2011-08-20 18:00:00,299.61633
2011-08-20 19:00:00,274.4426
2011-08-20 20:00:00,275.96484
2011-08-20 21:00:00,249.63524
2011-08-20 22:00:00,235.73125
2011-08-20 23:00:00,227.01604
2011-08-21 00:00:00,230.05542
2011-08-21 01:00:00,206.36278
2011-08-21 02:00:00,204.84052
2011-08-21 03:00:00,184.2284
2011-08-21 04:00:00,194.04071
2011-08-21 05:00:00,165.4665
2011-08-21 06:00:00,164.70793
2011-08-21 07:00:00,197.83867
2011-08-21 08:00:00,216.1751
2011-08-21 09:00:00,241.38997
2011-08-21 10:00:00,248.64265
2011-08-21 11:00:00,309.4374
2011-08-21 12:00:00,327.49503
2011-08-21 13:00:00,324.52005
2011-08-21 14:00:00,235.8863
2011-08-21 15:00:00,203.8119
2011-08-21 16:00:00,222.94798
2011-08-21 17:00:00,221.42577
2011-08-21 18:00:00,227.50453
2011-08-21 19:00:00,251.15236
2011-08-21 20:00:00,217.69225
2011-08-21 21:00:00,217.69225
2011-08-21 22:00:00,220.32866
2011-08-21 23:00:00,228.53824
2011-08-22 00:00:00,201.98567
2011-08-22 01:00:00,198.18774
2011-08-22 02:00:00,253.48482
2011-08-22 03:00:00,260.67776
2011-08-22 04:00:00,246.62999
2011-08-22 05:00:00,249.22725
2011-08-22 06:00:00,258.5099
2011-08-22 07:00:00,260.03214
2011-08-22 08:00:00,260.03214
2011-08-22 09:00:00,283.55496
2011-08-22 10:00:00,309.2958
2011-08-22 11:00:00,356.3893
2011-08-22 12:00:00,358.03372
2011-08-22 13:00:00,377.23428
2011-08-22 14:00:00,373.43625
2011-08-22 15:00:00,368.87466
2011-08-22 16:00:00,373.43625
2011-08-22 17:00:00,379.63843
2011-08-22 18:00:00,373.35016
2011-08-22 19:00:00,360.69504
2011-08-22 20:00:00,336.3635
2011-08-22 21:00:00,322.35593
2011-08-22 22:00:00,327.67612
2011-08-22 23:00:00,314.46823
2011-08-23 00:00:00,303.58228
2011-08-23 01:00:00,263.11014
2011-08-23 02:00:00,248.10625
2011-08-23 03:00:00,252.6679
2011-08-23 04:00:00,228.53156
2011-08-23 05:00:00,230.04869
2011-08-23 06:00:00,217.72667
2011-08-23 07:00:00,285.09915
2011-08-23 08:00:00,279.50333
2011-08-23 09:00:00,301.35745
2011-08-23 10:00:00,324.69308
2011-08-23 11:00:00,339.25485
2011-08-23 12:00:00,323.09366
2011-08-23 13:00:00,357.3124
2011-08-23 14:00:00,356.5538
2011-08-23 15:00:00,351.06912
2011-08-23 16:00:00,352.66852
2011-08-23 17:00:00,351.06912
2011-08-23 18:00:00,349.5469
2011-08-23 19:00:00,288.59756
2011-08-23 20:00:00,279.18765
2011-08-23 21:00:00,252.26395
2011-08-23 22:00:00,259.1013
2011-08-23 23:00:00,242.72926
2011-08-24 00:00:00,259.1013
2011-08-24 01:00:00,242.6071
2011-08-24 02:00:00,201.54106
2011-08-24 03:00:00,201.54106
2011-08-24 04:00:00,178.85901
2011-08-24 05:00:00,178.85901
2011-08-24 06:00:00,173.5388
2011-08-24 07:00:00,229.52647
2011-08-24 08:00:00,218.08519
2011-08-24 09:00:00,225.84949
2011-08-24 10:00:00,278.4907
2011-08-24 11:00:00,297.33365
2011-08-24 12:00:00,301.51086
2011-08-24 13:00:00,329.3166
2011-08-24 14:00:00,329.3166
2011-08-24 15:00:00,330.83884
2011-08-24 16:00:00,321.07132
2011-08-24 17:00:00,318.0319
2011-08-24 18:00:00,299.98868
2011-08-24 19:00:00,299.98868
2011-08-24 20:00:00,285.01163
2011-08-24 21:00:00,273.04715
2011-08-24 22:00:00,260.72513
2011-08-24 23:00:00,239.62816
2011-08-25 00:00:00,224.22557
2011-08-25 01:00:00,244.18977
2011-08-25 02:00:00,244.18977
2011-08-25 03:00:00,219.9855
2011-08-25 04:00:00,206.65286
2011-08-25 05:00:00,192.76744
2011-08-25 06:00:00,188.2109
2011-08-25 07:00:00,216.0211
2011-08-25 08:00:00,239.71376
2011-08-25 09:00:00,257.77127
2011-08-25 10:00:00,275.85568
2011-08-25 11:00:00,214.79005
2011-08-25 12:00:00,214.79005
2011-08-25 13:00:00,208.75862
2011-08-25 14:00:00,234.32909
2011-08-25 15:00:00,248.33669
2011-08-25 16:00:00,201.89815
2011-08-25 17:00:00,201.89815
2011-08-25 18:00:00,214.4113
2011-08-25 19:00:00,209.28929
2011-08-25 20:00:00,199.36827
2011-08-25 21:00:00,195.57033
2011-08-25 22:00:00,159.9939
2011-08-25 23:00:00,164.55553
2011-08-26 00:00:00,166.83125
2011-08-26 01:00:00,159.9939
2011-08-26 02:00:00,147.3519
2011-08-26 03:00:00,140.09923
2011-08-26 04:00:00,140.51456
2011-08-26 05:00:00,146.19037
2011-08-26 06:00:00,140.51456
2011-08-26 07:00:00,161.67946
2011-08-26 08:00:00,176.81197
2011-08-26 09:00:00,218.841
2011-08-26 10:00:00,259.54453
2011-08-26 11:00:00,278.71628
2011-08-26 12:00:00,275.79126
2011-08-26 13:00:00,303.0903
2011-08-26 14:00:00,301.90665
2011-08-26 15:00:00,317.4592
2011-08-26 16:00:00,288.173
2011-08-26 17:00:00,247.30495
2011-08-26 18:00:00,246.90196
2011-08-26 19:00:00,218.57092
2011-08-26 20:00:00,217.81236
2011-08-26 21:00:00,221.6103
2011-08-26 22:00:00,218.57092
2011-08-26 23:00:00,192.59749
2011-08-27 00:00:00,194.69376
2011-08-27 01:00:00,197.73314
2011-08-27 02:00:00,199.25029
2011-08-27 03:00:00,206.44835
2011-08-27 04:00:00,206.44835
2011-08-27 05:00:00,210.24632
2011-08-27 06:00:00,210.24632
2011-08-27 07:00:00,213.28569
2011-08-27 08:00:00,207.9655
2011-08-27 09:00:00,216.32509
2011-08-27 10:00:00,234.00844
2011-08-27 11:00:00,182.89688
2011-08-27 12:00:00,209.25475
2011-08-27 13:00:00,203.93962
2011-08-27 14:00:00,183.99875
2011-08-27 15:00:00,183.99875
2011-08-27 16:00:00,182.48158
2011-08-27 17:00:00,198.43709
2011-08-28 07:00:00,190.91954
2011-08-28 08:00:00,193.95891
2011-08-28 09:00:00,225.87971
2011-08-28 10:00:00,287.30093
2011-08-28 11:00:00,285.1486
2011-08-28 12:00:00,314.16006
2011-08-28 13:00:00,336.8564
2011-08-28 14:00:00,351.81915
2011-08-28 15:00:00,348.77975
2011-08-28 16:00:00,377.6011
2011-08-28 17:00:00,349.21954
2011-08-28 18:00:00,333.52505
2011-08-28 19:00:00,307.27768
2011-08-28 20:00:00,312.44244
2011-08-28 21:00:00,251.48802
2011-08-28 22:00:00,219.59128
2011-08-28 23:00:00,201.50687
2011-08-29 00:00:00,200.16919
2011-08-29 01:00:00,210.80568
2011-08-29 02:00:00,215.36223
2011-08-29 03:00:00,210.80568
2011-08-29 04:00:00,195.7787
2011-08-29 05:00:00,180.37614
2011-08-29 06:00:00,180.37614
2011-08-29 07:00:00,248.68587
2011-08-29 08:00:00,265.18005
2011-08-29 09:00:00,277.5021
2011-08-29 10:00:00,297.8391
2011-08-29 11:00:00,294.79974
2011-08-29 12:00:00,315.47934
2011-08-29 13:00:00,324.20792
2011-08-29 14:00:00,309.29056
2011-08-29 15:00:00,317.65015
2011-08-29 16:00:00,323.38565
2011-08-29 17:00:00,310.9628
2011-08-29 18:00:00,299.35623
2011-08-29 19:00:00,299.35623
2011-08-29 20:00:00,274.6311
2011-08-29 21:00:00,276.14825
2011-08-29 22:00:00,259.1013
2011-08-29 23:00:00,241.84853
2011-08-30 00:00:00,180.37614
2011-08-30 01:00:00,194.26155
2011-08-30 02:00:00,173.12346
2011-08-30 03:00:00,177.68001
2011-08-30 04:00:00,158.07848
2011-08-30 05:00:00,154.28052
2011-08-30 06:00:00,173.12346
2011-08-30 07:00:00,195.7787
2011-08-30 08:00:00,259.1013
2011-08-30 09:00:00,288.59756
2011-08-30 10:00:00,329.93103
2011-08-30 11:00:00,340.30533
2011-08-30 12:00:00,330.42862
2011-08-30 13:00:00,343.59543
2011-08-30 14:00:00,352.79578
2011-08-30 15:00:00,349.67416
2011-08-30 16:00:00,340.47372
2011-08-30 17:00:00,324.9028
2011-08-30 18:00:00,308.40863
2011-08-30 19:00:00,281.76022
2011-08-30 20:00:00,277.1986
2011-08-30 21:00:00,229.81706
2011-08-30 22:00:00,235.8919
2011-08-30 23:00:00,235.8919
2011-08-31 00:00:00,205.48549
2011-08-31 01:00:00,205.48549
2011-08-31 02:00:00,173.5388
2011-08-31 03:00:00,158.13626
2011-08-31 04:00:00,173.5388
2011-08-31 05:00:00,141.5598
2011-08-31 06:00:00,155.48125
2011-08-31 07:00:00,173.7109
2011-08-31 08:00:00,211.24785
2011-08-31 09:00:00,217.49501
2011-08-31 10:00:00,305.36923
2011-08-31 11:00:00,321.86343
2011-08-31 12:00:00,324.54526
2011-08-31 13:00:00,337.43436
2011-08-31 14:00:00,329.71
2011-08-31 15:00:00,329.71
2011-08-31 16:00:00,327.62576
2011-08-31 17:00:00,312.62186
2011-08-31 18:00:00,297.0149
2011-08-31 19:00:00,355.15994
2011-08-31 20:00:00,262.47238
2011-08-31 21:00:00,247.87462
2011-08-31 22:00:00,212.93335
2011-08-31 23:00:00,179.03111
2011-09-20 00:00:00,187.57419
2011-09-20 01:00:00,135.63101
2011-09-20 02:00:00,135.63101
2011-09-20 03:00:00,154.07297
2011-09-20 04:00:00,131.47234
2011-09-20 05:00:00,137.14816
2011-09-20 06:00:00,137.14816
2011-09-20 07:00:00,135.63101
2011-09-20 08:00:00,127.38029
2011-09-20 09:00:00,125.86312
2011-09-20 10:00:00,147.04234
2011-09-20 11:00:00,147.04234
2011-09-20 12:00:00,122.883446
2011-09-20 13:00:00,121.36121
2011-09-20 14:00:00,148.64603
2011-09-20 15:00:00,190.44243
2011-09-20 16:00:00,168.26695
2011-09-20 17:00:00,159.55176
2011-09-20 18:00:00,159.55176
2011-09-20 19:00:00,133.09346
2011-09-20 20:00:00,108.84806
2011-09-20 21:00:00,108.84806
2011-09-20 22:00:00,108.84806
2011-09-20 23:00:00,108.84806
2011-09-21 00:00:00,84.62946
2011-09-21 01:00:00,103.11254
2011-09-21 02:00:00,103.11254
2011-09-21 03:00:00,113.34997
2011-09-21 04:00:00,97.14263
2011-09-21 05:00:00,98.66486
2011-09-21 06:00:00,100.182014
2011-09-21 07:00:00,100.182014
2011-09-21 08:00:00,95.62549
2011-09-21 09:00:00,100.60242
2011-09-21 10:00:00,140.45485
2011-09-21 11:00:00,174.0293
2011-09-21 12:00:00,191.36938
2011-09-21 13:00:00,217.30173
2011-09-21 14:00:00,218.81886
2011-09-21 15:00:00,214.26234
2011-09-21 16:00:00,214.26234
2011-09-21 17:00:00,222.97754
2011-09-21 18:00:00,181.39067
2011-09-21 19:00:00,129.33311
2011-09-21 20:00:00,129.33311
2011-09-21 21:00:00,95.84673
2011-09-21 22:00:00,123.657295
2011-09-21 23:00:00,113.48939
2011-09-22 00:00:00,113.48939
2011-09-22 01:00:00,118.40662
2011-09-22 02:00:00,119.1652
2011-09-22 03:00:00,118.406624
2011-09-22 04:00:00,118.406624
2011-09-22 05:00:00,119.1652
2011-09-22 06:00:00,98.12247
2011-09-22 07:00:00,96.60532
2011-09-22 08:00:00,99.64469
2011-09-22 09:00:00,133.53403
2011-09-22 10:00:00,160.27116
2011-09-22 11:00:00,158.74892
2011-09-22 12:00:00,185.52711
2011-09-22 13:00:00,187.04428
2011-09-22 14:00:00,188.56654
2011-09-22 15:00:00,207.66151
2011-09-22 16:00:00,221.54182
2011-09-22 17:00:00,197.13173
2011-09-22 18:00:00,172.67546
2011-09-22 19:00:00,153.43382
2011-09-22 20:00:00,130.49464
2011-09-22 21:00:00,153.43382
2011-09-22 22:00:00,101.609085
2011-09-22 23:00:00,123.657295
2011-09-23 00:00:00,150.60707
2011-09-23 01:00:00,113.67327
2011-09-23 02:00:00,118.99346
2011-09-23 03:00:00,113.67327
2011-09-23 04:00:00,119.349075
2011-09-23 05:00:00,146.04546
2011-09-23 06:00:00,150.60707
2011-09-23 07:00:00,158.55861
2011-09-23 08:00:00,158.55861
2011-09-23 09:00:00,131.94878
2011-09-23 10:00:00,130.43163
2011-09-23 11:00:00,130.43163
2011-09-23 12:00:00,157.04147
2011-09-23 13:00:00,123.9107
2011-09-23 14:00:00,123.9107
2011-09-23 15:00:00,157.04146
2011-09-23 16:00:00,151.72125
2011-09-23 17:00:00,113.67327
2011-09-23 18:00:00,107.997444
2011-09-23 19:00:00,147.20699
2011-09-23 20:00:00,130.55731
2011-09-23 21:00:00,116.357025
2011-09-23 22:00:00,138.91689
2011-09-23 23:00:00,131.02864
2011-09-24 00:00:00,124.41479
2011-09-24 01:00:00,148.57367
2011-09-24 02:00:00,148.57367
2011-09-24 03:00:00,138.33624
2011-09-24 04:00:00,137.89409
2011-09-24 05:00:00,143.56992
2011-09-24 06:00:00,143.56992
2011-09-24 07:00:00,162.053
2011-09-24 08:00:00,160.8957
2011-09-24 09:00:00,168.7423
2011-09-24 10:00:00,168.7423
2011-09-24 11:00:00,193.95718
2011-09-24 12:00:00,193.95718
2011-09-24 13:00:00,204.85779
2011-09-24 14:00:00,239.50533
2011-09-24 15:00:00,239.50533
2011-09-24 16:00:00,215.09523
2011-09-24 17:00:00,232.31236
2011-09-24 18:00:00,210.178
2011-09-24 19:00:00,164.24037
2011-09-24 20:00:00,183.71973
2011-09-24 21:00:00,188.28136
2011-09-24 22:00:00,169.91618
2011-09-24 23:00:00,168.7423
2011-09-25 00:00:00,164.18066
2011-09-25 01:00:00,169.50087
2011-09-25 02:00:00,143.24663
2011-09-25 03:00:00,143.24663
2011-09-25 04:00:00,150.08398
2011-09-25 05:00:00,163.06648
2011-09-25 06:00:00,169.50087
2011-09-25 07:00:00,144.40817
2011-09-25 08:00:00,169.91618
2011-09-25 09:00:00,191.08107
2011-09-25 10:00:00,191.08107
2011-09-25 11:00:00,223.1333
2011-09-25 12:00:00,216.29596
2011-09-25 13:00:00,238.43031
2011-09-25 14:00:00,216.29596
2011-09-25 15:00:00,216.29596
2011-09-25 16:00:00,250.81209
2011-09-25 17:00:00,232.75449
2011-09-25 18:00:00,232.75449
2011-09-25 19:00:00,192.24263
2011-09-25 20:00:00,189.9669
2011-09-25 21:00:00,146.26897
2011-09-25 22:00:00,168.80202
2011-09-25 23:00:00,152.70332
2011-09-26 00:00:00,146.04546
2011-09-26 01:00:00,173.8987
2011-09-26 02:00:00,173.8987
2011-09-26 03:00:00,146.04546
2011-09-26 04:00:00,150.60707
2011-09-26 05:00:00,168.57849
2011-09-26 06:00:00,150.60707
2011-09-26 07:00:00,146.04546
2011-09-26 08:00:00,146.04546
2011-09-26 09:00:00,181.13704
2011-09-26 10:00:00,181.13704
2011-09-26 11:00:00,227.41322
2011-09-26 12:00:00,230.0496
2011-09-26 13:00:00,255.26454
2011-09-26 14:00:00,257.83395
2011-09-26 15:00:00,290.76813
2011-09-26 16:00:00,273.23654
2011-09-26 17:00:00,256.3117
2011-09-26 18:00:00,199.20009
2011-09-26 19:00:00,201.52202
2011-09-26 20:00:00,172.42186
2011-09-26 21:00:00,172.42186
2011-09-26 22:00:00,147.20699
2011-09-26 23:00:00,147.20699
2011-09-27 00:00:00,147.20699
2011-09-27 01:00:00,148.7292
2011-09-27 02:00:00,145.68982
2011-09-27 03:00:00,146.04546
2011-09-27 04:00:00,156.28288
2011-09-27 05:00:00,156.28288
2011-09-27 06:00:00,151.36563
2011-09-27 07:00:00,151.36563
2011-09-27 08:00:00,176.58055
2011-09-27 09:00:00,186.81287
2011-09-27 10:00:00,165.81636
2011-09-27 11:00:00,182.31602
2011-09-27 12:00:00,183.83318
2011-09-27 13:00:00,258.3039
2011-09-27 14:00:00,227.01027
2011-09-27 15:00:00,213.92964
2011-09-27 16:00:00,209.43243
2011-09-27 17:00:00,186.87257
2011-09-27 18:00:00,182.65929
2011-09-27 19:00:00,178.09767
2011-09-27 20:00:00,201.83455
2011-09-27 21:00:00,176.6197
2011-09-27 22:00:00,161.72879
2011-09-27 23:00:00,161.72879
2011-09-28 00:00:00,157.16716
2011-09-28 01:00:00,157.16716
2011-09-28 02:00:00,170.08327
2011-09-28 03:00:00,140.79475
2011-09-28 04:00:00,157.16716
2011-09-28 05:00:00,136.23314
2011-09-28 06:00:00,150.26851
2011-09-28 07:00:00,150.26851
2011-09-28 08:00:00,163.12022
2011-09-28 09:00:00,163.12022
2011-09-28 10:00:00,146.04546
2011-09-28 11:00:00,204.8759
2011-09-28 12:00:00,221.69005
2011-09-28 13:00:00,254.14525
2011-09-28 14:00:00,296.84692
2011-09-28 15:00:00,256.3117
2011-09-28 16:00:00,259.3511
2011-09-28 17:00:00,260.87335
2011-09-28 18:00:00,218.14763
2011-09-28 19:00:00,218.14763
2011-09-28 20:00:00,203.16824
2011-09-28 21:00:00,181.43489
2011-09-28 22:00:00,161.72879
2011-09-28 23:00:00,137.39467
2011-09-29 00:00:00,140.43404
2011-09-29 01:00:00,123.54998
2011-09-29 02:00:00,123.54998
2011-09-29 03:00:00,146.10985
2011-09-29 04:00:00,172.7197
2011-09-29 05:00:00,168.16316
2011-09-29 06:00:00,167.4046
2011-09-29 07:00:00,164.0045
2011-09-29 08:00:00,176.6197
2011-09-29 09:00:00,214.75067
2011-09-29 10:00:00,257.52026
2011-09-29 11:00:00,268.15677
2011-09-29 12:00:00,274.0607
2011-09-29 13:00:00,273.8923
2011-09-29 14:00:00,317.46545
2011-09-29 15:00:00,340.51016
2011-09-29 16:00:00,351.30997
2011-09-29 17:00:00,324.02518
2011-09-29 18:00:00,337.02475
2011-09-29 19:00:00,300.77725
2011-09-29 20:00:00,289.85016
2011-09-29 21:00:00,254.05798
2011-09-29 22:00:00,211.32954
2011-09-29 23:00:00,177.42723
2011-09-30 00:00:00,158.94417
2011-09-30 01:00:00,176.66866
2011-09-30 02:00:00,158.94417
2011-09-30 03:00:00,158.94417
2011-09-30 04:00:00,163.50069
2011-09-30 05:00:00,163.50072
2011-09-30 06:00:00,165.02293
2011-09-30 07:00:00,165.02293
2011-09-30 08:00:00,184.70674
2011-09-30 09:00:00,205.80367
2011-09-30 10:00:00,247.353
2011-09-30 11:00:00,280.89926
2011-09-30 12:00:00,291.89017
2011-09-30 13:00:00,331.22327
2011-09-30 14:00:00,328.0154
2011-09-30 15:00:00,312.33957
2011-09-30 16:00:00,298.37305
2011-09-30 17:00:00,296.85086
2011-09-30 18:00:00,293.85788
2011-09-30 19:00:00,269.32053
2011-09-30 20:00:00,269.32053
2011-09-30 21:00:00,249.75505
2011-09-30 22:00:00,256.59747
2011-09-30 23:00:00,256.59747
2011-10-20 00:00:00,146.43315
2011-10-20 01:00:00,167.95558
2011-10-20 02:00:00,172.51723
2011-10-20 03:00:00,174.49864
2011-10-20 04:00:00,174.49864
2011-10-20 05:00:00,163.44295
2011-10-20 06:00:00,154.98447
2011-10-20 07:00:00,166.14693
2011-10-20 08:00:00,206.51234
2011-10-20 09:00:00,209.55171
2011-10-20 10:00:00,233.09401
2011-10-20 11:00:00,254.97636
2011-10-20 12:00:00,276.53995
2011-10-20 13:00:00,294.55634
2011-10-20 14:00:00,283.73288
2011-10-20 15:00:00,269.17624
2011-10-20 16:00:00,269.17624
2011-10-20 17:00:00,275.3784
2011-10-20 18:00:00,255.81291
2011-10-20 19:00:00,253.1765
2011-10-20 20:00:00,257.33514
2011-10-20 21:00:00,244.40157
2011-10-20 22:00:00,245.92381
2011-10-20 23:00:00,214.79482
2011-10-21 00:00:00,196.73723
2011-10-21 01:00:00,195.22011
2011-10-21 02:00:00,174.09633
2011-10-21 03:00:00,143.30925
2011-10-21 04:00:00,144.83147
2011-10-21 05:00:00,125.18372
2011-10-21 06:00:00,144.83147
2011-10-21 07:00:00,144.83147
2011-10-21 08:00:00,193.69785
2011-10-21 09:00:00,214.39186
2011-10-21 10:00:00,243.29976
2011-10-21 11:00:00,276.32004
2011-10-21 12:00:00,280.11798
2011-10-21 13:00:00,266.66318
2011-10-21 14:00:00,295.12186
2011-10-21 15:00:00,279.3594
2011-10-21 16:00:00,277.83713
2011-10-21 17:00:00,253.53207
2011-10-21 18:00:00,238.55504
2011-10-21 19:00:00,245.39746
2011-10-21 20:00:00,237.03789
2011-10-21 21:00:00,210.2383
2011-10-21 22:00:00,222.56032
2011-10-21 23:00:00,195.22011
2011-10-22 00:00:00,195.03557
2011-10-22 01:00:00,195.03557
2011-10-22 02:00:00,198.07494
2011-10-22 03:00:00,191.99617
2011-10-22 04:00:00,171.63606
2011-10-22 05:00:00,167.07445
2011-10-22 06:00:00,145.93637
2011-10-22 07:00:00,131.7772
2011-10-22 08:00:00,157.43422
2011-10-22 09:00:00,180.05339
2011-10-22 10:00:00,207.6527
2011-10-22 11:00:00,207.6527
2011-10-22 12:00:00,228.51744
2011-10-22 13:00:00,266.25876
2011-10-22 14:00:00,268.35648
2011-10-22 15:00:00,253.43916
2011-10-22 16:00:00,276.13547
2011-10-22 17:00:00,230.79314
2011-10-22 18:00:00,225.86243
2011-10-22 19:00:00,181.25414
2011-10-22 20:00:00,175.49178
2011-10-22 21:00:00,142.03166
2011-10-22 22:00:00,142.03166
2011-10-22 23:00:00,117.78625
2011-10-23 00:00:00,96.64817
2011-10-23 01:00:00,96.64817
2011-10-23 02:00:00,91.39748
2011-10-23 03:00:00,90.88585
2011-10-23 04:00:00,90.88585
2011-10-23 05:00:00,85.15032
2011-10-23 06:00:00,86.39373
2011-10-23 07:00:00,91.39748
2011-10-23 08:00:00,95.35874
2011-10-23 09:00:00,142.03166
2011-10-23 10:00:00,167.73135
2011-10-23 11:00:00,179.94669
2011-10-23 12:00:00,236.04771
2011-10-23 13:00:00,251.09273
2011-10-23 14:00:00,252.61496
2011-10-23 15:00:00,258.8171
2011-10-23 16:00:00,251.09273
2011-10-23 17:00:00,217.6469
2011-10-23 18:00:00,216.12975
2011-10-23 19:00:00,156.18452
2011-10-23 20:00:00,170.4132
2011-10-23 21:00:00,170.4132
2011-10-23 22:00:00,150.00687
2011-10-23 23:00:00,153.04625
2011-10-24 00:00:00,143.34898
2011-10-24 01:00:00,129.04825
2011-10-24 02:00:00,112.12854
2011-10-24 03:00:00,126.772514
2011-10-24 04:00:00,122.2109
2011-10-24 05:00:00,101.046005
2011-10-24 06:00:00,112.12854
2011-10-24 07:00:00,90.47843
2011-10-24 08:00:00,123.49876
2011-10-24 09:00:00,147.74416
2011-10-24 10:00:00,158.03624
2011-10-24 11:00:00,195.78265
2011-10-24 12:00:00,210.82768
2011-10-24 13:00:00,234.99083
2011-10-24 14:00:00,233.46858
2011-10-24 15:00:00,244.33318
2011-10-24 16:00:00,227.79277
2011-10-24 17:00:00,206.669
2011-10-24 18:00:00,234.79973
2011-10-24 19:00:00,156.55827
2011-10-24 20:00:00,150.52684
2011-10-24 21:00:00,129.36194
2011-10-24 22:00:00,175.12979
2011-10-24 23:00:00,159.40846
2011-10-25 00:00:00,155.94868
2011-10-25 01:00:00,155.94868
2011-10-25 02:00:00,134.78377
2011-10-25 03:00:00,106.80835
2011-10-25 04:00:00,107.883354
2011-10-25 05:00:00,107.883354
2011-10-25 06:00:00,121.76876
2011-10-25 07:00:00,150.5707
2011-10-25 08:00:00,164.51389
2011-10-25 09:00:00,239.7794
2011-10-25 10:00:00,259.35413
2011-10-25 11:00:00,275.88022
2011-10-25 12:00:00,313.16513
2011-10-25 13:00:00,326.5839
2011-10-25 14:00:00,310.4999
2011-10-25 15:00:00,312.14554
2011-10-25 16:00:00,316.70206
2011-10-25 17:00:00,312.14554
2011-10-25 18:00:00,285.24515
2011-10-25 19:00:00,201.29103
2011-10-25 20:00:00,190.97214
2011-10-25 21:00:00,171.35123
2011-10-25 22:00:00,195.5287
2011-10-25 23:00:00,171.35123
2011-10-26 00:00:00,174.39061
2011-10-26 01:00:00,192.83257
2011-10-26 02:00:00,188.27602
2011-10-26 03:00:00,191.31541
2011-10-26 04:00:00,174.74815
2011-10-26 05:00:00,173.231
2011-10-26 06:00:00,173.231
2011-10-26 07:00:00,170.19164
2011-10-26 08:00:00,195.46898
2011-10-26 09:00:00,220.81114
2011-10-26 10:00:00,236.90663
2011-10-26 11:00:00,244.27544
2011-10-26 12:00:00,286.0501
2011-10-26 13:00:00,252.64546
2011-10-26 14:00:00,177.78285
2011-10-26 15:00:00,177.78285
2011-10-26 16:00:00,182.34447
2011-10-26 17:00:00,183.10306
2011-10-26 18:00:00,180.46661
2011-10-26 19:00:00,150.94214
2011-10-26 20:00:00,132.45908
2011-10-26 21:00:00,177.78285
2011-10-26 22:00:00,136.96101
2011-10-26 23:00:00,136.96101
2011-10-27 00:00:00,102.47815
2011-10-27 01:00:00,102.47815
2011-10-27 02:00:00,113.82978
2011-10-27 03:00:00,113.829796
2011-10-27 04:00:00,138.07521
2011-10-27 05:00:00,142.63683
2011-10-27 06:00:00,162.2938
2011-10-27 07:00:00,112.71558
2011-10-27 08:00:00,147.95193
2011-10-27 09:00:00,164.97754
2011-10-27 10:00:00,153.68745
2011-10-27 11:00:00,150.64806
2011-10-27 12:00:00,150.64806
2011-10-27 13:00:00,146.49448
2011-10-27 14:00:00,159.29979
2011-10-27 15:00:00,164.62
2011-10-27 16:00:00,209.96236
2011-10-27 17:00:00,210.97957
2011-10-27 18:00:00,220.64664
2011-10-27 19:00:00,209.14879
2011-10-27 20:00:00,199.22777
2011-10-27 21:00:00,210.41704
2011-10-27 22:00:00,168.82133
2011-10-27 23:00:00,174.66359
2011-10-28 00:00:00,154.97829
2011-10-28 01:00:00,149.21593
2011-10-28 02:00:00,150.73817
2011-10-28 03:00:00,132.6806
2011-10-28 04:00:00,148.08315
2011-10-28 05:00:00,164.55879
2011-10-28 06:00:00,140.79858
2011-10-28 07:00:00,140.79858
2011-10-28 08:00:00,160.4052
2011-10-28 09:00:00,175.42337
2011-10-28 10:00:00,181.1857
2011-10-28 11:00:00,212.56163
2011-10-28 12:00:00,259.86542
2011-10-28 13:00:00,256.74384
2011-10-28 14:00:00,229.03725
2011-10-28 15:00:00,237.24135
2011-10-28 16:00:00,227.52008
2011-10-28 17:00:00,213.67581
2011-10-28 18:00:00,205.95651
2011-10-28 19:00:00,213.67581
2011-10-28 20:00:00,180.21532
2011-10-28 21:00:00,147.76576
2011-10-28 22:00:00,128.62968
2011-10-28 23:00:00,108.3506
2011-10-29 00:00:00,83.94749
2011-10-29 01:00:00,89.68299
2011-10-29 02:00:00,89.68299
2011-10-29 03:00:00,114.244835
2011-10-29 04:00:00,114.244835
2011-10-29 05:00:00,58.691483
2011-10-29 06:00:00,77.17454
2011-10-29 07:00:00,77.17454
2011-10-29 08:00:00,86.98686
2011-10-29 09:00:00,86.98686
2011-10-29 10:00:00,57.17434
2011-10-29 11:00:00,60.213715
2011-10-29 12:00:00,74.19958
2011-10-29 13:00:00,75.72182
2011-10-29 14:00:00,71.92385
2011-10-29 15:00:00,45.923405
2011-10-29 16:00:00,45.676483
2011-10-29 17:00:00,45.676483
2011-10-29 18:00:00,45.676483
2011-10-29 19:00:00,60.060577
2011-10-29 20:00:00,60.060577
2011-10-29 21:00:00,60.060577
2011-10-29 22:00:00,51.5377
2011-10-29 23:00:00,54.092255
2011-10-30 00:00:00,51.5377
2011-10-30 01:00:00,53.054832
2011-10-30 02:00:00,54.57708
2011-10-30 03:00:00,97.02672
2011-10-30 04:00:00,74.371506
2011-10-30 05:00:00,93.98734
2011-10-30 06:00:00,95.78332
2011-10-30 07:00:00,99.12076
2011-10-30 08:00:00,119.48104
2011-10-30 09:00:00,147.89862
2011-10-30 10:00:00,165.72845
2011-10-30 11:00:00,204.65776
2011-10-30 12:00:00,226.23935
2011-10-30 13:00:00,255.08751
2011-10-30 14:00:00,274.70328
2011-10-30 15:00:00,282.4277
2011-10-30 16:00:00,290.147
2011-10-30 17:00:00,273.65286
2011-10-30 18:00:00,240.1428
2011-10-30 19:00:00,286.3938
2011-10-30 20:00:00,183.3012
2011-10-30 21:00:00,149.84106
2011-10-30 22:00:00,116.35413
2011-10-30 23:00:00,67.89013
2011-10-31 00:00:00,66.55244
2011-10-31 01:00:00,85.03549
2011-10-31 02:00:00,60.816925
2011-10-31 03:00:00,58.010345
2011-10-31 04:00:00,60.816925
2011-10-31 05:00:00,36.571518
2011-10-31 06:00:00,60.816925
2011-10-31 07:00:00,42.333862
2011-10-31 08:00:00,77.99059
2011-10-31 09:00:00,123.60688
2011-10-31 10:00:00,193.63445
2011-10-31 11:00:00,227.62462
2011-10-31 12:00:00,256.40485
2011-10-31 13:00:00,267.843
2011-10-31 14:00:00,258.60147
2011-10-31 15:00:00,249.88628
2011-10-31 16:00:00,222.56032
2011-10-31 17:00:00,221.03809
2011-10-31 18:00:00,176.06073
2011-10-31 19:00:00,176.06073
2011-10-31 20:00:00,176.06073
2011-10-31 21:00:00,136.62187
2011-10-31 22:00:00,136.62187
2011-10-31 23:00:00,136.62187
2011-11-20 00:00:00,175.434
2011-11-20 01:00:00,198.07494
2011-11-20 02:00:00,199.59718
2011-11-20 03:00:00,192.95094
2011-11-20 04:00:00,177.5484
2011-11-20 05:00:00,195.60597
2011-11-20 06:00:00,194.08371
2011-11-20 07:00:00,186.89076
2011-11-20 08:00:00,183.28392
2011-11-20 09:00:00,174.21117
2011-11-20 10:00:00,176.84758
2011-11-20 11:00:00,221.80557
2011-11-20 12:00:00,223.32271
2011-11-20 13:00:00,247.12833
2011-11-20 14:00:00,229.48802
2011-11-20 15:00:00,216.72188
2011-11-20 16:00:00,229.08505
2011-11-20 17:00:00,232.12444
2011-11-20 18:00:00,234.80629
2011-11-20 19:00:00,194.08095
2011-11-20 20:00:00,212.16536
2011-11-20 21:00:00,172.18433
2011-11-20 22:00:00,138.21217
2011-11-20 23:00:00,138.21217
2011-11-21 00:00:00,108.15397
2011-11-21 01:00:00,123.7065
2011-11-21 02:00:00,99.48792
2011-11-21 03:00:00,96.44853
2011-11-21 04:00:00,96.44853
2011-11-21 05:00:00,83.93537
2011-11-21 06:00:00,78.17303
2011-11-21 07:00:00,116.51354
2011-11-21 08:00:00,108.15397
2011-11-21 09:00:00,119.23651
2011-11-21 10:00:00,159.29979
2011-11-21 11:00:00,164.62
2011-11-21 12:00:00,178.85786
2011-11-21 13:00:00,178.85786
2011-11-21 14:00:00,160.75919
2011-11-21 15:00:00,119.49322
2011-11-21 16:00:00,119.49322
2011-11-21 17:00:00,117.52883
2011-11-21 18:00:00,130.69171
2011-11-21 19:00:00,106.47312
2011-11-21 20:00:00,129.55894
2011-11-21 21:00:00,126.519554
2011-11-21 22:00:00,124.99732
2011-11-21 23:00:00,126.519554
2011-11-22 00:00:00,96.15424
2011-11-22 01:00:00,103.43374
2011-11-22 02:00:00,77.67119
2011-11-22 03:00:00,77.67119
2011-11-22 04:00:00,99.19361
2011-11-22 05:00:00,99.19361
2011-11-22 06:00:00,90.47843
2011-11-22 07:00:00,102.23301
2011-11-22 08:00:00,102.23301
2011-11-22 09:00:00,96.59638
2011-11-22 10:00:00,96.59638
2011-11-22 11:00:00,103.43374
2011-11-22 12:00:00,82.67495
2011-11-22 13:00:00,88.41046
2011-11-22 14:00:00,88.41046
2011-11-22 15:00:00,108.094246
2011-11-22 16:00:00,108.094246
2011-11-22 17:00:00,94.1728
2011-11-22 18:00:00,89.61118
2011-11-22 19:00:00,119.14999
2011-11-22 20:00:00,101.06986
2011-11-22 21:00:00,102.58701
2011-11-22 22:00:00,129.52853
2011-11-22 23:00:00,126.83242
2011-11-23 00:00:00,126.83242
2011-11-23 01:00:00,129.11324
2011-11-23 02:00:00,143.56395
2011-11-23 03:00:00,143.56395
2011-11-23 04:00:00,167.80934
2011-11-23 05:00:00,118.030685
2011-11-23 06:00:00,83.93537
2011-11-23 07:00:00,94.23252
2011-11-23 08:00:00,119.23651
2011-11-23 09:00:00,135.29088
2011-11-23 10:00:00,135.29088
2011-11-23 11:00:00,208.69878
2011-11-23 12:00:00,249.65614
2011-11-23 13:00:00,250.71255
2011-11-23 14:00:00,237.75725
2011-11-23 15:00:00,242.67448
2011-11-23 16:00:00,213.05345
2011-11-23 17:00:00,181.44435
2011-11-23 18:00:00,228.4149
2011-11-23 19:00:00,210.13939
2011-11-23 20:00:00,179.87828
2011-11-23 21:00:00,195.0288
2011-11-23 22:00:00,176.18584
2011-11-23 23:00:00,171.62422
2011-11-24 00:00:00,167.60197
2011-11-24 01:00:00,173.42876
2011-11-24 02:00:00,152.58382
2011-11-24 03:00:00,130.9752
2011-11-24 04:00:00,150.83385
2011-11-24 05:00:00,151.59242
2011-11-24 06:00:00,150.83385
2011-11-24 07:00:00,92.8906
2011-11-24 08:00:00,138.5118
2011-11-24 09:00:00,157.77008
2011-11-24 10:00:00,179.90443
2011-11-24 11:00:00,261.62292
2011-11-24 12:00:00,284.72537
2011-11-24 13:00:00,299.72925
2011-11-24 14:00:00,315.42374
2011-11-24 15:00:00,313.1429
2011-11-24 16:00:00,305.42368
2011-11-24 17:00:00,293.65048
2011-11-24 18:00:00,223.26302
2011-11-24 19:00:00,205.96404
2011-11-24 20:00:00,121.60754
2011-11-24 21:00:00,137.01009
2011-11-24 22:00:00,137.01009
2011-11-24 23:00:00,116.88259
2011-11-25 00:00:00,123.66659
2011-11-25 01:00:00,123.433784
2011-11-25 02:00:00,87.991264
2011-11-25 03:00:00,106.47434
2011-11-25 04:00:00,116.28665
2011-11-25 05:00:00,109.280914
2011-11-25 06:00:00,82.22892
2011-11-25 07:00:00,85.03549
2011-11-25 08:00:00,83.74608
2011-11-25 09:00:00,117.698235
2011-11-25 10:00:00,144.83147
2011-11-25 11:00:00,176.81929
2011-11-25 12:00:00,240.26036
2011-11-25 13:00:00,276.32004
2011-11-25 14:00:00,300.56543
2011-11-25 15:00:00,308.2847
2011-11-25 16:00:00,291.7637
2011-11-25 17:00:00,304.1269
2011-11-25 18:00:00,261.06534
2011-11-25 19:00:00,174.15408
2011-11-25 20:00:00,200.70479
2011-11-25 21:00:00,144.59868
2011-11-25 22:00:00,139.34796
2011-11-25 23:00:00,124.70399
2011-11-26 00:00:00,126.04168
2011-11-26 01:00:00,119.520775
2011-11-26 02:00:00,99.141266
2011-11-26 03:00:00,97.871056
2011-11-26 04:00:00,97.871056
2011-11-26 05:00:00,117.62434
2011-11-26 06:00:00,122.54159
2011-11-26 07:00:00,65.08355
2011-11-26 08:00:00,119.520775
2011-11-26 09:00:00,125.28309
2011-11-26 10:00:00,115.13123
2011-11-26 11:00:00,190.47902
2011-11-26 12:00:00,230.54234
2011-11-26 13:00:00,263.60373
2011-11-26 14:00:00,263.79483
2011-11-26 15:00:00,286.4963
2011-11-26 16:00:00,261.11304
2011-11-26 17:00:00,261.11304
2011-11-26 18:00:00,204.92973
2011-11-26 19:00:00,167.67168
2011-11-26 20:00:00,208.8922
2011-11-26 21:00:00,123.46206
2011-11-26 22:00:00,141.94514
2011-11-26 23:00:00,115.13123
2011-11-27 00:00:00,115.13123
2011-11-27 01:00:00,115.13123
2011-11-27 02:00:00,109.36891
2011-11-27 03:00:00,90.88585
2011-11-27 04:00:00,92.15606
2011-11-27 05:00:00,98.398125
2011-11-27 06:00:00,126.14582
2011-11-27 07:00:00,113.78268
2011-11-27 08:00:00,138.74553
2011-11-27 09:00:00,186.02544
2011-11-27 10:00:00,186.02544
2011-11-27 11:00:00,229.04588
2011-11-27 12:00:00,258.33618
2011-11-27 13:00:00,241.4525
2011-11-27 14:00:00,342.6735
2011-11-27 15:00:00,333.55527
2011-11-27 16:00:00,274.8715
2011-11-27 17:00:00,253.77455
2011-11-27 18:00:00,219.16913
2011-11-27 19:00:00,204.15097
2011-11-27 20:00:00,223.7257
2011-11-27 21:00:00,207.19038
2011-11-27 22:00:00,190.26555
2011-11-27 23:00:00,190.26555
2011-11-28 00:00:00,169.2852
2011-11-28 01:00:00,170.0438
2011-11-28 03:00:00,126.62467
2011-11-28 04:00:00,138.2704
2011-11-28 05:00:00,106.80835
2011-11-28 06:00:00,132.50804
2011-11-28 07:00:00,109.463356
2011-11-28 08:00:00,96.65609
2011-11-28 09:00:00,132.30049
2011-11-28 10:00:00,173.12236
2011-11-28 11:00:00,210.82765
2011-11-28 12:00:00,241.29382
2011-11-28 13:00:00,259.7338
2011-11-28 14:00:00,276.04703
2011-11-28 15:00:00,250.09552
2011-11-28 16:00:00,245.85036
2011-11-28 17:00:00,263.9347
2011-11-28 18:00:00,235.05052
2011-11-28 19:00:00,201.59041
2011-11-28 20:00:00,208.78337
2011-11-28 21:00:00,194.94417
2011-11-28 22:00:00,164.62
2011-11-28 23:00:00,166.13713
2011-11-29 00:00:00,153.62398
2011-11-29 01:00:00,158.1856
2011-11-29 02:00:00,138.1349
2011-11-29 03:00:00,138.1349
2011-11-29 04:00:00,176.01897
2011-11-29 05:00:00,146.89745
2011-11-29 06:00:00,168.06233
2011-11-29 07:00:00,183.506
2011-11-29 08:00:00,192.30774
2011-11-29 09:00:00,228.55428
2011-11-29 10:00:00,228.55428
2011-11-29 11:00:00,159.00764
2011-11-29 12:00:00,160.57373
2011-11-29 13:00:00,169.13896
2011-11-29 14:00:00,106.473114
2011-11-29 15:00:00,134.87914
2011-11-29 16:00:00,129.55894
2011-11-29 17:00:00,127.68108
2011-11-29 18:00:00,143.08363
2011-11-29 19:00:00,144.60588
2011-11-29 20:00:00,119.63793
2011-11-29 21:00:00,119.63793
2011-11-29 22:00:00,131.64548
2011-11-29 23:00:00,136.75111
2011-11-30 00:00:00,181.3954
2011-11-30 01:00:00,154.70451
2011-11-30 02:00:00,136.41415
2011-11-30 03:00:00,136.41415
2011-11-30 04:00:00,114.238655
2011-11-30 05:00:00,88.471
2011-11-30 06:00:00,63.745857
2011-11-30 07:00:00,82.22892
2011-11-30 08:00:00,88.471
2011-11-30 09:00:00,117.27804
2011-11-30 10:00:00,153.4611
2011-11-30 11:00:00,217.8998
2011-11-30 12:00:00,207.95847
2011-11-30 13:00:00,260.50064
2011-11-30 14:00:00,260.50064
2011-11-30 15:00:00,226.12708
2011-11-30 16:00:00,223.84625
2011-11-30 17:00:00,212.74904
2011-11-30 18:00:00,207.07321
2011-11-30 19:00:00,184.13858
2011-11-30 20:00:00,184.13858
2011-11-30 21:00:00,192.05501
2011-11-30 22:00:00,172.48953
2011-11-30 23:00:00,178.31749
2011-12-20 00:00:00,188.96922
2011-12-20 01:00:00,200.04788
2011-12-20 02:00:00,175.31726
2011-12-20 03:00:00,175.31726
2011-12-20 04:00:00,206.9671
2011-12-20 05:00:00,193.40164
2011-12-20 06:00:00,193.40164
2011-12-20 07:00:00,177.99911
2011-12-20 08:00:00,224.43819
2011-12-20 09:00:00,165.67706
2011-12-20 10:00:00,217.43123
2011-12-20 11:00:00,197.85652
2011-12-20 12:00:00,232.47627
2011-12-20 13:00:00,232.47627
2011-12-20 14:00:00,218.63708
2011-12-20 15:00:00,225.6389
2011-12-20 16:00:00,219.9631
2011-12-20 17:00:00,192.18073
2011-12-20 18:00:00,175.61348
2011-12-20 19:00:00,165.73676
2011-12-20 20:00:00,160.00124
2011-12-20 21:00:00,160.48604
2011-12-20 22:00:00,165.67706
2011-12-20 23:00:00,183.7346
2011-12-21 00:00:00,76.0583
2011-12-21 01:00:00,99.756035
2011-12-21 02:00:00,83.110054
2011-12-21 03:00:00,83.110054
2011-12-21 04:00:00,83.110054
2011-12-21 05:00:00,60.28015
2011-12-21 06:00:00,33.821884
2011-12-21 07:00:00,35.065285
2011-12-21 08:00:00,21.014637
2011-12-21 09:00:00,56.7187
2011-12-21 10:00:00,104.99369
2011-12-21 11:00:00,104.99369
2011-12-21 12:00:00,84.906944
2011-12-21 13:00:00,56.126747
2011-12-21 14:00:00,83.471245
2011-12-21 15:00:00,84.99348
2011-12-21 16:00:00,39.16592
2011-12-21 17:00:00,39.16592
2011-12-21 18:00:00,31.967857
2011-12-21 19:00:00,69.20654
2011-12-21 20:00:00,70.7237
2011-12-21 21:00:00,79.73298
2011-12-21 22:00:00,78.21073
2011-12-21 23:00:00,75.17135
2011-12-22 00:00:00,94.773705
2011-12-22 01:00:00,34.139812
2011-12-22 02:00:00,83.36239
2011-12-22 03:00:00,121.11156
2011-12-22 04:00:00,56.12148
2011-12-22 05:00:00,49.28413
2011-12-22 06:00:00,28.14606
2011-12-22 07:00:00,3.9006615
2011-12-22 08:00:00,33.821884
2011-12-22 09:00:00,44.11901
2011-12-22 10:00:00,65.28391
2011-12-22 11:00:00,87.622696
2011-12-22 12:00:00,166.89183
2011-12-22 13:00:00,136.48538
2011-12-22 14:00:00,136.48538
2011-12-22 15:00:00,154.56975
2011-12-22 16:00:00,136.48538
2011-12-22 17:00:00,126.78738
2011-12-22 18:00:00,138.392
2011-12-22 19:00:00,133.83037
2011-12-22 20:00:00,106.01926
2011-12-22 21:00:00,106.01926
2011-12-22 22:00:00,22.258026
2011-12-22 23:00:00,50.995544
2011-12-23 00:00:00,60.872276
2011-12-23 01:00:00,60.872276
2011-12-23 02:00:00,30.506977
2011-12-23 03:00:00,30.506977
2011-12-23 04:00:00,38.107983
2011-12-23 05:00:00,11.412943
2011-12-23 06:00:00,62.20024
2011-12-23 07:00:00,60.683098
2011-12-23 08:00:00,86.445656
2011-12-23 09:00:00,119.531586
2011-12-23 10:00:00,134.893
2011-12-23 11:00:00,151.77669
2011-12-23 12:00:00,167.89668
2011-12-23 13:00:00,177.17935
2011-12-23 14:00:00,162.57648
2011-12-23 15:00:00,153.77478
2011-12-23 16:00:00,163.05743
2011-12-23 17:00:00,136.15564
2011-12-23 18:00:00,142.83755
2011-12-23 19:00:00,128.87108
2011-12-23 20:00:00,101.25709
2011-12-23 21:00:00,95.93689
2011-12-23 22:00:00,83.08889
2011-12-23 23:00:00,84.09949
2011-12-24 00:00:00,76.26321
2011-12-24 01:00:00,88.35243
2011-12-24 02:00:00,88.837265
2011-12-24 03:00:00,76.51522
2011-12-24 04:00:00,88.58526
2011-12-24 05:00:00,88.58526
2011-12-24 06:00:00,55.098305
2011-12-24 07:00:00,66.575005
2011-12-24 08:00:00,56.529892
2011-12-24 09:00:00,146.62718
2011-12-24 10:00:00,155.6167
2011-12-24 11:00:00,167.8332
2011-12-24 12:00:00,173.84755
2011-12-24 13:00:00,170.52931
2011-12-24 14:00:00,170.52931
2011-12-24 15:00:00,165.04585
2011-12-24 16:00:00,158.35887
2011-12-24 17:00:00,134.5801
2011-12-24 18:00:00,151.3582
2011-12-24 19:00:00,120.55309
2011-12-24 20:00:00,94.93212
2011-12-24 21:00:00,92.40437
2011-12-24 22:00:00,102.80808
2011-12-24 23:00:00,82.359245
2011-12-25 00:00:00,71.787155
2011-12-25 01:00:00,39.337635
2011-12-25 02:00:00,26.705624
2011-12-25 03:00:00,35.435516
2011-12-25 05:00:00,17.651878
2011-12-25 06:00:00,17.651878
2011-12-25 07:00:00,7.984845
2011-12-25 08:00:00,1.2119255
2011-12-25 09:00:00,-8.853797
2011-12-25 10:00:00,15.871336
2011-12-25 11:00:00,64.82505
2011-12-25 12:00:00,48.133068
2011-12-25 13:00:00,71.06712
2011-12-25 14:00:00,104.55407
2011-12-25 15:00:00,105.56467
2011-12-25 16:00:00,123.14251
2011-12-25 17:00:00,102.525276
2011-12-25 18:00:00,72.10453
2011-12-25 19:00:00,113.16177
2011-12-25 20:00:00,135.53017
2011-12-25 21:00:00,106.42997
2011-12-25 22:00:00,82.73734
2011-12-25 23:00:00,67.20751
2011-12-26 00:00:00,13.217728
2011-12-26 01:00:00,90.497955
2011-12-26 02:00:00,140.08553
2011-12-26 04:00:00,139.80669
2011-12-26 05:00:00,156.69035
2011-12-26 06:00:00,140.44308
2011-12-26 07:00:00,139.95825
2011-12-26 08:00:00,140.96884
2011-12-26 09:00:00,139.80669
2011-12-26 10:00:00,159.47774
2011-12-26 11:00:00,150.19505
2011-12-26 12:00:00,163.17015
2011-12-26 13:00:00,186.04112
2011-12-26 14:00:00,187.5634
2011-12-26 15:00:00,183.76033
2011-12-26 16:00:00,158.10194
2011-12-26 17:00:00,140.08553
2011-12-26 18:00:00,126.371056
2011-12-26 19:00:00,71.34736
2011-12-26 20:00:00,99.07195
2011-12-26 21:00:00,43.935295
2011-12-26 22:00:00,43.935303
2011-12-26 23:00:00,41.12873
2011-12-27 00:00:00,47.939533
2011-12-27 01:00:00,50.46727
2011-12-27 02:00:00,50.46727
2011-12-27 03:00:00,95.87719
2011-12-27 04:00:00,83.555145
2011-12-27 05:00:00,85.59825
2011-12-27 06:00:00,95.59835
2011-12-27 07:00:00,86.59452
2011-12-27 08:00:00,84.56573
2011-12-27 09:00:00,93.93396
2011-12-27 10:00:00,87.49958
2011-12-27 11:00:00,93.93396
2011-12-27 12:00:00,41.232193
2011-12-27 13:00:00,20.948074
2011-12-27 14:00:00,91.89216
2011-12-27 15:00:00,91.89216
2011-12-27 16:00:00,76.13204
2011-12-27 17:00:00,57.832897
2011-12-27 18:00:00,48.31994
2011-12-27 19:00:00,22.61655
2011-12-27 20:00:00,-1.3500161
2011-12-27 21:00:00,17.133049
2011-12-27 22:00:00,17.133049
2011-12-27 23:00:00,-8.886637
2011-12-28 00:00:00,16.881023
2011-12-28 01:00:00,50.76663
2011-12-28 02:00:00,97.45403
2011-12-28 03:00:00,97.45403
2011-12-28 05:00:00,111.0463
2011-12-28 06:00:00,109.77608
2011-12-28 07:00:00,109.77608
2011-12-28 08:00:00,111.0463
2011-12-28 09:00:00,113.57914
2011-12-28 10:00:00,114.02128
2011-12-28 11:00:00,160.47977
2011-12-28 12:00:00,156.49422
2011-12-28 13:00:00,173.50127
2011-12-28 14:00:00,168.01775
2011-12-28 15:00:00,178.77644
2011-12-28 16:00:00,173.01408
2011-12-28 17:00:00,156.80794
2011-12-28 18:00:00,146.7487
2011-12-28 19:00:00,132.01857
2011-12-28 20:00:00,130.50143
2011-12-28 21:00:00,115.01273
2011-12-28 22:00:00,117.54554
2011-12-28 23:00:00,117.0147
2011-12-29 00:00:00,114.4864
2011-12-29 01:00:00,106.25602
2011-12-29 02:00:00,90.24645
2011-12-29 03:00:00,74.35418
2011-12-29 04:00:00,76.88701
2011-12-29 05:00:00,77.9244
2011-12-29 06:00:00,68.40894
2011-12-29 07:00:00,43.67889
2011-12-29 08:00:00,58.682198
2011-12-29 09:00:00,53.31598
2011-12-29 10:00:00,60.600548
2011-12-29 11:00:00,78.93695
2011-12-29 12:00:00,97.753105
2011-12-29 13:00:00,115.83749
2011-12-29 14:00:00,124.37957
2011-12-29 15:00:00,124.89123
2011-12-29 16:00:00,118.93656
2011-12-29 17:00:00,91.21197
2011-12-29 18:00:00,105.09228
2011-12-29 19:00:00,107.651924
2011-12-29 20:00:00,70.11501
2011-12-29 21:00:00,89.63003
2011-12-29 22:00:00,71.632164
2011-12-29 23:00:00,78.889915
2011-12-30 00:00:00,56.229607
2011-12-30 01:00:00,67.6709
2011-12-30 02:00:00,43.2146
2011-12-30 03:00:00,43.2146
2011-12-30 04:00:00,42.45603
2011-12-30 05:00:00,25.367939
2011-12-30 06:00:00,42.45603
2011-12-30 07:00:00,27.053478
2011-12-30 08:00:00,32.72929
2011-12-30 09:00:00,36.354134
2011-12-30 10:00:00,79.39648
2011-12-30 11:00:00,83.08889
2011-12-30 12:00:00,111.82409
2011-12-30 13:00:00,137.26982
2011-12-30 14:00:00,173.10182
2011-12-30 15:00:00,177.84145
2011-12-30 16:00:00,178.47661
2011-12-30 17:00:00,143.89803
2011-12-30 18:00:00,103.86941
2011-12-30 19:00:00,150.1411
2011-12-30 20:00:00,94.02048
2011-12-30 21:00:00,99.756035
2011-12-30 22:00:00,77.58052
2011-12-30 23:00:00,99.22518
2011-12-31 00:00:00,134.62703
2011-12-31 01:00:00,138.10857
2011-12-31 02:00:00,138.10857
2011-12-31 03:00:00,138.10857
2011-12-31 04:00:00,95.90641
2011-12-31 05:00:00,72.317375
2011-12-31 06:00:00,100.507225
2011-12-31 07:00:00,80.45652
2011-12-31 08:00:00,40.915054
2011-12-31 09:00:00,69.10489
2011-12-31 10:00:00,83.226814
2011-12-31 11:00:00,104.364876
2011-12-31 12:00:00,238.53668
2011-12-31 13:00:00,233.40953
2011-12-31 14:00:00,185.83257
2011-12-31 15:00:00,206.50912
2011-12-31 16:00:00,183.13643
2011-12-31 17:00:00,158.25072
2011-12-31 18:00:00,155.21135
2011-12-31 19:00:00,159.77296
2011-12-31 20:00:00,159.77296
2011-12-31 21:00:00,140.19316
2011-12-31 22:00:00,119.06939
2011-12-31 23:00:00,94.17449
2012-01-20 00:00:00,120.09716
2012-01-20 01:00:00,118.23852
2012-01-20 02:00:00,118.23852
2012-01-20 03:00:00,98.6638
2012-01-20 04:00:00,68.25737
2012-01-20 05:00:00,68.25737
2012-01-20 06:00:00,70.934296
2012-01-20 07:00:00,38.484783
2012-01-20 08:00:00,55.40448
2012-01-20 09:00:00,110.56563
2012-01-20 10:00:00,124.212746
2012-01-20 11:00:00,155.16454
2012-01-20 12:00:00,147.48637
2012-01-20 13:00:00,156.26166
2012-01-20 14:00:00,152.69594
2012-01-20 15:00:00,151.45253
2012-01-20 16:00:00,138.01202
2012-01-20 17:00:00,163.50572
2012-01-20 18:00:00,147.5324
2012-01-20 19:00:00,139.04942
2012-01-20 20:00:00,147.5324
2012-01-20 21:00:00,138.29085
2012-01-20 22:00:00,137.00145
2012-01-20 23:00:00,43.928787
2012-01-21 00:00:00,45.26647
2012-01-21 01:00:00,-24.086704
2012-01-21 02:00:00,-19.335728
2012-01-21 03:00:00,-44.464462
2012-01-21 04:00:00,-17.138546
2012-01-21 05:00:00,-20.456764
2012-01-21 06:00:00,-43.03093
2012-01-21 07:00:00,-43.03093
2012-01-21 08:00:00,-48.22701
2012-01-21 09:00:00,-48.22701
2012-01-21 10:00:00,-42.551197
2012-01-21 11:00:00,-16.320267
2012-01-21 12:00:00,6.8877387
2012-01-21 13:00:00,7.3943005
2012-01-21 14:00:00,10.03071
2012-01-21 15:00:00,10.03071
2012-01-21 16:00:00,5.5983095
2012-01-21 17:00:00,10.159941
2012-01-21 18:00:00,25.562485
2012-01-21 19:00:00,0.3476181
2012-01-21 20:00:00,-0.13720226
2012-01-21 21:00:00,10.11548
2012-01-21 22:00:00,18.345863
2012-01-21 23:00:00,-8.180366
2012-01-22 00:00:00,-15.625348
2012-01-22 01:00:00,18.345863
2012-01-22 02:00:00,17.587296
2012-01-22 03:00:00,32.989826
2012-01-22 04:00:00,-5.032296
2012-01-22 05:00:00,14.461358
2012-01-22 06:00:00,8.785553
2012-01-22 07:00:00,8.785553
2012-01-22 08:00:00,8.785553
2012-01-22 09:00:00,8.785553
2012-01-22 10:00:00,7.7749653
2012-01-22 11:00:00,-2.504549
2012-01-22 12:00:00,-9.697505
2012-01-22 13:00:00,-6.1323423
2012-01-22 14:00:00,-8.660095
2012-01-22 15:00:00,-11.219745
2012-01-22 16:00:00,-11.219745
2012-01-22 17:00:00,-7.649501
2012-01-22 18:00:00,-20.456764
2012-01-22 19:00:00,-20.456764
2012-01-22 20:00:00,-21.467342
2012-01-22 21:00:00,-20.456764
2012-01-22 22:00:00,-44.377937
2012-01-22 23:00:00,-47.696148
2012-01-23 00:00:00,-14.85135
2012-01-23 01:00:00,-17.657951
2012-01-23 02:00:00,-17.657951
2012-01-23 03:00:00,-14.851378
2012-01-23 04:00:00,9.394039
2012-01-23 05:00:00,-9.089038
2012-01-23 06:00:00,-9.089038
2012-01-23 07:00:00,-3.4132242
2012-01-23 08:00:00,-8.779452
2012-01-23 09:00:00,-12.654189
2012-01-23 10:00:00,-30.652615
2012-01-23 11:00:00,-34.217766
2012-01-23 12:00:00,-24.917099
2012-01-23 13:00:00,-18.729626
2012-01-23 14:00:00,-21.541313
2012-01-23 15:00:00,-51.335243
2012-01-23 16:00:00,-22.998737
2012-01-23 17:00:00,-31.202877
2012-01-23 18:00:00,-24.52097
2012-01-23 19:00:00,-17.2364
2012-01-23 20:00:00,-38.79998
2012-01-23 21:00:00,-36.798004
2012-01-23 22:00:00,-36.798004
2012-01-23 23:00:00,-7.191285
2012-01-24 00:00:00,-21.223343
2012-01-24 01:00:00,4.5534997
2012-01-24 02:00:00,3.0363488
2012-01-24 03:00:00,6.601509
2012-01-24 04:00:00,-22.973312
2012-01-24 05:00:00,-22.973312
2012-01-24 06:00:00,5.5909123
2012-01-24 07:00:00,6.6015177
2012-01-24 08:00:00,6.6015177
2012-01-24 09:00:00,22.808846
2012-01-24 10:00:00,-1.3500161
2012-01-24 11:00:00,21.094305
2012-01-24 12:00:00,22.61655
2012-01-24 13:00:00,22.61655
2012-01-24 14:00:00,49.901314
2012-01-24 15:00:00,102.96749
2012-01-24 16:00:00,95.76943
2012-01-24 17:00:00,111.55129
2012-01-24 18:00:00,121.218315
2012-01-24 19:00:00,166.60182
2012-01-24 20:00:00,50.533813
2012-01-24 21:00:00,77.43424
2012-01-24 22:00:00,35.131264
2012-01-24 23:00:00,50.533813
2012-01-25 00:00:00,-19.095066
2012-01-25 01:00:00,62.476776
2012-01-25 02:00:00,55.192192
2012-01-25 03:00:00,34.05412
2012-01-25 04:00:00,49.941498
2012-01-25 05:00:00,49.941498
2012-01-25 06:00:00,31.925049
2012-01-25 07:00:00,25.764034
2012-01-25 08:00:00,42.683746
2012-01-25 09:00:00,42.683746
2012-01-25 10:00:00,53.848152
2012-01-25 11:00:00,95.59835
2012-01-25 12:00:00,124.14613
2012-01-25 13:00:00,138.15375
2012-01-25 14:00:00,139.9548
2012-01-25 15:00:00,154.44704
2012-01-25 16:00:00,127.353905
2012-01-25 17:00:00,133.11624
2012-01-25 18:00:00,84.09949
2012-01-25 19:00:00,132.79692
2012-01-25 20:00:00,98.49145
2012-01-25 21:00:00,78.65711
2012-01-25 22:00:00,79.16874
2012-01-25 23:00:00,78.5974
2012-01-26 00:00:00,44.985718
2012-01-26 01:00:00,47.79229
2012-01-26 02:00:00,43.948307
2012-01-26 03:00:00,48.277115
2012-01-26 04:00:00,42.11647
2012-01-26 05:00:00,54.798035
2012-01-26 06:00:00,29.309223
2012-01-26 07:00:00,29.79404
2012-01-26 08:00:00,29.79404
2012-01-26 09:00:00,35.04474
2012-01-26 10:00:00,33.755306
2012-01-26 11:00:00,17.831924
2012-01-26 12:00:00,45.253178
2012-01-26 13:00:00,88.84556
2012-01-26 14:00:00,99.92811
2012-01-26 15:00:00,105.66363
2012-01-26 16:00:00,99.169525
2012-01-26 17:00:00,100.34342
2012-01-26 18:00:00,100.34342
2012-01-26 19:00:00,84.52555
2012-01-26 20:00:00,67.55963
2012-01-26 21:00:00,84.52555
2012-01-26 22:00:00,54.604332
2012-01-26 23:00:00,60.72229
2012-01-27 00:00:00,73.63839
2012-01-27 01:00:00,56.7187
2012-01-27 02:00:00,30.65321
2012-01-27 03:00:00,43.93003
2012-01-27 04:00:00,20.470015
2012-01-27 05:00:00,46.210846
2012-01-27 06:00:00,27.727772
2012-01-27 07:00:00,26.205513
2012-01-27 08:00:00,91.0846
2012-01-27 09:00:00,91.0846
2012-01-27 10:00:00,42.3042
2012-01-27 11:00:00,53.589226
2012-01-27 12:00:00,79.33001
2012-01-27 13:00:00,178.18599
2012-01-27 14:00:00,195.06456
2012-01-27 15:00:00,190.25722
2012-01-27 16:00:00,190.15321
2012-01-27 17:00:00,188.99364
2012-01-27 18:00:00,178.6965
2012-01-27 19:00:00,149.67998
2012-01-27 20:00:00,129.10388
2012-01-27 21:00:00,133.41348
2012-01-27 22:00:00,142.94817
2012-01-27 23:00:00,138.72981
2012-01-28 00:00:00,122.30305
2012-01-28 01:00:00,120.27424
2012-01-28 02:00:00,83.8995
2012-01-28 03:00:00,84.41115
2012-01-28 04:00:00,80.08233
2012-01-28 05:00:00,28.39117
2012-01-28 06:00:00,47.35887
2012-01-28 07:00:00,26.193981
2012-01-28 08:00:00,1.4907565
2012-01-28 09:00:00,10.791435
2012-01-28 10:00:00,51.804962
2012-01-28 11:00:00,106.42997
2012-01-28 12:00:00,94.578445
2012-01-28 13:00:00,116.876114
2012-01-28 14:00:00,168.95674
2012-01-28 15:00:00,180.92125
2012-01-28 16:00:00,197.41542
2012-01-28 17:00:00,198.93765
2012-01-28 18:00:00,199.81961
2012-01-28 19:00:00,222.2095
2012-01-28 20:00:00,220.92674
2012-01-28 21:00:00,214.18617
2012-01-28 22:00:00,188.73848
2012-01-28 23:00:00,192.24449
2012-01-29 00:00:00,177.79341
2012-01-29 01:00:00,195.9565
2012-01-29 02:00:00,194.86485
2012-01-29 03:00:00,180.17586
2012-01-29 04:00:00,162.45256
2012-01-29 05:00:00,89.0245
2012-01-29 06:00:00,125.46978
2012-01-29 07:00:00,132.15167
2012-01-29 08:00:00,117.17461
2012-01-29 09:00:00,107.93308
2012-01-29 10:00:00,149.81055
2012-01-29 11:00:00,187.43361
2012-01-29 12:00:00,205.09248
2012-01-29 13:00:00,205.09248
2012-01-29 14:00:00,206.60963
2012-01-29 15:00:00,222.71025
2012-01-29 16:00:00,241.86964
2012-01-29 17:00:00,241.86964
2012-01-29 18:00:00,222.8569
2012-01-29 19:00:00,197.3681
2012-01-29 20:00:00,159.31033
2012-01-29 21:00:00,180.83276
2012-01-29 22:00:00,209.4021
2012-01-29 23:00:00,179.0368
2012-01-30 00:00:00,215.25737
2012-01-30 01:00:00,80.49459
2012-01-30 02:00:00,111.69839
2012-01-30 03:00:00,107.41561
2012-01-30 04:00:00,87.686806
2012-01-30 05:00:00,87.686806
2012-01-30 06:00:00,117.0147
2012-01-30 07:00:00,118.536934
2012-01-30 08:00:00,100.520515
2012-01-30 09:00:00,100.520515
2012-01-30 10:00:00,127.778465
2012-01-30 11:00:00,138.15633
2012-01-30 12:00:00,159.02965
2012-01-30 13:00:00,181.0945
2012-01-30 14:00:00,213.48097
2012-01-30 15:00:00,212.47038
2012-01-30 16:00:00,215.12538
2012-01-30 17:00:00,233.20976
2012-01-30 18:00:00,219.76927
2012-01-30 19:00:00,141.53755
2012-01-30 20:00:00,158.98323
2012-01-30 21:00:00,149.74168
2012-01-30 22:00:00,124.485664
2012-01-30 23:00:00,80.26179
2012-01-31 00:00:00,113.68078
2012-01-31 01:00:00,148.45226
2012-01-31 02:00:00,148.7311
2012-01-31 03:00:00,139.48956
2012-01-31 04:00:00,125.64528
2012-01-31 05:00:00,125.64528
2012-01-31 06:00:00,109.124245
2012-01-31 07:00:00,80.26179
2012-01-31 08:00:00,79.755226
2012-01-31 09:00:00,116.40373
2012-01-31 10:00:00,116.48931
2012-01-31 11:00:00,208.10785
2012-01-31 12:00:00,190.38335
2012-01-31 13:00:00,225.38237
2012-01-31 14:00:00,263.76398
2012-01-31 15:00:00,290.609
2012-01-31 16:00:00,290.609
2012-01-31 17:00:00,289.0867
2012-01-31 18:00:00,292.20837
2012-01-31 19:00:00,261.4832
2012-01-31 20:00:00,134.29895
2012-01-31 21:00:00,238.42186
2012-01-31 22:00:00,226.52525
2012-01-31 23:00:00,215.00294
2012-02-20 00:00:00,-12.058234
2012-02-20 01:00:00,-12.058234
2012-02-20 02:00:00,-12.058234
2012-02-20 03:00:00,3.6131685
2012-02-20 05:00:00,72.58668
2012-02-20 06:00:00,90.54437
2012-02-20 07:00:00,80.736565
2012-02-20 08:00:00,58.49352
2012-02-20 09:00:00,58.49352
2012-02-20 10:00:00,81.13952
2012-02-20 11:00:00,109.639336
2012-02-20 12:00:00,125.90583
2012-02-20 13:00:00,143.94908
2012-02-20 14:00:00,167.68285
2012-02-20 15:00:00,177.05165
2012-02-20 16:00:00,204.31456
2012-02-20 17:00:00,223.80699
2012-02-20 18:00:00,177.05165
2012-02-20 19:00:00,177.05165
2012-02-20 20:00:00,179.57939
2012-02-20 21:00:00,151.16183
2012-02-20 22:00:00,132.9576
2012-02-20 23:00:00,150.92903
2012-02-21 00:00:00,67.15925
2012-02-21 01:00:00,94.88384
2012-02-21 02:00:00,76.82629
2012-02-21 04:00:00,58.7419
2012-02-21 05:00:00,37.603836
2012-02-21 06:00:00,19.120785
2012-02-21 07:00:00,58.7419
2012-02-21 08:00:00,34.038673
2012-02-21 09:00:00,16.314205
2012-02-21 10:00:00,39.644356
2012-02-21 11:00:00,55.617317
2012-02-21 12:00:00,115.56254
2012-02-21 13:00:00,144.46529
2012-02-21 14:00:00,130.56642
2012-02-21 15:00:00,144.46529
2012-02-21 16:00:00,163.51918
2012-02-21 17:00:00,201.46355
2012-02-21 18:00:00,201.46355
2012-02-21 19:00:00,157.4404
2012-02-21 20:00:00,127.86048
2012-02-21 21:00:00,102.70983
2012-02-21 22:00:00,79.097664
2012-02-21 23:00:00,80.53433
2012-02-22 00:00:00,80.53433
2012-02-22 01:00:00,71.77743
2012-02-22 02:00:00,89.33605
2012-02-22 03:00:00,76.56994
2012-02-22 04:00:00,71.90472
2012-02-22 05:00:00,70.26029
2012-02-22 06:00:00,50.76663
2012-02-22 07:00:00,51.01866
2012-02-22 08:00:00,48.363632
2012-02-22 09:00:00,69.50172
2012-02-22 10:00:00,72.183525
2012-02-22 11:00:00,93.0696
2012-02-22 12:00:00,131.09505
2012-02-22 13:00:00,162.23323
2012-02-22 14:00:00,169.5178
2012-02-22 15:00:00,262.15945
2012-02-22 16:00:00,276.36368
2012-02-22 17:00:00,263.32416
2012-02-22 18:00:00,226.73817
2012-02-22 19:00:00,209.45345
2012-02-22 20:00:00,189.91475
2012-02-22 21:00:00,249.10143
2012-02-22 22:00:00,192.95415
2012-02-22 23:00:00,218.695
2012-02-23 00:00:00,192.95415
2012-02-23 01:00:00,160.59076
2012-02-23 02:00:00,145.22935
2012-02-23 03:00:00,133.98035
2012-02-23 04:00:00,84.928505
2012-02-23 05:00:00,84.928505
2012-02-23 06:00:00,29.896008
2012-02-23 07:00:00,49.901314
2012-02-23 08:00:00,24.133686
2012-02-23 09:00:00,47.34169
2012-02-23 10:00:00,116.86639
2012-02-23 11:00:00,197.21794
2012-02-23 12:00:00,219.91429
2012-02-23 13:00:00,231.87877
2012-02-23 14:00:00,246.8415
2012-02-23 15:00:00,253.08481
2012-02-23 16:00:00,255.06352
2012-02-23 17:00:00,257.68753
2012-02-23 18:00:00,240.76279
2012-02-23 19:00:00,220.80132
2012-02-23 20:00:00,196.17665
2012-02-23 21:00:00,173.43915
2012-02-23 22:00:00,165.71474
2012-02-23 23:00:00,152.79866
2012-02-24 00:00:00,150.71402
2012-02-24 01:00:00,138.03127
2012-02-24 02:00:00,101.974525
2012-02-24 03:00:00,67.61933
2012-02-24 04:00:00,46.481262
2012-02-24 05:00:00,55.196465
2012-02-24 06:00:00,53.679314
2012-02-24 07:00:00,90.60432
2012-02-24 08:00:00,90.16218
2012-02-24 09:00:00,58.69333
2012-02-24 10:00:00,58.21357
2012-02-24 11:00:00,53.54835
2012-02-24 12:00:00,86.042694
2012-02-24 13:00:00,105.66363
2012-02-24 14:00:00,129.48355
2012-02-24 15:00:00,60.872276
2012-02-24 16:00:00,60.872276
2012-02-24 17:00:00,40.487686
2012-02-24 18:00:00,29.49168
2012-02-24 19:00:00,59.05726
2012-02-24 20:00:00,149.43024
2012-02-24 21:00:00,246.6003
2012-02-24 22:00:00,223.3048
2012-02-24 23:00:00,222.86266
2012-02-25 00:00:00,172.58125
2012-02-25 01:00:00,164.3272
2012-02-25 02:00:00,148.07991
2012-02-25 03:00:00,140.54842
2012-02-25 04:00:00,151.31218
2012-02-25 05:00:00,155.46576
2012-02-25 06:00:00,155.46576
2012-02-25 07:00:00,138.3371
2012-02-25 08:00:00,115.75904
2012-02-25 09:00:00,33.96124
2012-02-25 10:00:00,81.83228
2012-02-25 11:00:00,170.937
2012-02-25 12:00:00,209.75847
2012-02-25 13:00:00,199.31465
2012-02-25 14:00:00,204.43825
2012-02-25 15:00:00,201.67772
2012-02-25 16:00:00,215.20203
2012-02-25 17:00:00,180.55392
2012-02-25 18:00:00,203.30548
2012-02-25 19:00:00,165.49092
2012-02-25 20:00:00,180.04758
2012-02-25 21:00:00,151.5656
2012-02-25 22:00:00,145.11143
2012-02-25 23:00:00,133.5891
2012-02-26 00:00:00,134.59967
2012-02-26 01:00:00,123.84098
2012-02-26 02:00:00,123.84098
2012-02-26 03:00:00,130.31688
2012-02-26 04:00:00,130.31688
2012-02-26 05:00:00,116.835236
2012-02-26 06:00:00,118.10546
2012-02-26 07:00:00,89.25731
2012-02-26 08:00:00,91.05329
2012-02-26 09:00:00,107.59372
2012-02-26 10:00:00,138.61206
2012-02-26 11:00:00,146.37637
2012-02-26 12:00:00,158.79869
2012-02-26 13:00:00,171.01517
2012-02-26 14:00:00,192.18007
2012-02-26 15:00:00,200.02666
2012-02-26 16:00:00,199.62442
2012-02-26 17:00:00,202.18408
2012-02-26 18:00:00,183.08908
2012-02-26 19:00:00,187.22133
2012-02-26 20:00:00,156.84172
2012-02-26 21:00:00,140.31563
2012-02-26 22:00:00,150.0688
2012-02-26 23:00:00,92.40437
2012-02-27 00:00:00,79.224365
2012-02-27 01:00:00,66.38148
2012-02-27 02:00:00,46.650093
2012-02-27 03:00:00,26.77464
2012-02-27 04:00:00,4.1143303
2012-02-27 05:00:00,4.1143303
2012-02-27 06:00:00,42.683746
2012-02-27 07:00:00,71.9717
2012-02-27 08:00:00,64.62272
2012-02-27 09:00:00,80.26179
2012-02-27 10:00:00,146.74223
2012-02-27 11:00:00,164.40111
2012-02-27 12:00:00,208.86642
2012-02-27 13:00:00,189.62477
2012-02-27 14:00:00,228.42177
2012-02-27 15:00:00,286.40488
2012-02-27 16:00:00,290.609
2012-02-27 17:00:00,296.77
2012-02-27 18:00:00,280.24387
2012-02-27 19:00:00,266.80338
2012-02-27 20:00:00,247.22359
2012-02-27 21:00:00,228.42177
2012-02-27 22:00:00,196.51988
2012-02-27 23:00:00,167.71794
2012-02-28 00:00:00,153.87366
2012-02-28 01:00:00,119.25393
2012-02-28 02:00:00,146.621
2012-02-28 03:00:00,227.30836
2012-02-28 04:00:00,157.25398
2012-02-28 05:00:00,157.25398
2012-02-28 06:00:00,140.73296
2012-02-28 07:00:00,133.47522
2012-02-28 08:00:00,117.712746
2012-02-28 09:00:00,136.5146
2012-02-28 10:00:00,148.45226
2012-02-28 11:00:00,180.22917
2012-02-28 12:00:00,190.1237
2012-02-28 13:00:00,198.81761
2012-02-28 14:00:00,226.71434
2012-02-28 15:00:00,237.85223
2012-02-28 16:00:00,231.69124
2012-02-28 17:00:00,237.85223
2012-02-28 18:00:00,235.4892
2012-02-28 19:00:00,233.29063
2012-02-28 20:00:00,222.07042
2012-02-28 21:00:00,149.95488
2012-02-28 22:00:00,149.95488
2012-02-28 23:00:00,120.58098
2012-02-29 00:00:00,122.62899
2012-02-29 01:00:00,134.95103
2012-02-29 02:00:00,105.603935
2012-02-29 03:00:00,58.003857
2012-02-29 05:00:00,36.865788
2012-02-29 06:00:00,48.277115
2012-02-29 07:00:00,22.257454
2012-02-29 08:00:00,44.985718
2012-02-29 09:00:00,40.953346
2012-02-29 10:00:00,40.953346
2012-02-29 11:00:00,19.937496
2012-02-29 12:00:00,14.032367
2012-02-29 13:00:00,21.371555
2012-02-29 14:00:00,21.371555
2012-02-29 15:00:00,75.160645
2012-02-29 16:00:00,77.79707
2012-02-29 17:00:00,53.679314
2012-02-29 18:00:00,50.99555
2012-02-29 19:00:00,50.63993
2012-02-29 20:00:00,62.01012
2012-02-29 21:00:00,62.01012
2012-02-29 22:00:00,48.083603
2012-02-29 23:00:00,48.083603
2012-03-20 00:00:00,123.59739
2012-03-20 01:00:00,76.81933
2012-03-20 02:00:00,81.38095
2012-03-20 03:00:00,82.49515
2012-03-20 04:00:00,83.57015
2012-03-20 05:00:00,58.249725
2012-03-20 06:00:00,66.6093
2012-03-20 07:00:00,75.32451
2012-03-20 08:00:00,82.053
2012-03-20 09:00:00,90.85471
2012-03-20 10:00:00,86.69605
2012-03-20 11:00:00,110.557076
2012-03-20 12:00:00,141.85072
2012-03-20 13:00:00,138.81134
2012-03-20 14:00:00,162.42253
2012-03-20 15:00:00,177.46754
2012-03-20 16:00:00,187.11203
2012-03-20 17:00:00,158.26387
2012-03-20 18:00:00,173.62529
2012-03-20 19:00:00,141.3622
2012-03-20 20:00:00,154.48903
2012-03-20 21:00:00,128.76251
2012-03-20 22:00:00,110.70495
2012-03-20 23:00:00,86.459526
2012-03-21 00:00:00,93.44512
2012-03-21 01:00:00,113.409294
2012-03-21 02:00:00,94.52012
2012-03-21 03:00:00,103.23531
2012-03-21 04:00:00,100.19594
2012-03-21 05:00:00,100.19594
2012-03-21 06:00:00,80.53898
2012-03-21 07:00:00,84.69256
2012-03-21 08:00:00,80.13604
2012-03-21 09:00:00,101.71816
2012-03-21 10:00:00,122.88307
2012-03-21 11:00:00,122.88307
2012-03-21 12:00:00,138.7689
2012-03-21 13:00:00,120.285835
2012-03-21 14:00:00,141.4239
2012-03-21 15:00:00,141.4239
2012-03-21 16:00:00,156.913
2012-03-21 17:00:00,187.65895
2012-03-21 18:00:00,183.09734
2012-03-21 19:00:00,202.5767
2012-03-21 20:00:00,140.30974
2012-03-21 21:00:00,119.93022
2012-03-21 22:00:00,117.20726
2012-03-21 23:00:00,133.0931
2012-03-22 00:00:00,113.409294
2012-03-22 01:00:00,113.409294
2012-03-22 02:00:00,113.409294
2012-03-22 03:00:00,113.409294
2012-03-22 04:00:00,55.218567
2012-03-22 05:00:00,55.218567
2012-03-22 06:00:00,55.218567
2012-03-22 07:00:00,55.218567
2012-03-22 08:00:00,79.43714
2012-03-22 09:00:00,79.43714
2012-03-22 10:00:00,60.95409
2012-03-22 11:00:00,80.63787
2012-03-22 12:00:00,114.76001
2012-03-22 13:00:00,146.07205
2012-03-22 14:00:00,176.0955
2012-03-22 15:00:00,198.7364
2012-03-22 16:00:00,212.74399
2012-03-22 17:00:00,216.96236
2012-03-22 18:00:00,216.96236
2012-03-22 19:00:00,220.92485
2012-03-22 20:00:00,186.89919
2012-03-22 21:00:00,149.87003
2012-03-22 22:00:00,130.22226
2012-03-22 23:00:00,124.90716
2012-03-23 00:00:00,120.34554
2012-03-23 01:00:00,99.20747
2012-03-23 02:00:00,103.7691
2012-03-23 03:00:00,98.76533
2012-03-23 04:00:00,80.195724
2012-03-23 05:00:00,74.87551
2012-03-23 06:00:00,93.35859
2012-03-23 07:00:00,84.79338
2012-03-23 08:00:00,81.71287
2012-03-23 09:00:00,97.52152
2012-03-23 10:00:00,115.939
2012-03-23 11:00:00,183.45683
2012-03-23 12:00:00,237.99962
2012-03-23 13:00:00,278.14517
2012-03-23 14:00:00,303.63394
2012-03-23 15:00:00,305.1511
2012-03-23 16:00:00,306.67337
2012-03-23 17:00:00,306.67337
2012-03-23 18:00:00,286.02048
2012-03-23 19:00:00,264.68716
2012-03-23 20:00:00,270.88934
2012-03-23 21:00:00,247.51802
2012-03-23 22:00:00,217.01503
2012-03-23 23:00:00,196.01344
2012-03-24 00:00:00,173.65324
2012-03-24 01:00:00,157.04997
2012-03-24 02:00:00,139.75099
2012-03-24 03:00:00,139.75099
2012-03-24 04:00:00,114.74699
2012-03-24 05:00:00,124.22076
2012-03-24 06:00:00,124.22076
2012-03-24 07:00:00,101.53364
2012-03-24 08:00:00,86.08994
2012-03-24 09:00:00,122.69853
2012-03-24 10:00:00,110.33535
2012-03-24 11:00:00,86.08994
2012-03-24 12:00:00,99.05035
2012-03-24 13:00:00,100.56748
2012-03-24 14:00:00,124.370766
2012-03-24 15:00:00,103.164734
2012-03-24 16:00:00,97.08596
2012-03-24 17:00:00,111.77107
2012-03-24 18:00:00,81.790146
2012-03-24 19:00:00,77.22852
2012-03-24 20:00:00,56.0493
2012-03-24 21:00:00,56.0493
2012-03-24 22:00:00,59.08869
2012-03-24 23:00:00,73.4182
2012-03-25 00:00:00,73.4182
2012-03-25 01:00:00,47.650543
2012-03-25 02:00:00,55.60717
2012-03-25 03:00:00,74.09025
2012-03-25 04:00:00,69.93667
2012-03-25 05:00:00,41.915024
2012-03-25 06:00:00,41.915024
2012-03-25 07:00:00,64.20116
2012-03-25 08:00:00,64.20116
2012-03-25 09:00:00,60.398106
2012-03-25 10:00:00,85.76474
2012-03-25 11:00:00,60.398106
2012-03-25 12:00:00,58.88096
2012-03-25 13:00:00,80.06014
2012-03-25 14:00:00,85.82247
2012-03-25 15:00:00,87.33962
2012-03-25 16:00:00,117.170586
2012-03-25 17:00:00,142.87029
2012-03-25 18:00:00,142.87029
2012-03-25 19:00:00,151.22478
2012-03-25 20:00:00,128.56956
2012-03-25 21:00:00,125.53016
2012-03-25 22:00:00,102.84304
2012-03-25 23:00:00,108.60538
2012-03-26 00:00:00,114.46573
2012-03-26 01:00:00,113.34646
2012-03-26 02:00:00,87.583885
2012-03-26 03:00:00,104.544716
2012-03-26 04:00:00,97.292046
2012-03-26 05:00:00,112.6946
2012-03-26 06:00:00,93.04686
2012-03-26 07:00:00,129.61432
2012-03-26 08:00:00,161.94167
2012-03-26 09:00:00,216.92426
2012-03-26 10:00:00,277.50467
2012-03-26 11:00:00,287.17166
2012-03-26 12:00:00,277.97128
2012-03-26 13:00:00,298.65292
2012-03-26 14:00:00,274.1733
2012-03-26 15:00:00,294.84988
2012-03-26 16:00:00,308.69415
2012-03-26 17:00:00,296.1356
2012-03-26 18:00:00,284.23898
2012-03-26 19:00:00,280.07608
2012-03-26 20:00:00,276.53915
2012-03-26 21:00:00,272.33508
2012-03-26 22:00:00,247.55867
2012-03-26 23:00:00,242.05595
2012-03-27 00:00:00,237.28993
2012-03-27 01:00:00,228.48814
2012-03-27 02:00:00,192.2587
2012-03-27 03:00:00,193.78094
2012-03-27 04:00:00,183.37473
2012-03-27 05:00:00,162.48866
2012-03-27 06:00:00,162.00383
2012-03-27 07:00:00,162.00383
2012-03-27 08:00:00,163.24724
2012-03-27 09:00:00,160.60887
2012-03-27 10:00:00,181.18498
2012-03-27 11:00:00,206.01546
2012-03-27 12:00:00,211.77779
2012-03-27 13:00:00,227.23811
2012-03-27 14:00:00,262.94162
2012-03-27 15:00:00,274.16187
2012-03-27 16:00:00,274.16187
2012-03-27 17:00:00,292.2462
2012-03-27 18:00:00,287.96497
2012-03-27 19:00:00,283.4034
2012-03-27 20:00:00,287.96497
2012-03-27 21:00:00,204.79259
2012-03-27 22:00:00,203.27034
2012-03-27 23:00:00,206.30972
2012-03-28 00:00:00,197.55302
2012-03-28 01:00:00,179.82854
2012-03-28 02:00:00,160.7747
2012-03-28 03:00:00,183.86049
2012-03-28 04:00:00,189.07008
2012-03-28 05:00:00,189.07008
2012-03-28 06:00:00,182.86792
2012-03-28 07:00:00,181.35078
2012-03-28 08:00:00,200.80702
2012-03-28 09:00:00,220.37251
2012-03-28 10:00:00,242.24467
2012-03-28 11:00:00,249.14485
2012-03-28 12:00:00,274.06464
2012-03-28 13:00:00,260.2852
2012-03-28 14:00:00,306.6418
2012-03-28 15:00:00,300.0367
2012-03-28 16:00:00,288.91617
2012-03-28 17:00:00,226.2977
2012-03-28 18:00:00,226.2977
2012-03-28 19:00:00,241.14748
2012-03-28 20:00:00,246.4677
2012-03-28 21:00:00,209.87578
2012-03-28 22:00:00,185.7126
2012-03-28 23:00:00,167.65504
2012-03-29 00:00:00,170.69441
2012-03-29 01:00:00,198.03465
2012-03-29 02:00:00,328.67203
2012-03-29 03:00:00,308.45212
2012-03-29 04:00:00,266.54782
2012-03-29 05:00:00,231.54372
2012-03-29 06:00:00,178.43587
2012-03-29 07:00:00,208.40016
2012-03-29 08:00:00,223.76158
2012-03-29 09:00:00,226.44344
2012-03-29 10:00:00,225.28384
2012-03-29 11:00:00,241.42046
2012-03-29 12:00:00,254.45999
2012-03-29 13:00:00,228.44661
2012-03-29 14:00:00,247.62262
2012-03-29 15:00:00,262.62653
2012-03-29 16:00:00,270.35092
2012-03-29 17:00:00,267.22922
2012-03-29 18:00:00,253.82475
2012-03-29 19:00:00,247.3307
2012-03-29 20:00:00,245.40742
2012-03-29 21:00:00,220.43025
2012-03-29 22:00:00,214.66794
2012-03-29 23:00:00,206.18498
2012-03-30 00:00:00,200.44945
2012-03-30 01:00:00,184.687
2012-03-30 02:00:00,158.26498
2012-03-30 03:00:00,123.575745
2012-03-30 04:00:00,150.02089
2012-03-30 05:00:00,119.61448
2012-03-30 06:00:00,134.21225
2012-03-30 07:00:00,131.6845
2012-03-30 08:00:00,103.95989
2012-03-30 09:00:00,137.42003
2012-03-30 10:00:00,149.86879
2012-03-30 11:00:00,160.9474
2012-03-30 12:00:00,163.60243
2012-03-30 13:00:00,187.36261
2012-03-30 14:00:00,175.04057
2012-03-30 15:00:00,180.77608
2012-03-30 16:00:00,164.83485
2012-03-30 17:00:00,156.11964
2012-03-30 18:00:00,179.3012
2012-03-30 19:00:00,150.4438
2012-03-30 20:00:00,147.40443
2012-03-30 21:00:00,127.7978
2012-03-30 22:00:00,100.05518
2012-03-30 23:00:00,99.82238
2012-03-31 00:00:00,82.88668
2012-03-31 01:00:00,112.807915
2012-03-31 02:00:00,118.50231
2012-03-31 03:00:00,91.68842
2012-03-31 04:00:00,121.186066
2012-03-31 05:00:00,90.17127
2012-03-31 06:00:00,57.780502
2012-03-31 07:00:00,57.780502
2012-03-31 08:00:00,59.297653
2012-03-31 09:00:00,112.807915
2012-03-31 10:00:00,109.76855
2012-03-31 11:00:00,133.64815
2012-03-31 12:00:00,147.97571
2012-03-31 13:00:00,193.63683
2012-03-31 14:00:00,184.6252
2012-03-31 15:00:00,204.23181
2012-03-31 16:00:00,186.90599
2012-03-31 17:00:00,169.25142
2012-03-31 18:00:00,150.3076
2012-03-31 19:00:00,141.19139
2012-03-31 20:00:00,135.05292
2012-03-31 21:00:00,135.05292
2012-03-31 22:00:00,125.48752
2012-03-31 23:00:00,93.66811
2012-04-20 00:00:00,151.9582
2012-04-20 01:00:00,104.544716
2012-04-20 02:00:00,80.32612
2012-04-20 03:00:00,75.7696
2012-04-20 04:00:00,51.524197
2012-04-20 05:00:00,46.203995
2012-04-20 06:00:00,64.687065
2012-04-20 07:00:00,46.203995
2012-04-20 08:00:00,51.96633
2012-04-20 09:00:00,80.746544
2012-04-20 10:00:00,131.44513
2012-04-20 11:00:00,169.17728
2012-04-20 12:00:00,228.39995
2012-04-20 13:00:00,282.87964
2012-04-20 14:00:00,283.00693
2012-04-20 15:00:00,272.24313
2012-04-20 16:00:00,283.17026
2012-04-20 17:00:00,276.80478
2012-04-20 18:00:00,265.87772
2012-04-20 19:00:00,250.38902
2012-04-20 20:00:00,217.64125
2012-04-20 21:00:00,173.39055
2012-04-20 22:00:00,173.73381
2012-04-20 23:00:00,149.57066
2012-04-21 00:00:00,140.06741
2012-04-21 01:00:00,140.06741
2012-04-21 02:00:00,135.50578
2012-04-21 03:00:00,118.902504
2012-04-21 04:00:00,120.41964
2012-04-21 05:00:00,120.41964
2012-04-21 06:00:00,118.90252
2012-04-21 07:00:00,121.941895
2012-04-21 08:00:00,129.26251
2012-04-21 09:00:00,142.79036
2012-04-21 10:00:00,218.35274
2012-04-21 11:00:00,231.56062
2012-04-21 12:00:00,244.29797
2012-04-21 13:00:00,255.22508
2012-04-21 14:00:00,293.43695
2012-04-21 15:00:00,316.1333
2012-04-21 16:00:00,304.9593
2012-04-21 17:00:00,358.06168
2012-04-21 18:00:00,301.90146
2012-04-21 19:00:00,188.91365
2012-04-21 20:00:00,134.05212
2012-04-21 21:00:00,138.61372
2012-04-21 22:00:00,116.96496
2012-04-21 23:00:00,116.119865
2012-04-22 00:00:00,111.558235
2012-04-22 01:00:00,118.400665
2012-04-22 02:00:00,141.24916
2012-04-22 03:00:00,104.30555
2012-04-22 04:00:00,119.70811
2012-04-22 05:00:00,122.747505
2012-04-22 06:00:00,143.47026
2012-04-22 07:00:00,131.02057
2012-04-22 08:00:00,103.04006
2012-04-22 09:00:00,103.04006
2012-04-22 10:00:00,101.08076
2012-04-22 11:00:00,84.15595
2012-04-22 12:00:00,85.6782
2012-04-22 13:00:00,102.59792
2012-04-22 14:00:00,85.6782
2012-04-22 15:00:00,88.717575
2012-04-22 16:00:00,91.756966
2012-04-22 17:00:00,51.284863
2012-04-22 18:00:00,51.284863
2012-04-22 19:00:00,73.56587
2012-04-22 20:00:00,53.81259
2012-04-22 21:00:00,70.77851
2012-04-22 22:00:00,63.75357
2012-04-22 23:00:00,89.00957
2012-04-23 00:00:00,89.441025
2012-04-23 01:00:00,58.106262
2012-04-23 02:00:00,49.22776
2012-04-23 03:00:00,65.43001
2012-04-23 04:00:00,65.37031
2012-04-23 05:00:00,65.37031
2012-04-23 06:00:00,56.376266
2012-04-23 07:00:00,63.848076
2012-04-23 08:00:00,76.38158
2012-04-23 09:00:00,79.42097
2012-04-23 10:00:00,101.59644
2012-04-23 11:00:00,99.06362
2012-04-23 12:00:00,107.39443
2012-04-23 13:00:00,124.31924
2012-04-23 14:00:00,145.44302
2012-04-23 15:00:00,140.77779
2012-04-23 16:00:00,65.09146
2012-04-23 17:00:00,60.493805
2012-04-23 18:00:00,71.63161
2012-04-23 19:00:00,83.555534
2012-04-23 20:00:00,78.83058
2012-04-23 21:00:00,62.390625
2012-04-23 22:00:00,74.67191
2012-04-23 23:00:00,73.15477
2012-04-24 00:00:00,81.35833
2012-04-24 01:00:00,65.95577
2012-04-24 02:00:00,59.269363
2012-04-24 03:00:00,56.71481
2012-04-24 04:00:00,83.34269
2012-04-24 05:00:00,83.34269
2012-04-24 06:00:00,84.86492
2012-04-24 07:00:00,105.96187
2012-04-24 08:00:00,125.60452
2012-04-24 09:00:00,203.48885
2012-04-24 10:00:00,206.18498
2012-04-24 11:00:00,271.53262
2012-04-24 12:00:00,283.456
2012-04-24 13:00:00,289.1915
2012-04-24 14:00:00,301.51352
2012-04-24 15:00:00,309.19168
2012-04-24 16:00:00,297.7927
2012-04-24 17:00:00,316.5174
2012-04-24 18:00:00,303.31857
2012-04-24 19:00:00,316.2347
2012-04-24 20:00:00,305.0607
2012-04-24 21:00:00,275.051
2012-04-24 22:00:00,239.03671
2012-04-24 23:00:00,223.27423
2012-04-25 00:00:00,224.47499
2012-04-25 01:00:00,209.47115
2012-04-25 02:00:00,127.54697
2012-04-25 03:00:00,91.889854
2012-04-25 04:00:00,109.97425
2012-04-25 05:00:00,109.46261
2012-04-25 06:00:00,109.46261
2012-04-25 07:00:00,94.060036
2012-04-25 08:00:00,84.90466
2012-04-25 09:00:00,169.42445
2012-04-25 10:00:00,259.79276
2012-04-25 11:00:00,272.7911
2012-04-25 12:00:00,298.47647
2012-04-25 13:00:00,307.33365
2012-04-25 14:00:00,326.493
2012-04-25 15:00:00,331.62015
2012-04-25 16:00:00,350.76157
2012-04-25 17:00:00,349.23935
2012-04-25 18:00:00,348.48068
2012-04-25 19:00:00,343.9191
2012-04-25 20:00:00,312.81833
2012-04-25 21:00:00,211.18088
2012-04-25 22:00:00,201.66173
2012-04-25 23:00:00,211.89915
2012-04-26 00:00:00,164.63588
2012-04-26 01:00:00,215.40517
2012-04-26 02:00:00,194.60017
2012-04-26 03:00:00,193.8416
2012-04-26 04:00:00,181.51955
2012-04-26 05:00:00,171.47322
2012-04-26 06:00:00,177.55199
2012-04-26 07:00:00,124.25595
2012-04-26 08:00:00,115.896355
2012-04-26 09:00:00,95.89612
2012-04-26 10:00:00,71.73728
2012-04-26 11:00:00,74.776665
2012-04-26 12:00:00,121.36085
2012-04-26 13:00:00,120.20124
2012-04-26 14:00:00,148.64563
2012-04-26 15:00:00,131.24266
2012-04-26 16:00:00,125.922455
2012-04-26 17:00:00,141.45267
2012-04-26 18:00:00,148.64563
2012-04-26 19:00:00,150.16788
2012-04-26 20:00:00,142.96983
2012-04-26 21:00:00,120.24665
2012-04-26 22:00:00,117.20726
2012-04-26 23:00:00,96.04236
2012-04-27 00:00:00,188.93076
2012-04-27 01:00:00,199.81554
2012-04-27 02:00:00,192.55779
2012-04-27 03:00:00,221.82404
2012-04-27 04:00:00,213.1457
2012-04-27 05:00:00,218.4659
2012-04-27 06:00:00,210.4907
2012-04-27 07:00:00,184.687
2012-04-27 08:00:00,176.011
2012-04-27 09:00:00,225.30325
2012-04-27 10:00:00,245.75066
2012-04-27 11:00:00,241.19417
2012-04-27 12:00:00,254.60786
2012-04-27 13:00:00,265.37158
2012-04-27 14:00:00,262.3322
2012-04-27 15:00:00,300.26895
2012-04-27 16:00:00,288.1114
2012-04-27 17:00:00,316.11874
2012-04-27 18:00:00,305.75363
2012-04-27 19:00:00,295.35254
2012-04-27 20:00:00,266.21243
2012-04-27 21:00:00,255.07446
2012-04-27 22:00:00,231.62878
2012-04-27 23:00:00,219.73221
2012-04-28 00:00:00,201.50948
2012-04-28 01:00:00,168.8442
2012-04-28 02:00:00,187.6472
2012-04-28 03:00:00,162.3912
2012-04-28 04:00:00,163.40181
2012-04-28 05:00:00,171.1211
2012-04-28 06:00:00,164.91895
2012-04-28 07:00:00,163.40181
2012-04-28 08:00:00,209.2288
2012-04-28 09:00:00,217.3088
2012-04-28 10:00:00,216.42686
2012-04-28 11:00:00,213.38747
2012-04-28 12:00:00,198.82574
2012-04-28 13:00:00,223.07115
2012-04-28 14:00:00,225.37054
2012-04-28 15:00:00,222.20775
2012-04-28 16:00:00,241.3652
2012-04-28 17:00:00,223.32195
2012-04-28 18:00:00,197.94182
2012-04-28 19:00:00,111.22227
2012-04-28 20:00:00,127.97397
2012-04-28 21:00:00,114.26165
2012-04-28 22:00:00,105.54647
2012-04-28 23:00:00,101.73047
2012-04-29 00:00:00,80.41716
2012-04-29 01:00:00,74.74135
2012-04-29 02:00:00,58.79111
2012-04-29 03:00:00,59.297653
2012-04-29 04:00:00,56.258278
2012-04-29 05:00:00,46.10955
2012-04-29 06:00:00,44.820126
2012-04-29 07:00:00,50.49594
2012-04-29 08:00:00,98.33038
2012-04-29 09:00:00,119.49528
2012-04-29 10:00:00,135.27713
2012-04-29 11:00:00,191.50154
2012-04-29 12:00:00,224.14767
2012-04-29 13:00:00,226.80266
2012-04-29 14:00:00,266.89276
2012-04-29 15:00:00,270.2241
2012-04-29 16:00:00,324.68948
2012-04-29 17:00:00,334.7758
2012-04-29 18:00:00,335.41214
2012-04-29 19:00:00,276.3851
2012-04-29 20:00:00,283.35092
2012-04-29 21:00:00,224.84062
2012-04-29 22:00:00,221.48244
2012-04-29 23:00:00,172.6198
2012-04-30 00:00:00,125.05779
2012-04-30 01:00:00,103.13433
2012-04-30 02:00:00,123.893105
2012-04-30 03:00:00,104.27727
2012-04-30 04:00:00,146.19862
2012-04-30 05:00:00,146.19862
2012-04-30 06:00:00,195.12926
2012-04-30 07:00:00,185.88773
2012-04-30 08:00:00,207.45131
2012-04-30 09:00:00,213.12712
2012-04-30 10:00:00,223.5065
2012-04-30 11:00:00,216.98793
2012-04-30 12:00:00,209.26353
2012-04-30 13:00:00,206.16362
2012-04-30 14:00:00,201.85283
2012-04-30 15:00:00,206.09804
2012-04-30 16:00:00,201.07404
2012-04-30 17:00:00,199.55688
2012-04-30 18:00:00,208.27211
2012-04-30 19:00:00,191.73167
2012-04-30 20:00:00,198.3325
2012-04-30 21:00:00,198.3325
2012-04-30 22:00:00,209.1374
2012-04-30 23:00:00,212.1768
2012-05-20 00:00:00,225.1811
2012-05-20 01:00:00,217.1791
2012-05-20 02:00:00,217.1791
2012-05-20 03:00:00,203.68315
2012-05-20 04:00:00,160.95467
2012-05-20 05:00:00,143.62886
2012-05-20 06:00:00,172.8706
2012-05-20 07:00:00,166.26976
2012-05-20 08:00:00,213.21663
2012-05-20 09:00:00,321.14236
2012-05-20 10:00:00,320.63324
2012-05-20 11:00:00,315.99445
2012-05-20 12:00:00,321.75674
2012-05-20 13:00:00,318.08102
2012-05-20 14:00:00,322.97574
2012-05-20 15:00:00,324.43317
2012-05-20 16:00:00,312.21194
2012-05-20 17:00:00,301.45322
2012-05-20 18:00:00,281.2847
2012-05-20 19:00:00,243.53822
2012-05-20 20:00:00,243.53825
2012-05-20 21:00:00,211.64145
2012-05-20 22:00:00,190.51768
2012-05-20 23:00:00,182.2484
2012-05-21 00:00:00,137.25389
2012-05-21 01:00:00,140.29326
2012-05-21 02:00:00,110.72765
2012-05-21 03:00:00,125.81573
2012-05-21 04:00:00,131.49155
2012-05-21 05:00:00,131.49155
2012-05-21 06:00:00,131.49155
2012-05-21 07:00:00,131.49155
2012-05-21 08:00:00,129.21072
2012-05-21 09:00:00,127.69359
2012-05-21 10:00:00,136.49532
2012-05-21 11:00:00,145.8788
2012-05-21 12:00:00,150.43535
2012-05-21 13:00:00,156.11116
2012-05-21 14:00:00,153.07176
2012-05-21 15:00:00,193.77571
2012-05-21 16:00:00,196.81511
2012-05-21 17:00:00,214.87267
2012-05-21 18:00:00,183.54338
2012-05-21 19:00:00,200.84235
2012-05-21 20:00:00,197.38255
2012-05-21 21:00:00,193.4213
2012-05-21 22:00:00,186.49623
2012-05-21 23:00:00,186.89919
2012-05-22 00:00:00,139.024
2012-05-22 01:00:00,138.62105
2012-05-22 02:00:00,137.10388
2012-05-22 03:00:00,137.10388
2012-05-22 04:00:00,118.978386
2012-05-22 05:00:00,126.17134
2012-05-22 06:00:00,121.61482
2012-05-22 07:00:00,121.61482
2012-05-22 08:00:00,117.45615
2012-05-22 09:00:00,142.83942
2012-05-22 10:00:00,161.5602
2012-05-22 11:00:00,156.99857
2012-05-22 12:00:00,168.0543
2012-05-22 13:00:00,183.89897
2012-05-22 14:00:00,189.2192
2012-05-22 15:00:00,236.9843
2012-05-22 16:00:00,232.00737
2012-05-22 17:00:00,259.7486
2012-05-22 18:00:00,233.52452
2012-05-22 19:00:00,207.6797
2012-05-22 20:00:00,191.13927
2012-05-22 21:00:00,163.89561
2012-05-22 22:00:00,177.02245
2012-05-22 23:00:00,177.78102
2012-05-23 00:00:00,163.89561
2012-05-23 01:00:00,140.20299
2012-05-23 02:00:00,145.8788
2012-05-23 03:00:00,156.64296
2012-05-23 04:00:00,147.33624
2012-05-23 05:00:00,129.21072
2012-05-23 06:00:00,110.26319
2012-05-23 07:00:00,126.10788
2012-05-23 08:00:00,126.10788
2012-05-23 09:00:00,162.73409
2012-05-23 10:00:00,161.61989
2012-05-23 11:00:00,178.22319
2012-05-23 12:00:00,206.51819
2012-05-23 13:00:00,194.91359
2012-05-23 14:00:00,221.20247
2012-05-23 15:00:00,238.0985
2012-05-23 16:00:00,248.33597
2012-05-23 17:00:00,207.21706
2012-05-23 18:00:00,207.21706
2012-05-23 19:00:00,151.64116
2012-05-23 20:00:00,147.84322
2012-05-23 21:00:00,143.28159
2012-05-23 22:00:00,151.64116
2012-05-23 23:00:00,138.68077
2012-05-24 00:00:00,136.40503
2012-05-24 01:00:00,116.95249
2012-05-24 02:00:00,112.39086
2012-05-24 03:00:00,123.38688
2012-05-24 04:00:00,126.426254
2012-05-24 05:00:00,126.426254
2012-05-24 06:00:00,126.426254
2012-05-24 07:00:00,137.1636
2012-05-24 08:00:00,179.29817
2012-05-24 09:00:00,180.8204
2012-05-24 10:00:00,209.7046
2012-05-24 11:00:00,215.44012
2012-05-24 12:00:00,246.98445
2012-05-24 13:00:00,268.1082
2012-05-24 14:00:00,273.8026
2012-05-24 15:00:00,275.31973
2012-05-24 16:00:00,280.63992
2012-05-24 17:00:00,276.84195
2012-05-24 18:00:00,276.46774
2012-05-24 19:00:00,247.61963
2012-05-24 20:00:00,216.39494
2012-05-24 21:00:00,178.45502
2012-05-24 22:00:00,169.73982
2012-05-24 23:00:00,171.25697
2012-05-25 00:00:00,144.4431
2012-05-25 01:00:00,142.16737
2012-05-25 02:00:00,143.28159
2012-05-25 03:00:00,129.12242
2012-05-25 04:00:00,123.80219
2012-05-25 05:00:00,128.36383
2012-05-25 06:00:00,129.12242
2012-05-25 07:00:00,132.16179
2012-05-25 08:00:00,131.80424
2012-05-25 09:00:00,133.32138
2012-05-25 10:00:00,179.59752
2012-05-25 11:00:00,178.0753
2012-05-25 12:00:00,232.15265
2012-05-25 13:00:00,247.67743
2012-05-25 14:00:00,259.99948
2012-05-25 15:00:00,260.52905
2012-05-25 16:00:00,294.54196
2012-05-25 17:00:00,265.0907
2012-05-25 18:00:00,260.52905
2012-05-25 19:00:00,253.75615
2012-05-25 20:00:00,228.46022
2012-05-25 21:00:00,226.93802
2012-05-25 22:00:00,186.19838
2012-05-25 23:00:00,175.90512
2012-05-26 00:00:00,148.98857
2012-05-26 01:00:00,147.46634
2012-05-26 02:00:00,128.98326
2012-05-26 03:00:00,124.78426
2012-05-26 04:00:00,126.30142
2012-05-26 05:00:00,151.85954
2012-05-26 06:00:00,129.3408
2012-05-26 07:00:00,133.49947
2012-05-26 08:00:00,166.91887
2012-05-26 09:00:00,150.5057
2012-05-26 10:00:00,183.97462
2012-05-26 11:00:00,207.66725
2012-05-26 12:00:00,245.33144
2012-05-26 13:00:00,253.62157
2012-05-26 14:00:00,255.14378
2012-05-26 15:00:00,258.18317
2012-05-26 16:00:00,292.23206
2012-05-26 17:00:00,303.0726
2012-05-26 18:00:00,294.2977
2012-05-26 19:00:00,251.00728
2012-05-26 20:00:00,279.29385
2012-05-26 21:00:00,256.04474
2012-05-26 22:00:00,210.70665
2012-05-26 23:00:00,210.70665
2012-05-27 00:00:00,217.41615
2012-05-27 01:00:00,193.61482
2012-05-27 02:00:00,190.95982
2012-05-27 03:00:00,187.92046
2012-05-27 04:00:00,148.82018
2012-05-27 05:00:00,148.82018
2012-05-27 06:00:00,147.30302
2012-05-27 07:00:00,127.82366
2012-05-27 08:00:00,150.5057
2012-05-27 09:00:00,161.84027
2012-05-27 10:00:00,200.8943
2012-05-27 11:00:00,239.56912
2012-05-27 12:00:00,246.84859
2012-05-27 13:00:00,274.18884
2012-05-27 14:00:00,277.22818
2012-05-27 15:00:00,298.91904
2012-05-27 16:00:00,298.91904
2012-05-27 17:00:00,308.91916
2012-05-27 18:00:00,279.50903
2012-05-27 19:00:00,274.18884
2012-05-27 20:00:00,272.10086
2012-05-27 21:00:00,230.24577
2012-05-27 22:00:00,150.29507
2012-05-27 23:00:00,157.13243
2012-05-28 00:00:00,141.18333
2012-05-28 01:00:00,170.10963
2012-05-28 02:00:00,135.42097
2012-05-28 03:00:00,172.99901
2012-05-28 04:00:00,150.33873
2012-05-28 05:00:00,150.33873
2012-05-28 06:00:00,172.99901
2012-05-28 07:00:00,154.5571
2012-05-28 08:00:00,188.45935
2012-05-28 09:00:00,224.6013
2012-05-28 10:00:00,224.6013
2012-05-28 11:00:00,225.84842
2012-05-28 12:00:00,249.66833
2012-05-28 13:00:00,277.89017
2012-05-28 14:00:00,277.89017
2012-05-28 15:00:00,301.89786
2012-05-28 16:00:00,303.42014
2012-05-28 17:00:00,301.89786
2012-05-28 18:00:00,286.894
2012-05-28 19:00:00,295.1661
2012-05-28 20:00:00,267.8402
2012-05-28 21:00:00,249.02408
2012-05-28 22:00:00,220.81093
2012-05-28 23:00:00,206.80333
2012-05-29 00:00:00,190.92702
2012-05-29 01:00:00,190.92702
2012-05-29 02:00:00,165.75325
2012-05-29 03:00:00,185.67632
2012-05-29 04:00:00,175.90512
2012-05-29 05:00:00,175.90512
2012-05-29 06:00:00,175.90512
2012-05-29 07:00:00,175.90512
2012-05-29 08:00:00,206.32954
2012-05-29 09:00:00,227.42653
2012-05-29 10:00:00,235.46968
2012-05-29 11:00:00,265.84927
2012-05-29 12:00:00,304.5097
2012-05-29 13:00:00,322.52615
2012-05-29 14:00:00,324.0433
2012-05-29 15:00:00,331.76767
2012-05-29 16:00:00,337.0828
2012-05-29 17:00:00,338.4764
2012-05-29 18:00:00,327.27048
2012-05-29 19:00:00,301.37927
2012-05-29 20:00:00,270.3702
2012-05-29 21:00:00,146.54044
2012-05-29 22:00:00,128.36383
2012-05-29 23:00:00,106.944954
2012-05-30 00:00:00,137.48006
2012-05-30 01:00:00,142.03658
2012-05-30 02:00:00,111.50659
2012-05-30 03:00:00,136.31535
2012-05-30 04:00:00,130.63956
2012-05-30 05:00:00,169.57143
2012-05-30 06:00:00,162.31877
2012-05-30 07:00:00,172.5511
2012-05-30 08:00:00,184.81068
2012-05-30 09:00:00,204.41222
2012-05-30 10:00:00,208.97386
2012-05-30 11:00:00,224.15532
2012-05-30 12:00:00,253.98628
2012-05-30 13:00:00,263.22778
2012-05-30 14:00:00,299.4753
2012-05-30 15:00:00,275.82748
2012-05-30 16:00:00,277.3497
2012-05-30 17:00:00,284.47885
2012-05-30 18:00:00,288.27676
2012-05-30 19:00:00,268.1082
2012-05-30 20:00:00,197.97493
2012-05-30 21:00:00,244.3294
2012-05-30 22:00:00,201.60097
2012-05-30 23:00:00,213.92299
2012-05-31 00:00:00,197.38255
2012-05-31 01:00:00,195.10684
2012-05-31 02:00:00,207.42888
2012-05-31 03:00:00,193.4213
2012-05-31 04:00:00,188.8597
2012-05-31 05:00:00,201.77579
2012-05-31 06:00:00,182.17426
2012-05-31 07:00:00,217.01503
2012-05-31 08:00:00,242.79192
2012-05-31 09:00:00,276.9681
2012-05-31 10:00:00,315.9025
2012-05-31 11:00:00,322.47885
2012-05-31 12:00:00,317.91724
2012-05-31 13:00:00,322.7244
2012-05-31 14:00:00,343.84818
2012-05-31 15:00:00,343.00735
2012-05-31 16:00:00,342.2488
2012-05-31 17:00:00,342.33102
2012-05-31 18:00:00,341.16635
2012-05-31 19:00:00,325.64163
2012-05-31 20:00:00,287.41544
2012-05-31 21:00:00,287.41544
2012-05-31 22:00:00,263.17
2012-05-31 23:00:00,253.88737
2012-06-20 00:00:00,190.92702
2012-06-20 01:00:00,181.11467
2012-06-20 02:00:00,157.46318
2012-06-20 03:00:00,155.94095
2012-06-20 04:00:00,153.66524
2012-06-20 05:00:00,153.66524
2012-06-20 06:00:00,131.04565
2012-06-20 07:00:00,132.21954
2012-06-20 08:00:00,192.04631
2012-06-20 09:00:00,211.94096
2012-06-20 10:00:00,309.60498
2012-06-20 11:00:00,327.64822
2012-06-20 12:00:00,338.0276
2012-06-20 13:00:00,340.1798
2012-06-20 14:00:00,365.8744
2012-06-20 15:00:00,374.08203
2012-06-20 16:00:00,379.40225
2012-06-20 17:00:00,367.92105
2012-06-20 18:00:00,367.92105
2012-06-20 19:00:00,371.02475
2012-06-20 20:00:00,357.58432
2012-06-20 21:00:00,329.6089
2012-06-20 22:00:00,322.5209
2012-06-20 23:00:00,275.02643
2012-06-21 00:00:00,247.22252
2012-06-21 01:00:00,220.08806
2012-06-21 02:00:00,218.57092
2012-06-21 03:00:00,228.6533
2012-06-21 04:00:00,192.59749
2012-06-21 05:00:00,193.35606
2012-06-21 06:00:00,198.2733
2012-06-21 07:00:00,198.2733
2012-06-21 08:00:00,242.66086
2012-06-21 09:00:00,320.05545
2012-06-21 10:00:00,345.47986
2012-06-21 11:00:00,373.32663
2012-06-21 12:00:00,406.3469
2012-06-21 13:00:00,396.47015
2012-06-21 14:00:00,388.85645
2012-06-21 15:00:00,416.7263
2012-06-21 16:00:00,403.30753
2012-06-21 17:00:00,380.49686
2012-06-21 18:00:00,376.36594
2012-06-21 19:00:00,389.7848
2012-06-21 20:00:00,367.12445
2012-06-21 21:00:00,335.03244
2012-06-21 22:00:00,302.021
2012-06-21 23:00:00,306.46823
2012-06-22 00:00:00,263.4692
2012-06-22 01:00:00,249.48021
2012-06-22 02:00:00,218.98625
2012-06-22 03:00:00,218.98625
2012-06-22 04:00:00,270.4711
2012-06-22 05:00:00,265.22034
2012-06-22 06:00:00,260.65875
2012-06-22 07:00:00,283.90982
2012-06-22 08:00:00,297.39142
2012-06-22 09:00:00,296.7615
2012-06-22 10:00:00,333.57974
2012-06-22 11:00:00,332.9446
2012-06-22 12:00:00,346.99698
2012-06-22 13:00:00,389.7848
2012-06-22 14:00:00,389.7848
2012-06-22 15:00:00,414.70645
2012-06-22 16:00:00,416.11435
2012-06-22 17:00:00,370.14157
2012-06-22 18:00:00,325.73123
2012-06-22 19:00:00,322.82578
2012-06-22 20:00:00,322.82578
2012-06-22 21:00:00,262.54324
2012-06-22 22:00:00,231.26857
2012-06-22 23:00:00,208.94218
2012-06-23 00:00:00,163.01714
2012-06-23 01:00:00,195.06935
2012-06-23 02:00:00,178.56969
2012-06-23 03:00:00,173.25456
2012-06-23 04:00:00,177.05254
2012-06-23 05:00:00,178.56969
2012-06-23 06:00:00,167.57877
2012-06-23 07:00:00,171.37672
2012-06-23 08:00:00,237.1679
2012-06-23 09:00:00,272.75705
2012-06-23 10:00:00,296.00613
2012-06-23 11:00:00,320.7775
2012-06-23 12:00:00,350.2325
2012-06-23 13:00:00,379.6426
2012-06-23 14:00:00,370.18784
2012-06-23 15:00:00,400.49265
2012-06-23 16:00:00,407.21567
2012-06-23 17:00:00,403.2493
2012-06-23 18:00:00,405.53012
2012-06-23 19:00:00,391.39392
2012-06-23 20:00:00,373.30954
2012-06-23 21:00:00,358.37357
2012-06-23 22:00:00,338.77206
2012-06-23 23:00:00,310.20273
2012-06-24 00:00:00,286.95364
2012-06-24 01:00:00,282.214
2012-06-24 02:00:00,286.89392
2012-06-24 03:00:00,242.56609
2012-06-24 04:00:00,238.00444
2012-06-24 05:00:00,219.42287
2012-06-24 06:00:00,234.95268
2012-06-24 07:00:00,219.59128
2012-06-24 08:00:00,265.3901
2012-06-24 09:00:00,292.71597
2012-06-24 10:00:00,334.0226
2012-06-24 11:00:00,340.86
2012-06-24 12:00:00,374.43307
2012-06-24 13:00:00,377.47244
2012-06-24 14:00:00,398.97043
2012-06-24 15:00:00,407.06897
2012-06-24 16:00:00,396.68967
2012-06-24 17:00:00,390.5286
2012-06-24 18:00:00,382.68204
2012-06-24 19:00:00,366.87845
2012-06-24 20:00:00,334.218
2012-06-24 21:00:00,303.29074
2012-06-24 22:00:00,291.44962
2012-06-24 23:00:00,282.2081
2012-06-25 00:00:00,274.45877
2012-06-25 01:00:00,253.88777
2012-06-25 02:00:00,238.4852
2012-06-25 03:00:00,237.34734
2012-06-25 04:00:00,199.81041
2012-06-25 05:00:00,211.6259
2012-06-25 06:00:00,189.49156
2012-06-25 07:00:00,214.6653
2012-06-25 08:00:00,228.54564
2012-06-25 09:00:00,252.36552
2012-06-25 10:00:00,298.91367
2012-06-25 11:00:00,355.73727
2012-06-25 12:00:00,338.15512
2012-06-25 13:00:00,306.5752
2012-06-25 14:00:00,342.12186
2012-06-25 15:00:00,364.08804
2012-06-25 16:00:00,387.61597
2012-06-25 17:00:00,408.90076
2012-06-25 18:00:00,391.47952
2012-06-25 19:00:00,386.4758
2012-06-25 20:00:00,374.79013
2012-06-25 21:00:00,357.21353
2012-06-25 22:00:00,361.64783
2012-06-25 23:00:00,344.60092
2012-06-26 00:00:00,342.91534
2012-06-26 01:00:00,338.10815
2012-06-26 02:00:00,280.3925
2012-06-26 03:00:00,268.49594
2012-06-26 04:00:00,269.25455
2012-06-26 05:00:00,258.81226
2012-06-26 06:00:00,241.92859
2012-06-26 07:00:00,244.96797
2012-06-26 08:00:00,264.19022
2012-06-26 09:00:00,283.75064
2012-06-26 10:00:00,319.7884
2012-06-26 11:00:00,339.91592
2012-06-26 12:00:00,349.2847
2012-06-26 13:00:00,369.81314
2012-06-26 14:00:00,369.81314
2012-06-26 15:00:00,381.70975
2012-06-26 16:00:00,385.33792
2012-06-26 17:00:00,379.42892
2012-06-26 18:00:00,376.38956
2012-06-26 19:00:00,369.5522
2012-06-26 20:00:00,360.69504
2012-06-26 21:00:00,342.12582
2012-06-26 22:00:00,339.40286
2012-06-26 23:00:00,308.38943
2012-06-27 00:00:00,311.42883
2012-06-27 01:00:00,302.0651
2012-06-27 02:00:00,254.30844
2012-06-27 03:00:00,267.0366
2012-06-27 04:00:00,315.8632
2012-06-27 05:00:00,308.1439
2012-06-27 06:00:00,276.9133
2012-06-27 07:00:00,311.94186
2012-06-27 08:00:00,312.11026
2012-06-27 09:00:00,323.15945
2012-06-27 10:00:00,337.60922
2012-06-27 11:00:00,370.39688
2012-06-27 12:00:00,377.7175
2012-06-27 13:00:00,396.8986
2012-06-27 14:00:00,403.5805
2012-06-27 15:00:00,406.8165
2012-06-27 16:00:00,413.90445
2012-06-27 17:00:00,410.86508
2012-06-27 18:00:00,396.8986
2012-06-27 19:00:00,384.97522
2012-06-27 20:00:00,366.2363
2012-06-27 21:00:00,345.11252
2012-06-27 22:00:00,328.8292
2012-06-27 23:00:00,299.03983
2012-06-28 00:00:00,282.51883
2012-06-28 01:00:00,264.8765
2012-06-28 02:00:00,281.76022
2012-06-28 03:00:00,281.76022
2012-06-28 04:00:00,241.21213
2012-06-28 05:00:00,256.82553
2012-06-28 06:00:00,256.82553
2012-06-28 07:00:00,241.21213
2012-06-28 08:00:00,284.03592
2012-06-28 09:00:00,284.734
2012-06-28 10:00:00,312.18204
2012-06-28 11:00:00,377.7341
2012-06-28 12:00:00,405.11935
2012-06-28 13:00:00,411.89224
2012-06-28 14:00:00,416.24307
2012-06-28 15:00:00,416.24307
2012-06-28 16:00:00,421.29715
2012-06-28 17:00:00,424.37762
2012-06-28 18:00:00,410.92282
2012-06-28 19:00:00,397.63275
2012-06-28 20:00:00,378.30493
2012-06-28 21:00:00,300.43082
2012-06-28 22:00:00,308.15518
2012-06-28 23:00:00,309.14267
2012-06-29 00:00:00,309.14267
2012-06-29 01:00:00,301.4234
2012-06-29 02:00:00,279.69138
2012-06-29 03:00:00,279.69138
2012-06-29 04:00:00,250.84837
2012-06-29 05:00:00,260.13104
2012-06-29 06:00:00,268.84622
2012-06-29 07:00:00,260.13104
2012-06-29 08:00:00,295.78778
2012-06-29 09:00:00,298.91367
2012-06-29 10:00:00,403.39505
2012-06-29 11:00:00,403.14752
2012-06-29 12:00:00,417.5986
2012-06-29 13:00:00,416.72995
2012-06-29 14:00:00,434.22562
2012-06-29 15:00:00,422.82663
2012-06-29 16:00:00,422.82663
2012-06-29 17:00:00,444.59988
2012-06-29 18:00:00,426.0255
2012-06-29 19:00:00,385.6343
2012-06-29 20:00:00,409.8118
2012-06-29 21:00:00,357.25244
2012-06-29 22:00:00,328.75204
2012-06-29 23:00:00,328.75204
2012-06-30 00:00:00,164.24529
2012-06-30 01:00:00,167.28468
2012-06-30 02:00:00,150.20988
2012-06-30 03:00:00,150.20988
2012-06-30 04:00:00,124.99499
2012-06-30 05:00:00,152.89365
2012-06-30 06:00:00,152.89365
2012-06-30 07:00:00,152.89365
2012-06-30 08:00:00,152.89365
2012-06-30 09:00:00,152.89365
2012-06-30 10:00:00,412.23746
2012-06-30 11:00:00,412.23746
2012-06-30 12:00:00,412.23746
2012-06-30 13:00:00,412.23746
2012-06-30 14:00:00,412.23746
2012-06-30 15:00:00,412.23746
2012-06-30 16:00:00,416.52374
2012-06-30 17:00:00,399.99762
2012-06-30 18:00:00,387.99557
2012-06-30 19:00:00,361.68918
2012-06-30 20:00:00,334.85306
2012-06-30 21:00:00,334.85306
2012-06-30 22:00:00,292.55008
2012-06-30 23:00:00,288.7521
2012-07-20 00:00:00,164.84514
2012-07-20 01:00:00,155.76924
2012-07-20 02:00:00,159.16933
2012-07-20 03:00:00,159.9279
2012-07-20 04:00:00,162.96729
2012-07-20 05:00:00,161.44505
2012-07-20 06:00:00,162.96729
2012-07-20 07:00:00,164.48442
2012-07-20 08:00:00,195.33945
2012-07-20 09:00:00,215.95158
2012-07-20 10:00:00,217.47383
2012-07-20 11:00:00,249.88167
2012-07-20 12:00:00,201.0153
2012-07-20 13:00:00,197.97589
2012-07-20 14:00:00,207.74709
2012-07-20 15:00:00,208.90862
2012-07-20 16:00:00,203.69904
2012-07-20 17:00:00,175.88338
2012-07-20 18:00:00,209.28929
2012-07-20 19:00:00,181.79361
2012-07-20 20:00:00,192.78961
2012-07-20 21:00:00,188.0647
2012-07-20 22:00:00,175.54643
2012-07-20 23:00:00,180.10808
2012-07-21 00:00:00,187.12157
2012-07-21 01:00:00,179.92354
2012-07-21 02:00:00,161.9067
2012-07-21 03:00:00,160.38445
2012-07-21 04:00:00,160.22115
2012-07-21 05:00:00,158.69891
2012-07-21 06:00:00,158.69891
2012-07-21 07:00:00,153.02309
2012-07-21 08:00:00,168.42567
2012-07-21 09:00:00,165.38625
2012-07-21 10:00:00,158.69891
2012-07-21 11:00:00,174.16118
2012-07-21 12:00:00,178.31985
2012-07-21 13:00:00,175.28046
2012-07-21 14:00:00,154.70863
2012-07-21 15:00:00,160.38445
2012-07-21 16:00:00,157.34508
2012-07-21 17:00:00,155.82791
2012-07-21 18:00:00,151.66924
2012-07-21 19:00:00,150.1521
2012-07-21 20:00:00,155.82791
2012-07-21 21:00:00,150.15211
2012-07-21 22:00:00,147.11272
2012-07-21 23:00:00,141.79253
2012-07-22 00:00:00,147.11272
2012-07-22 01:00:00,150.15211
2012-07-22 02:00:00,147.11272
2012-07-22 03:00:00,147.11272
2012-07-22 04:00:00,136.11671
2012-07-22 05:00:00,136.11671
2012-07-22 06:00:00,171.56902
2012-07-22 07:00:00,167.0074
2012-07-22 08:00:00,188.14546
2012-07-22 09:00:00,225.68242
2012-07-22 10:00:00,210.27983
2012-07-22 11:00:00,210.27983
2012-07-22 12:00:00,239.41994
2012-07-22 13:00:00,254.06393
2012-07-22 14:00:00,255.87848
2012-07-22 15:00:00,255.87848
2012-07-22 16:00:00,261.6408
2012-07-22 17:00:00,267.7196
2012-07-22 18:00:00,264.6802
2012-07-22 19:00:00,246.59583
2012-07-22 20:00:00,228.53824
2012-07-22 21:00:00,210.09633
2012-07-22 22:00:00,230.05542
2012-07-22 23:00:00,203.3234
2012-07-23 00:00:00,153.49353
2012-07-23 01:00:00,158.80861
2012-07-23 02:00:00,143.76677
2012-07-23 03:00:00,143.76677
2012-07-23 04:00:00,146.04248
2012-07-23 05:00:00,146.04248
2012-07-23 06:00:00,173.05843
2012-07-23 07:00:00,194.87321
2012-07-23 08:00:00,218.57092
2012-07-23 09:00:00,246.90196
2012-07-23 10:00:00,288.5286
2012-07-23 11:00:00,329.3788
2012-07-23 12:00:00,329.3788
2012-07-23 13:00:00,326.33948
2012-07-23 14:00:00,306.12973
2012-07-23 15:00:00,320.05545
2012-07-23 16:00:00,331.99307
2012-07-23 17:00:00,331.99307
2012-07-23 18:00:00,344.90903
2012-07-23 19:00:00,328.25955
2012-07-23 20:00:00,281.40005
2012-07-23 21:00:00,282.9172
2012-07-23 22:00:00,273.1049
2012-07-23 23:00:00,257.58017
2012-07-24 00:00:00,225.67833
2012-07-24 01:00:00,201.98567
2012-07-24 02:00:00,179.85132
2012-07-24 03:00:00,179.85132
2012-07-24 04:00:00,176.05339
2012-07-24 05:00:00,176.81197
2012-07-24 06:00:00,178.3291
2012-07-24 07:00:00,227.20055
2012-07-24 08:00:00,252.53761
2012-07-24 09:00:00,331.88754
2012-07-24 10:00:00,332.10745
2012-07-24 11:00:00,354.28256
2012-07-24 12:00:00,333.9853
2012-07-24 13:00:00,352.7603
2012-07-24 14:00:00,348.96234
2012-07-24 15:00:00,349.5942
2012-07-24 16:00:00,325.37558
2012-07-24 17:00:00,332.0626
2012-07-24 18:00:00,289.7596
2012-07-24 19:00:00,281.40005
2012-07-24 20:00:00,263.3425
2012-07-24 21:00:00,266.3819
2012-07-24 22:00:00,267.89902
2012-07-24 23:00:00,292.26938
2012-07-25 00:00:00,285.01163
2012-07-25 01:00:00,273.9291
2012-07-25 02:00:00,260.4743
2012-07-25 03:00:00,242.38991
2012-07-25 04:00:00,236.6544
2012-07-25 05:00:00,233.61502
2012-07-25 06:00:00,235.13213
2012-07-25 07:00:00,293.91776
2012-07-25 08:00:00,322.20667
2012-07-25 09:00:00,345.62558
2012-07-25 10:00:00,332.11417
2012-07-25 11:00:00,350.19858
2012-07-25 12:00:00,350.19858
2012-07-25 13:00:00,370.45468
2012-07-25 14:00:00,380.85577
2012-07-25 15:00:00,366.6567
2012-07-25 16:00:00,382.37802
2012-07-25 17:00:00,367.85745
2012-07-25 18:00:00,387.0168
2012-07-25 19:00:00,357.03592
2012-07-25 20:00:00,331.2322
2012-07-25 21:00:00,312.62186
2012-07-25 22:00:00,270.8897
2012-07-25 23:00:00,276.59427
2012-07-26 00:00:00,240.86768
2012-07-26 01:00:00,242.38991
2012-07-26 02:00:00,231.585
2012-07-26 03:00:00,230.06786
2012-07-26 04:00:00,213.14305
2012-07-26 05:00:00,213.14305
2012-07-26 06:00:00,199.81041
2012-07-26 07:00:00,231.7571
2012-07-26 08:00:00,237.43292
2012-07-26 09:00:00,249.41173
2012-07-26 10:00:00,254.05986
2012-07-26 11:00:00,299.86877
2012-07-26 12:00:00,339.63895
2012-07-26 13:00:00,356.8968
2012-07-26 14:00:00,388.6737
2012-07-26 15:00:00,412.0926
2012-07-26 16:00:00,426.6118
2012-07-26 17:00:00,399.11752
2012-07-26 18:00:00,417.243
2012-07-26 19:00:00,394.56094
2012-07-26 20:00:00,359.80753
2012-07-26 21:00:00,355.7374
2012-07-26 22:00:00,355.7374
2012-07-26 23:00:00,243.73592
2012-07-27 00:00:00,236.89854
2012-07-27 01:00:00,242.21873
2012-07-27 02:00:00,210.27576
2012-07-27 03:00:00,227.20055
2012-07-27 04:00:00,203.43843
2012-07-27 05:00:00,188.03587
2012-07-27 06:00:00,203.43843
2012-07-27 07:00:00,246.77528
2012-07-27 08:00:00,269.35687
2012-07-27 09:00:00,348.83566
2012-07-27 10:00:00,342.24387
2012-07-27 11:00:00,358.96298
2012-07-27 12:00:00,358.3959
2012-07-27 13:00:00,356.6822
2012-07-27 14:00:00,367.25305
2012-07-27 15:00:00,377.88815
2012-07-27 16:00:00,353.6428
2012-07-27 17:00:00,380.92764
2012-07-27 18:00:00,347.94846
2012-07-27 19:00:00,335.03244
2012-07-27 20:00:00,297.41452
2012-07-27 21:00:00,297.41452
2012-07-27 22:00:00,298.93167
2012-07-27 23:00:00,264.79526
2012-07-28 00:00:00,271.40323
2012-07-28 01:00:00,242.79788
2012-07-28 02:00:00,238.23625
2012-07-28 03:00:00,238.23625
2012-07-28 04:00:00,214.65285
2012-07-28 05:00:00,203.3234
2012-07-28 06:00:00,233.74414
2012-07-28 07:00:00,245.07361
2012-07-28 08:00:00,264.6802
2012-07-28 09:00:00,298.7522
2012-07-28 10:00:00,337.89236
2012-07-28 11:00:00,371.49783
2012-07-28 12:00:00,369.41357
2012-07-28 13:00:00,382.26532
2012-07-28 14:00:00,382.8273
2012-07-28 15:00:00,407.5986
2012-07-28 16:00:00,381.3101
2012-07-28 17:00:00,350.80325
2012-07-28 18:00:00,360.5296
2012-07-28 19:00:00,182.64172
2012-07-28 20:00:00,184.2284
2012-07-28 21:00:00,192.79362
2012-07-28 22:00:00,192.79362
2012-07-28 23:00:00,177.39107
2012-07-29 00:00:00,157.10692
2012-07-29 01:00:00,178.14964
2012-07-29 02:00:00,211.44136
2012-07-29 03:00:00,231.40556
2012-07-29 04:00:00,224.14781
2012-07-29 05:00:00,190.66084
2012-07-29 06:00:00,210.30858
2012-07-29 07:00:00,232.92268
2012-07-29 08:00:00,255.22546
2012-07-29 09:00:00,275.79642
2012-07-29 10:00:00,264.56583
2012-07-29 11:00:00,303.29074
2012-07-29 12:00:00,308.61093
2012-07-29 13:00:00,337.32166
2012-07-29 14:00:00,340.991
2012-07-29 15:00:00,347.19315
2012-07-29 16:00:00,347.19315
2012-07-29 17:00:00,360.6119
2012-07-29 18:00:00,357.63693
2012-07-29 19:00:00,300.25137
2012-07-29 20:00:00,261.6408
2012-07-29 21:00:00,245.07361
2012-07-29 22:00:00,233.74414
2012-07-29 23:00:00,228.4239
2012-07-30 00:00:00,223.4026
2012-07-30 01:00:00,218.841
2012-07-30 02:00:00,209.02867
2012-07-30 03:00:00,171.49176
2012-07-30 04:00:00,171.49176
2012-07-30 05:00:00,176.81197
2012-07-30 06:00:00,179.85132
2012-07-30 07:00:00,208.00003
2012-07-30 08:00:00,239.64934
2012-07-30 09:00:00,248.33665
2012-07-30 10:00:00,272.0577
2012-07-30 11:00:00,312.87955
2012-07-30 12:00:00,296.35855
2012-07-30 13:00:00,332.9446
2012-07-30 14:00:00,335.98392
2012-07-30 15:00:00,337.50113
2012-07-30 16:00:00,339.0233
2012-07-30 17:00:00,307.27322
2012-07-30 18:00:00,306.6382
2012-07-30 19:00:00,333.51535
2012-07-30 20:00:00,248.29753
2012-07-30 21:00:00,246.77528
2012-07-30 22:00:00,235.91579
2012-07-30 23:00:00,228.71771
2012-07-31 00:00:00,200.46346
2012-07-31 01:00:00,178.3291
2012-07-31 02:00:00,178.32909
2012-07-31 03:00:00,176.05336
2012-07-31 04:00:00,176.05339
2012-07-31 05:00:00,179.85132
2012-07-31 06:00:00,151.55597
2012-07-31 07:00:00,192.70302
2012-07-31 08:00:00,210.27577
2012-07-31 09:00:00,242.21873
2012-07-31 10:00:00,249.22063
2012-07-31 11:00:00,285.36252
2012-07-31 12:00:00,329.77658
2012-07-31 13:00:00,324.61707
2012-07-31 14:00:00,324.61707
2012-07-31 15:00:00,279.87784
2012-07-31 16:00:00,296.7615
2012-07-31 17:00:00,316.9301
2012-07-31 18:00:00,304.99246
2012-07-31 19:00:00,292.81613
2012-07-31 20:00:00,248.31459
2012-07-31 21:00:00,203.50282
2012-07-31 22:00:00,221.94478
2012-07-31 23:00:00,185.52711
2012-08-20 00:00:00,165.22758
2012-08-20 01:00:00,162.59114
2012-08-20 02:00:00,162.59114
2012-08-20 03:00:00,140.09923
2012-08-20 04:00:00,164.469
2012-08-20 05:00:00,159.9074
2012-08-20 06:00:00,186.22406
2012-08-20 07:00:00,191.95958
2012-08-20 08:00:00,205.845
2012-08-20 09:00:00,218.60919
2012-08-20 10:00:00,223.17082
2012-08-20 11:00:00,236.31114
2012-08-20 12:00:00,254.309
2012-08-20 13:00:00,270.8897
2012-08-20 14:00:00,290.4963
2012-08-20 15:00:00,295.05286
2012-08-20 16:00:00,295.05286
2012-08-20 17:00:00,278.4907
2012-08-20 18:00:00,198.03835
2012-08-20 19:00:00,194.99898
2012-08-20 20:00:00,180.10808
2012-08-20 21:00:00,154.23155
2012-08-20 22:00:00,159.9074
2012-08-20 23:00:00,159.9074
2012-08-21 00:00:00,164.469
2012-08-21 01:00:00,166.74474
2012-08-21 02:00:00,153.20766
2012-08-21 03:00:00,127.33114
2012-08-21 04:00:00,127.33114
2012-08-21 05:00:00,147.2953
2012-08-21 06:00:00,148.0539
2012-08-21 07:00:00,179.03111
2012-08-21 08:00:00,180.54826
2012-08-21 09:00:00,212.93335
2012-08-21 10:00:00,248.6332
2012-08-21 11:00:00,276.37442
2012-08-21 12:00:00,305.78458
2012-08-21 13:00:00,322.87265
2012-08-21 14:00:00,342.43814
2012-08-21 15:00:00,337.87656
2012-08-21 16:00:00,337.87656
2012-08-21 17:00:00,307.50217
2012-08-21 18:00:00,293.53568
2012-08-21 19:00:00,211.52081
2012-08-21 20:00:00,200.61131
2012-08-21 21:00:00,200.61131
2012-08-21 22:00:00,181.13194
2012-08-21 23:00:00,159.9939
2012-08-22 00:00:00,165.3141
2012-08-22 01:00:00,179.44643
2012-08-22 02:00:00,179.44643
2012-08-22 03:00:00,179.44643
2012-08-22 04:00:00,153.81624
2012-08-22 05:00:00,173.7109
2012-08-22 06:00:00,194.84895
2012-08-22 07:00:00,179.44643
2012-08-22 08:00:00,205.17296
2012-08-22 09:00:00,236.75327
2012-08-22 10:00:00,259.37247
2012-08-22 11:00:00,274.3763
2012-08-22 12:00:00,293.0638
2012-08-22 13:00:00,313.36108
2012-08-22 14:00:00,322.60263
2012-08-22 15:00:00,314.8782
2012-08-22 16:00:00,307.54233
2012-08-22 17:00:00,307.54233
2012-08-22 18:00:00,266.06357
2012-08-22 19:00:00,208.94218
2012-08-22 20:00:00,210.48804
2012-08-22 21:00:00,200.61131
2012-08-22 22:00:00,200.61131
2012-08-22 23:00:00,161.67946
2012-08-23 00:00:00,181.13194
2012-08-23 01:00:00,159.9939
2012-08-23 02:00:00,159.9939
2012-08-23 03:00:00,164.5555
2012-08-23 04:00:00,159.9939
2012-08-23 05:00:00,159.9939
2012-08-23 06:00:00,145.01646
2012-08-23 07:00:00,170.23134
2012-08-23 08:00:00,213.50377
2012-08-23 09:00:00,232.76204
2012-08-23 10:00:00,280.11185
2012-08-23 11:00:00,312.60248
2012-08-23 12:00:00,340.53156
2012-08-23 13:00:00,360.66782
2012-08-23 14:00:00,331.3632
2012-08-23 15:00:00,326.80154
2012-08-23 16:00:00,316.40042
2012-08-23 17:00:00,328.68137
2012-08-23 18:00:00,313.7043
2012-08-23 19:00:00,295.9399
2012-08-23 20:00:00,260.13104
2012-08-23 21:00:00,261.64816
2012-08-23 22:00:00,260.07132
2012-08-23 23:00:00,224.3447
2012-08-24 00:00:00,224.3447
2012-08-24 01:00:00,206.28712
2012-08-24 02:00:00,218.66887
2012-08-24 03:00:00,200.61131
2012-08-24 04:00:00,206.28712
2012-08-24 05:00:00,181.13194
2012-08-24 06:00:00,165.66972
2012-08-24 07:00:00,186.80779
2012-08-24 08:00:00,208.94218
2012-08-24 09:00:00,275.49054
2012-08-24 10:00:00,313.71667
2012-08-24 11:00:00,319.0369
2012-08-24 12:00:00,327.51984
2012-08-24 13:00:00,352.0983
2012-08-24 14:00:00,334.52597
2012-08-24 15:00:00,320.55402
2012-08-24 16:00:00,320.55402
2012-08-24 17:00:00,310.1386
2012-08-24 18:00:00,277.09518
2012-08-24 19:00:00,283.8501
2012-08-24 20:00:00,259.56357
2012-08-24 21:00:00,268.84622
2012-08-24 22:00:00,260.48666
2012-08-24 23:00:00,234.66866
2012-08-25 00:00:00,261.82434
2012-08-25 01:00:00,231.44473
2012-08-25 02:00:00,214.84148
2012-08-25 03:00:00,224.56822
2012-08-25 04:00:00,231.00261
2012-08-25 05:00:00,215.98442
2012-08-25 06:00:00,196.50505
2012-08-25 07:00:00,198.02217
2012-08-25 08:00:00,223.19597
2012-08-25 09:00:00,245.88309
2012-08-25 10:00:00,264.6992
2012-08-25 11:00:00,282.99448
2012-08-25 12:00:00,314.58463
2012-08-25 13:00:00,316.62802
2012-08-25 14:00:00,256.59637
2012-08-25 15:00:00,224.344
2012-08-25 16:00:00,225.47676
2012-08-25 17:00:00,226.99901
2012-08-25 18:00:00,249.2389
2012-08-25 19:00:00,203.3424
2012-08-25 20:00:00,185.59935
2012-08-25 21:00:00,179.5679
2012-08-25 22:00:00,179.5679
2012-08-25 23:00:00,179.92354
2012-08-26 00:00:00,157.45018
2012-08-26 01:00:00,154.4108
2012-08-26 02:00:00,161.60887
2012-08-26 03:00:00,163.12599
2012-08-26 04:00:00,160.0866
2012-08-26 05:00:00,154.4108
2012-08-26 06:00:00,157.04918
2012-08-26 07:00:00,154.4108
2012-08-26 08:00:00,209.40216
2012-08-26 09:00:00,207.8799
2012-08-26 10:00:00,276.07913
2012-08-26 11:00:00,274.55692
2012-08-26 12:00:00,259.57892
2012-08-26 13:00:00,220.85933
2012-08-26 14:00:00,149.85426
2012-08-26 15:00:00,170.32407
2012-08-26 16:00:00,170.32407
2012-08-26 17:00:00,155.93304
2012-08-26 18:00:00,154.77153
2012-08-26 19:00:00,158.56947
2012-08-26 20:00:00,152.89365
2012-08-26 21:00:00,169.85449
2012-08-26 22:00:00,146.41386
2012-08-26 23:00:00,165.89322
2012-08-27 00:00:00,159.9939
2012-08-27 01:00:00,145.07619
2012-08-27 02:00:00,147.3519
2012-08-27 03:00:00,145.07616
2012-08-27 04:00:00,159.9939
2012-08-27 05:00:00,140.51456
2012-08-27 06:00:00,140.51456
2012-08-27 07:00:00,171.49176
2012-08-27 08:00:00,176.05339
2012-08-27 09:00:00,176.81197
2012-08-27 10:00:00,235.49068
2012-08-27 11:00:00,264.85965
2012-08-27 12:00:00,273.0405
2012-08-27 13:00:00,296.80258
2012-08-27 14:00:00,329.14658
2012-08-27 15:00:00,325.37558
2012-08-27 16:00:00,323.09482
2012-08-27 17:00:00,341.17557
2012-08-27 18:00:00,318.44724
2012-08-27 19:00:00,254.05986
2012-08-27 20:00:00,252.53761
2012-08-27 21:00:00,238.53004
2012-08-27 22:00:00,197.91258
2012-08-27 23:00:00,196.39545
2012-08-28 00:00:00,200.95198
2012-08-28 01:00:00,172.69774
2012-08-28 02:00:00,194.22018
2012-08-28 03:00:00,155.76924
2012-08-28 04:00:00,178.3291
2012-08-28 05:00:00,181.72917
2012-08-28 06:00:00,159.9279
2012-08-28 07:00:00,182.48775
2012-08-28 08:00:00,180.37672
2012-08-28 09:00:00,217.47383
2012-08-28 10:00:00,276.1443
2012-08-28 11:00:00,313.2825
2012-08-28 12:00:00,339.0233
2012-08-28 13:00:00,359.95053
2012-08-28 14:00:00,378.56082
2012-08-28 15:00:00,383.62512
2012-08-28 16:00:00,384.1511
2012-08-28 17:00:00,375.2939
2012-08-28 18:00:00,351.36343
2012-08-28 19:00:00,319.90646
2012-08-28 20:00:00,305.94
2012-08-28 21:00:00,305.1814
2012-08-28 22:00:00,276.37442
2012-08-28 23:00:00,261.39737
2012-08-29 00:00:00,218.66887
2012-08-29 01:00:00,219.7707
2012-08-29 02:00:00,201.68633
2012-08-29 03:00:00,200.16919
2012-08-29 04:00:00,204.56242
2012-08-29 05:00:00,203.04016
2012-08-29 06:00:00,203.04016
2012-08-29 07:00:00,229.81706
2012-08-29 08:00:00,251.67255
2012-08-29 09:00:00,295.49268
2012-08-29 10:00:00,308.97934
2012-08-29 11:00:00,305.78458
2012-08-29 12:00:00,332.6849
2012-08-29 13:00:00,320.7884
2012-08-29 14:00:00,337.24658
2012-08-29 15:00:00,342.56174
2012-08-29 16:00:00,344.71384
2012-08-29 17:00:00,361.17203
2012-08-29 18:00:00,329.14804
2012-08-29 19:00:00,286.25113
2012-08-29 20:00:00,261.39737
2012-08-29 21:00:00,270.19675
2012-08-29 22:00:00,264.8765
2012-08-29 23:00:00,255.63503
2012-08-30 00:00:00,212.93335
2012-08-30 01:00:00,225.25542
2012-08-30 02:00:00,194.84895
2012-08-30 03:00:00,194.84895
2012-08-30 04:00:00,194.84895
2012-08-30 05:00:00,194.84895
2012-08-30 06:00:00,162.59114
2012-08-30 07:00:00,200.61131
2012-08-30 08:00:00,230.99094
2012-08-30 09:00:00,264.05237
2012-08-30 10:00:00,282.13672
2012-08-30 11:00:00,337.24658
2012-08-30 12:00:00,324.11972
2012-08-30 13:00:00,313.36108
2012-08-30 14:00:00,314.8782
2012-08-30 15:00:00,338.13614
2012-08-30 16:00:00,347.3777
2012-08-30 17:00:00,379.82718
2012-08-30 18:00:00,357.18118
2012-08-30 19:00:00,314.8782
2012-08-30 20:00:00,283.90982
2012-08-30 21:00:00,256.05795
2012-08-30 22:00:00,227.08623
2012-08-30 23:00:00,224.16118
2012-08-31 00:00:00,189.66362
2012-08-31 01:00:00,189.66362
2012-08-31 02:00:00,155.76924
2012-08-31 03:00:00,154.25209
2012-08-31 04:00:00,150.03374
2012-08-31 05:00:00,151.55597
2012-08-31 06:00:00,157.23177
2012-08-31 07:00:00,153.43382
2012-08-31 08:00:00,224.51683
2012-08-31 09:00:00,242.66086
2012-08-31 10:00:00,277.60214
2012-08-31 11:00:00,409.52927
2012-08-31 12:00:00,413.4094
2012-08-31 13:00:00,419.89432
2012-08-31 14:00:00,426.47067
2012-08-31 15:00:00,428.18445
2012-08-31 16:00:00,425.90363
2012-08-31 17:00:00,400.18216
2012-08-31 18:00:00,386.68112
2012-08-31 19:00:00,331.42227
2012-08-31 20:00:00,331.42227
2012-08-31 21:00:00,295.23923
2012-08-31 22:00:00,295.23923
2012-08-31 23:00:00,268.54837
2012-09-20 00:00:00,187.08372
2012-09-20 01:00:00,153.18144
2012-09-20 02:00:00,152.4229
2012-09-20 03:00:00,126.72317
2012-09-20 04:00:00,132.04338
2012-09-20 05:00:00,132.04338
2012-09-20 06:00:00,126.72317
2012-09-20 07:00:00,122.37635
2012-09-20 08:00:00,176.24277
2012-09-20 09:00:00,218.14708
2012-09-20 10:00:00,245.47299
2012-09-20 11:00:00,295.39108
2012-09-20 12:00:00,302.22842
2012-09-20 13:00:00,300.83347
2012-09-20 14:00:00,294.63132
2012-09-20 15:00:00,296.3168
2012-09-20 16:00:00,293.11417
2012-09-20 17:00:00,286.91205
2012-09-20 18:00:00,266.575
2012-09-20 19:00:00,230.74677
2012-09-20 20:00:00,208.10074
2012-09-20 21:00:00,211.14012
2012-09-20 22:00:00,173.12346
2012-09-20 23:00:00,188.52602
2012-09-21 00:00:00,183.20584
2012-09-21 01:00:00,165.12144
2012-09-21 02:00:00,165.12144
2012-09-21 03:00:00,148.51817
2012-09-21 04:00:00,143.95656
2012-09-21 05:00:00,128.554
2012-09-21 06:00:00,148.51817
2012-09-21 07:00:00,149.71889
2012-09-21 08:00:00,174.64062
2012-09-21 09:00:00,201.54106
2012-09-21 10:00:00,247.29088
2012-09-21 11:00:00,267.034
2012-09-21 12:00:00,269.75693
2012-09-21 13:00:00,284.734
2012-09-21 14:00:00,291.57135
2012-09-21 15:00:00,287.77338
2012-09-21 16:00:00,286.25113
2012-09-21 17:00:00,275.83566
2012-09-21 18:00:00,256.2291
2012-09-21 19:00:00,238.17152
2012-09-21 20:00:00,221.12456
2012-09-21 21:00:00,206.07954
2012-09-21 22:00:00,203.04016
2012-09-21 23:00:00,209.88261
2012-09-22 00:00:00,208.9395
2012-09-22 01:00:00,165.03064
2012-09-22 02:00:00,141.58492
2012-09-22 03:00:00,158.50975
2012-09-22 04:00:00,158.50975
2012-09-22 05:00:00,160.79054
2012-09-22 06:00:00,159.2683
2012-09-22 07:00:00,178.15239
2012-09-22 08:00:00,209.69806
2012-09-22 09:00:00,227.18718
2012-09-22 10:00:00,249.0478
2012-09-22 11:00:00,279.8284
2012-09-22 12:00:00,298.67136
2012-09-22 13:00:00,312.63785
2012-09-22 14:00:00,323.8169
2012-09-22 15:00:00,323.40158
2012-09-22 16:00:00,311.1207
2012-09-22 17:00:00,311.1207
2012-09-22 18:00:00,297.91278
2012-09-22 19:00:00,275.26678
2012-09-22 20:00:00,290.62823
2012-09-22 21:00:00,268.20328
2012-09-22 22:00:00,263.47836
2012-09-22 23:00:00,285.04193
2012-09-23 00:00:00,347.43558
2012-09-23 01:00:00,274.45618
2012-09-23 02:00:00,275.69568
2012-09-23 03:00:00,244.91507
2012-09-23 04:00:00,235.35477
2012-09-23 05:00:00,224.54988
2012-09-23 06:00:00,209.5728
2012-09-23 07:00:00,223.03273
2012-09-23 08:00:00,247.95445
2012-09-23 09:00:00,264.49484
2012-09-23 10:00:00,290.69955
2012-09-23 11:00:00,293.35458
2012-09-23 12:00:00,295.00018
2012-09-23 13:00:00,341.19348
2012-09-23 14:00:00,342.71066
2012-09-23 15:00:00,359.63544
2012-09-23 16:00:00,364.9556
2012-09-23 17:00:00,329.52097
2012-09-23 18:00:00,312.30426
2012-09-23 19:00:00,289.62222
2012-09-23 20:00:00,289.62222
2012-09-23 21:00:00,273.7756
2012-09-23 22:00:00,262.77957
2012-09-23 23:00:00,234.12761
2012-09-24 00:00:00,207.85072
2012-09-24 01:00:00,192.48932
2012-09-24 02:00:00,210.48717
2012-09-24 03:00:00,206.33357
2012-09-24 04:00:00,185.23665
2012-09-24 05:00:00,197.97398
2012-09-24 06:00:00,210.29607
2012-09-24 07:00:00,192.48932
2012-09-24 08:00:00,243.99269
2012-09-24 09:00:00,258.99655
2012-09-24 10:00:00,275.52267
2012-09-24 11:00:00,316.70206
2012-09-24 12:00:00,328.18326
2012-09-24 13:00:00,368.2567
2012-09-24 14:00:00,358.25137
2012-09-24 15:00:00,353.0598
2012-09-24 16:00:00,347.06738
2012-09-24 17:00:00,334.15128
2012-09-24 18:00:00,309.44943
2012-09-24 19:00:00,296.0038
2012-09-24 20:00:00,254.44008
2012-09-24 21:00:00,253.27536
2012-09-24 22:00:00,257.83698
2012-09-24 23:00:00,204.81136
2012-09-25 00:00:00,194.01155
2012-09-25 01:00:00,171.35123
2012-09-25 02:00:00,150.18633
2012-09-25 03:00:00,166.39366
2012-09-25 04:00:00,168.66939
2012-09-25 05:00:00,147.9106
2012-09-25 06:00:00,160.51028
2012-09-25 07:00:00,158.98804
2012-09-25 08:00:00,201.29103
2012-09-25 09:00:00,255.47626
2012-09-25 10:00:00,275.8146
2012-09-25 11:00:00,322.04904
2012-09-25 12:00:00,332.2176
2012-09-25 13:00:00,320.0588
2012-09-25 14:00:00,350.19156
2012-09-25 15:00:00,359.433
2012-09-25 16:00:00,348.66925
2012-09-25 17:00:00,347.91074
2012-09-25 18:00:00,337.02472
2012-09-25 19:00:00,309.13174
2012-09-25 20:00:00,291.24396
2012-09-25 21:00:00,291.24396
2012-09-25 22:00:00,290.48538
2012-09-25 23:00:00,292.76617
2012-09-26 00:00:00,244.61082
2012-09-26 01:00:00,246.13303
2012-09-26 02:00:00,249.52809
2012-09-26 03:00:00,249.52809
2012-09-26 04:00:00,208.84308
2012-09-26 05:00:00,207.32591
2012-09-26 06:00:00,200.06813
2012-09-26 07:00:00,184.70674
2012-09-26 08:00:00,211.12387
2012-09-26 09:00:00,257.2297
2012-09-26 10:00:00,229.98994
2012-09-26 11:00:00,276.93167
2012-09-26 12:00:00,282.86243
2012-09-26 13:00:00,297.83948
2012-09-26 14:00:00,339.13184
2012-09-26 15:00:00,339.89044
2012-09-26 16:00:00,348.37338
2012-09-26 17:00:00,339.89044
2012-09-26 18:00:00,336.09244
2012-09-26 19:00:00,307.1221
2012-09-26 20:00:00,250.93376
2012-09-26 21:00:00,263.2558
2012-09-26 22:00:00,254.86433
2012-09-26 23:00:00,214.69098
2012-09-27 00:00:00,200.66068
2012-09-27 01:00:00,200.66068
2012-09-27 02:00:00,200.66066
2012-09-27 03:00:00,196.09903
2012-09-27 04:00:00,138.07353
2012-09-27 05:00:00,170.88417
2012-09-27 06:00:00,154.2809
2012-09-27 07:00:00,196.09904
2012-09-27 08:00:00,232.03658
2012-09-27 09:00:00,253.37909
2012-09-27 10:00:00,328.11826
2012-09-27 11:00:00,327.8018
2012-09-27 12:00:00,337.20663
2012-09-27 13:00:00,330.36932
2012-09-27 14:00:00,349.908
2012-09-27 15:00:00,345.34634
2012-09-27 16:00:00,314.5978
2012-09-27 17:00:00,261.92975
2012-09-27 18:00:00,258.1318
2012-09-27 19:00:00,260.2164
2012-09-27 20:00:00,252.3963
2012-09-27 21:00:00,208.9306
2012-09-27 22:00:00,208.9306
2012-09-27 23:00:00,202.09325
2012-09-28 00:00:00,176.87837
2012-09-28 01:00:00,168.51878
2012-09-28 02:00:00,183.71571
2012-09-28 03:00:00,189.13286
2012-09-28 04:00:00,166.39111
2012-09-28 05:00:00,149.71928
2012-09-28 06:00:00,141.47365
2012-09-28 07:00:00,136.91203
2012-09-28 08:00:00,181.18132
2012-09-28 09:00:00,193.37807
2012-09-28 10:00:00,216.03325
2012-09-28 11:00:00,246.73286
2012-09-28 12:00:00,317.35446
2012-09-28 13:00:00,326.596
2012-09-28 14:00:00,317.35446
2012-09-28 15:00:00,313.1412
2012-09-28 16:00:00,316.6615
2012-09-28 17:00:00,308.13742
2012-09-28 18:00:00,314.97592
2012-09-28 19:00:00,320.4834
2012-09-28 20:00:00,304.99973
2012-09-28 21:00:00,306.51694
2012-09-28 22:00:00,280.37427
2012-09-28 23:00:00,263.84818
2012-09-29 00:00:00,242.97475
2012-09-29 01:00:00,242.97475
2012-09-29 02:00:00,260.97263
2012-09-29 03:00:00,244.4465
2012-09-29 04:00:00,241.81009
2012-09-29 05:00:00,220.68628
2012-09-29 06:00:00,223.7257
2012-09-29 07:00:00,207.19038
2012-09-29 08:00:00,209.84535
2012-09-29 09:00:00,220.68628
2012-09-29 10:00:00,256.81393
2012-09-29 11:00:00,276.39374
2012-09-29 12:00:00,340.47485
2012-09-29 13:00:00,340.47485
2012-09-29 14:00:00,339.58902
2012-09-29 15:00:00,330.3475
2012-09-29 16:00:00,338.19406
2012-09-29 17:00:00,351.07028
2012-09-29 18:00:00,290.31516
2012-09-29 19:00:00,249.57558
2012-09-29 20:00:00,251.09273
2012-09-29 21:00:00,248.05336
2012-09-29 22:00:00,216.12975
2012-09-29 23:00:00,227.69322
2012-09-30 00:00:00,223.1316
2012-09-30 01:00:00,223.1316
2012-09-30 02:00:00,205.07405
2012-09-30 03:00:00,191.55128
2012-09-30 04:00:00,191.55128
2012-09-30 05:00:00,165.85158
2012-09-30 06:00:00,170.4132
2012-09-30 07:00:00,150.44902
2012-09-30 08:00:00,198.0722
2012-09-30 09:00:00,221.89209
2012-09-30 10:00:00,294.56033
2012-09-30 11:00:00,328.83032
2012-09-30 12:00:00,340.47485
2012-09-30 13:00:00,338.19406
2012-09-30 14:00:00,338.19406
2012-09-30 15:00:00,355.28214
2012-09-30 16:00:00,353.76498
2012-09-30 17:00:00,358.1993
2012-09-30 18:00:00,251.69191
2012-09-30 19:00:00,201.27394
2012-09-30 20:00:00,201.27394
2012-09-30 21:00:00,195.407
2012-09-30 22:00:00,177.34946
2012-09-30 23:00:00,181.91106
2012-10-20 00:00:00,147.61934
2012-10-20 01:00:00,178.42444
2012-10-20 02:00:00,155.76921
2012-10-20 03:00:00,151.52402
2012-10-20 04:00:00,165.85158
2012-10-20 05:00:00,123.54859
2012-10-20 06:00:00,163.16975
2012-10-20 07:00:00,123.54859
2012-10-20 08:00:00,193.82701
2012-10-20 09:00:00,229.96895
2012-10-20 10:00:00,257.29486
2012-10-20 11:00:00,267.6188
2012-10-20 12:00:00,285.75864
2012-10-20 13:00:00,298.03955
2012-10-20 14:00:00,298.92154
2012-10-20 15:00:00,289.68002
2012-10-20 16:00:00,301.46332
2012-10-20 17:00:00,313.82648
2012-10-20 18:00:00,301.9031
2012-10-20 19:00:00,273.0961
2012-10-20 20:00:00,296.14078
2012-10-20 21:00:00,259.9989
2012-10-20 22:00:00,235.86253
2012-10-20 23:00:00,203.21638
2012-10-21 00:00:00,229.66039
2012-10-21 01:00:00,214.61537
2012-10-21 02:00:00,193.51839
2012-10-21 03:00:00,171.63606
2012-10-21 04:00:00,146.16917
2012-10-21 05:00:00,171.63606
2012-10-21 06:00:00,185.15883
2012-10-21 07:00:00,185.15883
2012-10-21 08:00:00,175.49178
2012-10-21 09:00:00,232.31538
2012-10-21 10:00:00,272.21414
2012-10-21 11:00:00,291.82077
2012-10-21 12:00:00,312.98566
2012-10-21 13:00:00,321.07916
2012-10-21 14:00:00,324.20078
2012-10-21 15:00:00,331.04324
2012-10-21 16:00:00,313.82648
2012-10-21 17:00:00,303.42032
2012-10-21 18:00:00,300.3809
2012-10-21 19:00:00,283.8599
2012-10-21 20:00:00,273.48047
2012-10-21 21:00:00,223.898
2012-10-21 22:00:00,215.53845
2012-10-21 23:00:00,221.30077
2012-10-22 00:00:00,183.82114
2012-10-22 01:00:00,156.09653
2012-10-22 02:00:00,150.33418
2012-10-22 03:00:00,183.82114
2012-10-22 04:00:00,165.73676
2012-10-22 05:00:00,139.49324
2012-10-22 06:00:00,129.68095
2012-10-22 07:00:00,170.29836
2012-10-22 08:00:00,179.91643
2012-10-22 09:00:00,202.53563
2012-10-22 10:00:00,234.11595
2012-10-22 11:00:00,315.18497
2012-10-22 12:00:00,318.74872
2012-10-22 13:00:00,369.26593
2012-10-22 14:00:00,372.89413
2012-10-22 15:00:00,370.9515
2012-10-22 16:00:00,356.94388
2012-10-22 17:00:00,353.90454
2012-10-22 18:00:00,223.23624
2012-10-22 19:00:00,254.44006
2012-10-22 20:00:00,227.11415
2012-10-22 21:00:00,195.97594
2012-10-22 22:00:00,146.28163
2012-10-22 23:00:00,144.76451
2012-10-23 00:00:00,129.32082
2012-10-23 01:00:00,163.20642
2012-10-23 02:00:00,122.063034
2012-10-23 03:00:00,155.94868
2012-10-23 04:00:00,148.66917
2012-10-23 05:00:00,153.67296
2012-10-23 06:00:00,126.772514
2012-10-23 07:00:00,160.10735
2012-10-23 08:00:00,180.48686
2012-10-23 09:00:00,192.74329
2012-10-23 10:00:00,230.23811
2012-10-23 11:00:00,285.28857
2012-10-23 12:00:00,318.77518
2012-10-23 13:00:00,322.0601
2012-10-23 14:00:00,341.4332
2012-10-23 15:00:00,344.4726
2012-10-23 16:00:00,328.3937
2012-10-23 17:00:00,333.07364
2012-10-23 18:00:00,291.53574
2012-10-23 19:00:00,279.21365
2012-10-23 20:00:00,236.25124
2012-10-23 21:00:00,211.32954
2012-10-23 22:00:00,216.6497
2012-10-23 23:00:00,195.51164
2012-10-24 00:00:00,194.75304
2012-10-24 01:00:00,205.59398
2012-10-24 02:00:00,205.59401
2012-10-24 03:00:00,170.90633
2012-10-24 04:00:00,170.90633
2012-10-24 05:00:00,150.94214
2012-10-24 06:00:00,150.52684
2012-10-24 07:00:00,137.0207
2012-10-24 08:00:00,164.62
2012-10-24 09:00:00,182.34447
2012-10-24 10:00:00,195.86725
2012-10-24 11:00:00,229.4139
2012-10-24 12:00:00,262.84164
2012-10-24 13:00:00,287.26468
2012-10-24 14:00:00,388.982
2012-10-24 15:00:00,346.24045
2012-10-24 16:00:00,373.6617
2012-10-24 17:00:00,308.82825
2012-10-24 18:00:00,318.0698
2012-10-24 19:00:00,298.89706
2012-10-24 20:00:00,268.5175
2012-10-24 21:00:00,269.2761
2012-10-24 22:00:00,259.86615
2012-10-24 23:00:00,227.32927
2012-10-25 00:00:00,258.349
2012-10-25 01:00:00,217.09184
2012-10-25 02:00:00,177.8694
2012-10-25 03:00:00,150.7346
2012-10-25 04:00:00,149.21745
2012-10-25 05:00:00,152.25682
2012-10-25 06:00:00,153.77397
2012-10-25 07:00:00,153.77397
2012-10-25 08:00:00,167.65938
2012-10-25 09:00:00,169.17653
2012-10-25 10:00:00,171.89946
2012-10-25 11:00:00,170.38234
2012-10-25 12:00:00,191.52042
2012-10-25 13:00:00,186.20021
2012-10-25 14:00:00,222.38893
2012-10-25 15:00:00,252.79533
2012-10-25 16:00:00,236.2332
2012-10-25 17:00:00,236.2332
2012-10-25 18:00:00,170.44203
2012-10-25 19:00:00,169.26306
2012-10-25 20:00:00,150.7346
2012-10-25 21:00:00,150.7346
2012-10-25 22:00:00,169.62375
2012-10-25 23:00:00,171.89948
2012-10-26 00:00:00,183.54521
2012-10-26 01:00:00,148.45888
2012-10-26 02:00:00,149.21745
2012-10-26 03:00:00,152.25682
2012-10-26 04:00:00,152.25682
2012-10-26 05:00:00,149.21745
2012-10-26 06:00:00,148.45888
2012-10-26 07:00:00,149.21745
2012-10-26 08:00:00,156.49693
2012-10-26 09:00:00,156.49693
2012-10-26 10:00:00,154.97978
2012-10-26 11:00:00,194.5598
2012-10-26 12:00:00,217.2418
2012-10-26 13:00:00,229.60501
2012-10-26 14:00:00,259.86615
2012-10-26 15:00:00,269.2761
2012-10-26 16:00:00,215.72469
2012-10-26 17:00:00,202.23796
2012-10-26 18:00:00,193.03755
2012-10-26 19:00:00,173.42172
2012-10-26 20:00:00,173.42174
2012-10-26 21:00:00,190.38255
2012-10-26 22:00:00,166.13713
2012-10-26 23:00:00,161.98355
2012-10-27 00:00:00,140.63412
2012-10-27 01:00:00,146.30992
2012-10-27 02:00:00,149.3493
2012-10-27 03:00:00,142.15636
2012-10-27 04:00:00,147.83217
2012-10-27 05:00:00,167.83237
2012-10-27 06:00:00,167.83237
2012-10-27 07:00:00,153.34056
2012-10-27 08:00:00,180.5985
2012-10-27 09:00:00,180.5985
2012-10-27 10:00:00,205.96748
2012-10-27 11:00:00,239.4276
2012-10-27 12:00:00,299.54236
2012-10-27 13:00:00,330.3475
2012-10-27 14:00:00,321.10596
2012-10-27 15:00:00,257.42545
2012-10-27 16:00:00,245.10341
2012-10-27 17:00:00,245.10341
2012-10-27 18:00:00,245.10341
2012-10-27 19:00:00,205.92207
2012-10-27 20:00:00,205.92207
2012-10-27 21:00:00,205.92207
2012-10-27 22:00:00,207.43922
2012-10-27 23:00:00,226.60371
2012-10-28 00:00:00,227.7179
2012-10-28 01:00:00,203.1991
2012-10-28 02:00:00,216.27974
2012-10-28 03:00:00,233.20454
2012-10-28 04:00:00,234.7217
2012-10-28 05:00:00,231.68233
2012-10-28 06:00:00,245.52658
2012-10-28 07:00:00,244.00435
2012-10-28 08:00:00,256.92044
2012-10-28 09:00:00,262.40512
2012-10-28 10:00:00,268.99167
2012-10-28 11:00:00,273.21005
2012-10-28 12:00:00,248.14557
2012-10-28 13:00:00,244.34758
2012-10-28 14:00:00,251.60535
2012-10-28 15:00:00,241.559
2012-10-28 16:00:00,227.66014
2012-10-28 17:00:00,194.13206
2012-10-28 18:00:00,128.74326
2012-10-28 19:00:00,121.905914
2012-10-28 20:00:00,127.22611
2012-10-28 21:00:00,149.19072
2012-10-28 22:00:00,146.15135
2012-10-28 23:00:00,121.905914
2012-10-29 00:00:00,144.81364
2012-10-30 13:00:00,109.86776
2012-10-30 14:00:00,109.86776
2012-10-30 15:00:00,90.141304
2012-10-30 16:00:00,90.141304
2012-10-30 17:00:00,88.62415
2012-10-30 18:00:00,88.112495
2012-10-30 19:00:00,209.62184
2012-10-30 20:00:00,99.909164
2012-10-30 21:00:00,84.99633
2012-10-30 22:00:00,95.24394
2012-10-30 23:00:00,95.24394
2012-10-31 00:00:00,103.4794
2012-10-31 01:00:00,102.72083
2012-10-31 02:00:00,100.91975
2012-10-31 03:00:00,103.4794
2012-10-31 04:00:00,81.426094
2012-10-31 05:00:00,100.91975
2012-10-31 06:00:00,96.766174
2012-10-31 07:00:00,82.43668
2012-10-31 08:00:00,105.05625
2012-10-31 09:00:00,122.14435
2012-10-31 10:00:00,146.83345
2012-10-31 11:00:00,168.94923
2012-10-31 12:00:00,206.0199
2012-10-31 13:00:00,237.92177
2012-10-31 14:00:00,243.59761
2012-10-31 15:00:00,222.56032
2012-10-31 16:00:00,231.27554
2012-10-31 17:00:00,210.17859
2012-10-31 18:00:00,210.17859
2012-10-31 19:00:00,236.33983
2012-10-31 20:00:00,236.33983
2012-10-31 21:00:00,236.33983
2012-10-31 22:00:00,186.43639
2012-10-31 23:00:00,188.21066
2012-11-20 00:00:00,138.94188
2012-11-20 01:00:00,155.50911
2012-11-20 02:00:00,123.858894
2012-11-20 03:00:00,145.78236
2012-11-20 04:00:00,161.66466
2012-11-20 05:00:00,158.62529
2012-11-20 06:00:00,144.74498
2012-11-20 07:00:00,118.1831
2012-11-20 08:00:00,137.54689
2012-11-20 09:00:00,150.2745
2012-11-20 10:00:00,181.73653
2012-11-20 11:00:00,184.39153
2012-11-20 12:00:00,179.82991
2012-11-20 13:00:00,213.31685
2012-11-20 14:00:00,218.63708
2012-11-20 15:00:00,233.61414
2012-11-20 16:00:00,199.79408
2012-11-20 17:00:00,170.13194
2012-11-20 18:00:00,181.73653
2012-11-20 19:00:00,161.77235
2012-11-20 20:00:00,140.60744
2012-11-20 21:00:00,144.59868
2012-11-20 22:00:00,144.59868
2012-11-20 23:00:00,103.5391
2012-11-21 00:00:00,108.03122
2012-11-21 01:00:00,103.5391
2012-11-21 02:00:00,69.5082
2012-11-21 03:00:00,69.5082
2012-11-21 04:00:00,69.5082
2012-11-21 05:00:00,69.5082
2012-11-21 06:00:00,72.7996
2012-11-21 07:00:00,67.064095
2012-11-21 08:00:00,96.95847
2012-11-21 09:00:00,118.18308
2012-11-21 10:00:00,172.32326
2012-11-21 11:00:00,230.664
2012-11-21 12:00:00,269.88644
2012-11-21 13:00:00,289.89175
2012-11-21 14:00:00,300.26608
2012-11-21 15:00:00,285.7094
2012-11-21 16:00:00,291.49118
2012-11-21 17:00:00,259.95197
2012-11-21 18:00:00,268.80914
2012-11-21 19:00:00,246.46526
2012-11-21 20:00:00,170.91167
2012-11-21 21:00:00,209.28941
2012-11-21 22:00:00,206.60759
2012-11-21 23:00:00,163.90593
2012-11-22 00:00:00,141.16681
2012-11-22 01:00:00,132.74947
2012-11-22 02:00:00,86.396515
2012-11-22 03:00:00,87.15509
2012-11-22 04:00:00,63.457375
2012-11-22 05:00:00,87.15509
2012-11-22 06:00:00,108.29316
2012-11-22 07:00:00,78.859924
2012-11-22 08:00:00,84.595436
2012-11-22 09:00:00,138.00017
2012-11-22 10:00:00,181.14784
2012-11-22 11:00:00,250.98764
2012-11-22 12:00:00,270.67142
2012-11-22 13:00:00,288.72897
2012-11-22 14:00:00,300.65237
2012-11-22 15:00:00,300.65237
2012-11-22 16:00:00,282.56796
2012-11-22 17:00:00,270.67142
2012-11-22 18:00:00,234.52943
2012-11-22 19:00:00,121.37472
2012-11-22 20:00:00,131.01494
2012-11-22 21:00:00,162.3317
2012-11-22 22:00:00,156.08455
2012-11-22 23:00:00,122.597595
2012-11-23 00:00:00,140.08604
2012-11-23 01:00:00,91.28266
2012-11-23 02:00:00,104.03023
2012-11-23 03:00:00,118.921135
2012-11-23 04:00:00,94.97649
2012-11-23 05:00:00,79.29999
2012-11-23 06:00:00,79.29999
2012-11-23 07:00:00,79.29999
2012-11-23 08:00:00,57.25177
2012-11-23 09:00:00,106.47434
2012-11-23 10:00:00,169.87425
2012-11-23 11:00:00,230.664
2012-11-23 12:00:00,282.1674
2012-11-23 13:00:00,289.42514
2012-11-23 14:00:00,305.56174
2012-11-23 15:00:00,284.42374
2012-11-23 16:00:00,282.5036
2012-11-23 17:00:00,287.90604
2012-11-23 18:00:00,262.17953
2012-11-23 19:00:00,261.29758
2012-11-23 20:00:00,270.30692
2012-11-23 21:00:00,260.17828
2012-11-23 22:00:00,311.24973
2012-11-23 23:00:00,286.28683
2012-11-24 00:00:00,283.4473
2012-11-24 01:00:00,234.279
2012-11-24 02:00:00,243.83696
2012-11-24 03:00:00,217.33878
2012-11-24 04:00:00,208.01126
2012-11-24 05:00:00,206.0093
2012-11-24 06:00:00,188.72462
2012-11-24 07:00:00,211.68512
2012-11-24 08:00:00,205.20412
2012-11-24 09:00:00,213.68709
2012-11-24 10:00:00,200.92134
2012-11-24 11:00:00,219.97517
2012-11-24 12:00:00,253.01878
2012-11-24 13:00:00,246.77202
2012-11-24 14:00:00,258.80093
2012-11-24 15:00:00,243.79704
2012-11-24 16:00:00,227.06514
2012-11-24 17:00:00,209.04868
2012-11-24 18:00:00,218.29022
2012-11-24 19:00:00,206.25621
2012-11-24 20:00:00,188.72462
2012-11-24 21:00:00,188.2398
2012-11-24 22:00:00,191.27916
2012-11-24 23:00:00,188.2398
2012-11-25 00:00:00,176.27531
2012-11-25 01:00:00,186.55424
2012-11-25 02:00:00,186.78705
2012-11-25 03:00:00,188.85426
2012-11-25 04:00:00,188.85426
2012-11-25 05:00:00,181.47137
2012-11-25 06:00:00,182.48198
2012-11-25 07:00:00,170.15993
2012-11-25 08:00:00,170.66647
2012-11-25 09:00:00,183.1158
2012-11-25 10:00:00,178.95714
2012-11-25 11:00:00,214.4917
2012-11-25 12:00:00,214.4917
2012-11-25 13:00:00,211.45232
2012-11-25 14:00:00,224.4262
2012-11-25 15:00:00,218.75038
2012-11-25 16:00:00,226.4748
2012-11-25 17:00:00,211.51204
2012-11-25 18:00:00,196.53494
2012-11-25 19:00:00,209.59364
2012-11-25 20:00:00,145.32843
2012-11-25 21:00:00,188.03008
2012-11-25 22:00:00,145.32843
2012-11-25 23:00:00,112.35313
2012-11-26 00:00:00,110.50379
2012-11-26 01:00:00,104.76826
2012-11-26 02:00:00,104.76826
2012-11-26 03:00:00,104.76826
2012-11-26 04:00:00,110.50379
2012-11-26 05:00:00,106.68662
2012-11-26 06:00:00,110.50379
2012-11-26 07:00:00,128.58817
2012-11-26 08:00:00,128.58817
2012-11-26 09:00:00,168.29546
2012-11-26 10:00:00,200.87206
2012-11-26 11:00:00,276.03082
2012-11-26 12:00:00,278.05063
2012-11-26 13:00:00,278.05063
2012-11-26 14:00:00,272.73044
2012-11-26 15:00:00,277.29202
2012-11-26 16:00:00,293.89536
2012-11-26 17:00:00,281.972
2012-11-26 18:00:00,209.5222
2012-11-26 19:00:00,194.28554
2012-11-26 20:00:00,206.60759
2012-11-26 21:00:00,206.60759
2012-11-26 22:00:00,163.90593
2012-11-26 23:00:00,155.4226
2012-11-27 00:00:00,154.66402
2012-11-27 01:00:00,144.61769
2012-11-27 02:00:00,142.08995
2012-11-27 03:00:00,150.29352
2012-11-27 04:00:00,105.58498
2012-11-27 05:00:00,101.4314
2012-11-27 06:00:00,102.44198
2012-11-27 07:00:00,106.59556
2012-11-27 08:00:00,113.880135
2012-11-27 09:00:00,110.73206
2012-11-27 10:00:00,115.397285
2012-11-27 11:00:00,88.345314
2012-11-27 12:00:00,87.17141
2012-11-27 13:00:00,84.37896
2012-11-27 14:00:00,85.64916
2012-11-27 15:00:00,119.63564
2012-11-27 16:00:00,119.63564
2012-11-27 17:00:00,124.19726
2012-11-27 18:00:00,82.96829
2012-11-27 19:00:00,112.699776
2012-11-27 20:00:00,99.93421
2012-11-27 21:00:00,73.408
2012-11-27 22:00:00,75.456
2012-11-27 23:00:00,87.373886
2012-11-28 00:00:00,105.85697
2012-11-28 01:00:00,108.41662
2012-11-28 02:00:00,108.41662
2012-11-28 03:00:00,123.81916
2012-11-28 04:00:00,122.29693
2012-11-28 05:00:00,123.307526
2012-11-28 06:00:00,139.22174
2012-11-28 07:00:00,165.42409
2012-11-28 08:00:00,138.09874
2012-11-28 09:00:00,177.80583
2012-11-28 10:00:00,196.37993
2012-11-28 11:00:00,213.42694
2012-11-28 12:00:00,231.6762
2012-11-28 13:00:00,229.92117
2012-11-28 14:00:00,243.0879
2012-11-28 15:00:00,269.25418
2012-11-28 16:00:00,274.69272
2012-11-28 17:00:00,260.76736
2012-11-28 18:00:00,252.39505
2012-11-28 19:00:00,241.15157
2012-11-28 20:00:00,243.67928
2012-11-28 21:00:00,226.14766
2012-11-28 22:00:00,197.85226
2012-11-28 23:00:00,185.40297
2012-11-29 00:00:00,152.74763
2012-11-29 01:00:00,126.418
2012-11-29 02:00:00,125.90634
2012-11-29 04:00:00,82.720055
2012-11-29 05:00:00,104.76826
2012-11-29 06:00:00,110.50379
2012-11-29 07:00:00,120.170815
2012-11-29 08:00:00,101.96168
2012-11-29 09:00:00,143.99074
2012-11-29 10:00:00,140.57085
2012-11-29 11:00:00,252.60826
2012-11-29 12:00:00,240.32733
2012-11-29 13:00:00,277.3115
2012-11-29 14:00:00,234.12515
2012-11-29 15:00:00,233.0878
2012-11-29 16:00:00,243.36671
2012-11-29 17:00:00,239.16267
2012-11-29 18:00:00,201.10487
2012-11-29 19:00:00,183.56816
2012-11-29 20:00:00,186.10101
2012-11-29 21:00:00,133.03426
2012-11-29 22:00:00,119.43278
2012-11-29 23:00:00,152.40807
2012-11-30 00:00:00,115.103966
2012-11-30 01:00:00,109.620476
2012-11-30 02:00:00,97.783066
2012-11-30 03:00:00,97.783066
2012-11-30 04:00:00,92.02072
2012-11-30 05:00:00,70.88265
2012-11-30 06:00:00,52.39957
2012-11-30 07:00:00,76.61816
2012-11-30 08:00:00,82.805626
2012-11-30 09:00:00,94.2179
2012-11-30 10:00:00,151.49736
2012-11-30 11:00:00,200.473
2012-11-30 12:00:00,233.0228
2012-11-30 13:00:00,265.62775
2012-11-30 14:00:00,262.5884
2012-11-30 15:00:00,274.48495
2012-11-30 16:00:00,249.18823
2012-11-30 17:00:00,211.03935
2012-11-30 18:00:00,175.31726
2012-11-30 19:00:00,148.50337
2012-11-30 20:00:00,148.50337
2012-11-30 21:00:00,115.52807
2012-11-30 22:00:00,115.01644
2012-11-30 23:00:00,121.20388
2012-12-20 00:00:00,166.66649
2012-12-20 01:00:00,148.50337
2012-12-20 02:00:00,148.50337
2012-12-20 03:00:00,136.60646
2012-12-20 04:00:00,136.60646
2012-12-20 05:00:00,137.36505
2012-12-20 06:00:00,151.49736
2012-12-20 07:00:00,136.0948
2012-12-20 08:00:00,136.0948
2012-12-20 09:00:00,136.0948
2012-12-20 10:00:00,150.1024
2012-12-20 11:00:00,186.86153
2012-12-20 12:00:00,205.95651
2012-12-20 13:00:00,195.1516
2012-12-20 14:00:00,207.47363
2012-12-20 15:00:00,189.38927
2012-12-20 16:00:00,200.42699
2012-12-20 17:00:00,161.66466
2012-12-20 18:00:00,146.2621
2012-12-20 19:00:00,150.92732
2012-12-20 20:00:00,135.0182
2012-12-20 21:00:00,135.0182
2012-12-20 22:00:00,102.64974
2012-12-20 23:00:00,148.75946
2012-12-21 00:00:00,68.84747
2012-12-21 01:00:00,79.171425
2012-12-21 02:00:00,66.423904
2012-12-21 03:00:00,66.423904
2012-12-21 04:00:00,91.93017
2012-12-21 05:00:00,66.9673
2012-12-21 06:00:00,129.80664
2012-12-21 07:00:00,116.48931
2012-12-21 08:00:00,116.97414
2012-12-21 09:00:00,159.4882
2012-12-21 10:00:00,162.5742
2012-12-21 11:00:00,165.9692
2012-12-21 12:00:00,172.17134
2012-12-21 13:00:00,175.21071
2012-12-21 14:00:00,176.73296
2012-12-21 15:00:00,158.68971
2012-12-21 16:00:00,164.89185
2012-12-21 17:00:00,96.9753
2012-12-21 18:00:00,95.453064
2012-12-21 19:00:00,133.47522
2012-12-21 20:00:00,147.56642
2012-12-21 21:00:00,142.0637
2012-12-21 22:00:00,126.74339
2012-12-21 23:00:00,130.0348
2012-12-22 00:00:00,138.44264
2012-12-22 01:00:00,131.6053
2012-12-22 02:00:00,135.40327
2012-12-22 03:00:00,119.28326
2012-12-22 04:00:00,118.56562
2012-12-22 05:00:00,121.837814
2012-12-22 06:00:00,134.15987
2012-12-22 07:00:00,134.15987
2012-12-22 08:00:00,139.9598
2012-12-22 09:00:00,120.32067
2012-12-22 10:00:00,117.28129
2012-12-22 11:00:00,150.17433
2012-12-22 12:00:00,182.45937
2012-12-22 13:00:00,181.63634
2012-12-22 14:00:00,182.39494
2012-12-22 15:00:00,193.63844
2012-12-22 16:00:00,166.63249
2012-12-22 17:00:00,147.13495
2012-12-22 18:00:00,132.36388
2012-12-22 19:00:00,113.03608
2012-12-22 20:00:00,111.286125
2012-12-22 21:00:00,98.31104
2012-12-22 22:00:00,98.31104
2012-12-22 23:00:00,97.82621
2012-12-23 00:00:00,110.63308
2012-12-23 01:00:00,110.14826
2012-12-23 02:00:00,90.54673
2012-12-23 03:00:00,89.0245
2012-12-23 04:00:00,101.34655
2012-12-23 05:00:00,94.390724
2012-12-23 06:00:00,39.281063
2012-12-23 07:00:00,39.281063
2012-12-23 08:00:00,14.824767
2012-12-23 09:00:00,66.940056
2012-12-23 10:00:00,57.779575
2012-12-23 11:00:00,96.43125
2012-12-23 12:00:00,148.54655
2012-12-23 13:00:00,165.04585
2012-12-23 14:00:00,195.17343
2012-12-23 15:00:00,185.6991
2012-12-23 16:00:00,188.73848
2012-12-23 17:00:00,136.7953
2012-12-23 18:00:00,141.83783
2012-12-23 19:00:00,150.84657
2012-12-23 20:00:00,68.49693
2012-12-23 21:00:00,47.35887
2012-12-23 22:00:00,75.3574
2012-12-23 23:00:00,78.16398
2012-12-24 00:00:00,43.339355
2012-12-24 01:00:00,43.33934
2012-12-24 02:00:00,19.120785
2012-12-24 03:00:00,19.120785
2012-12-24 05:00:00,-7.383526
2012-12-24 06:00:00,19.120785
2012-12-24 07:00:00,37.603836
2012-12-24 08:00:00,43.33934
2012-12-24 09:00:00,64.29297
2012-12-24 10:00:00,72.83506
2012-12-24 11:00:00,84.420456
2012-12-24 12:00:00,106.80682
2012-12-24 13:00:00,20.68061
2012-12-24 14:00:00,2.1975546
2012-12-24 15:00:00,0.14954472
2012-12-24 16:00:00,0.14954472
2012-12-24 17:00:00,-17.322918
2012-12-24 18:00:00,-16.285522
2012-12-24 19:00:00,-24.52097
2012-12-24 20:00:00,-18.845161
2012-12-24 21:00:00,-17.044083
2012-12-24 22:00:00,-19.154747
2012-12-24 23:00:00,-13.478938
2012-12-25 00:00:00,-24.865482
2012-12-25 01:00:00,-6.574712
2012-12-25 02:00:00,-6.574712
2012-12-25 04:00:00,-12.058234
2012-12-25 05:00:00,-38.077896
2012-12-25 06:00:00,-38.077896
2012-12-25 07:00:00,-36.55566
2012-12-25 08:00:00,-8.493077
2012-12-25 09:00:00,-16.61985
2012-12-25 10:00:00,15.812045
2012-12-25 11:00:00,40.542248
2012-12-25 12:00:00,43.197258
2012-12-25 13:00:00,162.52061
2012-12-25 14:00:00,167.55807
2012-12-25 15:00:00,135.01614
2012-12-25 16:00:00,140.69197
2012-12-25 17:00:00,107.6305
2012-12-25 18:00:00,79.90591
2012-12-25 19:00:00,78.388756
2012-12-25 20:00:00,81.428154
2012-12-25 21:00:00,74.21151
2012-12-25 22:00:00,61.34178
2012-12-25 23:00:00,71.48856
2012-12-26 00:00:00,79.30995
2012-12-26 01:00:00,67.72847
2012-12-26 02:00:00,67.72847
2012-12-26 03:00:00,49.60296
2012-12-26 04:00:00,41.272133
2012-12-26 05:00:00,47.199966
2012-12-26 06:00:00,44.160583
2012-12-26 07:00:00,-7.024398
2012-12-26 08:00:00,-7.024398
2012-12-26 09:00:00,-7.024398
2012-12-26 10:00:00,-8.54666
2012-12-26 11:00:00,-4.237034
2012-12-26 12:00:00,-4.3425665
2012-12-26 13:00:00,-4.3425665
2012-12-26 14:00:00,-22.578716
2012-12-26 15:00:00,8.672434
2012-12-26 16:00:00,8.672434
2012-12-26 17:00:00,-9.810637
2012-12-26 18:00:00,-3.0377035
2012-12-26 19:00:00,19.937496
2012-12-26 20:00:00,10.229301
2012-12-26 21:00:00,15.505072
2012-12-26 22:00:00,-15.06133
2012-12-26 23:00:00,5.6330533
2012-12-27 00:00:00,5.6330533
2012-12-27 01:00:00,-15.06133
2012-12-27 02:00:00,-2.2540689
2012-12-27 03:00:00,-5.5262737
2012-12-27 04:00:00,-4.2828646
2012-12-27 05:00:00,26.77464
2012-12-27 06:00:00,46.714508
2012-12-27 07:00:00,41.1666
2012-12-27 08:00:00,65.09203
2012-12-27 09:00:00,83.25515
2012-12-27 10:00:00,102.86178
2012-12-27 11:00:00,108.789604
2012-12-27 12:00:00,135.24828
2012-12-27 13:00:00,135.24828
2012-12-27 14:00:00,102.77524
2012-12-27 15:00:00,98.97729
2012-12-27 16:00:00,111.06652
2012-12-27 17:00:00,111.06652
2012-12-27 18:00:00,79.164665
2012-12-27 19:00:00,70.934296
2012-12-27 20:00:00,72.9823
2012-12-27 21:00:00,79.164665
2012-12-27 22:00:00,76.610115
2012-12-27 23:00:00,79.164665
2012-12-28 00:00:00,78.65812
2012-12-28 01:00:00,70.44947
2012-12-28 02:00:00,73.48885
2012-12-28 03:00:00,78.65812
2012-12-28 04:00:00,79.695526
2012-12-28 05:00:00,78.93695
2012-12-28 06:00:00,56.926704
2012-12-28 07:00:00,54.92473
2012-12-28 08:00:00,77.13589
2012-12-28 09:00:00,76.610115
2012-12-28 10:00:00,97.22224
2012-12-28 11:00:00,117.839455
2012-12-28 12:00:00,132.33168
2012-12-28 13:00:00,132.33168
2012-12-28 14:00:00,132.33168
2012-12-28 15:00:00,129.57114
2012-12-28 16:00:00,126.65587
2012-12-28 17:00:00,71.46006
2012-12-28 18:00:00,71.46006
2012-12-28 19:00:00,60.722733
2012-12-28 20:00:00,64.29297
2012-12-28 21:00:00,46.330772
2012-12-28 22:00:00,48.131836
2012-12-28 23:00:00,63.534393
2012-12-29 00:00:00,40.831112
2012-12-29 01:00:00,29.990181
2012-12-29 02:00:00,40.831112
2012-12-29 03:00:00,25.428566
2012-12-29 04:00:00,29.990181
2012-12-29 05:00:00,29.990181
2012-12-29 06:00:00,47.83685
2012-12-29 07:00:00,49.354004
2012-12-29 08:00:00,8.631032
2012-12-29 09:00:00,8.631056
2012-12-29 10:00:00,21.14421
2012-12-29 11:00:00,-23.154282
2012-12-29 12:00:00,-49.279472
2012-12-29 13:00:00,-49.279472
2012-12-29 14:00:00,-6.975937
2012-12-29 15:00:00,-11.537566
2012-12-29 16:00:00,30.129566
2012-12-29 17:00:00,14.43644
2012-12-29 18:00:00,50.088654
2012-12-29 19:00:00,86.52845
2012-12-29 20:00:00,117.12794
2012-12-29 21:00:00,112.403015
2012-12-29 22:00:00,96.87827
2012-12-29 23:00:00,73.32176
2012-12-30 00:00:00,85.758156
2012-12-30 01:00:00,102.869545
2012-12-30 02:00:00,100.08216
2012-12-30 03:00:00,102.869545
2012-12-30 04:00:00,101.11958
2012-12-30 05:00:00,121.43485
2012-12-30 06:00:00,105.379265
2012-12-30 07:00:00,88.39198
2012-12-30 08:00:00,101.98427
2012-12-30 09:00:00,102.23629
2012-12-30 10:00:00,147.68419
2012-12-30 11:00:00,143.40141
2012-12-30 12:00:00,168.84906
2012-12-30 13:00:00,182.45937
2012-12-30 14:00:00,176.6326
2012-12-30 15:00:00,157.8987
2012-12-30 16:00:00,158.37846
2012-12-30 17:00:00,138.84486
2012-12-30 18:00:00,127.99455
2012-12-30 19:00:00,103.814705
2012-12-30 20:00:00,108.86393
2012-12-30 21:00:00,90.54673
2012-12-30 22:00:00,75.69186
2012-12-30 23:00:00,89.53614
2012-12-31 00:00:00,68.591835
2012-12-31 01:00:00,68.591835
2012-12-31 02:00:00,49.017124
2012-12-31 03:00:00,50.027714
2012-12-31 04:00:00,13.487081
2012-12-31 05:00:00,31.054913
2012-12-31 06:00:00,33.614555
2012-12-31 07:00:00,36.142303
2012-12-31 08:00:00,10.927439
2012-12-31 09:00:00,50.113277
2012-12-31 10:00:00,37.91342
2012-12-31 11:00:00,74.43974
2012-12-31 12:00:00,88.44733
2012-12-31 13:00:00,133.70866
2012-12-31 14:00:00,139.40305
2012-12-31 15:00:00,138.91821
2012-12-31 16:00:00,122.90374
2012-12-31 17:00:00,125.715416
2012-12-31 18:00:00,123.91433
2012-12-31 19:00:00,84.420456
2012-12-31 20:00:00,84.420456
2012-12-31 21:00:00,78.74464
2012-12-31 22:00:00,93.59443
2012-12-31 23:00:00,65.86982
