datetime,count
2011-01-20 00:00:00,433.60355
2011-01-20 01:00:00,323.58783
2011-01-20 02:00:00,323.58783
2011-01-20 03:00:00,370.20297
2011-01-20 04:00:00,370.20297
2011-01-20 05:00:00,408.1672
2011-01-20 06:00:00,408.7121
2011-01-20 07:00:00,382.92166
2011-01-20 08:00:00,399.96228
2011-01-20 09:00:00,370.42816
2011-01-20 10:00:00,366.7635
2011-01-20 11:00:00,316.44315
2011-01-20 12:00:00,254.31789
2011-01-20 13:00:00,299.6579
2011-01-20 14:00:00,307.6174
2011-01-20 15:00:00,324.11316
2011-01-20 16:00:00,328.24982
2011-01-20 17:00:00,319.9991
2011-01-20 18:00:00,382.23477
2011-01-20 19:00:00,416.56277
2011-01-20 20:00:00,428.18692
2011-01-20 21:00:00,420.1989
2011-01-20 22:00:00,454.26862
2011-01-20 23:00:00,467.0562
2011-01-21 00:00:00,471.77988
2011-01-21 01:00:00,471.77988
2011-01-21 02:00:00,475.80304
2011-01-21 03:00:00,540.219
2011-01-21 04:00:00,513.9363
2011-01-21 05:00:00,463.03305
2011-01-21 06:00:00,391.42767
2011-01-21 07:00:00,379.62112
2011-01-21 08:00:00,371.77634
2011-01-21 09:00:00,400.91486
2011-01-21 10:00:00,409.85693
2011-01-21 11:00:00,378.36194
2011-01-21 12:00:00,340.22992
2011-01-21 13:00:00,309.57263
2011-01-21 14:00:00,313.16434
2011-01-21 15:00:00,298.12018
2011-01-21 16:00:00,272.80032
2011-01-21 17:00:00,283.6614
2011-01-21 18:00:00,264.94952
2011-01-21 19:00:00,286.018
2011-01-21 20:00:00,327.33008
2011-01-21 21:00:00,315.58655
2011-01-21 22:00:00,360.92477
2011-01-21 23:00:00,328.6653
2011-01-22 00:00:00,331.1007
2011-01-22 01:00:00,351.84787
2011-01-22 02:00:00,313.9941
2011-01-22 03:00:00,322.5287
2011-01-22 04:00:00,363.4349
2011-01-22 06:00:00,321.76254
2011-01-22 07:00:00,335.02377
2011-01-22 08:00:00,347.55603
2011-01-22 09:00:00,310.46838
2011-01-22 10:00:00,288.95648
2011-01-22 11:00:00,264.40277
2011-01-22 12:00:00,256.40576
2011-01-22 13:00:00,207.7955
2011-01-22 14:00:00,225.99821
2011-01-22 15:00:00,169.83287
2011-01-22 16:00:00,224.95425
2011-01-22 17:00:00,170.5974
2011-01-22 18:00:00,261.8969
2011-01-22 19:00:00,245.11159
2011-01-22 20:00:00,305.5183
2011-01-22 21:00:00,264.1014
2011-01-22 22:00:00,280.55362
2011-01-22 23:00:00,351.17493
2011-01-23 00:00:00,351.17493
2011-01-23 01:00:00,351.17493
2011-01-23 02:00:00,386.0163
2011-01-23 03:00:00,386.0163
2011-01-23 05:00:00,354.7006
2011-01-23 06:00:00,354.7006
2011-01-23 07:00:00,372.2823
2011-01-23 08:00:00,393.20572
2011-01-23 09:00:00,405.71555
2011-01-23 10:00:00,371.89398
2011-01-23 11:00:00,310.05988
2011-01-23 12:00:00,346.2183
2011-01-23 13:00:00,304.83893
2011-01-23 14:00:00,270.22266
2011-01-23 15:00:00,270.22266
2011-01-23 16:00:00,251.40038
2011-01-23 17:00:00,268.7322
2011-01-23 18:00:00,252.05565
2011-01-23 19:00:00,260.59024
2011-01-23 20:00:00,283.55075
2011-01-23 21:00:00,266.51013
2011-01-23 22:00:00,277.37115
2011-01-23 23:00:00,301.67114
2011-01-24 00:00:00,306.03046
2011-01-24 01:00:00,327.20926
2011-01-24 03:00:00,343.99457
2011-01-24 04:00:00,326.69687
2011-01-24 05:00:00,326.69687
2011-01-24 06:00:00,314.1933
2011-01-24 07:00:00,289.38083
2011-01-24 08:00:00,293.99402
2011-01-24 09:00:00,252.18272
2011-01-24 10:00:00,255.48657
2011-01-24 11:00:00,314.1979
2011-01-24 12:00:00,313.58698
2011-01-24 13:00:00,326.47937
2011-01-24 14:00:00,341.95367
2011-01-24 15:00:00,290.1476
2011-01-24 16:00:00,351.5455
2011-01-24 17:00:00,367.31097
2011-01-24 18:00:00,396.94855
2011-01-24 19:00:00,362.90573
2011-01-24 20:00:00,396.94855
2011-01-24 21:00:00,409.32852
2011-01-24 22:00:00,429.64117
2011-01-24 23:00:00,442.75876
2011-01-25 00:00:00,476.8302
2011-01-25 01:00:00,443.25797
2011-01-25 02:00:00,456.51743
2011-01-25 04:00:00,449.2822
2011-01-25 05:00:00,482.8545
2011-01-25 06:00:00,448.73566
2011-01-25 07:00:00,482.30783
2011-01-25 08:00:00,460.76736
2011-01-25 09:00:00,395.5914
2011-01-25 10:00:00,378.66553
2011-01-25 11:00:00,386.37134
2011-01-25 12:00:00,352.94412
2011-01-25 13:00:00,365.4478
2011-01-25 14:00:00,269.79218
2011-01-25 15:00:00,253.77307
2011-01-25 16:00:00,253.77307
2011-01-25 17:00:00,266.2665
2011-01-25 18:00:00,315.74612
2011-01-25 19:00:00,420.15146
2011-01-25 20:00:00,425.42307
2011-01-25 21:00:00,425.42307
2011-01-25 22:00:00,412.55917
2011-01-25 23:00:00,416.08484
2011-01-26 00:00:00,433.3407
2011-01-26 01:00:00,412.1618
2011-01-26 02:00:00,453.90695
2011-01-26 05:00:00,567.20557
2011-01-26 06:00:00,567.20557
2011-01-26 07:00:00,576.3255
2011-01-26 08:00:00,576.3255
2011-01-26 09:00:00,576.3255
2011-01-26 10:00:00,603.02106
2011-01-26 11:00:00,615.55505
2011-01-26 12:00:00,615.55505
2011-01-26 13:00:00,615.55505
2011-01-26 14:00:00,624.0613
2011-01-26 15:00:00,653.63416
2011-01-26 16:00:00,619.0807
2011-01-26 17:00:00,624.6061
2011-01-27 16:00:00,374.64236
2011-01-27 17:00:00,349.3494
2011-01-27 18:00:00,417.85617
2011-01-27 19:00:00,417.85617
2011-01-27 20:00:00,444.19156
2011-01-27 21:00:00,444.19156
2011-01-27 22:00:00,444.19156
2011-01-27 23:00:00,496.18
2011-01-28 00:00:00,464.8341
2011-01-28 01:00:00,464.8341
2011-01-28 02:00:00,473.36865
2011-01-28 03:00:00,456.5834
2011-01-28 05:00:00,482.9188
2011-01-28 06:00:00,491.17114
2011-01-28 07:00:00,510.1609
2011-01-28 08:00:00,510.1609
2011-01-28 09:00:00,513.14
2011-01-28 10:00:00,517.3931
2011-01-28 11:00:00,553.49963
2011-01-28 12:00:00,553.49963
2011-01-28 13:00:00,553.49963
2011-01-28 14:00:00,456.03384
2011-01-28 15:00:00,484.00327
2011-01-28 16:00:00,448.9825
2011-01-28 17:00:00,460.21698
2011-01-28 18:00:00,477.0039
2011-01-28 19:00:00,463.74274
2011-01-28 20:00:00,454.73914
2011-01-28 21:00:00,464.28925
2011-01-28 22:00:00,472.0366
2011-01-28 23:00:00,408.1672
2011-01-29 00:00:00,454.53125
2011-01-29 01:00:00,408.17133
2011-01-29 02:00:00,399.66528
2011-01-29 03:00:00,391.6756
2011-01-29 04:00:00,410.05145
2011-01-29 06:00:00,392.76706
2011-01-29 07:00:00,358.47052
2011-01-29 08:00:00,354.33392
2011-01-29 09:00:00,353.92636
2011-01-29 10:00:00,387.49548
2011-01-29 11:00:00,395.7478
2011-01-29 12:00:00,386.19775
2011-01-29 13:00:00,356.76813
2011-01-29 14:00:00,374.02405
2011-01-29 15:00:00,450.74713
2011-01-29 16:00:00,378.48636
2011-01-29 17:00:00,332.38193
2011-01-29 18:00:00,416.92108
2011-01-29 19:00:00,454.27283
2011-01-29 20:00:00,431.2977
2011-01-29 21:00:00,431.2977
2011-01-29 22:00:00,462.7929
2011-01-29 23:00:00,462.7929
2011-01-30 00:00:00,466.7904
2011-01-30 01:00:00,438.27155
2011-01-30 02:00:00,437.72668
2011-01-30 03:00:00,505.3266
2011-01-30 04:00:00,505.3266
2011-01-30 05:00:00,469.21997
2011-01-30 07:00:00,469.21997
2011-01-30 08:00:00,472.74573
2011-01-30 09:00:00,441.25235
2011-01-30 10:00:00,440.70578
2011-01-30 11:00:00,410.29816
2011-01-30 12:00:00,319.05383
2011-01-30 13:00:00,365.76782
2011-01-30 14:00:00,361.7685
2011-01-30 15:00:00,310.11163
2011-01-30 16:00:00,310.11163
2011-01-30 17:00:00,364.72382
2011-01-30 18:00:00,403.73196
2011-01-30 19:00:00,412.2381
2011-01-30 20:00:00,390.47073
2011-01-30 21:00:00,433.59296
2011-01-30 22:00:00,441.8454
2011-01-30 23:00:00,441.37476
2011-01-31 00:00:00,437.48328
2011-01-31 01:00:00,437.85052
2011-01-31 02:00:00,421.0652
2011-01-31 03:00:00,421.0652
2011-01-31 04:00:00,404.10043
2011-01-31 05:00:00,447.22284
2011-01-31 06:00:00,486.0921
2011-01-31 07:00:00,451.03967
2011-01-31 08:00:00,425.2492
2011-01-31 09:00:00,429.50223
2011-01-31 10:00:00,399.92767
2011-01-31 11:00:00,399.92767
2011-01-31 12:00:00,353.96652
2011-01-31 13:00:00,345.82623
2011-01-31 14:00:00,362.2189
2011-01-31 15:00:00,383.39615
2011-01-31 16:00:00,384.96243
2011-01-31 17:00:00,399.92767
2011-01-31 18:00:00,387.8299
2011-01-31 19:00:00,378.3705
2011-01-31 20:00:00,395.2027
2011-01-31 21:00:00,374.41806
2011-01-31 22:00:00,374.8901
2011-01-31 23:00:00,396.68286
2011-02-20 00:00:00,329.17508
2011-02-20 01:00:00,364.92328
2011-02-20 02:00:00,390.4699
2011-02-20 03:00:00,406.489
2011-02-20 04:00:00,406.489
2011-02-20 06:00:00,350.3479
2011-02-20 07:00:00,358.73917
2011-02-20 08:00:00,316.3698
2011-02-20 09:00:00,345.80374
2011-02-20 10:00:00,291.9696
2011-02-20 11:00:00,241.36113
2011-02-20 12:00:00,221.05016
2011-02-20 13:00:00,320.06152
2011-02-20 14:00:00,618.48114
2011-02-20 15:00:00,646.9309
2011-02-20 16:00:00,505.30753
2011-02-20 17:00:00,265.83215
2011-02-20 18:00:00,247.20932
2011-02-20 19:00:00,247.20932
2011-02-20 20:00:00,240.33264
2011-02-20 21:00:00,297.6182
2011-02-20 22:00:00,381.39557
2011-02-20 23:00:00,385.78763
2011-02-21 00:00:00,335.73444
2011-02-21 01:00:00,335.73444
2011-02-21 02:00:00,335.73444
2011-02-21 03:00:00,327.19983
2011-02-21 04:00:00,301.86975
2011-02-21 05:00:00,212.06621
2011-02-21 06:00:00,956.36884
2011-02-21 07:00:00,939.7697
2011-02-21 08:00:00,405.37143
2011-02-21 09:00:00,401.11844
2011-02-21 10:00:00,392.5838
2011-02-21 11:00:00,350.50552
2011-02-21 12:00:00,422.2213
2011-02-21 13:00:00,541.51715
2011-02-21 14:00:00,490.58752
2011-02-21 15:00:00,515.33356
2011-02-21 16:00:00,536.4065
2011-02-21 17:00:00,524.63007
2011-02-21 18:00:00,578.8286
2011-02-21 19:00:00,578.8286
2011-02-21 20:00:00,559.94037
2011-02-21 21:00:00,546.5789
2011-02-21 22:00:00,538.3356
2011-02-21 23:00:00,538.3356
2011-02-22 06:00:00,534.91425
2011-02-22 07:00:00,534.91425
2011-02-22 08:00:00,526.3796
2011-02-22 09:00:00,494.63092
2011-02-22 10:00:00,393.117
2011-02-22 11:00:00,368.09106
2011-02-22 12:00:00,370.52835
2011-02-22 13:00:00,366.13638
2011-02-22 14:00:00,374.64236
2011-02-22 15:00:00,337.73557
2011-02-22 16:00:00,345.50397
2011-02-22 17:00:00,362.28918
2011-02-22 18:00:00,316.33707
2011-02-22 19:00:00,358.98868
2011-02-22 20:00:00,342.2034
2011-02-22 21:00:00,350.7096
2011-02-22 22:00:00,330.91315
2011-02-22 23:00:00,330.91315
2011-02-23 00:00:00,350.5257
2011-02-23 01:00:00,321.64108
2011-02-23 02:00:00,334.53897
2011-02-23 03:00:00,342.81995
2011-02-23 05:00:00,326.03296
2011-02-23 06:00:00,326.03296
2011-02-23 07:00:00,355.17142
2011-02-23 08:00:00,362.90573
2011-02-23 09:00:00,325.55545
2011-02-23 10:00:00,243.20546
2011-02-23 11:00:00,276.5913
2011-02-23 12:00:00,241.09859
2011-02-23 13:00:00,279.61084
2011-02-23 14:00:00,322.95935
2011-02-23 15:00:00,646.5744
2011-02-23 16:00:00,593.5497
2011-02-23 17:00:00,646.5744
2011-02-23 18:00:00,472.83728
2011-02-23 19:00:00,204.36937
2011-02-23 20:00:00,391.38028
2011-02-23 21:00:00,283.37875
2011-02-23 22:00:00,283.37875
2011-02-23 23:00:00,345.35175
2011-02-24 00:00:00,345.35175
2011-02-24 01:00:00,371.14215
2011-02-24 02:00:00,392.0657
2011-02-24 03:00:00,404.5695
2011-02-24 05:00:00,430.35983
2011-02-24 06:00:00,447.14688
2011-02-24 07:00:00,462.62106
2011-02-24 08:00:00,459.74814
2011-02-24 09:00:00,510.10245
2011-02-24 10:00:00,479.7679
2011-02-24 11:00:00,440.9048
2011-02-24 12:00:00,410.89996
2011-02-24 13:00:00,399.23535
2011-02-24 14:00:00,378.0581
2011-02-24 15:00:00,427.79144
2011-02-24 16:00:00,439.77277
2011-02-24 17:00:00,434.86737
2011-02-24 18:00:00,578.0602
2011-02-24 19:00:00,603.99994
2011-02-24 20:00:00,617.5149
2011-02-24 21:00:00,578.0602
2011-02-24 22:00:00,569.0538
2011-02-24 23:00:00,579.9807
2011-02-25 00:00:00,520.36127
2011-02-25 01:00:00,552.9423
2011-02-25 02:00:00,552.9423
2011-02-25 03:00:00,546.4085
2011-02-25 05:00:00,546.4085
2011-02-25 06:00:00,545.1362
2011-02-25 07:00:00,593.74664
2011-02-25 08:00:00,557.09515
2011-02-25 09:00:00,621.0404
2011-02-25 10:00:00,616.5279
2011-02-25 11:00:00,553.1425
2011-02-25 12:00:00,476.21454
2011-02-25 13:00:00,476.21454
2011-02-25 14:00:00,497.623
2011-02-25 15:00:00,754.2092
2011-02-25 16:00:00,417.40796
2011-02-25 17:00:00,498.10287
2011-02-25 18:00:00,425.914
2011-02-25 19:00:00,429.17404
2011-02-25 20:00:00,460.2866
2011-02-25 21:00:00,392.04767
2011-02-25 22:00:00,409.12402
2011-02-25 23:00:00,375.2981
2011-02-26 00:00:00,345.47406
2011-02-26 01:00:00,375.04703
2011-02-26 02:00:00,433.8989
2011-02-26 03:00:00,344.7079
2011-02-26 04:00:00,361.7741
2011-02-26 05:00:00,386.4041
2011-02-26 06:00:00,332.92682
2011-02-26 07:00:00,358.2484
2011-02-26 08:00:00,335.9076
2011-02-26 09:00:00,360.83493
2011-02-26 10:00:00,315.35596
2011-02-26 11:00:00,253.37263
2011-02-26 12:00:00,302.71326
2011-02-26 13:00:00,311.98553
2011-02-26 14:00:00,302.10382
2011-02-26 15:00:00,309.65735
2011-02-26 16:00:00,337.08014
2011-02-26 17:00:00,304.8207
2011-02-26 18:00:00,312.30524
2011-02-26 19:00:00,345.11124
2011-02-26 20:00:00,356.47144
2011-02-26 21:00:00,428.73215
2011-02-26 22:00:00,471.80704
2011-02-26 23:00:00,488.59402
2011-02-27 00:00:00,551.0358
2011-02-27 01:00:00,525.71606
2011-02-27 02:00:00,508.9291
2011-02-27 03:00:00,496.4253
2011-02-27 04:00:00,509.2202
2011-02-27 06:00:00,471.6504
2011-02-27 07:00:00,509.2202
2011-02-27 08:00:00,471.10382
2011-02-27 09:00:00,495.87885
2011-02-27 10:00:00,485.42368
2011-02-27 11:00:00,377.24908
2011-02-27 12:00:00,322.64294
2011-02-27 13:00:00,260.41452
2011-02-27 14:00:00,285.44492
2011-02-27 15:00:00,282.18317
2011-02-27 16:00:00,345.52563
2011-02-27 17:00:00,351.89615
2011-02-27 18:00:00,352.44272
2011-02-27 19:00:00,335.40198
2011-02-27 20:00:00,322.64294
2011-02-27 21:00:00,385.74622
2011-02-27 22:00:00,372.2312
2011-02-27 23:00:00,389.30933
2011-02-28 00:00:00,406.04868
2011-02-28 01:00:00,590.0919
2011-02-28 03:00:00,566.721
2011-02-28 05:00:00,516.289
2011-02-28 06:00:00,561.3379
2011-02-28 07:00:00,545.31714
2011-02-28 08:00:00,600.47424
2011-02-28 09:00:00,534.7917
2011-02-28 10:00:00,543.63696
2011-02-28 11:00:00,445.90573
2011-02-28 12:00:00,445.9057
2011-02-28 13:00:00,585.6081
2011-02-28 14:00:00,638.94183
2011-02-28 15:00:00,638.94183
2011-02-28 16:00:00,592.0729
2011-02-28 17:00:00,639.4884
2011-02-28 18:00:00,577.0736
2011-02-28 19:00:00,665.95636
2011-02-28 20:00:00,665.95636
2011-02-28 21:00:00,595.0277
2011-02-28 22:00:00,638.0814
2011-02-28 23:00:00,564.6989
2011-03-20 00:00:00,391.18
2011-03-20 01:00:00,395.3182
2011-03-20 02:00:00,369.6667
2011-03-20 03:00:00,382.30933
2011-03-20 04:00:00,374.3499
2011-03-20 05:00:00,386.4476
2011-03-20 06:00:00,394.9822
2011-03-20 07:00:00,395.27335
2011-03-20 08:00:00,356.7627
2011-03-20 09:00:00,327.30444
2011-03-20 10:00:00,256.35352
2011-03-20 11:00:00,250.90726
2011-03-20 12:00:00,255.51878
2011-03-20 13:00:00,322.83307
2011-03-20 14:00:00,636.245
2011-03-20 15:00:00,570.866
2011-03-20 16:00:00,638.37415
2011-03-20 17:00:00,521.78217
2011-03-20 18:00:00,327.64325
2011-03-20 19:00:00,321.606
2011-03-20 20:00:00,337.08014
2011-03-20 21:00:00,377.25903
2011-03-20 22:00:00,389.79132
2011-03-20 23:00:00,451.62234
2011-03-21 00:00:00,467.8012
2011-03-21 01:00:00,490.066
2011-03-21 02:00:00,473.0253
2011-03-21 03:00:00,473.0253
2011-03-21 05:00:00,513.3462
2011-03-21 06:00:00,481.81946
2011-03-21 07:00:00,585.7186
2011-03-21 08:00:00,582.19293
2011-03-21 09:00:00,524.6062
2011-03-21 10:00:00,515.7832
2011-03-21 11:00:00,463.32605
2011-03-21 12:00:00,480.9421
2011-03-21 13:00:00,398.58472
2011-03-21 14:00:00,402.65317
2011-03-21 15:00:00,381.47412
2011-03-21 16:00:00,419.69382
2011-03-21 17:00:00,411.15918
2011-03-21 18:00:00,444.46274
2011-03-21 19:00:00,432.7787
2011-03-21 20:00:00,390.04633
2011-03-21 21:00:00,547.51685
2011-03-21 22:00:00,525.1028
2011-03-21 23:00:00,486.76834
2011-03-22 00:00:00,516.5681
2011-03-22 01:00:00,562.516
2011-03-22 02:00:00,518.26355
2011-03-22 03:00:00,494.7009
2011-03-22 04:00:00,481.73065
2011-03-22 05:00:00,499.5331
2011-03-22 06:00:00,530.08875
2011-03-22 07:00:00,434.2881
2011-03-22 08:00:00,396.81738
2011-03-22 09:00:00,443.6865
2011-03-22 10:00:00,375.0937
2011-03-22 11:00:00,364.62833
2011-03-22 12:00:00,322.1272
2011-03-22 13:00:00,369.7055
2011-03-22 14:00:00,572.8198
2011-03-22 15:00:00,512.4225
2011-03-22 16:00:00,443.4137
2011-03-22 17:00:00,443.4137
2011-03-22 18:00:00,267.65405
2011-03-22 19:00:00,362.30603
2011-03-22 20:00:00,392.13428
2011-03-22 21:00:00,371.38556
2011-03-22 22:00:00,384.02985
2011-03-22 23:00:00,384.02985
2011-03-23 00:00:00,446.6869
2011-03-23 01:00:00,472.76855
2011-03-23 02:00:00,472.76855
2011-03-23 03:00:00,477.74887
2011-03-23 05:00:00,521.77325
2011-03-23 06:00:00,534.4879
2011-03-23 07:00:00,557.4754
2011-03-23 08:00:00,518.24744
2011-03-23 09:00:00,504.08432
2011-03-23 10:00:00,512.07404
2011-03-23 11:00:00,517.701
2011-03-23 12:00:00,525.98193
2011-03-23 13:00:00,504.18604
2011-03-23 14:00:00,491.86316
2011-03-23 15:00:00,499.8629
2011-03-23 16:00:00,468.36942
2011-03-23 17:00:00,468.36942
2011-03-23 18:00:00,511.89447
2011-03-23 19:00:00,511.89447
2011-03-23 20:00:00,647.7366
2011-03-23 21:00:00,652.229
2011-03-23 22:00:00,540.68994
2011-03-23 23:00:00,482.12622
2011-03-24 00:00:00,557.4754
2011-03-24 01:00:00,594.12854
2011-03-24 02:00:00,602.63464
2011-03-24 03:00:00,586.13885
2011-03-24 04:00:00,586.13885
2011-03-24 05:00:00,558.5668
2011-03-24 06:00:00,558.5668
2011-03-24 07:00:00,598.7456
2011-03-24 08:00:00,619.5302
2011-03-24 09:00:00,559.1133
2011-03-24 10:00:00,588.4324
2011-03-24 11:00:00,517.1631
2011-03-24 12:00:00,468.95868
2011-03-24 13:00:00,438.83917
2011-03-24 14:00:00,414.06415
2011-03-24 15:00:00,447.89188
2011-03-24 16:00:00,413.59528
2011-03-24 17:00:00,439.3858
2011-03-24 18:00:00,414.00122
2011-03-24 19:00:00,410.26035
2011-03-24 20:00:00,406.7692
2011-03-24 21:00:00,411.16104
2011-03-24 22:00:00,394.12048
2011-03-24 23:00:00,402.91766
2011-03-25 00:00:00,377.12717
2011-03-25 01:00:00,416.38907
2011-03-25 02:00:00,433.17603
2011-03-25 03:00:00,399.6037
2011-03-25 04:00:00,425.9391
2011-03-25 05:00:00,442.72607
2011-03-25 06:00:00,459.51138
2011-03-25 07:00:00,419.6741
2011-03-25 08:00:00,356.82452
2011-03-25 09:00:00,344.803
2011-03-25 10:00:00,259.564
2011-03-25 11:00:00,323.94852
2011-03-25 12:00:00,299.39313
2011-03-25 13:00:00,267.13358
2011-03-25 14:00:00,354.34595
2011-03-25 15:00:00,271.42538
2011-03-25 16:00:00,273.64148
2011-03-25 17:00:00,301.54486
2011-03-25 18:00:00,284.46536
2011-03-25 19:00:00,281.0514
2011-03-25 20:00:00,254.16347
2011-03-25 21:00:00,262.69806
2011-03-25 22:00:00,304.44638
2011-03-25 23:00:00,292.20358
2011-03-26 00:00:00,279.30984
2011-03-26 01:00:00,279.7834
2011-03-26 02:00:00,290.78345
2011-03-26 03:00:00,298.26965
2011-03-26 04:00:00,290.78342
2011-03-26 05:00:00,318.90204
2011-03-26 06:00:00,340.0792
2011-03-26 07:00:00,318.90198
2011-03-26 08:00:00,265.46353
2011-03-26 09:00:00,249.44272
2011-03-26 10:00:00,257.43243
2011-03-26 11:00:00,241.4116
2011-03-26 12:00:00,239.05667
2011-03-26 13:00:00,231.5704
2011-03-26 14:00:00,375.91608
2011-03-26 15:00:00,404.22675
2011-03-26 16:00:00,643.9655
2011-03-26 17:00:00,561.7149
2011-03-26 18:00:00,590.16437
2011-03-26 19:00:00,306.59067
2011-03-26 20:00:00,306.59067
2011-03-26 21:00:00,284.93848
2011-03-26 22:00:00,277.45224
2011-03-26 23:00:00,310.25836
2011-03-27 00:00:00,260.95816
2011-03-27 01:00:00,326.4943
2011-03-27 02:00:00,346.29456
2011-03-27 03:00:00,427.33362
2011-03-27 04:00:00,436.88367
2011-03-27 06:00:00,490.79095
2011-03-27 07:00:00,499.072
2011-03-27 08:00:00,420.28226
2011-03-27 09:00:00,322.2025
2011-03-27 10:00:00,351.04807
2011-03-27 11:00:00,297.60962
2011-03-27 12:00:00,293.47308
2011-03-27 13:00:00,263.06546
2011-03-27 14:00:00,230.2594
2011-03-27 15:00:00,264.08536
2011-03-27 16:00:00,172.5277
2011-03-27 17:00:00,229.76031
2011-03-27 18:00:00,223.58234
2011-03-27 19:00:00,221.8008
2011-03-27 20:00:00,231.09544
2011-03-27 21:00:00,257.43243
2011-03-27 22:00:00,257.43243
2011-03-27 23:00:00,281.41278
2011-03-28 00:00:00,352.13696
2011-03-28 01:00:00,295.39807
2011-03-28 02:00:00,286.89197
2011-03-28 03:00:00,286.89197
2011-03-28 05:00:00,291.076
2011-03-28 06:00:00,269.97473
2011-03-28 07:00:00,271.89966
2011-03-28 08:00:00,252.64294
2011-03-28 09:00:00,245.30585
2011-03-28 10:00:00,222.38454
2011-03-28 11:00:00,250.93889
2011-03-28 12:00:00,144.70726
2011-03-28 13:00:00,442.7927
2011-03-28 14:00:00,687.2332
2011-03-28 15:00:00,572.17236
2011-03-28 16:00:00,713.23596
2011-03-28 17:00:00,700.2767
2011-03-28 18:00:00,747.40247
2011-03-28 19:00:00,585.15137
2011-03-28 20:00:00,574.1889
2011-03-28 21:00:00,597.0138
2011-03-28 22:00:00,563.1823
2011-03-28 23:00:00,358.7613
2011-03-29 00:00:00,249.63095
2011-03-29 01:00:00,262.27362
2011-03-29 02:00:00,262.27362
2011-03-29 03:00:00,262.27362
2011-03-29 04:00:00,287.4369
2011-03-29 05:00:00,276.07666
2011-03-29 06:00:00,309.49667
2011-03-29 07:00:00,326.28363
2011-03-29 08:00:00,294.78848
2011-03-29 09:00:00,266.38043
2011-03-29 10:00:00,446.32812
2011-03-29 11:00:00,614.40625
2011-03-29 12:00:00,604.5295
2011-03-29 13:00:00,568.9336
2011-03-29 14:00:00,706.5657
2011-03-29 15:00:00,780.9981
2011-03-29 16:00:00,683.3698
2011-03-29 17:00:00,646.2595
2011-03-29 18:00:00,570.3528
2011-03-29 19:00:00,687.86835
2011-03-29 20:00:00,570.3528
2011-03-29 21:00:00,227.19539
2011-03-29 22:00:00,263.30197
2011-03-29 23:00:00,338.21185
2011-03-30 00:00:00,308.63892
2011-03-30 01:00:00,212.26765
2011-03-30 02:00:00,308.63892
2011-03-30 03:00:00,267.3742
2011-03-30 04:00:00,308.63892
2011-03-30 05:00:00,358.63794
2011-03-30 06:00:00,305.74432
2011-03-30 07:00:00,276.31482
2011-03-30 08:00:00,313.73407
2011-03-30 09:00:00,309.88702
2011-03-30 10:00:00,314.5002
2011-03-30 11:00:00,323.0063
2011-03-30 12:00:00,297.7133
2011-03-30 13:00:00,314.20905
2011-03-30 14:00:00,335.24738
2011-03-30 15:00:00,521.2353
2011-03-30 16:00:00,539.65
2011-03-30 17:00:00,528.8114
2011-03-30 18:00:00,559.1133
2011-03-30 19:00:00,559.1133
2011-03-30 20:00:00,583.96844
2011-03-30 21:00:00,567.9105
2011-03-30 22:00:00,562.9301
2011-03-30 23:00:00,579.71533
2011-03-31 00:00:00,562.9301
2011-03-31 01:00:00,554.3955
2011-03-31 02:00:00,554.3955
2011-03-31 03:00:00,562.9301
2011-03-31 04:00:00,571.4362
2011-03-31 05:00:00,562.9301
2011-03-31 06:00:00,583.96844
2011-03-31 07:00:00,571.4362
2011-03-31 08:00:00,604.01715
2011-03-31 09:00:00,570.88965
2011-03-31 10:00:00,570.88965
2011-03-31 11:00:00,553.5579
2011-03-31 12:00:00,553.5579
2011-03-31 13:00:00,505.27753
2011-03-31 14:00:00,505.27753
2011-03-31 15:00:00,551.6373
2011-03-31 16:00:00,535.5794
2011-03-31 17:00:00,535.5794
2011-03-31 18:00:00,501.7517
2011-03-31 19:00:00,501.7517
2011-03-31 20:00:00,578.87933
2011-03-31 21:00:00,541.5261
2011-03-31 22:00:00,570.5985
2011-03-31 23:00:00,581.705
2011-04-20 00:00:00,500.07407
2011-04-20 01:00:00,540.1022
2011-04-20 02:00:00,540.1022
2011-04-20 03:00:00,493.2331
2011-04-20 04:00:00,554.5565
2011-04-20 05:00:00,549.1548
2011-04-20 06:00:00,540.1022
2011-04-20 07:00:00,492.68832
2011-04-20 08:00:00,491.4068
2011-04-20 09:00:00,397.67322
2011-04-20 10:00:00,384.9098
2011-04-20 11:00:00,384.9098
2011-04-20 12:00:00,1282.2776
2011-04-20 13:00:00,1282.2776
2011-04-20 14:00:00,1402.9169
2011-04-20 15:00:00,1257.9133
2011-04-20 16:00:00,1257.9133
2011-04-20 17:00:00,1333.5737
2011-04-20 18:00:00,1201.9525
2011-04-20 19:00:00,1080.9452
2011-04-20 20:00:00,909.45605
2011-04-20 21:00:00,1131.5634
2011-04-20 22:00:00,1142.9213
2011-04-20 23:00:00,1212.1665
2011-04-21 00:00:00,800.51733
2011-04-21 01:00:00,441.80154
2011-04-21 02:00:00,607.3241
2011-04-21 03:00:00,405.94177
2011-04-21 04:00:00,417.70963
2011-04-21 05:00:00,448.05426
2011-04-21 06:00:00,477.76776
2011-04-21 07:00:00,386.40088
2011-04-21 08:00:00,410.9278
2011-04-21 09:00:00,335.27887
2011-04-21 10:00:00,337.5726
2011-04-21 11:00:00,355.75256
2011-04-21 12:00:00,513.80206
2011-04-21 13:00:00,1035.3815
2011-04-21 14:00:00,1106.441
2011-04-21 15:00:00,1119.6183
2011-04-21 16:00:00,1032.3635
2011-04-21 17:00:00,825.3932
2011-04-21 18:00:00,916.91516
2011-04-21 19:00:00,924.89905
2011-04-21 20:00:00,767.7787
2011-04-21 21:00:00,306.17798
2011-04-21 22:00:00,298.5833
2011-04-21 23:00:00,260.54547
2011-04-22 00:00:00,384.6781
2011-04-22 01:00:00,355.04065
2011-04-22 02:00:00,367.82825
2011-04-22 03:00:00,367.82825
2011-04-22 04:00:00,364.1217
2011-04-22 05:00:00,347.08112
2011-04-22 06:00:00,364.1217
2011-04-22 07:00:00,367.6475
2011-04-22 08:00:00,359.11285
2011-04-22 09:00:00,416.4355
2011-04-22 10:00:00,388.20386
2011-04-22 11:00:00,412.9068
2011-04-22 12:00:00,447.4471
2011-04-22 13:00:00,521.22675
2011-04-22 14:00:00,538.01373
2011-04-22 15:00:00,521.22675
2011-04-22 16:00:00,504.18613
2011-04-22 17:00:00,561.001
2011-04-22 18:00:00,561.001
2011-04-22 19:00:00,561.001
2011-04-22 20:00:00,530.05237
2011-04-22 21:00:00,544.76056
2011-04-22 22:00:00,572.3327
2011-04-22 23:00:00,527.4288
2011-04-23 00:00:00,572.4089
2011-04-23 01:00:00,572.4089
2011-04-23 02:00:00,559.1476
2011-04-23 03:00:00,546.38855
2011-04-23 04:00:00,520.52203
2011-04-23 05:00:00,520.52203
2011-04-23 06:00:00,563.3563
2011-04-23 07:00:00,566.8819
2011-04-23 08:00:00,588.10266
2011-04-23 09:00:00,570.15985
2011-04-23 10:00:00,516.82605
2011-04-23 11:00:00,515.7346
2011-04-23 12:00:00,540.1572
2011-04-23 13:00:00,531.6512
2011-04-23 14:00:00,495.68967
2011-04-23 15:00:00,478.39655
2011-04-23 16:00:00,448.5683
2011-04-23 17:00:00,461.3559
2011-04-23 18:00:00,448.82083
2011-04-23 19:00:00,500.73145
2011-04-23 20:00:00,522.0595
2011-04-23 21:00:00,504.25702
2011-04-23 22:00:00,469.3872
2011-04-23 23:00:00,496.51276
2011-04-24 00:00:00,484.78223
2011-04-24 01:00:00,502.58292
2011-04-24 02:00:00,502.58292
2011-04-24 03:00:00,503.73172
2011-04-24 04:00:00,503.73172
2011-04-24 05:00:00,503.73172
2011-04-24 06:00:00,512.6307
2011-04-24 07:00:00,512.6307
2011-04-24 08:00:00,541.5211
2011-04-24 09:00:00,517.9873
2011-04-24 10:00:00,440.02362
2011-04-24 11:00:00,362.79584
2011-04-24 12:00:00,396.33228
2011-04-24 13:00:00,640.24475
2011-04-24 14:00:00,877.45685
2011-04-24 15:00:00,376.24472
2011-04-24 16:00:00,1366.8893
2011-04-24 17:00:00,409.66486
2011-04-24 18:00:00,392.50934
2011-04-24 19:00:00,506.6914
2011-04-24 20:00:00,506.6914
2011-04-24 21:00:00,530.98706
2011-04-24 22:00:00,561.93555
2011-04-24 23:00:00,540.6419
2011-04-25 00:00:00,528.5053
2011-04-25 01:00:00,546.48425
2011-04-25 02:00:00,546.48425
2011-04-25 03:00:00,555.3528
2011-04-25 04:00:00,524.9795
2011-04-25 05:00:00,526.61597
2011-04-25 06:00:00,525.52454
2011-04-25 07:00:00,550.5549
2011-04-25 08:00:00,488.29376
2011-04-25 09:00:00,469.9179
2011-04-25 10:00:00,443.0761
2011-04-25 11:00:00,443.0761
2011-04-25 12:00:00,456.19385
2011-04-25 13:00:00,400.1734
2011-04-25 14:00:00,889.7609
2011-04-25 15:00:00,1147.8861
2011-04-25 16:00:00,879.15607
2011-04-25 17:00:00,844.65155
2011-04-25 18:00:00,633.09937
2011-04-25 19:00:00,535.3532
2011-04-25 20:00:00,397.67322
2011-04-25 21:00:00,431.75015
2011-04-25 22:00:00,465.71503
2011-04-25 23:00:00,487.2899
2011-04-26 00:00:00,440.28473
2011-04-26 01:00:00,460.66174
2011-04-26 02:00:00,526.4129
2011-04-26 03:00:00,539.96234
2011-04-26 04:00:00,505.09064
2011-04-26 05:00:00,531.42755
2011-04-26 06:00:00,522.375
2011-04-26 07:00:00,517.3334
2011-04-26 08:00:00,517.3334
2011-04-26 09:00:00,481.41058
2011-04-26 10:00:00,460.2316
2011-04-26 11:00:00,447.589
2011-04-26 12:00:00,563.70447
2011-04-26 13:00:00,1250.4656
2011-04-26 14:00:00,738.48175
2011-04-26 15:00:00,530.98706
2011-04-26 16:00:00,685.11774
2011-04-26 17:00:00,463.6189
2011-04-26 18:00:00,464.62964
2011-04-26 19:00:00,498.4513
2011-04-26 20:00:00,481.41058
2011-04-26 21:00:00,486.45218
2011-04-26 22:00:00,490.48425
2011-04-26 23:00:00,499.01886
2011-04-27 00:00:00,495.4931
2011-04-27 01:00:00,503.9992
2011-04-27 02:00:00,530.33624
2011-04-27 03:00:00,542.39655
2011-04-27 04:00:00,553.3237
2011-04-27 05:00:00,565.3554
2011-04-27 06:00:00,561.8297
2011-04-27 07:00:00,542.39655
2011-04-27 08:00:00,555.1841
2011-04-27 09:00:00,579.9307
2011-04-27 10:00:00,515.51465
2011-04-27 11:00:00,489.17767
2011-04-27 12:00:00,497.8946
2011-04-27 13:00:00,489.905
2011-04-27 14:00:00,464.18347
2011-04-27 15:00:00,476.8423
2011-04-27 16:00:00,472.8329
2011-04-27 17:00:00,547.77716
2011-04-27 18:00:00,547.77716
2011-04-27 19:00:00,486.45218
2011-04-27 20:00:00,523.9763
2011-04-27 21:00:00,537.5239
2011-04-27 22:00:00,553.8373
2011-04-27 23:00:00,562.34344
2011-04-28 00:00:00,506.94556
2011-04-28 01:00:00,545.34296
2011-04-28 02:00:00,562.38354
2011-04-28 03:00:00,519.00586
2011-04-28 04:00:00,553.849
2011-04-28 05:00:00,545.34296
2011-04-28 06:00:00,540.2997
2011-04-28 07:00:00,536.0466
2011-04-28 08:00:00,535.50165
2011-04-28 09:00:00,557.36304
2011-04-28 10:00:00,541.0497
2011-04-28 11:00:00,515.51465
2011-04-28 12:00:00,481.44327
2011-04-28 13:00:00,519.76776
2011-04-28 14:00:00,516.242
2011-04-28 15:00:00,451.7256
2011-04-28 16:00:00,477.9176
2011-04-28 17:00:00,1050.7838
2011-04-28 18:00:00,1050.7838
2011-04-28 19:00:00,1213.577
2011-04-28 20:00:00,819.17004
2011-04-28 21:00:00,512.62164
2011-04-28 22:00:00,495.16586
2011-04-28 23:00:00,811.4599
2011-04-29 00:00:00,799.8741
2011-04-29 01:00:00,296.105
2011-04-29 02:00:00,362.0692
2011-04-29 03:00:00,337.18384
2011-04-29 04:00:00,308.67825
2011-04-29 05:00:00,288.04587
2011-04-29 06:00:00,402.423
2011-04-29 07:00:00,583.0102
2011-04-29 08:00:00,908.9653
2011-04-29 09:00:00,925.62915
2011-04-29 10:00:00,944.049
2011-04-29 11:00:00,1075.003
2011-04-29 12:00:00,1076.1274
2011-04-29 13:00:00,1092.7266
2011-04-29 14:00:00,1160.2991
2011-04-29 15:00:00,938.53015
2011-04-29 16:00:00,759.4675
2011-04-29 17:00:00,530.3904
2011-04-29 18:00:00,394.15765
2011-04-29 19:00:00,384.71408
2011-04-29 20:00:00,318.23438
2011-04-29 21:00:00,325.7189
2011-04-29 22:00:00,354.41083
2011-04-29 23:00:00,315.46564
2011-04-30 00:00:00,349.41226
2011-04-30 01:00:00,323.86554
2011-04-30 02:00:00,340.90613
2011-04-30 03:00:00,332.91638
2011-04-30 04:00:00,341.45105
2011-04-30 05:00:00,384.7943
2011-04-30 06:00:00,376.14484
2011-04-30 07:00:00,385.34073
2011-04-30 08:00:00,359.76556
2011-04-30 09:00:00,360.24054
2011-04-30 10:00:00,438.6073
2011-04-30 11:00:00,605.5673
2011-04-30 12:00:00,710.71716
2011-04-30 13:00:00,945.9816
2011-04-30 14:00:00,911.8035
2011-04-30 15:00:00,865.8993
2011-04-30 16:00:00,944.0015
2011-04-30 17:00:00,690.9297
2011-04-30 18:00:00,599.06885
2011-04-30 19:00:00,599.06885
2011-04-30 20:00:00,353.06995
2011-04-30 21:00:00,353.06995
2011-04-30 22:00:00,370.3543
2011-04-30 23:00:00,370.3543
2011-05-20 00:00:00,517.717
2011-05-20 01:00:00,523.0902
2011-05-20 02:00:00,549.2121
2011-05-20 03:00:00,523.6368
2011-05-20 04:00:00,518.26355
2011-05-20 05:00:00,522.5166
2011-05-20 06:00:00,491.02142
2011-05-20 07:00:00,450.23163
2011-05-20 08:00:00,355.85016
2011-05-20 09:00:00,419.75983
2011-05-20 10:00:00,390.04633
2011-05-20 11:00:00,372.3947
2011-05-20 12:00:00,433.42157
2011-05-20 13:00:00,446.19778
2011-05-20 14:00:00,594.9795
2011-05-20 15:00:00,400.70395
2011-05-20 16:00:00,512.18695
2011-05-20 17:00:00,465.57352
2011-05-20 18:00:00,387.98248
2011-05-20 19:00:00,359.70166
2011-05-20 20:00:00,363.95468
2011-05-20 21:00:00,364.49954
2011-05-20 22:00:00,381.6406
2011-05-20 23:00:00,423.8964
2011-05-21 00:00:00,419.75232
2011-05-21 01:00:00,364.13358
2011-05-21 02:00:00,393.96188
2011-05-21 03:00:00,446.63434
2011-05-21 04:00:00,486.6337
2011-05-21 05:00:00,478.12753
2011-05-21 06:00:00,454.5937
2011-05-21 07:00:00,407.08115
2011-05-21 08:00:00,423.36005
2011-05-21 09:00:00,385.3601
2011-05-21 10:00:00,335.00415
2011-05-21 11:00:00,600.69324
2011-05-21 12:00:00,734.8915
2011-05-21 13:00:00,880.27576
2011-05-21 14:00:00,860.6974
2011-05-21 15:00:00,1174.4482
2011-05-21 16:00:00,1123.8934
2011-05-21 17:00:00,1055.3077
2011-05-21 18:00:00,1074.8861
2011-05-21 19:00:00,1080.3472
2011-05-21 20:00:00,305.17603
2011-05-21 21:00:00,335.00415
2011-05-21 22:00:00,385.31992
2011-05-21 23:00:00,419.02103
2011-05-22 00:00:00,492.98712
2011-05-22 01:00:00,515.946
2011-05-22 02:00:00,507.4399
2011-05-22 03:00:00,538.93335
2011-05-22 04:00:00,509.10498
2011-05-22 05:00:00,538.93335
2011-05-22 06:00:00,507.4399
2011-05-22 07:00:00,475.9464
2011-05-22 08:00:00,393.19318
2011-05-22 09:00:00,376.26892
2011-05-22 10:00:00,363.34244
2011-05-22 11:00:00,799.77844
2011-05-22 12:00:00,1098.4006
2011-05-22 13:00:00,635.31104
2011-05-22 14:00:00,408.86716
2011-05-22 15:00:00,354.22375
2011-05-22 16:00:00,348.28113
2011-05-22 17:00:00,622.9635
2011-05-22 18:00:00,367.73877
2011-05-22 19:00:00,359.20416
2011-05-22 20:00:00,371.877
2011-05-22 21:00:00,422.19263
2011-05-22 22:00:00,457.02414
2011-05-22 23:00:00,461.09634
2011-05-23 00:00:00,500.3255
2011-05-23 01:00:00,488.29376
2011-05-23 02:00:00,512.3858
2011-05-23 03:00:00,543.88086
2011-05-23 04:00:00,493.4862
2011-05-23 05:00:00,493.4862
2011-05-23 06:00:00,524.43475
2011-05-23 07:00:00,522.7679
2011-05-23 08:00:00,512.49524
2011-05-23 09:00:00,521.0298
2011-05-23 10:00:00,468.98145
2011-05-23 11:00:00,468.22147
2011-05-23 12:00:00,468.22147
2011-05-23 13:00:00,871.4635
2011-05-23 14:00:00,681.3163
2011-05-23 15:00:00,640.43335
2011-05-23 16:00:00,558.6124
2011-05-23 17:00:00,479.59302
2011-05-23 18:00:00,463.89227
2011-05-23 19:00:00,446.85162
2011-05-23 20:00:00,494.148
2011-05-23 21:00:00,525.09656
2011-05-23 22:00:00,551.1782
2011-05-23 23:00:00,515.4744
2011-05-24 00:00:00,546.46045
2011-05-24 01:00:00,537.95435
2011-05-24 02:00:00,546.46045
2011-05-24 03:00:00,522.22314
2011-05-24 04:00:00,486.94855
2011-05-24 05:00:00,564.8105
2011-05-24 06:00:00,547.76984
2011-05-24 07:00:00,467.12805
2011-05-24 08:00:00,501.9997
2011-05-24 09:00:00,438.0673
2011-05-24 10:00:00,514.6557
2011-05-24 11:00:00,1147.8861
2011-05-24 12:00:00,1391.2136
2011-05-24 13:00:00,1263.4554
2011-05-24 14:00:00,1296.765
2011-05-24 15:00:00,1023.6399
2011-05-24 16:00:00,413.36267
2011-05-24 17:00:00,391.9516
2011-05-24 18:00:00,417.42938
2011-05-24 19:00:00,439.1532
2011-05-24 20:00:00,409.35333
2011-05-24 21:00:00,430.27686
2011-05-24 22:00:00,527.5346
2011-05-24 23:00:00,437.69852
2011-05-25 00:00:00,502.5445
2011-05-25 01:00:00,494.55652
2011-05-25 02:00:00,492.93964
2011-05-25 03:00:00,559.2435
2011-05-25 04:00:00,550.7373
2011-05-25 05:00:00,484.04068
2011-05-25 06:00:00,514.98926
2011-05-25 07:00:00,418.04575
2011-05-25 08:00:00,422.44388
2011-05-25 09:00:00,362.38574
2011-05-25 10:00:00,383.78604
2011-05-25 11:00:00,1086.3567
2011-05-25 12:00:00,877.9052
2011-05-25 13:00:00,877.9052
2011-05-25 14:00:00,894.56903
2011-05-25 15:00:00,1270.5194
2011-05-25 16:00:00,1175.2378
2011-05-25 17:00:00,1147.8861
2011-05-25 18:00:00,678.0845
2011-05-25 19:00:00,408.283
2011-05-25 20:00:00,424.66913
2011-05-25 21:00:00,396.322
2011-05-25 22:00:00,430.40338
2011-05-25 23:00:00,417.50092
2011-05-26 00:00:00,417.50098
2011-05-26 01:00:00,417.50098
2011-05-26 02:00:00,460.8669
2011-05-26 03:00:00,482.69556
2011-05-26 04:00:00,457.1203
2011-05-26 05:00:00,486.2212
2011-05-26 06:00:00,547.35376
2011-05-26 07:00:00,563.20996
2011-05-26 08:00:00,480.34183
2011-05-26 09:00:00,408.63208
2011-05-26 10:00:00,463.89227
2011-05-26 11:00:00,433.27335
2011-05-26 12:00:00,1042.4047
2011-05-26 13:00:00,1406.0209
2011-05-26 14:00:00,1406.0209
2011-05-26 15:00:00,1347.5239
2011-05-26 16:00:00,1450.1569
2011-05-26 17:00:00,1316.3016
2011-05-26 18:00:00,1366.2103
2011-05-26 19:00:00,1346.6737
2011-05-26 20:00:00,643.57996
2011-05-26 21:00:00,447.73843
2011-05-26 22:00:00,374.5982
2011-05-26 23:00:00,391.63885
2011-05-27 00:00:00,429.85852
2011-05-27 01:00:00,633.33215
2011-05-27 02:00:00,390.01837
2011-05-27 03:00:00,362.9306
2011-05-27 04:00:00,396.8686
2011-05-27 05:00:00,418.8521
2011-05-27 06:00:00,384.10944
2011-05-27 07:00:00,426.03552
2011-05-27 08:00:00,464.72845
2011-05-27 09:00:00,417.2142
2011-05-27 10:00:00,984.30554
2011-05-27 11:00:00,978.2252
2011-05-27 12:00:00,1061.6893
2011-05-27 13:00:00,748.3702
2011-05-27 14:00:00,1045.2366
2011-05-27 15:00:00,1335.8275
2011-05-27 16:00:00,1111.6252
2011-05-27 17:00:00,860.55304
2011-05-27 18:00:00,558.6124
2011-05-27 19:00:00,485.51553
2011-05-27 20:00:00,447.14676
2011-05-27 21:00:00,461.41187
2011-05-27 22:00:00,444.38293
2011-05-27 23:00:00,496.2549
2011-05-28 00:00:00,483.361
2011-05-28 01:00:00,500.4017
2011-05-28 02:00:00,531.8951
2011-05-28 03:00:00,509.48123
2011-05-28 04:00:00,517.9873
2011-05-28 05:00:00,509.48123
2011-05-28 06:00:00,491.6519
2011-05-28 07:00:00,491.1054
2011-05-28 08:00:00,447.98312
2011-05-28 09:00:00,438.68845
2011-05-28 10:00:00,387.27966
2011-05-28 11:00:00,387.27966
2011-05-28 12:00:00,710.8323
2011-05-28 13:00:00,528.7896
2011-05-28 14:00:00,781.1754
2011-05-28 15:00:00,950.3243
2011-05-28 16:00:00,1084.3837
2011-05-28 17:00:00,991.90076
2011-05-28 18:00:00,545.3791
2011-05-28 19:00:00,378.74512
2011-05-28 20:00:00,387.27966
2011-05-28 21:00:00,456.08768
2011-05-28 22:00:00,455.1725
2011-05-28 23:00:00,472.71954
2011-05-29 00:00:00,481.2541
2011-05-29 01:00:00,490.54895
2011-05-29 02:00:00,473.50818
2011-05-29 03:00:00,473.50818
2011-05-29 04:00:00,469.80173
2011-05-29 05:00:00,521.5348
2011-05-29 06:00:00,502.58072
2011-05-29 07:00:00,519.62134
2011-05-29 08:00:00,511.1152
2011-05-29 09:00:00,550.31604
2011-05-29 10:00:00,484.48874
2011-05-29 11:00:00,501.52936
2011-05-29 12:00:00,437.48355
2011-05-29 13:00:00,429.81964
2011-05-29 14:00:00,429.27478
2011-05-29 15:00:00,433.5278
2011-05-29 16:00:00,429.27478
2011-05-29 17:00:00,429.27478
2011-05-29 18:00:00,450.70746
2011-05-29 19:00:00,442.1728
2011-05-29 20:00:00,451.2138
2011-05-29 21:00:00,463.6312
2011-05-29 22:00:00,486.08087
2011-05-29 23:00:00,494.61554
2011-05-30 00:00:00,531.8853
2011-05-30 01:00:00,514.8446
2011-05-30 02:00:00,531.8853
2011-05-30 03:00:00,531.8853
2011-05-30 04:00:00,523.9258
2011-05-30 05:00:00,510.41083
2011-05-30 06:00:00,505.61124
2011-05-30 07:00:00,480.0359
2011-05-30 08:00:00,483.78265
2011-05-30 09:00:00,398.01453
2011-05-30 10:00:00,1354.2373
2011-05-30 11:00:00,1052.0284
2011-05-30 12:00:00,1139.7141
2011-05-30 13:00:00,1095.1261
2011-05-30 14:00:00,985.1621
2011-05-30 15:00:00,1250.2482
2011-05-30 16:00:00,1258.9025
2011-05-30 17:00:00,1216.3312
2011-05-30 18:00:00,1153.952
2011-05-30 19:00:00,276.37555
2011-05-30 20:00:00,762.30066
2011-05-30 21:00:00,389.34103
2011-05-30 22:00:00,419.30823
2011-05-30 23:00:00,454.13962
2011-05-31 00:00:00,434.30774
2011-05-31 01:00:00,486.1799
2011-05-31 02:00:00,528.2909
2011-05-31 03:00:00,490.2477
2011-05-31 04:00:00,455.52246
2011-05-31 05:00:00,455.52246
2011-05-31 06:00:00,434.59894
2011-05-31 07:00:00,370.41428
2011-05-31 08:00:00,934.22845
2011-05-31 09:00:00,1259.274
2011-05-31 10:00:00,1289.184
2011-05-31 11:00:00,1065.537
2011-05-31 12:00:00,1210.9647
2011-05-31 13:00:00,1217.2341
2011-05-31 14:00:00,1023.0771
2011-05-31 15:00:00,1194.6464
2011-05-31 16:00:00,1185.9921
2011-05-31 17:00:00,1369.4232
2011-05-31 18:00:00,1336.1134
2011-05-31 19:00:00,752.244
2011-05-31 20:00:00,752.244
2011-05-31 21:00:00,470.7077
2011-05-31 22:00:00,408.0872
2011-05-31 23:00:00,434.01666
2011-06-20 00:00:00,476.81616
2011-06-20 01:00:00,486.7622
2011-06-20 02:00:00,486.7622
2011-06-20 03:00:00,468.23828
2011-06-20 04:00:00,510.49405
2011-06-20 05:00:00,476.4245
2011-06-20 06:00:00,451.43433
2011-06-20 07:00:00,520.8918
2011-06-20 08:00:00,495.10144
2011-06-20 09:00:00,481.98984
2011-06-20 10:00:00,481.98984
2011-06-20 11:00:00,439.40244
2011-06-20 12:00:00,392.68848
2011-06-20 13:00:00,367.73022
2011-06-20 14:00:00,346.55133
2011-06-20 15:00:00,355.05737
2011-06-20 16:00:00,555.71155
2011-06-20 17:00:00,672.1294
2011-06-20 18:00:00,473.71793
2011-06-20 19:00:00,401.26495
2011-06-20 20:00:00,421.8973
2011-06-20 21:00:00,426.0355
2011-06-20 22:00:00,446.60187
2011-06-20 23:00:00,477.9176
2011-06-21 00:00:00,429.8654
2011-06-21 01:00:00,436.91687
2011-06-21 02:00:00,462.45364
2011-06-21 03:00:00,462.45364
2011-06-21 04:00:00,467.9688
2011-06-21 05:00:00,476.47498
2011-06-21 06:00:00,476.47498
2011-06-21 07:00:00,468.58008
2011-06-21 08:00:00,467.4223
2011-06-21 09:00:00,510.0097
2011-06-21 10:00:00,466.63373
2011-06-21 11:00:00,454.31088
2011-06-21 12:00:00,407.3056
2011-06-21 13:00:00,370.9335
2011-06-21 14:00:00,659.8325
2011-06-21 15:00:00,976.98956
2011-06-21 16:00:00,1117.8872
2011-06-21 17:00:00,627.86694
2011-06-21 18:00:00,414.3631
2011-06-21 19:00:00,427.03424
2011-06-21 20:00:00,409.67386
2011-06-21 21:00:00,415.5205
2011-06-21 22:00:00,416.0554
2011-06-21 23:00:00,390.26498
2011-06-22 00:00:00,437.02634
2011-06-22 01:00:00,419.98575
2011-06-22 02:00:00,381.65134
2011-06-22 03:00:00,419.98575
2011-06-22 04:00:00,407.7329
2011-06-22 05:00:00,438.68152
2011-06-22 06:00:00,407.44183
2011-06-22 07:00:00,386.22714
2011-06-22 08:00:00,389.9738
2011-06-22 09:00:00,432.80493
2011-06-22 10:00:00,411.12857
2011-06-22 11:00:00,385.5819
2011-06-22 12:00:00,1104.752
2011-06-22 13:00:00,1348.765
2011-06-22 14:00:00,1332.5862
2011-06-22 15:00:00,1382.0746
2011-06-22 16:00:00,1343.3412
2011-06-22 17:00:00,1443.3685
2011-06-22 18:00:00,1121.3602
2011-06-22 19:00:00,1279.7402
2011-06-22 20:00:00,397.9332
2011-06-22 21:00:00,432.2584
2011-06-22 22:00:00,444.8366
2011-06-22 23:00:00,453.37125
2011-06-23 00:00:00,449.84555
2011-06-23 01:00:00,424.05518
2011-06-23 02:00:00,424.05518
2011-06-23 03:00:00,410.54013
2011-06-23 04:00:00,428.08716
2011-06-23 05:00:00,407.0145
2011-06-23 06:00:00,407.01453
2011-06-23 07:00:00,402.0055
2011-06-23 08:00:00,397.61356
2011-06-23 09:00:00,380.57294
2011-06-23 10:00:00,453.80698
2011-06-23 11:00:00,515.6321
2011-06-23 12:00:00,535.62805
2011-06-23 13:00:00,688.0242
2011-06-23 14:00:00,543.7936
2011-06-23 15:00:00,1293.8756
2011-06-23 16:00:00,563.1755
2011-06-23 17:00:00,445.02747
2011-06-23 18:00:00,458.54233
2011-06-23 19:00:00,441.50165
2011-06-23 20:00:00,424.34634
2011-06-23 21:00:00,415.8117
2011-06-23 22:00:00,427.87195
2011-06-23 23:00:00,441.387
2011-06-24 00:00:00,441.8934
2011-06-24 01:00:00,501.17978
2011-06-24 02:00:00,501.17978
2011-06-24 03:00:00,454.31088
2011-06-24 04:00:00,433.01703
2011-06-24 05:00:00,464.25677
2011-06-24 06:00:00,445.77618
2011-06-24 07:00:00,474.87714
2011-06-24 08:00:00,424.34634
2011-06-24 09:00:00,475.1424
2011-06-24 10:00:00,1200.061
2011-06-24 11:00:00,1196.1086
2011-06-24 12:00:00,1171.3193
2011-06-24 13:00:00,1074.1704
2011-06-24 14:00:00,1180.5242
2011-06-24 15:00:00,1256.4354
2011-06-24 16:00:00,1258.8699
2011-06-24 17:00:00,1070.7219
2011-06-24 18:00:00,1117.5325
2011-06-24 19:00:00,1051.765
2011-06-24 20:00:00,1033.5245
2011-06-24 21:00:00,1027.7355
2011-06-24 22:00:00,878.1206
2011-06-24 23:00:00,801.8988
2011-06-25 00:00:00,995.2268
2011-06-25 01:00:00,802.6205
2011-06-25 02:00:00,810.7136
2011-06-25 03:00:00,407.34128
2011-06-25 04:00:00,407.34128
2011-06-25 05:00:00,321.00494
2011-06-25 06:00:00,423.7274
2011-06-25 07:00:00,456.44485
2011-06-25 08:00:00,1116.8483
2011-06-25 09:00:00,1089.3278
2011-06-25 10:00:00,1022.8199
2011-06-25 11:00:00,792.8483
2011-06-25 12:00:00,1074.37
2011-06-25 13:00:00,1074.37
2011-06-25 14:00:00,1150.831
2011-06-25 15:00:00,818.2917
2011-06-25 16:00:00,1141.6261
2011-06-25 17:00:00,1036.6038
2011-06-25 18:00:00,1089.3278
2011-06-25 19:00:00,1161.7524
2011-06-25 20:00:00,1050.3405
2011-06-25 21:00:00,841.04584
2011-06-25 22:00:00,1028.4252
2011-06-25 23:00:00,868.9539
2011-06-26 00:00:00,495.1131
2011-06-26 01:00:00,555.51013
2011-06-26 02:00:00,326.19244
2011-06-26 03:00:00,328.77344
2011-06-26 04:00:00,324.5204
2011-06-26 05:00:00,298.94513
2011-06-26 06:00:00,298.94513
2011-06-26 07:00:00,282.6706
2011-06-26 08:00:00,337.49896
2011-06-26 09:00:00,536.0438
2011-06-26 10:00:00,962.2288
2011-06-26 11:00:00,956.3121
2011-06-26 12:00:00,941.7649
2011-06-26 13:00:00,770.1955
2011-06-26 14:00:00,910.5229
2011-06-26 15:00:00,770.1955
2011-06-26 16:00:00,1003.29407
2011-06-26 17:00:00,970.1872
2011-06-26 18:00:00,1101.0135
2011-06-26 19:00:00,1007.11285
2011-06-26 20:00:00,962.3203
2011-06-26 21:00:00,713.7782
2011-06-26 22:00:00,865.338
2011-06-26 23:00:00,712.82574
2011-06-27 00:00:00,444.66293
2011-06-27 01:00:00,424.85657
2011-06-27 02:00:00,428.38223
2011-06-27 03:00:00,428.38223
2011-06-27 04:00:00,459.47278
2011-06-27 05:00:00,458.92786
2011-06-27 06:00:00,433.39117
2011-06-27 07:00:00,424.09644
2011-06-27 08:00:00,416.64777
2011-06-27 09:00:00,732.6786
2011-06-27 10:00:00,807.5268
2011-06-27 11:00:00,426.53738
2011-06-27 12:00:00,732.6786
2011-06-27 13:00:00,643.8119
2011-06-27 14:00:00,566.19147
2011-06-27 15:00:00,770.75854
2011-06-27 16:00:00,837.5138
2011-06-27 17:00:00,854.12195
2011-06-27 18:00:00,924.4352
2011-06-27 19:00:00,475.33044
2011-06-27 20:00:00,343.58676
2011-06-27 21:00:00,313.7585
2011-06-27 22:00:00,334.93738
2011-06-27 23:00:00,334.93738
2011-06-28 00:00:00,423.51138
2011-06-28 01:00:00,361.2727
2011-06-28 02:00:00,364.79834
2011-06-28 03:00:00,364.79834
2011-06-28 04:00:00,361.2727
2011-06-28 05:00:00,381.65134
2011-06-28 06:00:00,454.31088
2011-06-28 07:00:00,462.5257
2011-06-28 08:00:00,433.09616
2011-06-28 09:00:00,338.7129
2011-06-28 10:00:00,1137.2279
2011-06-28 11:00:00,939.3002
2011-06-28 12:00:00,1206.1252
2011-06-28 13:00:00,932.2402
2011-06-28 14:00:00,1191.621
2011-06-28 15:00:00,938.55023
2011-06-28 16:00:00,1292.1697
2011-06-28 17:00:00,1393.7606
2011-06-28 18:00:00,1380.4497
2011-06-28 19:00:00,869.39636
2011-06-28 20:00:00,401.1128
2011-06-28 21:00:00,436.3686
2011-06-28 22:00:00,424.75217
2011-06-28 23:00:00,420.49927
2011-06-29 00:00:00,470.99432
2011-06-29 01:00:00,471.7216
2011-06-29 02:00:00,471.3515
2011-06-29 03:00:00,440.7958
2011-06-29 04:00:00,437.2701
2011-06-29 05:00:00,463.10803
2011-06-29 06:00:00,420.68555
2011-06-29 07:00:00,773.5757
2011-06-29 08:00:00,1194.0609
2011-06-29 09:00:00,1282.957
2011-06-29 10:00:00,1147.0143
2011-06-29 11:00:00,1026.8363
2011-06-29 12:00:00,1057.9736
2011-06-29 13:00:00,1162.4391
2011-06-29 14:00:00,1022.69904
2011-06-29 15:00:00,1009.385
2011-06-29 16:00:00,1273.165
2011-06-29 17:00:00,1266.4156
2011-06-29 18:00:00,1127.9764
2011-06-29 19:00:00,1198.4055
2011-06-29 20:00:00,1103.7516
2011-06-29 21:00:00,1037.7917
2011-06-29 22:00:00,1024.0605
2011-06-29 23:00:00,1072.3279
2011-06-30 00:00:00,780.1376
2011-06-30 01:00:00,557.2093
2011-06-30 02:00:00,335.1575
2011-06-30 03:00:00,338.07553
2011-06-30 04:00:00,349.95532
2011-06-30 05:00:00,384.03665
2011-06-30 06:00:00,384.25464
2011-06-30 07:00:00,359.474
2011-06-30 08:00:00,1105.6375
2011-06-30 09:00:00,1057.3701
2011-06-30 10:00:00,1035.6024
2011-06-30 11:00:00,930.37036
2011-06-30 12:00:00,964.4569
2011-06-30 13:00:00,987.3099
2011-06-30 14:00:00,1003.29254
2011-06-30 15:00:00,1047.7847
2011-06-30 16:00:00,952.1902
2011-06-30 17:00:00,1167.2671
2011-06-30 18:00:00,1042.6326
2011-06-30 19:00:00,967.90326
2011-06-30 20:00:00,967.90326
2011-06-30 21:00:00,893.5447
2011-06-30 22:00:00,990.8623
2011-06-30 23:00:00,688.6253
2011-07-20 00:00:00,441.8459
2011-07-20 01:00:00,412.01755
2011-07-20 02:00:00,412.01755
2011-07-20 03:00:00,441.8459
2011-07-20 04:00:00,407.1506
2011-07-20 05:00:00,436.97894
2011-07-20 06:00:00,471.45325
2011-07-20 07:00:00,445.3716
2011-07-20 08:00:00,359.59894
2011-07-20 09:00:00,364.2881
2011-07-20 10:00:00,338.42175
2011-07-20 11:00:00,842.1968
2011-07-20 12:00:00,1093.5111
2011-07-20 13:00:00,1290.108
2011-07-20 14:00:00,1303.8392
2011-07-20 15:00:00,1198.2689
2011-07-20 16:00:00,1073.9852
2011-07-20 17:00:00,1329.1703
2011-07-20 18:00:00,1362.4801
2011-07-20 19:00:00,898.939
2011-07-20 20:00:00,468.0448
2011-07-20 21:00:00,772.4147
2011-07-20 22:00:00,488.99005
2011-07-20 23:00:00,436.8816
2011-07-21 00:00:00,423.36655
2011-07-21 01:00:00,478.87054
2011-07-21 02:00:00,478.87054
2011-07-21 03:00:00,427.2494
2011-07-21 04:00:00,445.3341
2011-07-21 05:00:00,445.3341
2011-07-21 06:00:00,445.3341
2011-07-21 07:00:00,453.29538
2011-07-21 08:00:00,435.74823
2011-07-21 09:00:00,445.49872
2011-07-21 10:00:00,761.40247
2011-07-21 11:00:00,1513.3854
2011-07-21 12:00:00,1486.8494
2011-07-21 13:00:00,1453.5399
2011-07-21 14:00:00,1461.4069
2011-07-21 15:00:00,1392.0472
2011-07-21 16:00:00,1385.3779
2011-07-21 17:00:00,1371.9849
2011-07-21 18:00:00,1378.2999
2011-07-21 19:00:00,1321.5775
2011-07-21 20:00:00,901.1759
2011-07-21 21:00:00,647.8816
2011-07-21 22:00:00,733.2111
2011-07-21 23:00:00,555.7265
2011-07-22 00:00:00,1071.3107
2011-07-22 01:00:00,791.4782
2011-07-22 02:00:00,423.65057
2011-07-22 03:00:00,394.25845
2011-07-22 04:00:00,394.29413
2011-07-22 05:00:00,415.2177
2011-07-22 06:00:00,390.04114
2011-07-22 07:00:00,731.5974
2011-07-22 08:00:00,1195.8665
2011-07-22 09:00:00,1289.8324
2011-07-22 10:00:00,1209.2341
2011-07-22 11:00:00,1185.5558
2011-07-22 12:00:00,1286.0516
2011-07-22 13:00:00,1324.9182
2011-07-22 14:00:00,1461.7163
2011-07-22 15:00:00,1465.2455
2011-07-22 16:00:00,1299.153
2011-07-22 17:00:00,1131.1615
2011-07-22 18:00:00,1121.1901
2011-07-22 19:00:00,1057.9873
2011-07-22 20:00:00,1073.9852
2011-07-22 21:00:00,1193.3287
2011-07-22 22:00:00,1096.9379
2011-07-22 23:00:00,902.53613
2011-07-23 00:00:00,1010.54614
2011-07-23 01:00:00,1077.4741
2011-07-23 02:00:00,961.0575
2011-07-23 03:00:00,565.77094
2011-07-23 04:00:00,448.45154
2011-07-23 05:00:00,623.5713
2011-07-23 06:00:00,1091.1356
2011-07-23 07:00:00,1057.9375
2011-07-23 08:00:00,1224.1622
2011-07-23 09:00:00,1124.456
2011-07-23 10:00:00,1133.5289
2011-07-23 11:00:00,1113.4489
2011-07-23 12:00:00,1054.7108
2011-07-23 13:00:00,1137.8766
2011-07-23 14:00:00,992.09143
2011-07-23 15:00:00,967.1527
2011-07-23 16:00:00,1106.7887
2011-07-23 17:00:00,1106.7887
2011-07-23 18:00:00,1203.4523
2011-07-23 19:00:00,1210.909
2011-07-23 20:00:00,1299.0406
2011-07-23 21:00:00,1299.0406
2011-07-23 22:00:00,1143.0028
2011-07-23 23:00:00,1101.9984
2011-07-24 00:00:00,1101.9984
2011-07-24 01:00:00,574.38245
2011-07-24 02:00:00,863.8972
2011-07-24 03:00:00,863.8972
2011-07-24 04:00:00,574.38245
2011-07-24 05:00:00,565.77094
2011-07-24 06:00:00,855.3824
2011-07-24 07:00:00,1115.6517
2011-07-24 08:00:00,1326.4862
2011-07-24 09:00:00,1442.903
2011-07-24 10:00:00,1337.2904
2011-07-24 11:00:00,1273.5981
2011-07-24 12:00:00,1157.3505
2011-07-24 13:00:00,1181.7589
2011-07-24 14:00:00,1287.3818
2011-07-24 15:00:00,1221.9054
2011-07-24 16:00:00,1221.9054
2011-07-24 17:00:00,1036.9824
2011-07-24 18:00:00,1102.9563
2011-07-24 19:00:00,1119.2339
2011-07-24 20:00:00,1124.456
2011-07-24 21:00:00,888.80963
2011-07-24 22:00:00,513.9854
2011-07-24 23:00:00,354.62885
2011-07-25 00:00:00,341.9474
2011-07-25 01:00:00,393.5668
2011-07-25 02:00:00,414.49042
2011-07-25 03:00:00,385.38934
2011-07-25 04:00:00,437.55542
2011-07-25 05:00:00,437.55542
2011-07-25 06:00:00,441.08112
2011-07-25 07:00:00,388.9151
2011-07-25 08:00:00,367.99158
2011-07-25 09:00:00,677.51324
2011-07-25 10:00:00,1093.5111
2011-07-25 11:00:00,1340.8566
2011-07-25 12:00:00,1340.8566
2011-07-25 13:00:00,401.45898
2011-07-25 14:00:00,444.83667
2011-07-25 15:00:00,522.79614
2011-07-25 16:00:00,475.9272
2011-07-25 17:00:00,360.14554
2011-07-25 18:00:00,385.1743
2011-07-25 19:00:00,364.2881
2011-07-25 20:00:00,398.47983
2011-07-25 21:00:00,412.01755
2011-07-25 22:00:00,412.01755
2011-07-25 23:00:00,437.59277
2011-07-26 00:00:00,416.05542
2011-07-26 01:00:00,416.05542
2011-07-26 02:00:00,467.92752
2011-07-26 03:00:00,476.43362
2011-07-26 04:00:00,479.8101
2011-07-26 05:00:00,463.7101
2011-07-26 06:00:00,471.0603
2011-07-26 07:00:00,399.57562
2011-07-26 08:00:00,887.39417
2011-07-26 09:00:00,1071.3014
2011-07-26 10:00:00,1053.787
2011-07-26 11:00:00,838.6608
2011-07-26 12:00:00,854.69275
2011-07-26 13:00:00,1171.8024
2011-07-26 14:00:00,1172.2928
2011-07-26 15:00:00,1234.9048
2011-07-26 16:00:00,1189.922
2011-07-26 17:00:00,1267.4862
2011-07-26 18:00:00,1295.9828
2011-07-26 19:00:00,1228.2019
2011-07-26 20:00:00,1197.8715
2011-07-26 21:00:00,1184.1991
2011-07-26 22:00:00,958.3664
2011-07-26 23:00:00,803.3133
2011-07-27 00:00:00,1160.4976
2011-07-27 01:00:00,1150.8895
2011-07-27 02:00:00,1280.0936
2011-07-27 03:00:00,615.62036
2011-07-27 04:00:00,1062.205
2011-07-27 05:00:00,808.0802
2011-07-27 06:00:00,773.5757
2011-07-27 07:00:00,1172.3455
2011-07-27 08:00:00,1113.705
2011-07-27 09:00:00,1057.9736
2011-07-27 10:00:00,804.959
2011-07-27 11:00:00,820.9909
2011-07-27 12:00:00,1133.5289
2011-07-27 13:00:00,1230.4996
2011-07-27 14:00:00,1087.4888
2011-07-27 15:00:00,1134.4554
2011-07-27 16:00:00,1032.2563
2011-07-27 17:00:00,1076.6091
2011-07-27 18:00:00,943.9381
2011-07-27 19:00:00,910.77625
2011-07-27 20:00:00,1123.1688
2011-07-27 21:00:00,1009.73145
2011-07-27 22:00:00,889.7151
2011-07-27 23:00:00,962.012
2011-07-28 00:00:00,908.5496
2011-07-28 01:00:00,920.8354
2011-07-28 02:00:00,799.4338
2011-07-28 03:00:00,741.1936
2011-07-28 04:00:00,362.3293
2011-07-28 05:00:00,343.58676
2011-07-28 06:00:00,365.12424
2011-07-28 07:00:00,386.1267
2011-07-28 08:00:00,370.9335
2011-07-28 09:00:00,943.71716
2011-07-28 10:00:00,1340.4789
2011-07-28 11:00:00,1389.9254
2011-07-28 12:00:00,1317.5009
2011-07-28 13:00:00,1258.86
2011-07-28 14:00:00,1279.7509
2011-07-28 15:00:00,1231.4672
2011-07-28 16:00:00,1159.154
2011-07-28 17:00:00,1250.9929
2011-07-28 18:00:00,1323.4176
2011-07-28 19:00:00,1295.3353
2011-07-28 20:00:00,902.53613
2011-07-28 21:00:00,662.3715
2011-07-28 22:00:00,410.83743
2011-07-28 23:00:00,419.84094
2011-07-29 00:00:00,432.2584
2011-07-29 01:00:00,423.72382
2011-07-29 02:00:00,385.38934
2011-07-29 03:00:00,385.38934
2011-07-29 04:00:00,450.31448
2011-07-29 05:00:00,411.98004
2011-07-29 06:00:00,415.50586
2011-07-29 07:00:00,414.49042
2011-07-29 08:00:00,378.8168
2011-07-29 09:00:00,1258.86
2011-07-29 10:00:00,1292.1171
2011-07-29 11:00:00,1320.3701
2011-07-29 12:00:00,1293.3313
2011-07-29 13:00:00,971.6007
2011-07-29 14:00:00,1229.5718
2011-07-29 15:00:00,1260.5558
2011-07-29 16:00:00,1400.2958
2011-07-29 17:00:00,1307.1359
2011-07-29 18:00:00,1326.232
2011-07-29 19:00:00,1229.7379
2011-07-29 20:00:00,1281.6887
2011-07-29 21:00:00,1117.702
2011-07-29 22:00:00,1203.7357
2011-07-29 23:00:00,1082.3037
2011-07-30 00:00:00,1024.532
2011-07-30 01:00:00,976.7014
2011-07-30 02:00:00,983.5278
2011-07-30 03:00:00,507.39218
2011-07-30 04:00:00,352.6006
2011-07-30 05:00:00,407.31415
2011-07-30 06:00:00,411.56723
2011-07-30 07:00:00,497.50018
2011-07-30 08:00:00,982.8644
2011-07-30 09:00:00,1223.4141
2011-07-30 10:00:00,1170.4518
2011-07-30 11:00:00,1038.6301
2011-07-30 12:00:00,993.4409
2011-07-30 13:00:00,856.41876
2011-07-30 14:00:00,884.62695
2011-07-30 15:00:00,1033.7477
2011-07-30 16:00:00,1112.7025
2011-07-30 17:00:00,991.9332
2011-07-30 18:00:00,1056.4396
2011-07-30 19:00:00,960.266
2011-07-30 20:00:00,1011.6306
2011-07-30 21:00:00,1093.3251
2011-07-30 22:00:00,1038.401
2011-07-30 23:00:00,976.7017
2011-07-31 00:00:00,976.7014
2011-07-31 01:00:00,464.27606
2011-07-31 02:00:00,337.41663
2011-07-31 03:00:00,305.1867
2011-07-31 04:00:00,326.3639
2011-07-31 05:00:00,321.2059
2011-07-31 06:00:00,325.81906
2011-07-31 07:00:00,701.4305
2011-07-31 08:00:00,1038.2306
2011-07-31 09:00:00,910.4005
2011-07-31 10:00:00,1007.6461
2011-07-31 11:00:00,1006.0487
2011-07-31 12:00:00,1103.2423
2011-07-31 13:00:00,1060.9552
2011-07-31 14:00:00,1103.1918
2011-07-31 15:00:00,1623.2606
2011-07-31 16:00:00,1698.7357
2011-07-31 17:00:00,1632.0057
2011-07-31 18:00:00,1195.9086
2011-07-31 19:00:00,1346.485
2011-07-31 20:00:00,1346.485
2011-07-31 21:00:00,1024.4408
2011-07-31 22:00:00,411.02243
2011-07-31 23:00:00,411.01712
2011-08-20 00:00:00,421.721
2011-08-20 01:00:00,395.6394
2011-08-20 02:00:00,370.10266
2011-08-20 03:00:00,370.10266
2011-08-20 04:00:00,425.2467
2011-08-20 05:00:00,396.18423
2011-08-20 06:00:00,438.04437
2011-08-20 07:00:00,395.6394
2011-08-20 08:00:00,322.58844
2011-08-20 09:00:00,300.8647
2011-08-20 10:00:00,433.64792
2011-08-20 11:00:00,536.24316
2011-08-20 12:00:00,701.4305
2011-08-20 13:00:00,997.18066
2011-08-20 14:00:00,1126.5233
2011-08-20 15:00:00,1058.4823
2011-08-20 16:00:00,1087.4609
2011-08-20 17:00:00,1126.5233
2011-08-20 18:00:00,908.94916
2011-08-20 19:00:00,524.6154
2011-08-20 20:00:00,541.8965
2011-08-20 21:00:00,390.27353
2011-08-20 22:00:00,406.44354
2011-08-20 23:00:00,385.87726
2011-08-21 00:00:00,402.91788
2011-08-21 01:00:00,437.53412
2011-08-21 02:00:00,428.9994
2011-08-21 03:00:00,458.45764
2011-08-21 04:00:00,458.1665
2011-08-21 05:00:00,510.44443
2011-08-21 06:00:00,506.19147
2011-08-21 07:00:00,479.46027
2011-08-21 08:00:00,437.24286
2011-08-21 09:00:00,411.16125
2011-08-21 10:00:00,419.12082
2011-08-21 11:00:00,972.0178
2011-08-21 12:00:00,1365.5486
2011-08-21 13:00:00,1245.5823
2011-08-21 14:00:00,491.16333
2011-08-21 15:00:00,480.074
2011-08-21 16:00:00,419.91104
2011-08-21 17:00:00,411.37653
2011-08-21 18:00:00,445.45782
2011-08-21 19:00:00,398.7796
2011-08-21 20:00:00,445.74896
2011-08-21 21:00:00,445.74896
2011-08-21 22:00:00,432.23398
2011-08-21 23:00:00,394.4118
2011-08-22 00:00:00,433.38727
2011-08-22 01:00:00,412.0935
2011-08-22 02:00:00,347.1125
2011-08-22 03:00:00,359.14423
2011-08-22 04:00:00,369.68008
2011-08-22 05:00:00,417.09393
2011-08-22 06:00:00,379.4209
2011-08-22 07:00:00,387.95544
2011-08-22 08:00:00,387.95544
2011-08-22 09:00:00,703.2321
2011-08-22 10:00:00,1194.0609
2011-08-22 11:00:00,1108.371
2011-08-22 12:00:00,1182.8223
2011-08-22 13:00:00,1242.2173
2011-08-22 14:00:00,1164.6534
2011-08-22 15:00:00,1071.4933
2011-08-22 16:00:00,1164.6534
2011-08-22 17:00:00,1097.5192
2011-08-22 18:00:00,1056.217
2011-08-22 19:00:00,1024.7426
2011-08-22 20:00:00,931.1302
2011-08-22 21:00:00,963.7725
2011-08-22 22:00:00,1080.1892
2011-08-22 23:00:00,1057.8009
2011-08-23 00:00:00,1008.44006
2011-08-23 01:00:00,448.54572
2011-08-23 02:00:00,305.64383
2011-08-23 03:00:00,331.2191
2011-08-23 04:00:00,318.3167
2011-08-23 05:00:00,326.8227
2011-08-23 06:00:00,347.45505
2011-08-23 07:00:00,719.083
2011-08-23 08:00:00,589.7905
2011-08-23 09:00:00,825.1762
2011-08-23 10:00:00,768.8269
2011-08-23 11:00:00,858.8946
2011-08-23 12:00:00,876.6349
2011-08-23 13:00:00,857.88367
2011-08-23 14:00:00,842.39166
2011-08-23 15:00:00,999.1811
2011-08-23 16:00:00,892.8116
2011-08-23 17:00:00,999.1811
2011-08-23 18:00:00,967.939
2011-08-23 19:00:00,813.40967
2011-08-23 20:00:00,626.21814
2011-08-23 21:00:00,275.18582
2011-08-23 22:00:00,335.1575
2011-08-23 23:00:00,333.89874
2011-08-24 00:00:00,335.1575
2011-08-24 01:00:00,321.03488
2011-08-24 02:00:00,370.58765
2011-08-24 03:00:00,370.58765
2011-08-24 04:00:00,388.41696
2011-08-24 05:00:00,388.41696
2011-08-24 06:00:00,358.58865
2011-08-24 07:00:00,337.41418
2011-08-24 08:00:00,375.16345
2011-08-24 09:00:00,408.4445
2011-08-24 10:00:00,596.7608
2011-08-24 11:00:00,907.55426
2011-08-24 12:00:00,962.2981
2011-08-24 13:00:00,1370.4119
2011-08-24 14:00:00,1370.4119
2011-08-24 15:00:00,1403.7216
2011-08-24 16:00:00,1334.7965
2011-08-24 17:00:00,1307.4451
2011-08-24 18:00:00,945.63434
2011-08-24 19:00:00,945.63434
2011-08-24 20:00:00,693.24097
2011-08-24 21:00:00,501.36456
2011-08-24 22:00:00,416.00238
2011-08-24 23:00:00,420.1407
2011-08-25 00:00:00,445.93118
2011-08-25 01:00:00,445.716
2011-08-25 02:00:00,445.716
2011-08-25 03:00:00,455.0106
2011-08-25 04:00:00,492.42996
2011-08-25 05:00:00,526.72644
2011-08-25 06:00:00,501.17978
2011-08-25 07:00:00,483.78192
2011-08-25 08:00:00,449.1657
2011-08-25 09:00:00,427.9868
2011-08-25 10:00:00,440.92438
2011-08-25 11:00:00,393.2785
2011-08-25 12:00:00,393.2785
2011-08-25 13:00:00,416.05542
2011-08-25 14:00:00,363.6712
2011-08-25 15:00:00,342.23853
2011-08-25 16:00:00,411.98004
2011-08-25 17:00:00,411.98004
2011-08-25 18:00:00,453.84015
2011-08-25 19:00:00,478.91498
2011-08-25 20:00:00,484.44022
2011-08-25 21:00:00,463.1466
2011-08-25 22:00:00,408.53323
2011-08-25 23:00:00,434.10855
2011-08-26 00:00:00,446.86752
2011-08-26 01:00:00,408.53323
2011-08-26 02:00:00,472.4026
2011-08-26 03:00:00,464.44324
2011-08-26 04:00:00,434.06836
2011-08-26 05:00:00,437.594
2011-08-26 06:00:00,434.06836
2011-08-26 07:00:00,407.7329
2011-08-26 08:00:00,437.2701
2011-08-26 09:00:00,360.43674
2011-08-26 10:00:00,343.6558
2011-08-26 11:00:00,524.1137
2011-08-26 12:00:00,437.47562
2011-08-26 13:00:00,885.3217
2011-08-26 14:00:00,1015.3079
2011-08-26 15:00:00,1090.6193
2011-08-26 16:00:00,724.28406
2011-08-26 17:00:00,432.01462
2011-08-26 18:00:00,401.45898
2011-08-26 19:00:00,415.76428
2011-08-26 20:00:00,411.5113
2011-08-26 21:00:00,432.80493
2011-08-26 22:00:00,415.76428
2011-08-26 23:00:00,437.59277
2011-08-27 00:00:00,428.95197
2011-08-27 01:00:00,445.99265
2011-08-27 02:00:00,454.4988
2011-08-27 03:00:00,466.55902
2011-08-27 04:00:00,466.55902
2011-08-27 05:00:00,487.85278
2011-08-27 06:00:00,487.85278
2011-08-27 07:00:00,504.8934
2011-08-27 08:00:00,475.06503
2011-08-27 09:00:00,521.93414
2011-08-27 10:00:00,508.93124
2011-08-27 11:00:00,551.57715
2011-08-27 12:00:00,542.17786
2011-08-27 13:00:00,512.378
2011-08-27 14:00:00,590.458
2011-08-27 15:00:00,590.458
2011-08-27 16:00:00,581.952
2011-08-27 17:00:00,671.4083
2011-08-28 07:00:00,504.93475
2011-08-28 08:00:00,521.97546
2011-08-28 09:00:00,467.66345
2011-08-28 10:00:00,647.76605
2011-08-28 11:00:00,672.68225
2011-08-28 12:00:00,1250.9777
2011-08-28 13:00:00,1228.8807
2011-08-28 14:00:00,1286.2362
2011-08-28 15:00:00,1219.7286
2011-08-28 16:00:00,1206.77
2011-08-28 17:00:00,1110.5057
2011-08-28 18:00:00,1036.6038
2011-08-28 19:00:00,962.2289
2011-08-28 20:00:00,923.11395
2011-08-28 21:00:00,319.65808
2011-08-28 22:00:00,352.96323
2011-08-28 23:00:00,374.14047
2011-08-29 00:00:00,387.03436
2011-08-29 01:00:00,367.20227
2011-08-29 02:00:00,392.74893
2011-08-29 03:00:00,367.20227
2011-08-29 04:00:00,371.13257
2011-08-29 05:00:00,396.923
2011-08-29 06:00:00,396.923
2011-08-29 07:00:00,355.11618
2011-08-29 08:00:00,400.5924
2011-08-29 09:00:00,584.2431
2011-08-29 10:00:00,1026.0862
2011-08-29 11:00:00,998.7347
2011-08-29 12:00:00,1019.6951
2011-08-29 13:00:00,791.8223
2011-08-29 14:00:00,807.93787
2011-08-29 15:00:00,990.8623
2011-08-29 16:00:00,1002.4043
2011-08-29 17:00:00,1120.9232
2011-08-29 18:00:00,1039.7393
2011-08-29 19:00:00,1039.7393
2011-08-29 20:00:00,574.49036
2011-08-29 21:00:00,591.7137
2011-08-29 22:00:00,335.1575
2011-08-29 23:00:00,316.7819
2011-08-30 00:00:00,396.923
2011-08-30 01:00:00,362.6265
2011-08-30 02:00:00,388.96356
2011-08-30 03:00:00,414.51022
2011-08-30 04:00:00,427.1814
2011-08-30 05:00:00,405.8878
2011-08-30 06:00:00,388.96356
2011-08-30 07:00:00,371.13257
2011-08-30 08:00:00,335.1575
2011-08-30 09:00:00,813.40967
2011-08-30 10:00:00,1026.2498
2011-08-30 11:00:00,987.0615
2011-08-30 12:00:00,784.3547
2011-08-30 13:00:00,886.4846
2011-08-30 14:00:00,936.91925
2011-08-30 15:00:00,1011.24335
2011-08-30 16:00:00,961.61224
2011-08-30 17:00:00,1035.6024
2011-08-30 18:00:00,1021.98254
2011-08-30 19:00:00,738.56134
2011-08-30 20:00:00,688.6253
2011-08-30 21:00:00,340.97168
2011-08-30 22:00:00,295.5644
2011-08-30 23:00:00,295.5644
2011-08-31 00:00:00,337.37402
2011-08-31 01:00:00,337.37402
2011-08-31 02:00:00,358.58865
2011-08-31 03:00:00,384.37903
2011-08-31 04:00:00,358.58865
2011-08-31 05:00:00,436.29144
2011-08-31 06:00:00,379.7676
2011-08-31 07:00:00,383.5431
2011-08-31 08:00:00,336.82913
2011-08-31 09:00:00,361.60413
2011-08-31 10:00:00,955.47473
2011-08-31 11:00:00,969.0946
2011-08-31 12:00:00,991.0625
2011-08-31 13:00:00,899.2329
2011-08-31 14:00:00,951.94745
2011-08-31 15:00:00,951.94745
2011-08-31 16:00:00,980.68896
2011-08-31 17:00:00,1000.21484
2011-08-31 18:00:00,952.27716
2011-08-31 19:00:00,1239.3234
2011-08-31 20:00:00,399.3579
2011-08-31 21:00:00,319.79285
2011-08-31 22:00:00,336.02884
2011-08-31 23:00:00,413.37128
2011-09-20 00:00:00,408.98328
2011-09-20 01:00:00,486.90125
2011-09-20 02:00:00,486.90125
2011-09-20 03:00:00,478.1515
2011-09-20 04:00:00,491.88162
2011-09-20 05:00:00,495.4073
2011-09-20 06:00:00,495.4073
2011-09-20 07:00:00,486.90125
2011-09-20 08:00:00,546.92224
2011-09-20 09:00:00,538.4161
2011-09-20 10:00:00,489.8803
2011-09-20 11:00:00,489.8803
2011-09-20 12:00:00,517.30316
2011-09-20 13:00:00,508.76862
2011-09-20 14:00:00,494.3159
2011-09-20 15:00:00,416.35052
2011-09-20 16:00:00,459.47278
2011-09-20 17:00:00,438.90637
2011-09-20 18:00:00,438.90637
2011-09-20 19:00:00,435.4151
2011-09-20 20:00:00,466.90863
2011-09-20 21:00:00,466.90857
2011-09-20 22:00:00,466.90857
2011-09-20 23:00:00,466.90857
2011-09-21 00:00:00,498.4037
2011-09-21 01:00:00,467.45514
2011-09-21 02:00:00,467.45514
2011-09-21 03:00:00,496.55618
2011-09-21 04:00:00,540.26373
2011-09-21 05:00:00,548.7982
2011-09-21 06:00:00,557.3044
2011-09-21 07:00:00,557.3044
2011-09-21 08:00:00,531.7577
2011-09-21 09:00:00,526.958
2011-09-21 10:00:00,438.14053
2011-09-21 11:00:00,458.92786
2011-09-21 12:00:00,411.29715
2011-09-21 13:00:00,411.6674
2011-09-21 14:00:00,420.1734
2011-09-21 15:00:00,394.62677
2011-09-21 16:00:00,394.62677
2011-09-21 17:00:00,415.19305
2011-09-21 18:00:00,461.65335
2011-09-21 19:00:00,471.81448
2011-09-21 20:00:00,471.81448
2011-09-21 21:00:00,524.8484
2011-09-21 22:00:00,468.28876
2011-09-21 23:00:00,494.88245
2011-09-22 00:00:00,494.88245
2011-09-22 01:00:00,494.1552
2011-09-22 02:00:00,498.4083
2011-09-22 03:00:00,494.1552
2011-09-22 04:00:00,494.1552
2011-09-22 05:00:00,498.4083
2011-09-22 06:00:00,537.60754
2011-09-22 07:00:00,529.10144
2011-09-22 08:00:00,546.1422
2011-09-22 09:00:00,523.66394
2011-09-22 10:00:00,506.11688
2011-09-22 11:00:00,497.5822
2011-09-22 12:00:00,457.83643
2011-09-22 13:00:00,466.34262
2011-09-22 14:00:00,474.87714
2011-09-22 15:00:00,436.9129
2011-09-22 16:00:00,402.58795
2011-09-22 17:00:00,410.75235
2011-09-22 18:00:00,441.08704
2011-09-22 19:00:00,467.7825
2011-09-22 20:00:00,506.62314
2011-09-22 21:00:00,467.7825
2011-09-22 22:00:00,524.30365
2011-09-22 23:00:00,468.28876
2011-09-23 00:00:00,471.35873
2011-09-23 01:00:00,476.76773
2011-09-23 02:00:00,506.596
2011-09-23 03:00:00,476.76773
2011-09-23 04:00:00,480.29346
2011-09-23 05:00:00,445.78345
2011-09-23 06:00:00,471.35873
2011-09-23 07:00:00,487.6435
2011-09-23 08:00:00,487.6435
2011-09-23 09:00:00,518.0828
2011-09-23 10:00:00,509.5769
2011-09-23 11:00:00,509.57693
2011-09-23 12:00:00,479.1374
2011-09-23 13:00:00,505.86874
2011-09-23 14:00:00,505.86874
2011-09-23 15:00:00,479.13745
2011-09-23 16:00:00,449.3092
2011-09-23 17:00:00,476.76773
2011-09-23 18:00:00,473.242
2011-09-23 19:00:00,480.5922
2011-09-23 20:00:00,442.5489
2011-09-23 21:00:00,520.11096
2011-09-23 22:00:00,489.41785
2011-09-23 23:00:00,516.6669
2011-09-24 00:00:00,487.48828
2011-09-24 01:00:00,460.06543
2011-09-24 02:00:00,460.06543
2011-09-24 03:00:00,430.9644
2011-09-24 04:00:00,461.33765
2011-09-24 05:00:00,464.86328
2011-09-24 06:00:00,464.86328
2011-09-24 07:00:00,433.91473
2011-09-24 08:00:00,439.43292
2011-09-24 09:00:00,428.31662
2011-09-24 10:00:00,428.31662
2011-09-24 11:00:00,402.235
2011-09-24 12:00:00,402.235
2011-09-24 13:00:00,346.79703
2011-09-24 14:00:00,367.73352
2011-09-24 15:00:00,367.73352
2011-09-24 16:00:00,375.89795
2011-09-24 17:00:00,355.70175
2011-09-24 18:00:00,376.6253
2011-09-24 19:00:00,398.66907
2011-09-24 20:00:00,373.13394
2011-09-24 21:00:00,398.70923
2011-09-24 22:00:00,402.1947
2011-09-24 23:00:00,428.31662
2011-09-25 00:00:00,402.74133
2011-09-25 01:00:00,432.5696
2011-09-25 02:00:00,436.70642
2011-09-25 03:00:00,436.70642
2011-09-25 04:00:00,475.0408
2011-09-25 05:00:00,424.79086
2011-09-25 06:00:00,432.5696
2011-09-25 07:00:00,471.515
2011-09-25 08:00:00,402.1947
2011-09-25 09:00:00,375.85944
2011-09-25 10:00:00,375.85944
2011-09-25 11:00:00,388.1121
2011-09-25 12:00:00,349.77777
2011-09-25 13:00:00,328.8543
2011-09-25 14:00:00,349.77777
2011-09-25 15:00:00,349.77777
2011-09-25 16:00:00,304.14972
2011-09-25 17:00:00,325.32858
2011-09-25 18:00:00,325.32858
2011-09-25 19:00:00,410.6681
2011-09-25 20:00:00,397.909
2011-09-25 21:00:00,454.93912
2011-09-25 22:00:00,424.2444
2011-09-25 23:00:00,462.71796
2011-09-26 00:00:00,445.78345
2011-09-26 01:00:00,444.9169
2011-09-26 02:00:00,444.9169
2011-09-26 03:00:00,445.78345
2011-09-26 04:00:00,471.35867
2011-09-26 05:00:00,415.08856
2011-09-26 06:00:00,471.35873
2011-09-26 07:00:00,445.78345
2011-09-26 08:00:00,445.78345
2011-09-26 09:00:00,475.07678
2011-09-26 10:00:00,475.07678
2011-09-26 11:00:00,427.9225
2011-09-26 12:00:00,414.40762
2011-09-26 13:00:00,388.3259
2011-09-26 14:00:00,363.91248
2011-09-26 15:00:00,412.99066
2011-09-26 16:00:00,338.1221
2011-09-26 17:00:00,355.37793
2011-09-26 18:00:00,414.7647
2011-09-26 19:00:00,405.35352
2011-09-26 20:00:00,454.51044
2011-09-26 21:00:00,454.51044
2011-09-26 22:00:00,480.5922
2011-09-26 23:00:00,480.5922
2011-09-27 00:00:00,480.5922
2011-09-27 01:00:00,489.12668
2011-09-27 02:00:00,472.086
2011-09-27 03:00:00,445.78345
2011-09-27 04:00:00,474.88434
2011-09-27 05:00:00,474.88434
2011-09-27 06:00:00,475.6116
2011-09-27 07:00:00,475.6116
2011-09-27 08:00:00,449.5301
2011-09-27 09:00:00,478.60257
2011-09-27 10:00:00,495.63156
2011-09-27 11:00:00,448.98355
2011-09-27 12:00:00,457.4896
2011-09-27 13:00:00,405.3666
2011-09-27 14:00:00,397.36685
2011-09-27 15:00:00,413.7462
2011-09-27 16:00:00,443.83716
2011-09-27 17:00:00,474.53027
2011-09-27 18:00:00,483.61136
2011-09-27 19:00:00,458.03616
2011-09-27 20:00:00,360.49112
2011-09-27 21:00:00,386.57275
2011-09-27 22:00:00,437.6847
2011-09-27 23:00:00,437.6847
2011-09-28 00:00:00,412.10947
2011-09-28 01:00:00,412.10947
2011-09-28 02:00:00,484.52515
2011-09-28 03:00:00,471.6499
2011-09-28 04:00:00,412.10947
2011-09-28 05:00:00,446.07452
2011-09-28 06:00:00,496.46924
2011-09-28 07:00:00,496.46924
2011-09-28 08:00:00,513.2187
2011-09-28 09:00:00,513.2187
2011-09-28 10:00:00,445.78345
2011-09-28 11:00:00,418.29044
2011-09-28 12:00:00,367.5386
2011-09-28 13:00:00,410.347
2011-09-28 14:00:00,478.4255
2011-09-28 15:00:00,355.37793
2011-09-28 16:00:00,372.41852
2011-09-28 17:00:00,380.9532
2011-09-28 18:00:00,464.40353
2011-09-28 19:00:00,464.4035
2011-09-28 20:00:00,478.82733
2011-09-28 21:00:00,491.57642
2011-09-28 22:00:00,437.6847
2011-09-28 23:00:00,480.88327
2011-09-29 00:00:00,497.924
2011-09-29 01:00:00,532.1427
2011-09-29 02:00:00,532.1427
2011-09-29 03:00:00,501.44955
2011-09-29 04:00:00,471.01016
2011-09-29 05:00:00,445.46347
2011-09-29 06:00:00,441.2104
2011-09-29 07:00:00,450.4438
2011-09-29 08:00:00,386.57275
2011-09-29 09:00:00,432.9068
2011-09-29 10:00:00,348.2661
2011-09-29 11:00:00,328.434
2011-09-29 12:00:00,318.58118
2011-09-29 13:00:00,327.88745
2011-09-29 14:00:00,869.628
2011-09-29 15:00:00,1182.6948
2011-09-29 16:00:00,1107.8912
2011-09-29 17:00:00,1049.3134
2011-09-29 18:00:00,943.0821
2011-09-29 19:00:00,619.92914
2011-09-29 20:00:00,419.46442
2011-09-29 21:00:00,247.85083
2011-09-29 22:00:00,310.29285
2011-09-29 23:00:00,387.63538
2011-09-30 00:00:00,418.58395
2011-09-30 01:00:00,383.38232
2011-09-30 02:00:00,418.58395
2011-09-30 03:00:00,418.58392
2011-09-30 04:00:00,444.13055
2011-09-30 05:00:00,444.13052
2011-09-30 06:00:00,452.66513
2011-09-30 07:00:00,452.66513
2011-09-30 08:00:00,395.59656
2011-09-30 09:00:00,391.45825
2011-09-30 10:00:00,289.3336
2011-09-30 11:00:00,313.13843
2011-09-30 12:00:00,366.74295
2011-09-30 13:00:00,1049.4425
2011-09-30 14:00:00,974.71216
2011-09-30 15:00:00,774.55524
2011-09-30 16:00:00,539.06
2011-09-30 17:00:00,521.77893
2011-09-30 18:00:00,515.48755
2011-09-30 19:00:00,309.26022
2011-09-30 20:00:00,309.26022
2011-09-30 21:00:00,299.70413
2011-09-30 22:00:00,338.06696
2011-09-30 23:00:00,338.06696
2011-10-20 00:00:00,529.60645
2011-10-20 01:00:00,515.6986
2011-10-20 02:00:00,541.27374
2011-10-20 03:00:00,516.2147
2011-10-20 04:00:00,516.2147
2011-10-20 05:00:00,486.93295
2011-10-20 06:00:00,505.06503
2011-10-20 07:00:00,488.354
2011-10-20 08:00:00,457.5219
2011-10-20 09:00:00,474.56265
2011-10-20 10:00:00,394.41696
2011-10-20 11:00:00,394.53348
2011-10-20 12:00:00,358.42688
2011-10-20 13:00:00,506.76544
2011-10-20 14:00:00,370.45862
2011-10-20 15:00:00,356.13303
2011-10-20 16:00:00,356.13303
2011-10-20 17:00:00,323.61823
2011-10-20 18:00:00,314.06207
2011-10-20 19:00:00,327.57706
2011-10-20 20:00:00,322.59662
2011-10-20 21:00:00,311.08298
2011-10-20 22:00:00,319.61758
2011-10-20 23:00:00,334.94678
2011-10-21 00:00:00,356.1257
2011-10-21 01:00:00,347.61963
2011-10-21 02:00:00,351.75616
2011-10-21 03:00:00,369.04947
2011-10-21 04:00:00,377.58408
2011-10-21 05:00:00,412.42545
2011-10-21 06:00:00,377.58408
2011-10-21 07:00:00,377.58408
2011-10-21 08:00:00,339.08505
2011-10-21 09:00:00,304.39117
2011-10-21 10:00:00,272.20203
2011-10-21 11:00:00,310.46094
2011-10-21 12:00:00,351.34406
2011-10-21 13:00:00,303.05185
2011-10-21 14:00:00,587.4881
2011-10-21 15:00:00,343.17847
2011-10-21 16:00:00,326.79233
2011-10-21 17:00:00,301.2744
2011-10-21 18:00:00,317.29526
2011-10-21 19:00:00,355.65817
2011-10-21 20:00:00,308.7892
2011-10-21 21:00:00,309.4001
2011-10-21 22:00:00,288.76773
2011-10-21 23:00:00,347.61963
2011-10-22 00:00:00,326.19122
2011-10-22 01:00:00,326.19122
2011-10-22 02:00:00,343.23187
2011-10-22 03:00:00,309.1505
2011-10-22 04:00:00,317.56876
2011-10-22 05:00:00,291.99347
2011-10-22 06:00:00,318.33044
2011-10-22 07:00:00,373.69376
2011-10-22 08:00:00,317.23898
2011-10-22 09:00:00,321.63535
2011-10-22 10:00:00,303.07877
2011-10-22 11:00:00,303.07877
2011-10-22 12:00:00,258.64685
2011-10-22 13:00:00,195.123
2011-10-22 14:00:00,263.85535
2011-10-22 15:00:00,275.804
2011-10-22 16:00:00,301.44086
2011-10-22 17:00:00,271.40594
2011-10-22 18:00:00,254.0353
2011-10-22 19:00:00,295.51526
2011-10-22 20:00:00,296.06012
2011-10-22 21:00:00,343.02942
2011-10-22 22:00:00,343.02942
2011-10-22 23:00:00,374.5229
2011-10-23 00:00:00,400.85986
2011-10-23 01:00:00,400.85986
2011-10-23 02:00:00,426.7262
2011-10-23 03:00:00,401.40472
2011-10-23 04:00:00,401.40472
2011-10-23 05:00:00,401.95132
2011-10-23 06:00:00,431.5241
2011-10-23 07:00:00,426.7262
2011-10-23 08:00:00,438.68515
2011-10-23 09:00:00,343.02942
2011-10-23 10:00:00,342.26767
2011-10-23 11:00:00,367.62805
2011-10-23 12:00:00,325.02823
2011-10-23 13:00:00,286.81024
2011-10-23 14:00:00,295.34494
2011-10-23 15:00:00,262.83
2011-10-23 16:00:00,286.81024
2011-10-23 17:00:00,311.57925
2011-10-23 18:00:00,303.07312
2011-10-23 19:00:00,346.54947
2011-10-23 20:00:00,346.88092
2011-10-23 21:00:00,346.88092
2011-10-23 22:00:00,377.46924
2011-10-23 23:00:00,394.50992
2011-10-24 00:00:00,360.53485
2011-10-24 01:00:00,425.20612
2011-10-24 02:00:00,442.4906
2011-10-24 03:00:00,412.44705
2011-10-24 04:00:00,386.87183
2011-10-24 05:00:00,413.2071
2011-10-24 06:00:00,442.4906
2011-10-24 07:00:00,482.66772
2011-10-24 08:00:00,467.66843
2011-10-24 09:00:00,436.175
2011-10-24 10:00:00,461.17523
2011-10-24 11:00:00,382.95618
2011-10-24 12:00:00,344.7382
2011-10-24 13:00:00,357.64233
2011-10-24 14:00:00,349.1078
2011-10-24 15:00:00,315.89706
2011-10-24 16:00:00,345.58197
2011-10-24 17:00:00,349.7186
2011-10-24 18:00:00,295.14993
2011-10-24 19:00:00,391.74036
2011-10-24 20:00:00,414.51727
2011-10-24 21:00:00,440.8526
2011-10-24 22:00:00,395.4512
2011-10-24 23:00:00,385.01862
2011-10-25 00:00:00,398.32428
2011-10-25 01:00:00,398.32428
2011-10-25 02:00:00,424.6596
2011-10-25 03:00:00,412.66226
2011-10-25 04:00:00,451.5415
2011-10-25 05:00:00,451.5415
2011-10-25 06:00:00,417.24503
2011-10-25 07:00:00,411.2983
2011-10-25 08:00:00,334.19946
2011-10-25 09:00:00,309.3302
2011-10-25 10:00:00,296.65723
2011-10-25 11:00:00,294.02975
2011-10-25 12:00:00,912.61725
2011-10-25 13:00:00,1022.3032
2011-10-25 14:00:00,903.6974
2011-10-25 15:00:00,706.36304
2011-10-25 16:00:00,806.06915
2011-10-25 17:00:00,706.36304
2011-10-25 18:00:00,475.36307
2011-10-25 19:00:00,362.6926
2011-10-25 20:00:00,337.69073
2011-10-25 21:00:00,372.53387
2011-10-25 22:00:00,363.2375
2011-10-25 23:00:00,372.53387
2011-10-26 00:00:00,389.57452
2011-10-26 01:00:00,380.82468
2011-10-26 02:00:00,355.278
2011-10-26 03:00:00,372.31866
2011-10-26 04:00:00,402.0019
2011-10-26 05:00:00,393.49585
2011-10-26 06:00:00,393.49585
2011-10-26 07:00:00,376.45526
2011-10-26 08:00:00,367.30975
2011-10-26 09:00:00,354.12048
2011-10-26 10:00:00,356.3771
2011-10-26 11:00:00,358.69934
2011-10-26 12:00:00,303.33762
2011-10-26 13:00:00,305.90775
2011-10-26 14:00:00,361.33276
2011-10-26 15:00:00,361.33276
2011-10-26 16:00:00,386.90808
2011-10-26 17:00:00,391.16098
2011-10-26 18:00:00,404.67596
2011-10-26 19:00:00,384.14233
2011-10-26 20:00:00,415.0909
2011-10-26 21:00:00,361.33276
2011-10-26 22:00:00,444.73843
2011-10-26 23:00:00,444.73843
2011-10-27 00:00:00,447.13095
2011-10-27 01:00:00,447.13095
2011-10-27 02:00:00,454.1823
2011-10-27 03:00:00,454.18237
2011-10-27 04:00:00,422.6888
2011-10-27 05:00:00,448.2641
2011-10-27 06:00:00,391.19373
2011-10-27 07:00:00,476.23184
2011-10-27 08:00:00,478.06384
2011-10-27 09:00:00,434.537
2011-10-27 10:00:00,477.51736
2011-10-27 11:00:00,460.47662
2011-10-27 12:00:00,460.47662
2011-10-27 13:00:00,465.4856
2011-10-27 14:00:00,392.2813
2011-10-27 15:00:00,422.10953
2011-10-27 16:00:00,386.4779
2011-10-27 17:00:00,468.15936
2011-10-27 18:00:00,442.91556
2011-10-27 19:00:00,444.00696
2011-10-27 20:00:00,449.53217
2011-10-27 21:00:00,432.82297
2011-10-27 22:00:00,444.99387
2011-10-27 23:00:00,398.45462
2011-10-28 00:00:00,377.6315
2011-10-28 01:00:00,378.17642
2011-10-28 02:00:00,386.711
2011-10-28 03:00:00,407.88992
2011-10-28 04:00:00,382.0995
2011-10-28 05:00:00,356.45825
2011-10-28 06:00:00,374.1097
2011-10-28 07:00:00,374.1097
2011-10-28 08:00:00,361.4671
2011-10-28 09:00:00,323.24762
2011-10-28 10:00:00,322.70267
2011-10-28 11:00:00,286.30484
2011-10-28 12:00:00,221.17155
2011-10-28 13:00:00,248.5284
2011-10-28 14:00:00,260.6636
2011-10-28 15:00:00,261.97467
2011-10-28 16:00:00,252.15756
2011-10-28 17:00:00,264.2553
2011-10-28 18:00:00,288.26422
2011-10-28 19:00:00,264.2553
2011-10-28 20:00:00,350.38635
2011-10-28 21:00:00,380.5688
2011-10-28 22:00:00,440.73172
2011-10-28 23:00:00,484.2126
2011-10-29 00:00:00,494.2793
2011-10-29 01:00:00,493.73273
2011-10-29 02:00:00,493.73273
2011-10-29 03:00:00,496.86536
2011-10-29 04:00:00,496.86536
2011-10-29 05:00:00,542.5596
2011-10-29 06:00:00,511.61108
2011-10-29 07:00:00,511.61108
2011-10-29 08:00:00,511.31995
2011-10-29 09:00:00,511.31995
2011-10-29 10:00:00,534.0535
2011-10-29 11:00:00,551.0942
2011-10-29 12:00:00,550.23663
2011-10-29 13:00:00,558.7712
2011-10-29 14:00:00,537.4774
2011-10-29 15:00:00,514.07635
2011-10-29 16:00:00,535.1449
2011-10-29 17:00:00,535.1449
2011-10-29 18:00:00,535.1449
2011-10-29 19:00:00,505.10455
2011-10-29 20:00:00,505.10455
2011-10-29 21:00:00,505.10455
2011-10-29 22:00:00,467.5704
2011-10-29 23:00:00,459.29126
2011-10-30 00:00:00,467.5704
2011-10-30 01:00:00,476.07657
2011-10-30 02:00:00,484.61108
2011-10-30 03:00:00,443.2074
2011-10-30 04:00:00,461.0384
2011-10-30 05:00:00,426.16675
2011-10-30 06:00:00,413.63452
2011-10-30 07:00:00,342.23706
2011-10-30 08:00:00,379.04684
2011-10-30 09:00:00,360.67096
2011-10-30 10:00:00,293.16083
2011-10-30 11:00:00,288.88538
2011-10-30 12:00:00,264.83908
2011-10-30 13:00:00,236.72212
2011-10-30 14:00:00,315.1947
2011-10-30 15:00:00,456.461
2011-10-30 16:00:00,562.7875
2011-10-30 17:00:00,334.38974
2011-10-30 18:00:00,196.25493
2011-10-30 19:00:00,408.63867
2011-10-30 20:00:00,246.66203
2011-10-30 21:00:00,293.6314
2011-10-30 22:00:00,340.59906
2011-10-30 23:00:00,403.58765
2011-10-31 00:00:00,416.48145
2011-10-31 01:00:00,385.5329
2011-10-31 02:00:00,417.02795
2011-10-31 03:00:00,446.34714
2011-10-31 04:00:00,417.02795
2011-10-31 05:00:00,448.52136
2011-10-31 06:00:00,417.02795
2011-10-31 07:00:00,447.9765
2011-10-31 08:00:00,419.46222
2011-10-31 09:00:00,407.99164
2011-10-31 10:00:00,308.8966
2011-10-31 11:00:00,260.14734
2011-10-31 12:00:00,254.22751
2011-10-31 13:00:00,257.2083
2011-10-31 14:00:00,272.68256
2011-10-31 15:00:00,252.1162
2011-10-31 16:00:00,288.76773
2011-10-31 17:00:00,280.2331
2011-10-31 18:00:00,329.9176
2011-10-31 19:00:00,329.9176
2011-10-31 20:00:00,329.9176
2011-10-31 21:00:00,415.40628
2011-10-31 22:00:00,415.40628
2011-10-31 23:00:00,415.40628
2011-11-20 00:00:00,338.86246
2011-11-20 01:00:00,343.23187
2011-11-20 02:00:00,351.76648
2011-11-20 03:00:00,375.9245
2011-11-20 04:00:00,401.71497
2011-11-20 05:00:00,380.536
2011-11-20 06:00:00,372.00146
2011-11-20 07:00:00,359.96967
2011-11-20 08:00:00,401.16837
2011-11-20 09:00:00,368.1745
2011-11-20 10:00:00,354.6596
2011-11-20 11:00:00,306.59888
2011-11-20 12:00:00,315.10492
2011-11-20 13:00:00,315.58154
2011-11-20 14:00:00,345.1156
2011-11-20 15:00:00,357.39117
2011-11-20 16:00:00,314.55997
2011-11-20 17:00:00,331.60068
2011-11-20 18:00:00,336.2139
2011-11-20 19:00:00,353.02167
2011-11-20 20:00:00,331.84442
2011-11-20 21:00:00,375.10562
2011-11-20 22:00:00,435.91516
2011-11-20 23:00:00,435.91516
2011-11-21 00:00:00,450.65662
2011-11-21 01:00:00,509.55728
2011-11-21 02:00:00,541.0525
2011-11-21 03:00:00,524.0117
2011-11-21 04:00:00,524.0117
2011-11-21 05:00:00,482.1517
2011-11-21 06:00:00,482.6966
2011-11-21 07:00:00,497.52557
2011-11-21 08:00:00,450.65662
2011-11-21 09:00:00,479.94003
2011-11-21 10:00:00,392.2813
2011-11-21 11:00:00,422.10953
2011-11-21 12:00:00,400.21194
2011-11-21 13:00:00,400.21194
2011-11-21 14:00:00,443.58972
2011-11-21 15:00:00,518.6385
2011-11-21 16:00:00,518.6385
2011-11-21 17:00:00,540.477
2011-11-21 18:00:00,479.7002
2011-11-21 19:00:00,511.1953
2011-11-21 20:00:00,483.62326
2011-11-21 21:00:00,466.58264
2011-11-21 22:00:00,458.04803
2011-11-21 23:00:00,466.58264
2011-11-22 00:00:00,486.1935
2011-11-22 01:00:00,494.1546
2011-11-22 02:00:00,517.14197
2011-11-22 03:00:00,517.14197
2011-11-22 04:00:00,503.234
2011-11-22 05:00:00,503.234
2011-11-22 06:00:00,482.66772
2011-11-22 07:00:00,520.2748
2011-11-22 08:00:00,520.2748
2011-11-22 09:00:00,455.8203
2011-11-22 10:00:00,455.8203
2011-11-22 11:00:00,494.1546
2011-11-22 12:00:00,512.34406
2011-11-22 13:00:00,511.79752
2011-11-22 14:00:00,511.79752
2011-11-22 15:00:00,454.72882
2011-11-22 16:00:00,454.72882
2011-11-22 17:00:00,511.25262
2011-11-22 18:00:00,485.67728
2011-11-22 19:00:00,484.0106
2011-11-22 20:00:00,545.5147
2011-11-22 21:00:00,554.0208
2011-11-22 22:00:00,504.94012
2011-11-22 23:00:00,522.5274
2011-11-23 00:00:00,522.5274
2011-11-23 01:00:00,535.31494
2011-11-23 02:00:00,555.33484
2011-11-23 03:00:00,555.3349
2011-11-23 04:00:00,523.84143
2011-11-23 05:00:00,506.03162
2011-11-23 06:00:00,482.1517
2011-11-23 07:00:00,507.18036
2011-11-23 08:00:00,479.94003
2011-11-23 09:00:00,504.39526
2011-11-23 10:00:00,504.39526
2011-11-23 11:00:00,455.37177
2011-11-23 12:00:00,364.70517
2011-11-23 13:00:00,385.45782
2011-11-23 14:00:00,373.971
2011-11-23 15:00:00,373.24362
2011-11-23 16:00:00,419.30798
2011-11-23 17:00:00,448.5077
2011-11-23 18:00:00,415.7163
2011-11-23 19:00:00,374.40115
2011-11-23 20:00:00,394.81552
2011-11-23 21:00:00,390.06503
2011-11-23 22:00:00,406.9892
2011-11-23 23:00:00,381.41394
2011-11-24 00:00:00,313.0359
2011-11-24 01:00:00,368.1571
2011-11-24 02:00:00,351.25537
2011-11-24 03:00:00,330.07208
2011-11-24 04:00:00,296.38953
2011-11-24 05:00:00,300.64258
2011-11-24 06:00:00,296.38953
2011-11-24 07:00:00,373.69186
2011-11-24 08:00:00,317.02194
2011-11-24 09:00:00,269.7228
2011-11-24 10:00:00,248.79933
2011-11-24 11:00:00,249.83517
2011-11-24 12:00:00,597.5495
2011-11-24 13:00:00,713.55975
2011-11-24 14:00:00,787.46185
2011-11-24 15:00:00,737.5531
2011-11-24 16:00:00,801.983
2011-11-24 17:00:00,580.54407
2011-11-24 18:00:00,236.62996
2011-11-24 19:00:00,262.0619
2011-11-24 20:00:00,393.16275
2011-11-24 21:00:00,367.37244
2011-11-24 22:00:00,367.37244
2011-11-24 23:00:00,376.92236
2011-11-25 00:00:00,403.91943
2011-11-25 01:00:00,357.55957
2011-11-25 02:00:00,414.30722
2011-11-25 03:00:00,383.3587
2011-11-25 04:00:00,383.06754
2011-11-25 05:00:00,354.03952
2011-11-25 06:00:00,414.85205
2011-11-25 07:00:00,385.5329
2011-11-25 08:00:00,423.3581
2011-11-25 09:00:00,358.10605
2011-11-25 10:00:00,377.58408
2011-11-25 11:00:00,334.17072
2011-11-25 12:00:00,255.1614
2011-11-25 13:00:00,310.46094
2011-11-25 14:00:00,724.7837
2011-11-25 15:00:00,772.55927
2011-11-25 16:00:00,584.9762
2011-11-25 17:00:00,640.5117
2011-11-25 18:00:00,214.80167
2011-11-25 19:00:00,308.95392
2011-11-25 20:00:00,288.65286
2011-11-25 21:00:00,331.22424
2011-11-25 22:00:00,357.09067
2011-11-25 23:00:00,387.13422
2011-11-26 00:00:00,374.24033
2011-11-26 01:00:00,370.53223
2011-11-26 02:00:00,401.12216
2011-11-26 03:00:00,371.5476
2011-11-26 04:00:00,371.5476
2011-11-26 05:00:00,370.17365
2011-11-26 06:00:00,369.44632
2011-11-26 07:00:00,432.9068
2011-11-26 08:00:00,370.53223
2011-11-26 09:00:00,369.9873
2011-11-26 10:00:00,369.91132
2011-11-26 11:00:00,300.64447
2011-11-26 12:00:00,212.98581
2011-11-26 13:00:00,175.78767
2011-11-26 14:00:00,238.28014
2011-11-26 15:00:00,396.70572
2011-11-26 16:00:00,233.6669
2011-11-26 17:00:00,233.6669
2011-11-26 18:00:00,320.6643
2011-11-26 19:00:00,346.33994
2011-11-26 20:00:00,253.16296
2011-11-26 21:00:00,378.0485
2011-11-26 22:00:00,347.10004
2011-11-26 23:00:00,369.91132
2011-11-27 00:00:00,369.91132
2011-11-27 01:00:00,369.91132
2011-11-27 02:00:00,370.45624
2011-11-27 03:00:00,401.40472
2011-11-27 04:00:00,430.9793
2011-11-27 05:00:00,455.72577
2011-11-27 06:00:00,421.3918
2011-11-27 07:00:00,464.22293
2011-11-27 08:00:00,459.18124
2011-11-27 09:00:00,401.7094
2011-11-27 10:00:00,401.7094
2011-11-27 11:00:00,375.48877
2011-11-27 12:00:00,316.99878
2011-11-27 13:00:00,312.05582
2011-11-27 14:00:00,1182.3578
2011-11-27 15:00:00,982.8342
2011-11-27 16:00:00,287.28522
2011-11-27 17:00:00,291.42346
2011-11-27 18:00:00,320.11383
2011-11-27 19:00:00,358.33334
2011-11-27 20:00:00,345.66055
2011-11-27 21:00:00,375.37402
2011-11-27 22:00:00,392.62988
2011-11-27 23:00:00,392.62988
2011-11-28 00:00:00,440.39362
2011-11-28 01:00:00,444.64658
2011-11-28 03:00:00,480.63864
2011-11-28 04:00:00,411.35568
2011-11-28 05:00:00,412.66226
2011-11-28 06:00:00,411.90048
2011-11-28 07:00:00,417.2737
2011-11-28 08:00:00,451.748
2011-11-28 09:00:00,484.16425
2011-11-28 10:00:00,400.7585
2011-11-28 11:00:00,344.7383
2011-11-28 12:00:00,298.8564
2011-11-28 13:00:00,251.37654
2011-11-28 14:00:00,248.32257
2011-11-28 15:00:00,315.35214
2011-11-28 16:00:00,324.40317
2011-11-28 17:00:00,303.22592
2011-11-28 18:00:00,353.57007
2011-11-28 19:00:00,400.5394
2011-11-28 20:00:00,412.5712
2011-11-28 21:00:00,424.6975
2011-11-28 22:00:00,422.10953
2011-11-28 23:00:00,430.6156
2011-11-29 00:00:00,388.75555
2011-11-29 01:00:00,414.33078
2011-11-29 02:00:00,418.61652
2011-11-29 03:00:00,418.61652
2011-11-29 04:00:00,486.01913
2011-11-29 05:00:00,496.04114
2011-11-29 06:00:00,469.70584
2011-11-29 07:00:00,421.71667
2011-11-29 08:00:00,438.21252
2011-11-29 09:00:00,462.4192
2011-11-29 10:00:00,462.4192
2011-11-29 11:00:00,507.34564
2011-11-29 12:00:00,512.66125
2011-11-29 13:00:00,448.53644
2011-11-29 14:00:00,511.19525
2011-11-29 15:00:00,513.4515
2011-11-29 16:00:00,483.6232
2011-11-29 17:00:00,501.39124
2011-11-29 18:00:00,475.60077
2011-11-29 19:00:00,484.13538
2011-11-29 20:00:00,489.14844
2011-11-29 21:00:00,489.14844
2011-11-29 22:00:00,472.61996
2011-11-29 23:00:00,467.0288
2011-11-30 00:00:00,403.32156
2011-11-30 01:00:00,398.69836
2011-11-30 02:00:00,373.51746
2011-11-30 03:00:00,373.51746
2011-11-30 04:00:00,416.63965
2011-11-30 05:00:00,439.59854
2011-11-30 06:00:00,445.8007
2011-11-30 07:00:00,414.85205
2011-11-30 08:00:00,439.59854
2011-11-30 09:00:00,433.6804
2011-11-30 10:00:00,369.12546
2011-11-30 11:00:00,328.19345
2011-11-30 12:00:00,322.09012
2011-11-30 13:00:00,292.02087
2011-11-30 14:00:00,292.02087
2011-11-30 15:00:00,295.24542
2011-11-30 16:00:00,282.45786
2011-11-30 17:00:00,314.5366
2011-11-30 18:00:00,311.01086
2011-11-30 19:00:00,343.8139
2011-11-30 20:00:00,343.8139
2011-11-30 21:00:00,349.23047
2011-11-30 22:00:00,339.67432
2011-11-30 23:00:00,315.3355
2011-12-20 00:00:00,288.58392
2011-12-20 01:00:00,238.37862
2011-12-20 02:00:00,283.71393
2011-12-20 03:00:00,283.71393
2011-12-20 04:00:00,271.47726
2011-12-20 05:00:00,262.53668
2011-12-20 06:00:00,262.5367
2011-12-20 07:00:00,288.32715
2011-12-20 08:00:00,270.99966
2011-12-20 09:00:00,308.95947
2011-12-20 10:00:00,321.43185
2011-12-20 11:00:00,334.1046
2011-12-20 12:00:00,283.2139
2011-12-20 13:00:00,283.2139
2011-12-20 14:00:00,295.3402
2011-12-20 15:00:00,244.87961
2011-12-20 16:00:00,241.35388
2011-12-20 17:00:00,330.57898
2011-12-20 18:00:00,360.26227
2011-12-20 19:00:00,304.88727
2011-12-20 20:00:00,305.43378
2011-12-20 21:00:00,330.7537
2011-12-20 22:00:00,308.95947
2011-12-20 23:00:00,287.7806
2011-12-21 00:00:00,440.63635
2011-12-21 01:00:00,406.04868
2011-12-21 02:00:00,402.26614
2011-12-21 03:00:00,402.26614
2011-12-21 04:00:00,402.26614
2011-12-21 05:00:00,488.28693
2011-12-21 06:00:00,484.7957
2011-12-21 07:00:00,514.36847
2011-12-21 08:00:00,519.26984
2011-12-21 09:00:00,547.6139
2011-12-21 10:00:00,575.0155
2011-12-21 11:00:00,575.0155
2011-12-21 12:00:00,601.52844
2011-12-21 13:00:00,607.44836
2011-12-21 14:00:00,588.92334
2011-12-21 15:00:00,597.458
2011-12-21 16:00:00,646.93164
2011-12-21 17:00:00,646.93164
2011-12-21 18:00:00,634.8714
2011-12-21 19:00:00,610.81934
2011-12-21 20:00:00,619.32544
2011-12-21 21:00:00,563.5575
2011-12-21 22:00:00,555.0228
2011-12-21 23:00:00,537.9822
2011-12-22 00:00:00,485.01266
2011-12-22 01:00:00,540.76904
2011-12-22 02:00:00,482.03345
2011-12-22 03:00:00,422.7942
2011-12-22 04:00:00,493.26727
2011-12-22 05:00:00,454.93295
2011-12-22 06:00:00,481.27002
2011-12-22 07:00:00,512.7633
2011-12-22 08:00:00,484.7957
2011-12-22 09:00:00,509.82437
2011-12-22 10:00:00,483.489
2011-12-22 11:00:00,431.0318
2011-12-22 12:00:00,316.4625
2011-12-22 13:00:00,358.27197
2011-12-22 14:00:00,358.27197
2011-12-22 15:00:00,337.09473
2011-12-22 16:00:00,358.27197
2011-12-22 17:00:00,426.31992
2011-12-22 18:00:00,379.23575
2011-12-22 19:00:00,353.6604
2011-12-22 20:00:00,404.15387
2011-12-22 21:00:00,404.15387
2011-12-22 22:00:00,548.8427
2011-12-22 23:00:00,487.22992
2011-12-23 00:00:00,542.605
2011-12-23 01:00:00,542.605
2011-12-23 02:00:00,562.2157
2011-12-23 03:00:00,562.2157
2011-12-23 04:00:00,604.83167
2011-12-23 05:00:00,567.08435
2011-12-23 06:00:00,527.34863
2011-12-23 07:00:00,518.8424
2011-12-23 08:00:00,495.8551
2011-12-23 09:00:00,457.06186
2011-12-23 10:00:00,453.47018
2011-12-23 11:00:00,458.41318
2011-12-23 12:00:00,459.07437
2011-12-23 13:00:00,421.40137
2011-12-23 14:00:00,429.24612
2011-12-23 15:00:00,412.7504
2011-12-23 16:00:00,375.07733
2011-12-23 17:00:00,369.29532
2011-12-23 18:00:00,362.07178
2011-12-23 19:00:00,361.30566
2011-12-23 20:00:00,441.2244
2011-12-23 21:00:00,411.39615
2011-12-23 22:00:00,428.90735
2011-12-23 23:00:00,412.12042
2011-12-24 00:00:00,431.6655
2011-12-24 01:00:00,364.67334
2011-12-24 02:00:00,389.99323
2011-12-24 03:00:00,410.6255
2011-12-24 04:00:00,411.03323
2011-12-24 05:00:00,411.03323
2011-12-24 06:00:00,458.0008
2011-12-24 07:00:00,483.55063
2011-12-24 08:00:00,437.48196
2011-12-24 09:00:00,371.63904
2011-12-24 10:00:00,377.2048
2011-12-24 11:00:00,323.105
2011-12-24 12:00:00,301.52014
2011-12-24 13:00:00,305.5178
2011-12-24 14:00:00,305.5178
2011-12-24 15:00:00,285.02435
2011-12-24 16:00:00,292.21945
2011-12-24 17:00:00,291.74448
2011-12-24 18:00:00,263.2199
2011-12-24 19:00:00,314.80084
2011-12-24 20:00:00,349.02832
2011-12-24 21:00:00,357.30914
2011-12-24 22:00:00,291.1173
2011-12-24 23:00:00,311.2405
2011-12-25 00:00:00,386.7387
2011-12-25 01:00:00,416.92108
2011-12-25 02:00:00,435.61978
2011-12-25 03:00:00,394.8239
2011-12-25 05:00:00,440.1639
2011-12-25 06:00:00,440.1639
2011-12-25 07:00:00,465.4078
2011-12-25 08:00:00,482.7397
2011-12-25 09:00:00,517.7549
2011-12-25 10:00:00,511.55276
2011-12-25 11:00:00,428.68466
2011-12-25 12:00:00,492.30032
2011-12-25 13:00:00,453.43115
2011-12-25 14:00:00,406.46344
2011-12-25 15:00:00,389.67648
2011-12-25 16:00:00,343.2063
2011-12-25 17:00:00,372.63586
2011-12-25 18:00:00,436.6459
2011-12-25 19:00:00,352.80377
2011-12-25 20:00:00,298.78003
2011-12-25 21:00:00,347.93677
2011-12-25 22:00:00,382.55307
2011-12-25 23:00:00,395.45114
2011-12-26 00:00:00,459.08643
2011-12-26 01:00:00,367.95084
2011-12-26 02:00:00,323.26822
2011-12-26 04:00:00,344.30646
2011-12-26 05:00:00,349.24945
2011-12-26 06:00:00,335.69562
2011-12-26 07:00:00,310.37582
2011-12-26 08:00:00,293.5889
2011-12-26 09:00:00,344.30646
2011-12-26 10:00:00,387.33002
2011-12-26 11:00:00,425.003
2011-12-26 12:00:00,375.15628
2011-12-26 13:00:00,313.2848
2011-12-26 14:00:00,321.81934
2011-12-26 15:00:00,300.49713
2011-12-26 16:00:00,324.28802
2011-12-26 17:00:00,323.26822
2011-12-26 18:00:00,301.46216
2011-12-26 19:00:00,384.5381
2011-12-26 20:00:00,338.1153
2011-12-26 21:00:00,386.09845
2011-12-26 22:00:00,386.09845
2011-12-26 23:00:00,415.41757
2011-12-27 00:00:00,442.41635
2011-12-27 01:00:00,434.13538
2011-12-27 02:00:00,434.13538
2011-12-27 03:00:00,415.46838
2011-12-27 04:00:00,436.10065
2011-12-27 05:00:00,447.7279
2011-12-27 06:00:00,436.50668
2011-12-27 07:00:00,453.14145
2011-12-27 08:00:00,419.31375
2011-12-27 09:00:00,410.66577
2011-12-27 10:00:00,402.88705
2011-12-27 11:00:00,410.66577
2011-12-27 12:00:00,484.33057
2011-12-27 13:00:00,527.78284
2011-12-27 14:00:00,571.6715
2011-12-27 15:00:00,571.6715
2011-12-27 16:00:00,585.03455
2011-12-27 17:00:00,525.5643
2011-12-27 18:00:00,561.6737
2011-12-27 19:00:00,528.1748
2011-12-27 20:00:00,538.62976
2011-12-27 21:00:00,507.68115
2011-12-27 22:00:00,507.68115
2011-12-27 23:00:00,551.68005
2011-12-28 00:00:00,528.7212
2011-12-28 01:00:00,471.9822
2011-12-28 02:00:00,419.9022
2011-12-28 03:00:00,419.9022
2011-12-28 05:00:00,428.8444
2011-12-28 06:00:00,399.26984
2011-12-28 07:00:00,399.26978
2011-12-28 08:00:00,428.84442
2011-12-28 09:00:00,420.59207
2011-12-28 10:00:00,390.21896
2011-12-28 11:00:00,371.2677
2011-12-28 12:00:00,426.68015
2011-12-28 13:00:00,365.0268
2011-12-28 14:00:00,344.53333
2011-12-28 15:00:00,337.56522
2011-12-28 16:00:00,338.11005
2011-12-28 17:00:00,302.35757
2011-12-28 18:00:00,323.7173
2011-12-28 19:00:00,318.66956
2011-12-28 20:00:00,310.1635
2011-12-28 21:00:00,300.86282
2011-12-28 22:00:00,292.61044
2011-12-28 23:00:00,334.68872
2011-12-29 00:00:00,336.90335
2011-12-29 01:00:00,341.6569
2011-12-29 02:00:00,329.26358
2011-12-29 03:00:00,374.93365
2011-12-29 04:00:00,366.68127
2011-12-29 05:00:00,349.89603
2011-12-29 06:00:00,341.2091
2011-12-29 07:00:00,392.6106
2011-12-29 08:00:00,370.52524
2011-12-29 09:00:00,408.09512
2011-12-29 10:00:00,416.08484
2011-12-29 11:00:00,373.8676
2011-12-29 12:00:00,356.94174
2011-12-29 13:00:00,335.76453
2011-12-29 14:00:00,305.89877
2011-12-29 15:00:00,331.22028
2011-12-29 16:00:00,348.73285
2011-12-29 17:00:00,395.1557
2011-12-29 18:00:00,360.8307
2011-12-29 19:00:00,352.58
2011-12-29 20:00:00,399.29395
2011-12-29 21:00:00,390.69345
2011-12-29 22:00:00,407.8
2011-12-29 23:00:00,415.788
2011-12-30 00:00:00,433.5906
2011-12-30 01:00:00,395.84116
2011-12-30 02:00:00,426.17584
2011-12-30 03:00:00,426.17584
2011-12-30 04:00:00,421.92285
2011-12-30 05:00:00,448.51358
2011-12-30 06:00:00,421.92285
2011-12-30 07:00:00,447.71332
2011-12-30 08:00:00,451.239
2011-12-30 09:00:00,422.10056
2011-12-30 10:00:00,441.08115
2011-12-30 11:00:00,428.90735
2011-12-30 12:00:00,365.6976
2011-12-30 13:00:00,347.24573
2011-12-30 14:00:00,302.95587
2011-12-30 15:00:00,257.8341
2011-12-30 16:00:00,328.6834
2011-12-30 17:00:00,357.37537
2011-12-30 18:00:00,390.14294
2011-12-30 19:00:00,407.5995
2011-12-30 20:00:00,406.59512
2011-12-30 21:00:00,406.04868
2011-12-30 22:00:00,449.1709
2011-12-30 23:00:00,448.12683
2011-12-31 00:00:00,436.14087
2011-12-31 01:00:00,422.8084
2011-12-31 02:00:00,422.8084
2011-12-31 03:00:00,422.8084
2011-12-31 04:00:00,449.20972
2011-12-31 05:00:00,478.56317
2011-12-31 06:00:00,413.8562
2011-12-31 07:00:00,418.14194
2011-12-31 08:00:00,475.7977
2011-12-31 09:00:00,411.0906
2011-12-31 10:00:00,457.41467
2011-12-31 11:00:00,431.0776
2011-12-31 12:00:00,854.44415
2011-12-31 13:00:00,711.1474
2011-12-31 14:00:00,373.69336
2011-12-31 15:00:00,399.90137
2011-12-31 16:00:00,391.28058
2011-12-31 17:00:00,351.89615
2011-12-31 18:00:00,334.8555
2011-12-31 19:00:00,360.4308
2011-12-31 20:00:00,360.4308
2011-12-31 21:00:00,373.07507
2011-12-31 22:00:00,377.2116
2011-12-31 23:00:00,360.05615
2012-01-20 00:00:00,370.28925
2012-01-20 01:00:00,320.65735
2012-01-20 02:00:00,320.65735
2012-01-20 03:00:00,333.33023
2012-01-20 04:00:00,375.13983
2012-01-20 05:00:00,375.13983
2012-01-20 06:00:00,424.95248
2012-01-20 07:00:00,455.13492
2012-01-20 08:00:00,437.8505
2012-01-20 09:00:00,388.27206
2012-01-20 10:00:00,346.74896
2012-01-20 11:00:00,306.4368
2012-01-20 12:00:00,308.2469
2012-01-20 13:00:00,285.57928
2012-01-20 14:00:00,304.57922
2012-01-20 15:00:00,275.00638
2012-01-20 16:00:00,277.36133
2012-01-20 17:00:00,230.24144
2012-01-20 18:00:00,240.8488
2012-01-20 19:00:00,260.57605
2012-01-20 20:00:00,240.8488
2012-01-20 21:00:00,256.32303
2012-01-20 22:00:00,294.1483
2012-01-20 23:00:00,437.77835
2012-01-21 00:00:00,424.88455
2012-01-21 01:00:00,533.90027
2012-01-21 02:00:00,476.2714
2012-01-21 03:00:00,537.4443
2012-01-21 04:00:00,500.7927
2012-01-21 05:00:00,504.79028
2012-01-21 06:00:00,557.6839
2012-01-21 07:00:00,557.6839
2012-01-21 08:00:00,579.4497
2012-01-21 09:00:00,579.4497
2012-01-21 10:00:00,582.9753
2012-01-21 11:00:00,500.97336
2012-01-21 12:00:00,486.26544
2012-01-21 13:00:00,511.55835
2012-01-21 14:00:00,498.04343
2012-01-21 15:00:00,498.0434
2012-01-21 16:00:00,524.0906
2012-01-21 17:00:00,549.66583
2012-01-21 18:00:00,523.8754
2012-01-21 19:00:00,549.95703
2012-01-21 20:00:00,524.63715
2012-01-21 21:00:00,498.44217
2012-01-21 22:00:00,493.6886
2012-01-21 23:00:00,512.39435
2012-01-22 00:00:00,521.4026
2012-01-22 01:00:00,493.6886
2012-01-22 02:00:00,489.43552
2012-01-22 03:00:00,463.64514
2012-01-22 04:00:00,524.2009
2012-01-22 05:00:00,476.46555
2012-01-22 06:00:00,472.93976
2012-01-22 07:00:00,472.93976
2012-01-22 08:00:00,472.93976
2012-01-22 09:00:00,472.93976
2012-01-22 10:00:00,489.72675
2012-01-22 11:00:00,515.9201
2012-01-22 12:00:00,503.88837
2012-01-22 13:00:00,478.8221
2012-01-22 14:00:00,487.10303
2012-01-22 15:00:00,495.35364
2012-01-22 16:00:00,495.35364
2012-01-22 17:00:00,470.31613
2012-01-22 18:00:00,504.79028
2012-01-22 19:00:00,504.79028
2012-01-22 20:00:00,521.5773
2012-01-22 21:00:00,504.79028
2012-01-22 22:00:00,533.3736
2012-01-22 23:00:00,537.37134
2012-01-23 00:00:00,484.54813
2012-01-23 01:00:00,513.86725
2012-01-23 02:00:00,513.86725
2012-01-23 03:00:00,484.54816
2012-01-23 04:00:00,453.05466
2012-01-23 05:00:00,484.00327
2012-01-23 06:00:00,484.00327
2012-01-23 07:00:00,487.52896
2012-01-23 08:00:00,525.0989
2012-01-23 09:00:00,509.06934
2012-01-23 10:00:00,520.1099
2012-01-23 11:00:00,545.1761
2012-01-23 12:00:00,519.5633
2012-01-23 13:00:00,548.4106
2012-01-23 14:00:00,577.70123
2012-01-23 15:00:00,618.5613
2012-01-23 16:00:00,565.12286
2012-01-23 17:00:00,563.8119
2012-01-23 18:00:00,556.5883
2012-01-23 19:00:00,564.578
2012-01-23 20:00:00,600.6847
2012-01-23 21:00:00,634.5106
2012-01-23 22:00:00,634.5106
2012-01-23 23:00:00,610.64685
2012-01-24 00:00:00,633.67474
2012-01-24 01:00:00,588.4869
2012-01-24 02:00:00,579.9807
2012-01-24 03:00:00,554.9144
2012-01-24 04:00:00,578.8088
2012-01-24 05:00:00,578.8088
2012-01-24 06:00:00,571.7015
2012-01-24 07:00:00,554.9144
2012-01-24 08:00:00,554.9144
2012-01-24 09:00:00,511.20685
2012-01-24 10:00:00,538.62976
2012-01-24 11:00:00,519.64
2012-01-24 12:00:00,528.1748
2012-01-24 13:00:00,528.1748
2012-01-24 14:00:00,513.72186
2012-01-24 15:00:00,448.0437
2012-01-24 16:00:00,435.98346
2012-01-24 17:00:00,402.04538
2012-01-24 18:00:00,376.80148
2012-01-24 19:00:00,318.97113
2012-01-24 20:00:00,425.6223
2012-01-24 21:00:00,398.74048
2012-01-24 22:00:00,451.41284
2012-01-24 23:00:00,425.6223
2012-01-25 00:00:00,514.9461
2012-01-25 01:00:00,458.36548
2012-01-25 02:00:00,450.3758
2012-01-25 03:00:00,476.71277
2012-01-25 04:00:00,476.2423
2012-01-25 05:00:00,476.2423
2012-01-25 06:00:00,475.22232
2012-01-25 07:00:00,485.53857
2012-01-25 08:00:00,468.25415
2012-01-25 09:00:00,468.25415
2012-01-25 10:00:00,492.30182
2012-01-25 11:00:00,436.50668
2012-01-25 12:00:00,345.06522
2012-01-25 13:00:00,323.6327
2012-01-25 14:00:00,311.12894
2012-01-25 15:00:00,269.7882
2012-01-25 16:00:00,352.79953
2012-01-25 17:00:00,352.2547
2012-01-25 18:00:00,412.12042
2012-01-25 19:00:00,309.96548
2012-01-25 20:00:00,403.11694
2012-01-25 21:00:00,369.42828
2012-01-25 22:00:00,394.74988
2012-01-25 23:00:00,373.50055
2012-01-26 00:00:00,454.40067
2012-01-26 01:00:00,425.08142
2012-01-26 02:00:00,471.18588
2012-01-26 03:00:00,450.40125
2012-01-26 04:00:00,421.5557
2012-01-26 05:00:00,454.10938
2012-01-26 06:00:00,456.02988
2012-01-26 07:00:00,481.3498
2012-01-26 08:00:00,481.3498
2012-01-26 09:00:00,455.4834
2012-01-26 10:00:00,493.3086
2012-01-26 11:00:00,516.00635
2012-01-26 12:00:00,492.21716
2012-01-26 13:00:00,401.71964
2012-01-26 14:00:00,431.0031
2012-01-26 15:00:00,430.45642
2012-01-26 16:00:00,426.74994
2012-01-26 17:00:00,400.62814
2012-01-26 18:00:00,400.62814
2012-01-26 19:00:00,456.79346
2012-01-26 20:00:00,496.24805
2012-01-26 21:00:00,456.79346
2012-01-26 22:00:00,484.76117
2012-01-26 23:00:00,457.91373
2012-01-27 00:00:00,530.3294
2012-01-27 01:00:00,547.6139
2012-01-27 02:00:00,554.0729
2012-01-27 03:00:00,600.2145
2012-01-27 04:00:00,635.96277
2012-01-27 05:00:00,613.00226
2012-01-27 06:00:00,643.9509
2012-01-27 07:00:00,635.41626
2012-01-27 08:00:00,570.6089
2012-01-27 09:00:00,570.6089
2012-01-27 10:00:00,598.9712
2012-01-27 11:00:00,555.9623
2012-01-27 12:00:00,533.00183
2012-01-27 13:00:00,465.0948
2012-01-27 14:00:00,470.00916
2012-01-27 15:00:00,386.04224
2012-01-27 16:00:00,451.01483
2012-01-27 17:00:00,454.9362
2012-01-27 18:00:00,429.90747
2012-01-27 19:00:00,400.43466
2012-01-27 20:00:00,407.66544
2012-01-27 21:00:00,454.28076
2012-01-27 22:00:00,395.56772
2012-01-27 23:00:00,404.6203
2012-01-28 00:00:00,369.6667
2012-01-28 01:00:00,335.83908
2012-01-28 02:00:00,331.8354
2012-01-28 03:00:00,357.15692
2012-01-28 04:00:00,377.94147
2012-01-28 05:00:00,434.8194
2012-01-28 06:00:00,383.9629
2012-01-28 07:00:00,410.29816
2012-01-28 08:00:00,461.70135
2012-01-28 09:00:00,436.08865
2012-01-28 10:00:00,421.24152
2012-01-28 11:00:00,347.93677
2012-01-28 12:00:00,416.0895
2012-01-28 13:00:00,385.83105
2012-01-28 14:00:00,387.7588
2012-01-28 15:00:00,354.6989
2012-01-28 16:00:00,347.18417
2012-01-28 17:00:00,355.7189
2012-01-28 18:00:00,293.37564
2012-01-28 19:00:00,468.7307
2012-01-28 20:00:00,582.1794
2012-01-28 21:00:00,569.0631
2012-01-28 22:00:00,250.40814
2012-01-28 23:00:00,257.12775
2012-01-29 00:00:00,254.62236
2012-01-29 01:00:00,325.49396
2012-01-29 02:00:00,319.62827
2012-01-29 03:00:00,221.38878
2012-01-29 04:00:00,177.13017
2012-01-29 05:00:00,324.62042
2012-01-29 06:00:00,259.63083
2012-01-29 07:00:00,252.40721
2012-01-29 08:00:00,268.42807
2012-01-29 09:00:00,283.90228
2012-01-29 10:00:00,240.99962
2012-01-29 11:00:00,229.3768
2012-01-29 12:00:00,474.4967
2012-01-29 13:00:00,474.4967
2012-01-29 14:00:00,491.72003
2012-01-29 15:00:00,770.02966
2012-01-29 16:00:00,961.3713
2012-01-29 17:00:00,961.3713
2012-01-29 18:00:00,777.39325
2012-01-29 19:00:00,333.2992
2012-01-29 20:00:00,285.57086
2012-01-29 21:00:00,271.663
2012-01-29 22:00:00,523.8067
2012-01-29 23:00:00,284.1953
2012-01-30 00:00:00,519.1927
2012-01-30 01:00:00,445.70126
2012-01-30 02:00:00,384.34912
2012-01-30 03:00:00,337.73557
2012-01-30 04:00:00,337.51428
2012-01-30 05:00:00,337.51428
2012-01-30 06:00:00,334.68872
2012-01-30 07:00:00,343.22327
2012-01-30 08:00:00,342.2034
2012-01-30 09:00:00,342.2034
2012-01-30 10:00:00,327.749
2012-01-30 11:00:00,230.48848
2012-01-30 12:00:00,325.28363
2012-01-30 13:00:00,248.66545
2012-01-30 14:00:00,622.9162
2012-01-30 15:00:00,598.4631
2012-01-30 16:00:00,636.54315
2012-01-30 17:00:00,763.8364
2012-01-30 18:00:00,739.7905
2012-01-30 19:00:00,295.84106
2012-01-30 20:00:00,281.6778
2012-01-30 21:00:00,297.15204
2012-01-30 22:00:00,345.43237
2012-01-30 23:00:00,399.3414
2012-01-31 00:00:00,374.5708
2012-01-31 01:00:00,334.97723
2012-01-31 02:00:00,313.93903
2012-01-31 03:00:00,329.4132
2012-01-31 04:00:00,341.51096
2012-01-31 05:00:00,341.51096
2012-01-31 06:00:00,349.02402
2012-01-31 07:00:00,399.34137
2012-01-31 08:00:00,374.04837
2012-01-31 09:00:00,356.9853
2012-01-31 10:00:00,386.0102
2012-01-31 11:00:00,406.07248
2012-01-31 12:00:00,338.42584
2012-01-31 13:00:00,681.92596
2012-01-31 14:00:00,1093.438
2012-01-31 15:00:00,1218.5226
2012-01-31 16:00:00,1218.5226
2012-01-31 17:00:00,1185.2129
2012-01-31 18:00:00,1097.9581
2012-01-31 19:00:00,1043.5293
2012-01-31 20:00:00,360.42212
2012-01-31 21:00:00,906.32965
2012-01-31 22:00:00,690.3052
2012-01-31 23:00:00,505.9228
2012-02-20 00:00:00,502.92444
2012-02-20 01:00:00,502.92444
2012-02-20 02:00:00,502.92444
2012-02-20 03:00:00,501.2666
2012-02-20 05:00:00,439.56006
2012-02-20 06:00:00,411.55673
2012-02-20 07:00:00,405.81024
2012-02-20 08:00:00,431.96774
2012-02-20 09:00:00,431.96774
2012-02-20 10:00:00,436.36578
2012-02-20 11:00:00,373.5925
2012-02-20 12:00:00,319.74646
2012-02-20 13:00:00,320.76794
2012-02-20 14:00:00,263.95297
2012-02-20 15:00:00,261.3712
2012-02-20 16:00:00,535.98816
2012-02-20 17:00:00,874.76544
2012-02-20 18:00:00,261.3712
2012-02-20 19:00:00,261.3712
2012-02-20 20:00:00,253.09026
2012-02-20 21:00:00,271.46603
2012-02-20 22:00:00,281.3763
2012-02-20 23:00:00,225.10625
2012-02-21 00:00:00,370.51962
2012-02-21 01:00:00,324.09692
2012-02-21 02:00:00,345.27582
2012-02-21 04:00:00,366.453
2012-02-21 05:00:00,392.79004
2012-02-21 06:00:00,423.73853
2012-02-21 07:00:00,366.453
2012-02-21 08:00:00,417.85617
2012-02-21 09:00:00,453.0578
2012-02-21 10:00:00,451.2135
2012-02-21 11:00:00,479.7679
2012-02-21 12:00:00,436.29144
2012-02-21 13:00:00,404.0738
2012-02-21 14:00:00,420.27234
2012-02-21 15:00:00,404.0738
2012-02-21 16:00:00,388.30838
2012-02-21 17:00:00,366.11237
2012-02-21 18:00:00,366.11237
2012-02-21 19:00:00,354.22708
2012-02-21 20:00:00,378.09253
2012-02-21 21:00:00,394.06427
2012-02-21 22:00:00,457.677
2012-02-21 23:00:00,437.18652
2012-02-22 00:00:00,437.18652
2012-02-22 01:00:00,432.75278
2012-02-22 02:00:00,453.68237
2012-02-22 03:00:00,465.95782
2012-02-22 04:00:00,445.64526
2012-02-22 05:00:00,424.2467
2012-02-22 06:00:00,471.9822
2012-02-22 07:00:00,450.94223
2012-02-22 08:00:00,446.33072
2012-02-22 09:00:00,419.99377
2012-02-22 10:00:00,424.607
2012-02-22 11:00:00,419.30988
2012-02-22 12:00:00,432.1765
2012-02-22 13:00:00,394.61823
2012-02-22 14:00:00,402.60797
2012-02-22 15:00:00,1213.8911
2012-02-22 16:00:00,1254.6473
2012-02-22 17:00:00,1202.6609
2012-02-22 18:00:00,559.7296
2012-02-22 19:00:00,341.21857
2012-02-22 20:00:00,331.66412
2012-02-22 21:00:00,1012.23785
2012-02-22 22:00:00,348.70483
2012-02-22 23:00:00,449.13315
2012-02-23 00:00:00,348.70483
2012-02-23 01:00:00,413.97833
2012-02-23 02:00:00,417.57007
2012-02-23 03:00:00,438.35162
2012-02-23 04:00:00,487.34918
2012-02-23 05:00:00,487.34918
2012-02-23 06:00:00,536.13574
2012-02-23 07:00:00,513.72186
2012-02-23 08:00:00,536.68066
2012-02-23 09:00:00,521.9725
2012-02-23 10:00:00,431.8451
2012-02-23 11:00:00,357.7804
2012-02-23 12:00:00,557.6056
2012-02-23 13:00:00,773.721
2012-02-23 14:00:00,1061.9257
2012-02-23 15:00:00,941.88684
2012-02-23 16:00:00,793.44037
2012-02-23 17:00:00,964.82306
2012-02-23 18:00:00,983.3805
2012-02-23 19:00:00,621.2514
2012-02-23 20:00:00,295.077
2012-02-23 21:00:00,357.30542
2012-02-23 22:00:00,381.2857
2012-02-23 23:00:00,308.8701
2012-02-24 00:00:00,358.60342
2012-02-24 01:00:00,405.50977
2012-02-24 02:00:00,516.05273
2012-02-24 03:00:00,492.17584
2012-02-24 04:00:00,518.5129
2012-02-24 05:00:00,539.0793
2012-02-24 06:00:00,530.5732
2012-02-24 07:00:00,490.87482
2012-02-24 08:00:00,521.248
2012-02-24 09:00:00,529.0239
2012-02-24 10:00:00,503.73267
2012-02-24 11:00:00,483.41992
2012-02-24 12:00:00,465.29944
2012-02-24 13:00:00,430.45642
2012-02-24 14:00:00,408.73273
2012-02-24 15:00:00,542.605
2012-02-24 16:00:00,542.605
2012-02-24 17:00:00,552.61816
2012-02-24 18:00:00,519.2643
2012-02-24 19:00:00,517.5992
2012-02-24 20:00:00,469.4195
2012-02-24 21:00:00,895.7528
2012-02-24 22:00:00,573.12036
2012-02-24 23:00:00,559.32733
2012-02-25 00:00:00,351.43427
2012-02-25 01:00:00,338.03265
2012-02-25 02:00:00,324.47888
2012-02-25 03:00:00,337.55768
2012-02-25 04:00:00,330.61804
2012-02-25 05:00:00,325.60913
2012-02-25 06:00:00,325.60913
2012-02-25 07:00:00,380.4648
2012-02-25 08:00:00,353.86975
2012-02-25 09:00:00,509.81555
2012-02-25 10:00:00,432.8074
2012-02-25 11:00:00,395.81177
2012-02-25 12:00:00,482.26465
2012-02-25 13:00:00,349.94595
2012-02-25 14:00:00,424.99542
2012-02-25 15:00:00,386.89636
2012-02-25 16:00:00,590.038
2012-02-25 17:00:00,292.70135
2012-02-25 18:00:00,412.93027
2012-02-25 19:00:00,318.85895
2012-02-25 20:00:00,333.18433
2012-02-25 21:00:00,295.8941
2012-02-25 22:00:00,349.44897
2012-02-25 23:00:00,352.1356
2012-02-26 00:00:00,335.34857
2012-02-26 01:00:00,342.31677
2012-02-26 02:00:00,342.31677
2012-02-26 03:00:00,288.73508
2012-02-26 04:00:00,288.73508
2012-02-26 05:00:00,313.2888
2012-02-26 06:00:00,342.86343
2012-02-26 07:00:00,370.98026
2012-02-26 08:00:00,358.44803
2012-02-26 09:00:00,328.76306
2012-02-26 10:00:00,279.93787
2012-02-26 11:00:00,313.2189
2012-02-26 12:00:00,260.24936
2012-02-26 13:00:00,206.14952
2012-02-26 14:00:00,260.29538
2012-02-26 15:00:00,407.93027
2012-02-26 16:00:00,351.0612
2012-02-26 17:00:00,378.84662
2012-02-26 18:00:00,286.04584
2012-02-26 19:00:00,241.90208
2012-02-26 20:00:00,283.71338
2012-02-26 21:00:00,291.19794
2012-02-26 22:00:00,301.04517
2012-02-26 23:00:00,357.30914
2012-02-27 00:00:00,416.12668
2012-02-27 01:00:00,433.66644
2012-02-27 02:00:00,480.2415
2012-02-27 03:00:00,468.75162
2012-02-27 04:00:00,486.5539
2012-02-27 05:00:00,486.5539
2012-02-27 06:00:00,468.25415
2012-02-27 07:00:00,408.1672
2012-02-27 08:00:00,344.5113
2012-02-27 09:00:00,399.34137
2012-02-27 10:00:00,337.37268
2012-02-27 11:00:00,325.96515
2012-02-27 12:00:00,414.23807
2012-02-27 13:00:00,334.17285
2012-02-27 14:00:00,716.4305
2012-02-27 15:00:00,1163.2449
2012-02-27 16:00:00,1218.5226
2012-02-27 17:00:00,1197.7758
2012-02-27 18:00:00,1183.9917
2012-02-27 19:00:00,1159.9459
2012-02-27 20:00:00,1059.985
2012-02-27 21:00:00,716.4305
2012-02-27 22:00:00,329.7049
2012-02-27 23:00:00,335.65146
2012-02-28 00:00:00,347.74927
2012-02-28 01:00:00,398.64005
2012-02-28 02:00:00,339.7898
2012-02-28 03:00:00,707.8635
2012-02-28 04:00:00,351.47302
2012-02-28 05:00:00,351.47302
2012-02-28 06:00:00,358.98615
2012-02-28 07:00:00,350.9981
2012-02-28 08:00:00,362.76428
2012-02-28 09:00:00,368.03873
2012-02-28 10:00:00,334.9772
2012-02-28 11:00:00,290.40506
2012-02-28 12:00:00,245.71642
2012-02-28 13:00:00,339.9053
2012-02-28 14:00:00,775.8175
2012-02-28 15:00:00,750.0134
2012-02-28 16:00:00,770.7604
2012-02-28 17:00:00,750.0134
2012-02-28 18:00:00,853.8673
2012-02-28 19:00:00,650.1959
2012-02-28 20:00:00,699.5474
2012-02-28 21:00:00,299.90775
2012-02-28 22:00:00,299.90775
2012-02-28 23:00:00,370.1314
2012-02-29 00:00:00,336.5592
2012-02-29 01:00:00,315.92682
2012-02-29 02:00:00,386.15228
2012-02-29 03:00:00,421.08505
2012-02-29 05:00:00,447.42215
2012-02-29 06:00:00,450.40125
2012-02-29 07:00:00,494.4
2012-02-29 08:00:00,454.40067
2012-02-29 09:00:00,505.36896
2012-02-29 10:00:00,505.36896
2012-02-29 11:00:00,544.5697
2012-02-29 12:00:00,613.3347
2012-02-29 13:00:00,617.2237
2012-02-29 14:00:00,617.2237
2012-02-29 15:00:00,538.864
2012-02-29 16:00:00,525.349
2012-02-29 17:00:00,530.5732
2012-02-29 18:00:00,487.22992
2012-02-29 19:00:00,513.5325
2012-02-29 20:00:00,538.7103
2012-02-29 21:00:00,538.7103
2012-02-29 22:00:00,595.2056
2012-02-29 23:00:00,595.2056
2012-03-20 00:00:00,458.49084
2012-03-20 01:00:00,481.5174
2012-03-20 02:00:00,507.09262
2012-03-20 03:00:00,485.0431
2012-03-20 04:00:00,523.9223
2012-03-20 05:00:00,516.53644
2012-03-20 06:00:00,563.4055
2012-03-20 07:00:00,583.9718
2012-03-20 08:00:00,515.41626
2012-03-20 09:00:00,531.91205
2012-03-20 10:00:00,536.89246
2012-03-20 11:00:00,492.96988
2012-03-20 12:00:00,500.96957
2012-03-20 13:00:00,483.92892
2012-03-20 14:00:00,453.41183
2012-03-20 15:00:00,415.1939
2012-03-20 16:00:00,430.27527
2012-03-20 17:00:00,458.39224
2012-03-20 18:00:00,454.8005
2012-03-20 19:00:00,441.389
2012-03-20 20:00:00,402.83936
2012-03-20 21:00:00,403.5995
2012-03-20 22:00:00,424.7784
2012-03-20 23:00:00,456.27188
2012-03-21 00:00:00,459.55685
2012-03-21 01:00:00,459.3417
2012-03-21 02:00:00,498.43622
2012-03-21 03:00:00,519.00244
2012-03-21 04:00:00,501.96173
2012-03-21 05:00:00,501.96173
2012-03-21 06:00:00,559.03217
2012-03-21 07:00:00,554.02325
2012-03-21 08:00:00,528.47656
2012-03-21 09:00:00,510.49628
2012-03-21 10:00:00,484.16107
2012-03-21 11:00:00,484.16107
2012-03-21 12:00:00,405.7987
2012-03-21 13:00:00,436.74722
2012-03-21 14:00:00,410.41028
2012-03-21 15:00:00,410.41028
2012-03-21 16:00:00,380.54913
2012-03-21 17:00:00,385.45468
2012-03-21 18:00:00,359.87933
2012-03-21 19:00:00,334.34427
2012-03-21 20:00:00,432.45978
2012-03-21 21:00:00,463.04993
2012-03-21 22:00:00,480.63538
2012-03-21 23:00:00,402.27295
2012-03-22 00:00:00,459.3417
2012-03-22 01:00:00,459.3417
2012-03-22 02:00:00,459.3417
2012-03-22 03:00:00,459.3417
2012-03-22 04:00:00,551.6463
2012-03-22 05:00:00,551.6463
2012-03-22 06:00:00,551.6463
2012-03-22 07:00:00,551.6463
2012-03-22 08:00:00,520.1512
2012-03-22 09:00:00,520.1512
2012-03-22 10:00:00,551.0998
2012-03-22 11:00:00,494.03125
2012-03-22 12:00:00,517.9127
2012-03-22 13:00:00,431.91492
2012-03-22 14:00:00,410.34
2012-03-22 15:00:00,414.7095
2012-03-22 16:00:00,393.27686
2012-03-22 17:00:00,384.22424
2012-03-22 18:00:00,384.22424
2012-03-22 19:00:00,316.723
2012-03-22 20:00:00,460.66174
2012-03-22 21:00:00,453.2086
2012-03-22 22:00:00,488.05005
2012-03-22 23:00:00,458.25027
2012-03-23 00:00:00,432.67493
2012-03-23 01:00:00,459.01193
2012-03-23 02:00:00,484.58725
2012-03-23 03:00:00,489.38522
2012-03-23 04:00:00,524.40424
2012-03-23 05:00:00,494.576
2012-03-23 06:00:00,463.6274
2012-03-23 07:00:00,527.75214
2012-03-23 08:00:00,532.9104
2012-03-23 09:00:00,498.97406
2012-03-23 10:00:00,491.8194
2012-03-23 11:00:00,413.0655
2012-03-23 12:00:00,384.15823
2012-03-23 13:00:00,974.92676
2012-03-23 14:00:00,1032.7026
2012-03-23 15:00:00,1065.9009
2012-03-23 16:00:00,1099.2104
2012-03-23 17:00:00,1099.2104
2012-03-23 18:00:00,1107.1029
2012-03-23 19:00:00,820.52893
2012-03-23 20:00:00,995.9869
2012-03-23 21:00:00,525.97064
2012-03-23 22:00:00,415.29465
2012-03-23 23:00:00,432.29504
2012-03-24 00:00:00,341.86493
2012-03-24 01:00:00,393.77545
2012-03-24 02:00:00,419.20737
2012-03-24 03:00:00,419.20737
2012-03-24 04:00:00,446.4479
2012-03-24 05:00:00,471.26715
2012-03-24 06:00:00,471.26715
2012-03-24 07:00:00,489.06793
2012-03-24 08:00:00,537.0571
2012-03-24 09:00:00,462.7326
2012-03-24 10:00:00,505.56372
2012-03-24 11:00:00,537.0571
2012-03-24 12:00:00,548.5726
2012-03-24 13:00:00,557.0786
2012-03-24 14:00:00,555.9584
2012-03-24 15:00:00,604.49243
2012-03-24 16:00:00,570.4112
2012-03-24 17:00:00,518.1688
2012-03-24 18:00:00,550.20886
2012-03-24 19:00:00,524.6336
2012-03-24 20:00:00,573.1695
2012-03-24 21:00:00,573.1695
2012-03-24 22:00:00,590.2102
2012-03-24 23:00:00,564.2704
2012-03-25 00:00:00,564.2704
2012-03-25 01:00:00,587.2292
2012-03-25 02:00:00,603.5425
2012-03-25 03:00:00,572.594
2012-03-25 04:00:00,577.6029
2012-03-25 05:00:00,587.7757
2012-03-25 06:00:00,587.7757
2012-03-25 07:00:00,578.1495
2012-03-25 08:00:00,578.1495
2012-03-25 09:00:00,556.8273
2012-03-25 10:00:00,542.04285
2012-03-25 11:00:00,556.8273
2012-03-25 12:00:00,548.3213
2012-03-25 13:00:00,499.78537
2012-03-25 14:00:00,499.2406
2012-03-25 15:00:00,507.7466
2012-03-25 16:00:00,391.01547
2012-03-25 17:00:00,390.25375
2012-03-25 18:00:00,390.25375
2012-03-25 19:00:00,437.09418
2012-03-25 20:00:00,454.92517
2012-03-25 21:00:00,437.88443
2012-03-25 22:00:00,455.68515
2012-03-25 23:00:00,455.14026
2012-03-26 00:00:00,480.09445
2012-03-26 01:00:00,502.11548
2012-03-26 02:00:00,525.1028
2012-03-26 03:00:00,485.6196
2012-03-26 04:00:00,477.66022
2012-03-26 05:00:00,451.86957
2012-03-26 06:00:00,486.71106
2012-03-26 07:00:00,434.58536
2012-03-26 08:00:00,391.53897
2012-03-26 09:00:00,330.66177
2012-03-26 10:00:00,1052.5334
2012-03-26 11:00:00,1300.1532
2012-03-26 12:00:00,1124.262
2012-03-26 13:00:00,1395.8231
2012-03-26 14:00:00,1090.0844
2012-03-26 15:00:00,1312.6045
2012-03-26 16:00:00,1304.4205
2012-03-26 17:00:00,1066.3297
2012-03-26 18:00:00,1075.5348
2012-03-26 19:00:00,943.3759
2012-03-26 20:00:00,1135.5054
2012-03-26 21:00:00,1080.2277
2012-03-26 22:00:00,754.4422
2012-03-26 23:00:00,652.748
2012-03-27 00:00:00,557.9432
2012-03-27 01:00:00,435.57
2012-03-27 02:00:00,251.41257
2012-03-27 03:00:00,259.94714
2012-03-27 04:00:00,279.31427
2012-03-27 05:00:00,284.61133
2012-03-27 06:00:00,259.2914
2012-03-27 07:00:00,259.2914
2012-03-27 08:00:00,288.86432
2012-03-27 09:00:00,263.64923
2012-03-27 10:00:00,256.4184
2012-03-27 11:00:00,217.90765
2012-03-27 12:00:00,217.36278
2012-03-27 13:00:00,491.27286
2012-03-27 14:00:00,682.4015
2012-03-27 15:00:00,521.4599
2012-03-27 16:00:00,521.4599
2012-03-27 17:00:00,522.64886
2012-03-27 18:00:00,598.0897
2012-03-27 19:00:00,504.92963
2012-03-27 20:00:00,598.0897
2012-03-27 21:00:00,247.2199
2012-03-27 22:00:00,238.6853
2012-03-27 23:00:00,255.72592
2012-03-28 00:00:00,296.5201
2012-03-28 01:00:00,331.72162
2012-03-28 02:00:00,347.48706
2012-03-28 03:00:00,319.91507
2012-03-28 04:00:00,316.24744
2012-03-28 05:00:00,316.24744
2012-03-28 06:00:00,348.76227
2012-03-28 07:00:00,340.2563
2012-03-28 08:00:00,348.98022
2012-03-28 09:00:00,358.53638
2012-03-28 10:00:00,501.9419
2012-03-28 11:00:00,607.3241
2012-03-28 12:00:00,933.72217
2012-03-28 13:00:00,783.29395
2012-03-28 14:00:00,1228.2177
2012-03-28 15:00:00,1204.516
2012-03-28 16:00:00,1004.2268
2012-03-28 17:00:00,377.62158
2012-03-28 18:00:00,377.62158
2012-03-28 19:00:00,404.31372
2012-03-28 20:00:00,461.58313
2012-03-28 21:00:00,385.90973
2012-03-28 22:00:00,373.00555
2012-03-28 23:00:00,394.18445
2012-03-29 00:00:00,411.2252
2012-03-29 01:00:00,352.3732
2012-03-29 02:00:00,1054.074
2012-03-29 03:00:00,962.0867
2012-03-29 04:00:00,1006.83716
2012-03-29 05:00:00,369.7055
2012-03-29 06:00:00,384.0243
2012-03-29 07:00:00,372.58777
2012-03-29 08:00:00,368.99615
2012-03-29 09:00:00,373.6093
2012-03-29 10:00:00,377.53076
2012-03-29 11:00:00,476.0235
2012-03-29 12:00:00,667.6636
2012-03-29 13:00:00,330.92227
2012-03-29 14:00:00,590.0431
2012-03-29 15:00:00,841.4502
2012-03-29 16:00:00,1041.0609
2012-03-29 17:00:00,920.4762
2012-03-29 18:00:00,714.0283
2012-03-29 19:00:00,617.84985
2012-03-29 20:00:00,591.4227
2012-03-29 21:00:00,315.73407
2012-03-29 22:00:00,316.27893
2012-03-29 23:00:00,336.00623
2012-03-30 00:00:00,336.55286
2012-03-30 01:00:00,348.31885
2012-03-30 02:00:00,367.82825
2012-03-30 03:00:00,363.02432
2012-03-30 04:00:00,309.2559
2012-03-30 05:00:00,351.0655
2012-03-30 06:00:00,343.19217
2012-03-30 07:00:00,351.47308
2012-03-30 08:00:00,397.89578
2012-03-30 09:00:00,350.9265
2012-03-30 10:00:00,337.12045
2012-03-30 11:00:00,286.91516
2012-03-30 12:00:00,291.52673
2012-03-30 13:00:00,273.87515
2012-03-30 14:00:00,294.5075
2012-03-30 15:00:00,293.96094
2012-03-30 16:00:00,416.72247
2012-03-30 17:00:00,396.15613
2012-03-30 18:00:00,342.28455
2012-03-30 19:00:00,392.63043
2012-03-30 20:00:00,375.58978
2012-03-30 21:00:00,388.2324
2012-03-30 22:00:00,422.5949
2012-03-30 23:00:00,376.23502
2012-03-31 00:00:00,474.90866
2012-03-31 01:00:00,446.94095
2012-03-31 02:00:00,468.59317
2012-03-31 03:00:00,491.40448
2012-03-31 04:00:00,511.9364
2012-03-31 05:00:00,482.89844
2012-03-31 06:00:00,495.75623
2012-03-31 07:00:00,495.75623
2012-03-31 08:00:00,504.2623
2012-03-31 09:00:00,446.94095
2012-03-31 10:00:00,429.9003
2012-03-31 11:00:00,404.10422
2012-03-31 12:00:00,339.43454
2012-03-31 13:00:00,340.02594
2012-03-31 14:00:00,394.19696
2012-03-31 15:00:00,381.55435
2012-03-31 16:00:00,406.98462
2012-03-31 17:00:00,458.71918
2012-03-31 18:00:00,501.9144
2012-03-31 19:00:00,489.5225
2012-03-31 20:00:00,459.51337
2012-03-31 21:00:00,459.51337
2012-03-31 22:00:00,438.73605
2012-03-31 23:00:00,472.8432
2012-04-20 00:00:00,382.15674
2012-04-20 01:00:00,485.6196
2012-04-20 02:00:00,517.1148
2012-04-20 03:00:00,491.56796
2012-04-20 04:00:00,523.06146
2012-04-20 05:00:00,493.2331
2012-04-20 06:00:00,462.2846
2012-04-20 07:00:00,493.2331
2012-04-20 08:00:00,492.68832
2012-04-20 09:00:00,486.76834
2012-04-20 10:00:00,458.73773
2012-04-20 11:00:00,402.7191
2012-04-20 12:00:00,332.76245
2012-04-20 13:00:00,1097.1604
2012-04-20 14:00:00,1144.4432
2012-04-20 15:00:00,962.3064
2012-04-20 16:00:00,1114.7334
2012-04-20 17:00:00,1009.20764
2012-04-20 18:00:00,787.9735
2012-04-20 19:00:00,535.72314
2012-04-20 20:00:00,339.7306
2012-04-20 21:00:00,393.638
2012-04-20 22:00:00,428.26584
2012-04-20 23:00:00,415.36182
2012-04-21 00:00:00,453.83362
2012-04-21 01:00:00,453.83362
2012-04-21 02:00:00,428.25833
2012-04-21 03:00:00,480.16904
2012-04-21 04:00:00,488.67505
2012-04-21 05:00:00,488.67505
2012-04-21 06:00:00,480.16904
2012-04-21 07:00:00,497.2097
2012-04-21 08:00:00,482.97202
2012-04-21 09:00:00,436.24814
2012-04-21 10:00:00,402.4008
2012-04-21 11:00:00,398.91388
2012-04-21 12:00:00,453.34973
2012-04-21 13:00:00,641.62396
2012-04-21 14:00:00,1196.216
2012-04-21 15:00:00,1112.2076
2012-04-21 16:00:00,1215.0045
2012-04-21 17:00:00,1202.5261
2012-04-21 18:00:00,1311.6447
2012-04-21 19:00:00,515.8299
2012-04-21 20:00:00,508.51407
2012-04-21 21:00:00,534.08936
2012-04-21 22:00:00,502.00934
2012-04-21 23:00:00,501.82672
2012-04-22 00:00:00,476.2516
2012-04-22 01:00:00,514.61444
2012-04-22 02:00:00,446.72028
2012-04-22 03:00:00,468.292
2012-04-22 04:00:00,442.5015
2012-04-22 05:00:00,459.5422
2012-04-22 06:00:00,463.58014
2012-04-22 07:00:00,510.48178
2012-04-22 08:00:00,498.45587
2012-04-22 09:00:00,498.45587
2012-04-22 10:00:00,520.32306
2012-04-22 11:00:00,537.5789
2012-04-22 12:00:00,546.1136
2012-04-22 13:00:00,528.8289
2012-04-22 14:00:00,546.1136
2012-04-22 15:00:00,563.1541
2012-04-22 16:00:00,580.1948
2012-04-22 17:00:00,610.6715
2012-04-22 18:00:00,610.6715
2012-04-22 19:00:00,601.01685
2012-04-22 20:00:00,602.39075
2012-04-22 21:00:00,562.9362
2012-04-22 22:00:00,601.3079
2012-04-22 23:00:00,553.02765
2012-04-23 00:00:00,553.3874
2012-04-23 01:00:00,567.58655
2012-04-23 02:00:00,556.35504
2012-04-23 03:00:00,512.6189
2012-04-23 04:00:00,516.69116
2012-04-23 05:00:00,516.69116
2012-04-23 06:00:00,517.1631
2012-04-23 07:00:00,508.1565
2012-04-23 08:00:00,494.74915
2012-04-23 09:00:00,511.7898
2012-04-23 10:00:00,468.6676
2012-04-23 11:00:00,476.91986
2012-04-23 12:00:00,485.05707
2012-04-23 13:00:00,467.8012
2012-04-23 14:00:00,463.6646
2012-04-23 15:00:00,443.35193
2012-04-23 16:00:00,537.72943
2012-04-23 17:00:00,534.3816
2012-04-23 18:00:00,474.03775
2012-04-23 19:00:00,469.24295
2012-04-23 20:00:00,453.00247
2012-04-23 21:00:00,495.57825
2012-04-23 22:00:00,457.9829
2012-04-23 23:00:00,449.47678
2012-04-24 00:00:00,444.7216
2012-04-24 01:00:00,470.51212
2012-04-24 02:00:00,483.77335
2012-04-24 03:00:00,492.05255
2012-04-24 04:00:00,427.32547
2012-04-24 05:00:00,427.32547
2012-04-24 06:00:00,435.86014
2012-04-24 07:00:00,431.72177
2012-04-24 08:00:00,396.85193
2012-04-24 09:00:00,353.59344
2012-04-24 10:00:00,336.00623
2012-04-24 11:00:00,1072.436
2012-04-24 12:00:00,1063.2837
2012-04-24 13:00:00,1074.8256
2012-04-24 14:00:00,1033.3318
2012-04-24 15:00:00,1045.7831
2012-04-24 16:00:00,805.53033
2012-04-24 17:00:00,1017.5605
2012-04-24 18:00:00,584.14465
2012-04-24 19:00:00,847.9249
2012-04-24 20:00:00,917.6863
2012-04-24 21:00:00,803.5693
2012-04-24 22:00:00,550.2205
2012-04-24 23:00:00,298.5833
2012-04-25 00:00:00,331.33377
2012-04-25 01:00:00,219.85439
2012-04-25 02:00:00,329.81226
2012-04-25 03:00:00,397.4883
2012-04-25 04:00:00,376.3111
2012-04-25 05:00:00,350.9894
2012-04-25 06:00:00,350.9894
2012-04-25 07:00:00,376.77997
2012-04-25 08:00:00,427.34537
2012-04-25 09:00:00,286.90958
2012-04-25 10:00:00,705.9305
2012-04-25 11:00:00,834.7984
2012-04-25 12:00:00,971.2245
2012-04-25 13:00:00,902.60815
2012-04-25 14:00:00,1021.49695
2012-04-25 15:00:00,834.1333
2012-04-25 16:00:00,1058.5219
2012-04-25 17:00:00,1016.2853
2012-04-25 18:00:00,995.23785
2012-04-25 19:00:00,901.12286
2012-04-25 20:00:00,742.2246
2012-04-25 21:00:00,312.2
2012-04-25 22:00:00,269.25244
2012-04-25 23:00:00,298.3534
2012-04-26 00:00:00,335.2217
2012-04-26 01:00:00,283.4257
2012-04-26 02:00:00,323.78534
2012-04-26 03:00:00,319.53235
2012-04-26 04:00:00,340.16458
2012-04-26 05:00:00,373.55606
2012-04-26 06:00:00,407.6374
2012-04-26 07:00:00,539.54004
2012-04-26 08:00:00,492.67102
2012-04-26 09:00:00,515.11346
2012-04-26 10:00:00,542.53625
2012-04-26 11:00:00,559.57715
2012-04-26 12:00:00,475.62646
2012-04-26 13:00:00,479.54785
2012-04-26 14:00:00,461.17365
2012-04-26 15:00:00,531.03
2012-04-26 16:00:00,501.2017
2012-04-26 17:00:00,449.1419
2012-04-26 18:00:00,461.17365
2012-04-26 19:00:00,469.70828
2012-04-26 20:00:00,457.64795
2012-04-26 21:00:00,497.6761
2012-04-26 22:00:00,480.63538
2012-04-26 23:00:00,506.97058
2012-04-27 00:00:00,513.4692
2012-04-27 01:00:00,438.3363
2012-04-27 02:00:00,430.34836
2012-04-27 03:00:00,390.83636
2012-04-27 04:00:00,307.74432
2012-04-27 05:00:00,337.5726
2012-04-27 06:00:00,303.1328
2012-04-27 07:00:00,348.31885
2012-04-27 08:00:00,266.8238
2012-04-27 09:00:00,375.90692
2012-04-27 10:00:00,572.8646
2012-04-27 11:00:00,521.1369
2012-04-27 12:00:00,731.58685
2012-04-27 13:00:00,936.42883
2012-04-27 14:00:00,909.0774
2012-04-27 15:00:00,1202.7253
2012-04-27 16:00:00,936.6939
2012-04-27 17:00:00,1046.1475
2012-04-27 18:00:00,1011.61664
2012-04-27 19:00:00,1054.0786
2012-04-27 20:00:00,956.0194
2012-04-27 21:00:00,779.89166
2012-04-27 22:00:00,390.0943
2012-04-27 23:00:00,287.65857
2012-04-28 00:00:00,265.23718
2012-04-28 01:00:00,339.4601
2012-04-28 02:00:00,265.27463
2012-04-28 03:00:00,313.55493
2012-04-28 04:00:00,296.768
2012-04-28 05:00:00,272.75916
2012-04-28 06:00:00,305.2741
2012-04-28 07:00:00,296.768
2012-04-28 08:00:00,241.22832
2012-04-28 09:00:00,190.94536
2012-04-28 10:00:00,253.28859
2012-04-28 11:00:00,236.2479
2012-04-28 12:00:00,221.89386
2012-04-28 13:00:00,224.785
2012-04-28 14:00:00,319.3864
2012-04-28 15:00:00,270.87018
2012-04-28 16:00:00,452.6699
2012-04-28 17:00:00,248.82063
2012-04-28 18:00:00,245.50705
2012-04-28 19:00:00,408.21777
2012-04-28 20:00:00,340.52997
2012-04-28 21:00:00,425.25854
2012-04-28 22:00:00,404.6922
2012-04-28 23:00:00,417.6861
2012-04-29 00:00:00,459.79883
2012-04-29 01:00:00,456.27304
2012-04-29 02:00:00,478.9693
2012-04-29 03:00:00,504.26227
2012-04-29 04:00:00,487.22162
2012-04-29 05:00:00,446.41553
2012-04-29 06:00:00,484.24078
2012-04-29 07:00:00,487.76648
2012-04-29 08:00:00,426.91956
2012-04-29 09:00:00,400.58414
2012-04-29 10:00:00,366.64624
2012-04-29 11:00:00,257.45007
2012-04-29 12:00:00,283.18576
2012-04-29 13:00:00,311.63696
2012-04-29 14:00:00,673.62213
2012-04-29 15:00:00,865.8993
2012-04-29 16:00:00,905.91425
2012-04-29 17:00:00,1014.41833
2012-04-29 18:00:00,986.7873
2012-04-29 19:00:00,845.15234
2012-04-29 20:00:00,764.23474
2012-04-29 21:00:00,278.81958
2012-04-29 22:00:00,254.36778
2012-04-29 23:00:00,298.1699
2012-04-30 00:00:00,409.03867
2012-04-30 01:00:00,431.12088
2012-04-30 02:00:00,412.9315
2012-04-30 03:00:00,447.8031
2012-04-30 04:00:00,401.6813
2012-04-30 05:00:00,401.6813
2012-04-30 06:00:00,306.7245
2012-04-30 07:00:00,322.1988
2012-04-30 08:00:00,286.09216
2012-04-30 09:00:00,289.61786
2012-04-30 10:00:00,270.24905
2012-04-30 11:00:00,268.13776
2012-04-30 12:00:00,292.1181
2012-04-30 13:00:00,298.89993
2012-04-30 14:00:00,331.7448
2012-04-30 15:00:00,322.6939
2012-04-30 16:00:00,369.4139
2012-04-30 17:00:00,360.90787
2012-04-30 18:00:00,381.47412
2012-04-30 19:00:00,411.15918
2012-04-30 20:00:00,368.87292
2012-04-30 21:00:00,368.87292
2012-04-30 22:00:00,339.7345
2012-04-30 23:00:00,356.77524
2012-05-20 00:00:00,294.32187
2012-05-20 01:00:00,259.8804
2012-05-20 02:00:00,259.8804
2012-05-20 03:00:00,306.63458
2012-05-20 04:00:00,369.07654
2012-05-20 05:00:00,394.50674
2012-05-20 06:00:00,356.59
2012-05-20 07:00:00,398.87616
2012-05-20 08:00:00,327.38165
2012-05-20 09:00:00,1009.31775
2012-05-20 10:00:00,1083.5128
2012-05-20 11:00:00,1137.5695
2012-05-20 12:00:00,1149.1638
2012-05-20 13:00:00,1113.2283
2012-05-20 14:00:00,1261.9338
2012-05-20 15:00:00,1295.276
2012-05-20 16:00:00,1259.7445
2012-05-20 17:00:00,1257.6665
2012-05-20 18:00:00,1056.7838
2012-05-20 19:00:00,436.1012
2012-05-20 20:00:00,436.10117
2012-05-20 21:00:00,456.419
2012-05-20 22:00:00,460.5556
2012-05-20 23:00:00,502.44998
2012-05-21 00:00:00,550.1752
2012-05-21 01:00:00,567.2159
2012-05-21 02:00:00,568.88104
2012-05-21 03:00:00,547.1944
2012-05-21 04:00:00,550.7202
2012-05-21 05:00:00,550.7202
2012-05-21 06:00:00,550.7202
2012-05-21 07:00:00,550.7202
2012-05-21 08:00:00,537.9325
2012-05-21 09:00:00,529.42645
2012-05-21 10:00:00,545.92224
2012-05-21 11:00:00,481.97824
2012-05-21 12:00:00,507.52487
2012-05-21 13:00:00,511.05066
2012-05-21 14:00:00,494.01
2012-05-21 15:00:00,438.0673
2012-05-21 16:00:00,455.1079
2012-05-21 17:00:00,433.92914
2012-05-21 18:00:00,408.9949
2012-05-21 19:00:00,383.56293
2012-05-21 20:00:00,396.8686
2012-05-21 21:00:00,384.9098
2012-05-21 22:00:00,430.10614
2012-05-21 23:00:00,460.66174
2012-05-22 00:00:00,504.54578
2012-05-22 01:00:00,473.99008
2012-05-22 02:00:00,465.4841
2012-05-22 03:00:00,465.4841
2012-05-22 04:00:00,508.86008
2012-05-22 05:00:00,520.8918
2012-05-22 06:00:00,495.3452
2012-05-22 07:00:00,495.3452
2012-05-22 08:00:00,500.3255
2012-05-22 09:00:00,464.93756
2012-05-22 10:00:00,435.1495
2012-05-22 11:00:00,409.5741
2012-05-22 12:00:00,438.85583
2012-05-22 13:00:00,382.6923
2012-05-22 14:00:00,412.52063
2012-05-22 15:00:00,383.78604
2012-05-22 16:00:00,346.00638
2012-05-22 17:00:00,764.9767
2012-05-22 18:00:00,354.51242
2012-05-22 19:00:00,421.8973
2012-05-22 20:00:00,451.58234
2012-05-22 21:00:00,443.8363
2012-05-22 22:00:00,405.28674
2012-05-22 23:00:00,409.53967
2012-05-23 00:00:00,443.8363
2012-05-23 01:00:00,478.4524
2012-05-23 02:00:00,481.97824
2012-05-23 03:00:00,435.87674
2012-05-23 04:00:00,494.55652
2012-05-23 05:00:00,537.9325
2012-05-23 06:00:00,488.29376
2012-05-23 07:00:00,432.1301
2012-05-23 08:00:00,432.1301
2012-05-23 09:00:00,409.0276
2012-05-23 10:00:00,431.07715
2012-05-23 11:00:00,379.16656
2012-05-23 12:00:00,387.08862
2012-05-23 13:00:00,434.17282
2012-05-23 14:00:00,375.14474
2012-05-23 15:00:00,331.0728
2012-05-23 16:00:00,376.56628
2012-05-23 17:00:00,395.41388
2012-05-23 18:00:00,395.41388
2012-05-23 19:00:00,481.43332
2012-05-23 20:00:00,460.1397
2012-05-23 21:00:00,434.56427
2012-05-23 22:00:00,481.43332
2012-05-23 23:00:00,469.9179
2012-05-24 00:00:00,457.15887
2012-05-24 01:00:00,482.69556
2012-05-24 02:00:00,457.1203
2012-05-24 03:00:00,490.47427
2012-05-24 04:00:00,507.51495
2012-05-24 05:00:00,507.51495
2012-05-24 06:00:00,507.51495
2012-05-24 07:00:00,461.41187
2012-05-24 08:00:00,418.04575
2012-05-24 09:00:00,426.58044
2012-05-24 10:00:00,376.2362
2012-05-24 11:00:00,375.68964
2012-05-24 12:00:00,521.2072
2012-05-24 13:00:00,856.48895
2012-05-24 14:00:00,927.8412
2012-05-24 15:00:00,944.44965
2012-05-24 16:00:00,1002.6896
2012-05-24 17:00:00,961.11346
2012-05-24 18:00:00,949.80133
2012-05-24 19:00:00,498.26984
2012-05-24 20:00:00,442.46368
2012-05-24 21:00:00,458.62204
2012-05-24 22:00:00,438.05566
2012-05-24 23:00:00,446.56168
2012-05-25 00:00:00,469.37308
2012-05-25 01:00:00,456.6139
2012-05-25 02:00:00,434.56427
2012-05-25 03:00:00,489.9278
2012-05-25 04:00:00,460.09937
2012-05-25 05:00:00,485.67468
2012-05-25 06:00:00,489.9278
2012-05-25 07:00:00,506.9684
2012-05-25 08:00:00,494.5409
2012-05-25 09:00:00,503.04703
2012-05-25 10:00:00,455.89258
2012-05-25 11:00:00,447.3581
2012-05-25 12:00:00,370.9591
2012-05-25 13:00:00,504.3357
2012-05-25 14:00:00,713.8659
2012-05-25 15:00:00,670.511
2012-05-25 16:00:00,1300.4401
2012-05-25 17:00:00,722.2967
2012-05-25 18:00:00,670.511
2012-05-25 19:00:00,571.5554
2012-05-25 20:00:00,383.13284
2012-05-25 21:00:00,374.5982
2012-05-25 22:00:00,413.60645
2012-05-25 23:00:00,468.06638
2012-05-26 00:00:00,464.21347
2012-05-26 01:00:00,455.67896
2012-05-26 02:00:00,486.62753
2012-05-26 03:00:00,473.50818
2012-05-26 04:00:00,482.01422
2012-05-26 05:00:00,490.56042
2012-05-26 06:00:00,499.05487
2012-05-26 07:00:00,494.0746
2012-05-26 08:00:00,430.14215
2012-05-26 09:00:00,472.71954
2012-05-26 10:00:00,460.03958
2012-05-26 11:00:00,425.4233
2012-05-26 12:00:00,440.63956
2012-05-26 13:00:00,527.1227
2012-05-26 14:00:00,543.5088
2012-05-26 15:00:00,576.2264
2012-05-26 16:00:00,1253.9813
2012-05-26 17:00:00,1301.4213
2012-05-26 18:00:00,1223.3715
2012-05-26 19:00:00,437.0297
2012-05-26 20:00:00,925.14514
2012-05-26 21:00:00,508.70917
2012-05-26 22:00:00,442.46393
2012-05-26 23:00:00,442.46393
2012-05-27 00:00:00,394.94366
2012-05-27 01:00:00,434.79398
2012-05-27 02:00:00,430.18237
2012-05-27 03:00:00,413.1417
2012-05-27 04:00:00,473.51984
2012-05-27 05:00:00,473.51984
2012-05-27 06:00:00,465.01373
2012-05-27 07:00:00,490.54895
2012-05-27 08:00:00,472.71954
2012-05-27 09:00:00,480.963
2012-05-27 10:00:00,442.75507
2012-05-27 11:00:00,392.14667
2012-05-27 12:00:00,456.97098
2012-05-27 13:00:00,899.45996
2012-05-27 14:00:00,932.7323
2012-05-27 15:00:00,1323.0448
2012-05-27 16:00:00,1323.0448
2012-05-27 17:00:00,1308.5238
2012-05-27 18:00:00,957.7522
2012-05-27 19:00:00,899.45996
2012-05-27 20:00:00,917.0521
2012-05-27 21:00:00,471.42993
2012-05-27 22:00:00,425.19626
2012-05-27 23:00:00,463.53064
2012-05-28 00:00:00,484.73663
2012-05-28 01:00:00,484.0193
2012-05-28 02:00:00,485.28146
2012-05-28 03:00:00,416.3687
2012-05-28 04:00:00,434.1711
2012-05-28 05:00:00,434.1711
2012-05-28 06:00:00,416.3687
2012-05-28 07:00:00,425.11847
2012-05-28 08:00:00,347.77597
2012-05-28 09:00:00,324.09637
2012-05-28 10:00:00,324.09637
2012-05-28 11:00:00,369.25342
2012-05-28 12:00:00,627.02026
2012-05-28 13:00:00,973.29504
2012-05-28 14:00:00,973.29504
2012-05-28 15:00:00,1434.0562
2012-05-28 16:00:00,1467.3658
2012-05-28 17:00:00,1434.0562
2012-05-28 18:00:00,1172.0708
2012-05-28 19:00:00,1404.1461
2012-05-28 20:00:00,855.3822
2012-05-28 21:00:00,558.2739
2012-05-28 22:00:00,397.8756
2012-05-28 23:00:00,419.30823
2012-05-29 00:00:00,464.10754
2012-05-29 01:00:00,464.10754
2012-05-29 02:00:00,467.99042
2012-05-29 03:00:00,489.9741
2012-05-29 04:00:00,468.06638
2012-05-29 05:00:00,468.06638
2012-05-29 06:00:00,468.06638
2012-05-29 07:00:00,468.06638
2012-05-29 08:00:00,438.31708
2012-05-29 09:00:00,434.17883
2012-05-29 10:00:00,446.42154
2012-05-29 11:00:00,730.9083
2012-05-29 12:00:00,1440.5372
2012-05-29 13:00:00,1522.4376
2012-05-29 14:00:00,1555.6359
2012-05-29 15:00:00,1491.3173
2012-05-29 16:00:00,1607.6222
2012-05-29 17:00:00,1485.453
2012-05-29 18:00:00,1588.0858
2012-05-29 19:00:00,1444.2705
2012-05-29 20:00:00,613.7539
2012-05-29 21:00:00,591.99084
2012-05-29 22:00:00,485.67468
2012-05-29 23:00:00,494.3199
2012-05-30 00:00:00,498.06662
2012-05-30 01:00:00,523.6133
2012-05-30 02:00:00,519.89514
2012-05-30 03:00:00,501.95947
2012-05-30 04:00:00,498.43372
2012-05-30 05:00:00,447.36197
2012-05-30 06:00:00,439.40244
2012-05-30 07:00:00,468.47488
2012-05-30 08:00:00,430.9064
2012-05-30 09:00:00,418.23517
2012-05-30 10:00:00,443.81042
2012-05-30 11:00:00,396.256
2012-05-30 12:00:00,672.1294
2012-05-30 13:00:00,857.9713
2012-05-30 14:00:00,1054.215
2012-05-30 15:00:00,1045.8042
2012-05-30 16:00:00,1059.5028
2012-05-30 17:00:00,1078.2528
2012-05-30 18:00:00,1161.3599
2012-05-30 19:00:00,856.48895
2012-05-30 20:00:00,356.4455
2012-05-30 21:00:00,486.46985
2012-05-30 22:00:00,387.81592
2012-05-30 23:00:00,367.18362
2012-05-31 00:00:00,396.8686
2012-05-31 01:00:00,384.1095
2012-05-31 02:00:00,363.4771
2012-05-31 03:00:00,384.9098
2012-05-31 04:00:00,359.33447
2012-05-31 05:00:00,431.75015
2012-05-31 06:00:00,444.42136
2012-05-31 07:00:00,415.29465
2012-05-31 08:00:00,430.21494
2012-05-31 09:00:00,1050.69
2012-05-31 10:00:00,1294.2947
2012-05-31 11:00:00,1168.6732
2012-05-31 12:00:00,1068.8556
2012-05-31 13:00:00,996.5248
2012-05-31 14:00:00,1052.3225
2012-05-31 15:00:00,1170.9387
2012-05-31 16:00:00,1155.37
2012-05-31 17:00:00,1021.33856
2012-05-31 18:00:00,1031.2288
2012-05-31 19:00:00,1015.70435
2012-05-31 20:00:00,1093.1298
2012-05-31 21:00:00,1093.1298
2012-05-31 22:00:00,803.9205
2012-05-31 23:00:00,626.0996
2012-06-20 00:00:00,464.10754
2012-06-20 01:00:00,464.39868
2012-06-20 02:00:00,476.81616
2012-06-20 03:00:00,468.2816
2012-06-20 04:00:00,455.52246
2012-06-20 05:00:00,455.52246
2012-06-20 06:00:00,490.28778
2012-06-20 07:00:00,464.1661
2012-06-20 08:00:00,442.0865
2012-06-20 09:00:00,386.17657
2012-06-20 10:00:00,1239.6956
2012-06-20 11:00:00,1286.6776
2012-06-20 12:00:00,1244.2743
2012-06-20 13:00:00,1145.7651
2012-06-20 14:00:00,1222.9391
2012-06-20 15:00:00,1015.47864
2012-06-20 16:00:00,1124.1306
2012-06-20 17:00:00,1023.0771
2012-06-20 18:00:00,1023.07715
2012-06-20 19:00:00,1262.7308
2012-06-20 20:00:00,1228.7485
2012-06-20 21:00:00,1104.7639
2012-06-20 22:00:00,1136.3145
2012-06-20 23:00:00,917.62024
2012-06-21 00:00:00,364.2881
2012-06-21 01:00:00,424.27026
2012-06-21 02:00:00,415.76428
2012-06-21 03:00:00,360.14554
2012-06-21 04:00:00,437.59277
2012-06-21 05:00:00,441.8459
2012-06-21 06:00:00,441.1186
2012-06-21 07:00:00,441.1186
2012-06-21 08:00:00,338.7129
2012-06-21 09:00:00,1240.6615
2012-06-21 10:00:00,1101.8511
2012-06-21 11:00:00,1078.8777
2012-06-21 12:00:00,1148.7994
2012-06-21 13:00:00,947.09125
2012-06-21 14:00:00,1094.3276
2012-06-21 15:00:00,1133.7977
2012-06-21 16:00:00,1086.7272
2012-06-21 17:00:00,923.60364
2012-06-21 18:00:00,1141.257
2012-06-21 19:00:00,1175.2782
2012-06-21 20:00:00,1160.3793
2012-06-21 21:00:00,1221.0829
2012-06-21 22:00:00,885.31274
2012-06-21 23:00:00,1056.3579
2012-06-22 00:00:00,371.77567
2012-06-22 01:00:00,411.3349
2012-06-22 02:00:00,385.38937
2012-06-22 03:00:00,385.38937
2012-06-22 04:00:00,380.20648
2012-06-22 05:00:00,347.18146
2012-06-22 06:00:00,321.6062
2012-06-22 07:00:00,703.1871
2012-06-22 08:00:00,958.3664
2012-06-22 09:00:00,871.1521
2012-06-22 10:00:00,1384.471
2012-06-22 11:00:00,1137.2279
2012-06-22 12:00:00,1135.0492
2012-06-22 13:00:00,1175.2782
2012-06-22 14:00:00,1175.2782
2012-06-22 15:00:00,1319.5233
2012-06-22 16:00:00,1165.6328
2012-06-22 17:00:00,1050.3793
2012-06-22 18:00:00,1252.3472
2012-06-22 19:00:00,1162.6906
2012-06-22 20:00:00,1162.6906
2012-06-22 21:00:00,402.30667
2012-06-22 22:00:00,373.2717
2012-06-22 23:00:00,364.79834
2012-06-23 00:00:00,394.83917
2012-06-23 01:00:00,407.0919
2012-06-23 02:00:00,453.7399
2012-06-23 03:00:00,423.94012
2012-06-23 04:00:00,445.23376
2012-06-23 05:00:00,453.7399
2012-06-23 06:00:00,420.41437
2012-06-23 07:00:00,441.7081
2012-06-23 08:00:00,385.95316
2012-06-23 09:00:00,483.13165
2012-06-23 10:00:00,909.8773
2012-06-23 11:00:00,1110.3864
2012-06-23 12:00:00,1058.4823
2012-06-23 13:00:00,1015.8981
2012-06-23 14:00:00,1030.0139
2012-06-23 15:00:00,1160.7903
2012-06-23 16:00:00,1115.4479
2012-06-23 17:00:00,1056.9664
2012-06-23 18:00:00,1103.5464
2012-06-23 19:00:00,977.22437
2012-06-23 20:00:00,964.56714
2012-06-23 21:00:00,886.5126
2012-06-23 22:00:00,860.26306
2012-06-23 23:00:00,796.3237
2012-06-24 00:00:00,865.338
2012-06-24 01:00:00,617.59955
2012-06-24 02:00:00,746.3906
2012-06-24 03:00:00,331.05698
2012-06-24 04:00:00,305.4818
2012-06-24 05:00:00,362.26965
2012-06-24 06:00:00,349.3716
2012-06-24 07:00:00,352.96323
2012-06-24 08:00:00,448.3746
2012-06-24 09:00:00,876.93256
2012-06-24 10:00:00,795.62787
2012-06-24 11:00:00,935.9553
2012-06-24 12:00:00,1018.4365
2012-06-24 13:00:00,1080.5087
2012-06-24 14:00:00,1129.7024
2012-06-24 15:00:00,1068.1207
2012-06-24 16:00:00,1083.1222
2012-06-24 17:00:00,1086.4971
2012-06-24 18:00:00,1077.9703
2012-06-24 19:00:00,1125.8969
2012-06-24 20:00:00,1134.4321
2012-06-24 21:00:00,1038.2306
2012-06-24 22:00:00,859.99695
2012-06-24 23:00:00,684.20715
2012-06-25 00:00:00,508.0481
2012-06-25 01:00:00,377.66815
2012-06-25 02:00:00,403.45856
2012-06-25 03:00:00,407.35306
2012-06-25 04:00:00,454.06702
2012-06-25 05:00:00,408.14175
2012-06-25 06:00:00,429.06516
2012-06-25 07:00:00,425.18225
2012-06-25 08:00:00,390.85724
2012-06-25 09:00:00,369.13345
2012-06-25 10:00:00,972.065
2012-06-25 11:00:00,1249.9697
2012-06-25 12:00:00,1217.9615
2012-06-25 13:00:00,1110.0817
2012-06-25 14:00:00,1147.2147
2012-06-25 15:00:00,1320.1859
2012-06-25 16:00:00,1224.5111
2012-06-25 17:00:00,1346.248
2012-06-25 18:00:00,1241.07
2012-06-25 19:00:00,1237.1554
2012-06-25 20:00:00,1214.8239
2012-06-25 21:00:00,1051.9159
2012-06-25 22:00:00,1102.0708
2012-06-25 23:00:00,1061.6315
2012-06-26 00:00:00,1058.0317
2012-06-26 01:00:00,1141.6866
2012-06-26 02:00:00,729.44165
2012-06-26 03:00:00,536.2152
2012-06-26 04:00:00,544.82684
2012-06-26 05:00:00,380.92123
2012-06-26 06:00:00,336.56348
2012-06-26 07:00:00,353.60416
2012-06-26 08:00:00,444.25653
2012-06-26 09:00:00,736.4414
2012-06-26 10:00:00,1174.2174
2012-06-26 11:00:00,1192.4581
2012-06-26 12:00:00,1208.6205
2012-06-26 13:00:00,1210.9585
2012-06-26 14:00:00,1210.9585
2012-06-26 15:00:00,1226.941
2012-06-26 16:00:00,1247.0948
2012-06-26 17:00:00,1180.3612
2012-06-26 18:00:00,1118.289
2012-06-26 19:00:00,978.65295
2012-06-26 20:00:00,1024.7426
2012-06-26 21:00:00,946.72314
2012-06-26 22:00:00,993.5095
2012-06-26 23:00:00,924.78516
2012-06-27 00:00:00,991.29297
2012-06-27 01:00:00,975.2418
2012-06-27 02:00:00,337.88382
2012-06-27 03:00:00,546.6958
2012-06-27 04:00:00,1043.8275
2012-06-27 05:00:00,1108.2576
2012-06-27 06:00:00,658.8208
2012-06-27 07:00:00,1191.3645
2012-06-27 08:00:00,1161.7661
2012-06-27 09:00:00,1181.4171
2012-06-27 10:00:00,1038.7012
2012-06-27 11:00:00,1102.5812
2012-06-27 12:00:00,1089.2125
2012-06-27 13:00:00,1155.6897
2012-06-27 14:00:00,1198.6323
2012-06-27 15:00:00,1293.6384
2012-06-27 16:00:00,1363.0126
2012-06-27 17:00:00,1278.6812
2012-06-27 18:00:00,1155.6897
2012-06-27 19:00:00,1139.6577
2012-06-27 20:00:00,983.93524
2012-06-27 21:00:00,917.6221
2012-06-27 22:00:00,890.72424
2012-06-27 23:00:00,1005.81995
2012-06-28 00:00:00,746.86536
2012-06-28 01:00:00,468.73413
2012-06-28 02:00:00,738.56134
2012-06-28 03:00:00,738.56134
2012-06-28 04:00:00,325.39273
2012-06-28 05:00:00,310.66058
2012-06-28 06:00:00,310.66058
2012-06-28 07:00:00,325.39273
2012-06-28 08:00:00,763.47363
2012-06-28 09:00:00,739.07117
2012-06-28 10:00:00,1109.4376
2012-06-28 11:00:00,1022.69904
2012-06-28 12:00:00,1138.681
2012-06-28 13:00:00,1103.4713
2012-06-28 14:00:00,1227.7993
2012-06-28 15:00:00,1227.7993
2012-06-28 16:00:00,1159.7185
2012-06-28 17:00:00,1201.763
2012-06-28 18:00:00,1094.3284
2012-06-28 19:00:00,1168.4276
2012-06-28 20:00:00,1054.6234
2012-06-28 21:00:00,988.18115
2012-06-28 22:00:00,1137.2695
2012-06-28 23:00:00,1042.9298
2012-06-29 00:00:00,1042.9298
2012-06-29 01:00:00,1107.3596
2012-06-29 02:00:00,632.8437
2012-06-29 03:00:00,632.8437
2012-06-29 04:00:00,360.62735
2012-06-29 05:00:00,362.3293
2012-06-29 06:00:00,391.4369
2012-06-29 07:00:00,362.3293
2012-06-29 08:00:00,828.99854
2012-06-29 09:00:00,972.065
2012-06-29 10:00:00,1278.6588
2012-06-29 11:00:00,1302.3643
2012-06-29 12:00:00,1283.8065
2012-06-29 13:00:00,1207.586
2012-06-29 14:00:00,1262.1616
2012-06-29 15:00:00,1029.3656
2012-06-29 16:00:00,1029.3656
2012-06-29 17:00:00,1247.0563
2012-06-29 18:00:00,998.46295
2012-06-29 19:00:00,1250.1105
2012-06-29 20:00:00,1296.1471
2012-06-29 21:00:00,1282.2155
2012-06-29 22:00:00,1087.5525
2012-06-29 23:00:00,1087.5525
2012-06-30 00:00:00,479.70798
2012-06-30 01:00:00,496.74872
2012-06-30 02:00:00,429.31342
2012-06-30 03:00:00,429.31342
2012-06-30 04:00:00,455.39502
2012-06-30 05:00:00,472.65674
2012-06-30 06:00:00,472.65674
2012-06-30 07:00:00,472.65674
2012-06-30 08:00:00,472.65674
2012-06-30 09:00:00,472.65674
2012-06-30 10:00:00,1129.342
2012-06-30 11:00:00,1129.342
2012-06-30 12:00:00,1129.342
2012-06-30 13:00:00,1129.342
2012-06-30 14:00:00,1129.342
2012-06-30 15:00:00,1129.342
2012-06-30 16:00:00,1054.0052
2012-06-30 17:00:00,1008.57263
2012-06-30 18:00:00,881.50366
2012-06-30 19:00:00,1158.3562
2012-06-30 20:00:00,1143.982
2012-06-30 21:00:00,1143.982
2012-06-30 22:00:00,774.31274
2012-06-30 23:00:00,731.1968
2012-07-20 00:00:00,470.76154
2012-07-20 01:00:00,476.46933
2012-07-20 02:00:00,467.23593
2012-07-20 03:00:00,471.48898
2012-07-20 04:00:00,488.52966
2012-07-20 05:00:00,479.99496
2012-07-20 06:00:00,488.52966
2012-07-20 07:00:00,497.03564
2012-07-20 08:00:00,457.54532
2012-07-20 09:00:00,428.08716
2012-07-20 10:00:00,436.62177
2012-07-20 11:00:00,422.57187
2012-07-20 12:00:00,461.071
2012-07-20 13:00:00,444.03033
2012-07-20 14:00:00,465.93793
2012-07-20 15:00:00,500.74652
2012-07-20 16:00:00,504.41418
2012-07-20 17:00:00,560.9454
2012-07-20 18:00:00,478.91498
2012-07-20 19:00:00,492.20892
2012-07-20 20:00:00,525.56287
2012-07-20 21:00:00,509.32254
2012-07-20 22:00:00,467.43402
2012-07-20 23:00:00,493.00922
2012-07-21 00:00:00,483.6411
2012-07-21 01:00:00,471.58084
2012-07-21 02:00:00,509.72266
2012-07-21 03:00:00,501.18814
2012-07-21 04:00:00,510.52298
2012-07-21 05:00:00,501.98834
2012-07-21 06:00:00,501.98834
2012-07-21 07:00:00,498.46265
2012-07-21 08:00:00,472.67215
2012-07-21 09:00:00,455.63153
2012-07-21 10:00:00,501.98834
2012-07-21 11:00:00,472.1256
2012-07-21 12:00:00,467.14526
2012-07-21 13:00:00,450.10458
2012-07-21 14:00:00,497.66235
2012-07-21 15:00:00,501.18814
2012-07-21 16:00:00,484.14746
2012-07-21 17:00:00,475.64136
2012-07-21 18:00:00,480.62173
2012-07-21 19:00:00,472.1157
2012-07-21 20:00:00,475.64136
2012-07-21 21:00:00,472.11575
2012-07-21 22:00:00,455.07507
2012-07-21 23:00:00,425.2467
2012-07-22 00:00:00,455.07507
2012-07-22 01:00:00,472.11575
2012-07-22 02:00:00,455.07507
2012-07-22 03:00:00,455.07507
2012-07-22 04:00:00,421.721
2012-07-22 05:00:00,421.721
2012-07-22 06:00:00,424.7403
2012-07-22 07:00:00,399.1651
2012-07-22 08:00:00,372.8281
2012-07-22 09:00:00,326.11417
2012-07-22 10:00:00,351.9046
2012-07-22 11:00:00,351.9046
2012-07-22 12:00:00,360.0091
2012-07-22 13:00:00,329.96564
2012-07-22 14:00:00,335.55984
2012-07-22 15:00:00,335.55984
2012-07-22 16:00:00,345.58234
2012-07-22 17:00:00,411.01712
2012-07-22 18:00:00,378.29974
2012-07-22 19:00:00,373.2329
2012-07-22 20:00:00,394.4118
2012-07-22 21:00:00,403.16156
2012-07-22 22:00:00,402.91788
2012-07-22 23:00:00,420.4934
2012-07-23 00:00:00,463.7101
2012-07-23 01:00:00,493.51004
2012-07-23 02:00:00,493.0263
2012-07-23 03:00:00,493.0263
2012-07-23 04:00:00,505.78546
2012-07-23 05:00:00,505.78546
2012-07-23 06:00:00,467.20023
2012-07-23 07:00:00,450.352
2012-07-23 08:00:00,415.76428
2012-07-23 09:00:00,401.45898
2012-07-23 10:00:00,657.57404
2012-07-23 11:00:00,1180.034
2012-07-23 12:00:00,1180.034
2012-07-23 13:00:00,1113.5261
2012-07-23 14:00:00,918.5939
2012-07-23 15:00:00,1240.6615
2012-07-23 16:00:00,1154.5751
2012-07-23 17:00:00,1154.5751
2012-07-23 18:00:00,1051.1942
2012-07-23 19:00:00,1268.0546
2012-07-23 20:00:00,625.3282
2012-07-23 21:00:00,642.5515
2012-07-23 22:00:00,509.09106
2012-07-23 23:00:00,365.49426
2012-07-24 00:00:00,398.77103
2012-07-24 01:00:00,433.38727
2012-07-24 02:00:00,454.31088
2012-07-24 03:00:00,454.31088
2012-07-24 04:00:00,433.01703
2012-07-24 05:00:00,437.2701
2012-07-24 06:00:00,445.77618
2012-07-24 07:00:00,407.3056
2012-07-24 08:00:00,394.08792
2012-07-24 09:00:00,1034.8702
2012-07-24 10:00:00,1386.988
2012-07-24 11:00:00,1412.4052
2012-07-24 12:00:00,1315.5669
2012-07-24 13:00:00,1379.0956
2012-07-24 14:00:00,1295.9884
2012-07-24 15:00:00,1306.3793
2012-07-24 16:00:00,1357.0781
2012-07-24 17:00:00,1351.2727
2012-07-24 18:00:00,720.22986
2012-07-24 19:00:00,625.3282
2012-07-24 20:00:00,370.9335
2012-07-24 21:00:00,403.65106
2012-07-24 22:00:00,419.98242
2012-07-24 23:00:00,798.0889
2012-07-25 00:00:00,693.24097
2012-07-25 01:00:00,544.97504
2012-07-25 02:00:00,360.39612
2012-07-25 03:00:00,378.75952
2012-07-25 04:00:00,379.30615
2012-07-25 05:00:00,362.26538
2012-07-25 06:00:00,370.77148
2012-07-25 07:00:00,871.6499
2012-07-25 08:00:00,1090.5685
2012-07-25 09:00:00,1100.1517
2012-07-25 10:00:00,790.0429
2012-07-25 11:00:00,785.6017
2012-07-25 12:00:00,785.6017
2012-07-25 13:00:00,972.3084
2012-07-25 14:00:00,957.2523
2012-07-25 15:00:00,894.7444
2012-07-25 16:00:00,988.3403
2012-07-25 17:00:00,820.9909
2012-07-25 18:00:00,953.87756
2012-07-25 19:00:00,925.2379
2012-07-25 20:00:00,985.2572
2012-07-25 21:00:00,1000.21484
2012-07-25 22:00:00,510.4706
2012-07-25 23:00:00,570.6353
2012-07-26 00:00:00,370.22495
2012-07-26 01:00:00,378.75952
2012-07-26 02:00:00,407.898
2012-07-26 03:00:00,399.39188
2012-07-26 04:00:00,416.64777
2012-07-26 05:00:00,416.64777
2012-07-26 06:00:00,454.06702
2012-07-26 07:00:00,432.8524
2012-07-26 08:00:00,436.37805
2012-07-26 09:00:00,381.1178
2012-07-26 10:00:00,402.6225
2012-07-26 11:00:00,806.91907
2012-07-26 12:00:00,1356.6158
2012-07-26 13:00:00,1386.9462
2012-07-26 14:00:00,1312.49
2012-07-26 15:00:00,1342.9578
2012-07-26 16:00:00,1409.3982
2012-07-26 17:00:00,1461.4064
2012-07-26 18:00:00,1382.7494
2012-07-26 19:00:00,1367.8895
2012-07-26 20:00:00,1297.9752
2012-07-26 21:00:00,1635.9812
2012-07-26 22:00:00,1635.9812
2012-07-26 23:00:00,377.59204
2012-07-27 00:00:00,339.25778
2012-07-27 01:00:00,369.086
2012-07-27 02:00:00,424.56146
2012-07-27 03:00:00,407.30557
2012-07-27 04:00:00,386.22714
2012-07-27 05:00:00,412.01755
2012-07-27 06:00:00,386.22714
2012-07-27 07:00:00,394.6328
2012-07-27 08:00:00,432.91974
2012-07-27 09:00:00,1289.7802
2012-07-27 10:00:00,961.2019
2012-07-27 11:00:00,1322.5417
2012-07-27 12:00:00,1384.4817
2012-07-27 13:00:00,1272.633
2012-07-27 14:00:00,1308.7687
2012-07-27 15:00:00,1172.4987
2012-07-27 16:00:00,1206.1252
2012-07-27 17:00:00,1234.8782
2012-07-27 18:00:00,1117.702
2012-07-27 19:00:00,1221.0829
2012-07-27 20:00:00,893.837
2012-07-27 21:00:00,893.837
2012-07-27 22:00:00,910.4452
2012-07-27 23:00:00,383.81638
2012-07-28 00:00:00,490.11105
2012-07-28 01:00:00,351.9392
2012-07-28 02:00:00,326.3639
2012-07-28 03:00:00,326.3639
2012-07-28 04:00:00,428.7083
2012-07-28 05:00:00,420.4934
2012-07-28 06:00:00,356.48334
2012-07-28 07:00:00,364.6982
2012-07-28 08:00:00,378.29974
2012-07-28 09:00:00,916.32007
2012-07-28 10:00:00,1210.4899
2012-07-28 11:00:00,1085.4436
2012-07-28 12:00:00,1108.0966
2012-07-28 13:00:00,1195.9086
2012-07-28 14:00:00,1142.0137
2012-07-28 15:00:00,1163.8047
2012-07-28 16:00:00,1110.8761
2012-07-28 17:00:00,1106.9974
2012-07-28 18:00:00,1167.6998
2012-07-28 19:00:00,394.25677
2012-07-28 20:00:00,458.45764
2012-07-28 21:00:00,394.33276
2012-07-28 22:00:00,394.33276
2012-07-28 23:00:00,420.1233
2012-07-29 00:00:00,463.57544
2012-07-29 01:00:00,424.37625
2012-07-29 02:00:00,386.7132
2012-07-29 03:00:00,386.49802
2012-07-29 04:00:00,378.50995
2012-07-29 05:00:00,425.47775
2012-07-29 06:00:00,390.6363
2012-07-29 07:00:00,395.00412
2012-07-29 08:00:00,364.77432
2012-07-29 09:00:00,517.1447
2012-07-29 10:00:00,412.4906
2012-07-29 11:00:00,1038.2306
2012-07-29 12:00:00,1086.1074
2012-07-29 13:00:00,1159.8329
2012-07-29 14:00:00,1087.4609
2012-07-29 15:00:00,996.10297
2012-07-29 16:00:00,996.10297
2012-07-29 17:00:00,1030.1244
2012-07-29 18:00:00,1145.0194
2012-07-29 19:00:00,1010.8795
2012-07-29 20:00:00,345.58234
2012-07-29 21:00:00,364.6982
2012-07-29 22:00:00,356.48334
2012-07-29 23:00:00,326.6551
2012-07-30 00:00:00,386.01187
2012-07-30 01:00:00,360.43674
2012-07-30 02:00:00,360.72787
2012-07-30 03:00:00,407.44183
2012-07-30 04:00:00,407.44183
2012-07-30 05:00:00,437.2701
2012-07-30 06:00:00,454.31088
2012-07-30 07:00:00,411.8024
2012-07-30 08:00:00,393.49945
2012-07-30 09:00:00,342.2386
2012-07-30 10:00:00,400.0411
2012-07-30 11:00:00,1135.9436
2012-07-30 12:00:00,795.8302
2012-07-30 13:00:00,1137.2279
2012-07-30 14:00:00,1203.7357
2012-07-30 15:00:00,1236.9341
2012-07-30 16:00:00,1270.2437
2012-07-30 17:00:00,1063.0853
2012-07-30 18:00:00,983.27704
2012-07-30 19:00:00,1187.8846
2012-07-30 20:00:00,403.16736
2012-07-30 21:00:00,394.6328
2012-07-30 22:00:00,427.87195
2012-07-30 23:00:00,415.8117
2012-07-31 00:00:00,424.85266
2012-07-31 01:00:00,445.77618
2012-07-31 02:00:00,445.77618
2012-07-31 03:00:00,433.017
2012-07-31 04:00:00,433.01703
2012-07-31 05:00:00,454.31088
2012-07-31 06:00:00,485.5504
2012-07-31 07:00:00,471.0603
2012-07-31 08:00:00,424.56146
2012-07-31 09:00:00,369.086
2012-07-31 10:00:00,318.6255
2012-07-31 11:00:00,745.07336
2012-07-31 12:00:00,915.24097
2012-07-31 13:00:00,1340.4789
2012-07-31 14:00:00,1340.4789
2012-07-31 15:00:00,608.0471
2012-07-31 16:00:00,871.1521
2012-07-31 17:00:00,1215.3193
2012-07-31 18:00:00,1038.1173
2012-07-31 19:00:00,591.3667
2012-07-31 20:00:00,401.97528
2012-07-31 21:00:00,441.8934
2012-07-31 22:00:00,433.14352
2012-07-31 23:00:00,457.83643
2012-08-20 00:00:00,442.4322
2012-08-20 01:00:00,455.9472
2012-08-20 02:00:00,455.9472
2012-08-20 03:00:00,464.44324
2012-08-20 04:00:00,438.17908
2012-08-20 05:00:00,412.6038
2012-08-20 06:00:00,425.403
2012-08-20 07:00:00,424.85657
2012-08-20 08:00:00,390.56006
2012-08-20 09:00:00,339.55447
2012-08-20 10:00:00,365.12976
2012-08-20 11:00:00,344.67825
2012-08-20 12:00:00,327.5716
2012-08-20 13:00:00,510.4706
2012-08-20 14:00:00,832.7058
2012-08-20 15:00:00,882.58636
2012-08-20 16:00:00,882.58636
2012-08-20 17:00:00,596.7608
2012-08-20 18:00:00,458.93784
2012-08-20 19:00:00,441.89722
2012-08-20 20:00:00,493.00922
2012-08-20 21:00:00,409.07812
2012-08-20 22:00:00,412.6038
2012-08-20 23:00:00,412.6038
2012-08-21 00:00:00,438.17908
2012-08-21 01:00:00,450.93823
2012-08-21 02:00:00,519.8911
2012-08-21 03:00:00,435.96002
2012-08-21 04:00:00,435.96002
2012-08-21 05:00:00,435.74487
2012-08-21 06:00:00,439.99783
2012-08-21 07:00:00,413.37128
2012-08-21 08:00:00,421.8775
2012-08-21 09:00:00,336.02884
2012-08-21 10:00:00,324.04593
2012-08-21 11:00:00,644.16974
2012-08-21 12:00:00,850.60004
2012-08-21 13:00:00,809.16516
2012-08-21 14:00:00,899.257
2012-08-21 15:00:00,805.6358
2012-08-21 16:00:00,805.6358
2012-08-21 17:00:00,1164.287
2012-08-21 18:00:00,865.9779
2012-08-21 19:00:00,394.08575
2012-08-21 20:00:00,356.66116
2012-08-21 21:00:00,356.66116
2012-08-21 22:00:00,382.1962
2012-08-21 23:00:00,408.53323
2012-08-22 00:00:00,438.36157
2012-08-22 01:00:00,382.99652
2012-08-22 02:00:00,382.99652
2012-08-22 03:00:00,382.99652
2012-08-22 04:00:00,439.45303
2012-08-22 05:00:00,383.5431
2012-08-22 06:00:00,357.206
2012-08-22 07:00:00,382.99652
2012-08-22 08:00:00,382.2365
2012-08-22 09:00:00,314.30508
2012-08-22 10:00:00,354.16364
2012-08-22 11:00:00,572.5044
2012-08-22 12:00:00,924.4352
2012-08-22 13:00:00,1021.2734
2012-08-22 14:00:00,990.1531
2012-08-22 15:00:00,1054.4717
2012-08-22 16:00:00,887.02747
2012-08-22 17:00:00,887.02747
2012-08-22 18:00:00,365.17853
2012-08-22 19:00:00,364.79834
2012-08-22 20:00:00,412.03622
2012-08-22 21:00:00,356.66116
2012-08-22 22:00:00,356.66116
2012-08-22 23:00:00,407.7329
2012-08-23 00:00:00,382.1962
2012-08-23 01:00:00,408.53323
2012-08-23 02:00:00,408.5332
2012-08-23 03:00:00,434.10855
2012-08-23 04:00:00,408.53323
2012-08-23 05:00:00,408.53323
2012-08-23 06:00:00,463.71585
2012-08-23 07:00:00,437.63412
2012-08-23 08:00:00,390.37363
2012-08-23 09:00:00,343.07462
2012-08-23 10:00:00,660.0711
2012-08-23 11:00:00,1004.6743
2012-08-23 12:00:00,827.5377
2012-08-23 13:00:00,962.1843
2012-08-23 14:00:00,1145.1368
2012-08-23 15:00:00,1045.3192
2012-08-23 16:00:00,1087.7814
2012-08-23 17:00:00,1123.1688
2012-08-23 18:00:00,1142.7472
2012-08-23 19:00:00,1014.3744
2012-08-23 20:00:00,362.3293
2012-08-23 21:00:00,378.6605
2012-08-23 22:00:00,327.02667
2012-08-23 23:00:00,339.008
2012-08-24 00:00:00,339.008
2012-08-24 01:00:00,360.18692
2012-08-24 02:00:00,335.48224
2012-08-24 03:00:00,356.66116
2012-08-24 04:00:00,360.18692
2012-08-24 05:00:00,382.1962
2012-08-24 06:00:00,412.05893
2012-08-24 07:00:00,385.72195
2012-08-24 08:00:00,364.79834
2012-08-24 09:00:00,514.4059
2012-08-24 10:00:00,916.5427
2012-08-24 11:00:00,1032.9595
2012-08-24 12:00:00,985.23975
2012-08-24 13:00:00,991.52954
2012-08-24 14:00:00,981.0007
2012-08-24 15:00:00,1066.1576
2012-08-24 16:00:00,1066.1576
2012-08-24 17:00:00,1123.3657
2012-08-24 18:00:00,471.7207
2012-08-24 19:00:00,609.30756
2012-08-24 20:00:00,381.19373
2012-08-24 21:00:00,391.4369
2012-08-24 22:00:00,301.45032
2012-08-24 23:00:00,364.0384
2012-08-25 00:00:00,308.81656
2012-08-25 01:00:00,325.56934
2012-08-25 02:00:00,377.47986
2012-08-25 03:00:00,348.1637
2012-08-25 04:00:00,355.94244
2012-08-25 05:00:00,394.162
2012-08-25 06:00:00,419.697
2012-08-25 07:00:00,428.20312
2012-08-25 08:00:00,424.32025
2012-08-25 09:00:00,406.5195
2012-08-25 10:00:00,389.59375
2012-08-25 11:00:00,528.5212
2012-08-25 12:00:00,962.9431
2012-08-25 13:00:00,1162.6779
2012-08-25 14:00:00,381.42307
2012-08-25 15:00:00,441.03107
2012-08-25 16:00:00,437.10788
2012-08-25 17:00:00,445.6425
2012-08-25 18:00:00,458.1864
2012-08-25 19:00:00,458.03143
2012-08-25 20:00:00,475.10654
2012-08-25 21:00:00,497.8834
2012-08-25 22:00:00,497.8834
2012-08-25 23:00:00,471.58084
2012-08-26 00:00:00,498.20334
2012-08-26 01:00:00,481.1627
2012-08-26 02:00:00,493.22302
2012-08-26 03:00:00,501.7291
2012-08-26 04:00:00,484.6884
2012-08-26 05:00:00,481.1627
2012-08-26 06:00:00,506.37778
2012-08-26 07:00:00,481.1627
2012-08-26 08:00:00,454.57474
2012-08-26 09:00:00,446.0401
2012-08-26 10:00:00,501.00385
2012-08-26 11:00:00,484.61774
2012-08-26 12:00:00,456.54706
2012-08-26 13:00:00,495.09366
2012-08-26 14:00:00,455.61594
2012-08-26 15:00:00,513.78937
2012-08-26 16:00:00,513.78937
2012-08-26 17:00:00,489.69736
2012-08-26 18:00:00,454.8886
2012-08-26 19:00:00,476.18237
2012-08-26 20:00:00,472.65674
2012-08-26 21:00:00,433.17346
2012-08-26 22:00:00,446.74982
2012-08-26 23:00:00,421.21463
2012-08-27 00:00:00,408.53323
2012-08-27 01:00:00,459.6436
2012-08-27 02:00:00,472.40265
2012-08-27 03:00:00,459.64355
2012-08-27 04:00:00,408.53323
2012-08-27 05:00:00,434.06836
2012-08-27 06:00:00,434.06836
2012-08-27 07:00:00,407.44183
2012-08-27 08:00:00,433.01703
2012-08-27 09:00:00,437.2701
2012-08-27 10:00:00,398.47983
2012-08-27 11:00:00,387.26477
2012-08-27 12:00:00,530.42664
2012-08-27 13:00:00,898.94775
2012-08-27 14:00:00,1054.1208
2012-08-27 15:00:00,1357.0781
2012-08-27 16:00:00,1307.1694
2012-08-27 17:00:00,1164.6733
2012-08-27 18:00:00,1248.5178
2012-08-27 19:00:00,402.6225
2012-08-27 20:00:00,394.08792
2012-08-27 21:00:00,415.5205
2012-08-27 22:00:00,467.3927
2012-08-27 23:00:00,458.88654
2012-08-28 00:00:00,484.43323
2012-08-28 01:00:00,493.4742
2012-08-28 02:00:00,479.5663
2012-08-28 03:00:00,476.46933
2012-08-28 04:00:00,445.77618
2012-08-28 05:00:00,436.5428
2012-08-28 06:00:00,471.48898
2012-08-28 07:00:00,440.7958
2012-08-28 08:00:00,451.36563
2012-08-28 09:00:00,436.62177
2012-08-28 10:00:00,543.59546
2012-08-28 11:00:00,1204.2166
2012-08-28 12:00:00,1270.2437
2012-08-28 13:00:00,1228.2019
2012-08-28 14:00:00,1227.2292
2012-08-28 15:00:00,1163.2755
2012-08-28 16:00:00,1185.171
2012-08-28 17:00:00,1231.2605
2012-08-28 18:00:00,1116.0944
2012-08-28 19:00:00,1045.119
2012-08-28 20:00:00,1006.1317
2012-08-28 21:00:00,989.5325
2012-08-28 22:00:00,644.16974
2012-08-28 23:00:00,398.11322
2012-08-29 00:00:00,335.48224
2012-08-29 01:00:00,374.36316
2012-08-29 02:00:00,395.54034
2012-08-29 03:00:00,387.03436
2012-08-29 04:00:00,421.916
2012-08-29 05:00:00,413.38138
2012-08-29 06:00:00,413.38138
2012-08-29 07:00:00,340.97168
2012-08-29 08:00:00,341.08655
2012-08-29 09:00:00,935.90106
2012-08-29 10:00:00,1072.6395
2012-08-29 11:00:00,850.60004
2012-08-29 12:00:00,834.5978
2012-08-29 13:00:00,831.8182
2012-08-29 14:00:00,928.2189
2012-08-29 15:00:00,1037.9918
2012-08-29 16:00:00,945.96313
2012-08-29 17:00:00,1042.3639
2012-08-29 18:00:00,1013.9987
2012-08-29 19:00:00,756.2945
2012-08-29 20:00:00,398.11322
2012-08-29 21:00:00,529.1312
2012-08-29 22:00:00,468.73413
2012-08-29 23:00:00,325.7575
2012-08-30 00:00:00,336.02884
2012-08-30 01:00:00,315.39655
2012-08-30 02:00:00,357.206
2012-08-30 03:00:00,357.206
2012-08-30 04:00:00,357.206
2012-08-30 05:00:00,357.206
2012-08-30 06:00:00,455.9472
2012-08-30 07:00:00,356.66116
2012-08-30 08:00:00,314.84998
2012-08-30 09:00:00,432.8503
2012-08-30 10:00:00,741.1936
2012-08-30 11:00:00,928.2189
2012-08-30 12:00:00,1023.3513
2012-08-30 13:00:00,1021.2734
2012-08-30 14:00:00,1054.4717
2012-08-30 15:00:00,1098.1654
2012-08-30 16:00:00,1067.045
2012-08-30 17:00:00,1085.7113
2012-08-30 18:00:00,993.2975
2012-08-30 19:00:00,1054.4717
2012-08-30 20:00:00,703.1871
2012-08-30 21:00:00,356.95975
2012-08-30 22:00:00,339.54892
2012-08-30 23:00:00,390.26498
2012-08-31 00:00:00,454.01956
2012-08-31 01:00:00,454.01956
2012-08-31 02:00:00,476.46936
2012-08-31 03:00:00,467.96332
2012-08-31 04:00:00,477.01593
2012-08-31 05:00:00,485.5504
2012-08-31 06:00:00,489.0762
2012-08-31 07:00:00,467.7825
2012-08-31 08:00:00,363.96234
2012-08-31 09:00:00,338.7129
2012-08-31 10:00:00,582.21204
2012-08-31 11:00:00,1184.4102
2012-08-31 12:00:00,1134.4554
2012-08-31 13:00:00,1233.2175
2012-08-31 14:00:00,1175.2598
2012-08-31 15:00:00,1228.9918
2012-08-31 16:00:00,1182.4119
2012-08-31 17:00:00,1078.3857
2012-08-31 18:00:00,1158.8341
2012-08-31 19:00:00,1103.9181
2012-08-31 20:00:00,1103.9181
2012-08-31 21:00:00,853.87085
2012-08-31 22:00:00,853.87085
2012-08-31 23:00:00,458.55304
2012-09-20 00:00:00,308.6441
2012-09-20 01:00:00,385.98666
2012-09-20 02:00:00,381.73358
2012-09-20 03:00:00,382.49533
2012-09-20 04:00:00,412.3236
2012-09-20 05:00:00,412.3236
2012-09-20 06:00:00,382.49533
2012-09-20 07:00:00,437.5675
2012-09-20 08:00:00,360.00983
2012-09-20 09:00:00,317.1088
2012-09-20 10:00:00,280.45728
2012-09-20 11:00:00,795.91724
2012-09-20 12:00:00,945.53204
2012-09-20 13:00:00,959.5054
2012-09-20 14:00:00,951.35583
2012-09-20 15:00:00,1012.3875
2012-09-20 16:00:00,937.7029
2012-09-20 17:00:00,767.4844
2012-09-20 18:00:00,407.40897
2012-09-20 19:00:00,354.8982
2012-09-20 20:00:00,350.5002
2012-09-20 21:00:00,367.54086
2012-09-20 22:00:00,388.96356
2012-09-20 23:00:00,363.17303
2012-09-21 00:00:00,333.3448
2012-09-21 01:00:00,354.52203
2012-09-21 02:00:00,354.52203
2012-09-21 03:00:00,406.43262
2012-09-21 04:00:00,380.8573
2012-09-21 05:00:00,406.64783
2012-09-21 06:00:00,406.43262
2012-09-21 07:00:00,380.31244
2012-09-21 08:00:00,397.46957
2012-09-21 09:00:00,370.58765
2012-09-21 10:00:00,359.474
2012-09-21 11:00:00,448.46146
2012-09-21 12:00:00,493.01477
2012-09-21 13:00:00,739.07117
2012-09-21 14:00:00,816.69165
2012-09-21 15:00:00,773.5757
2012-09-21 16:00:00,756.29443
2012-09-21 17:00:00,562.02374
2012-09-21 18:00:00,366.63327
2012-09-21 19:00:00,387.8122
2012-09-21 20:00:00,392.20407
2012-09-21 21:00:00,430.42203
2012-09-21 22:00:00,413.38138
2012-09-21 23:00:00,451.7442
2012-09-22 00:00:00,426.0628
2012-09-22 01:00:00,481.93414
2012-09-22 02:00:00,495.48184
2012-09-22 03:00:00,478.22595
2012-09-22 04:00:00,478.22595
2012-09-22 05:00:00,491.01367
2012-09-22 06:00:00,482.47906
2012-09-22 07:00:00,443.35602
2012-09-22 08:00:00,430.31586
2012-09-22 09:00:00,395.5507
2012-09-22 10:00:00,395.694
2012-09-22 11:00:00,612.28503
2012-09-22 12:00:00,930.03735
2012-09-22 13:00:00,1237.279
2012-09-22 14:00:00,1176.8942
2012-09-22 15:00:00,1281.7689
2012-09-22 16:00:00,1223.6263
2012-09-22 17:00:00,1223.6263
2012-09-22 18:00:00,921.73315
2012-09-22 19:00:00,560.4994
2012-09-22 20:00:00,806.3234
2012-09-22 21:00:00,440.05878
2012-09-22 22:00:00,375.2411
2012-09-22 23:00:00,723.75244
2012-09-23 00:00:00,897.6574
2012-09-23 01:00:00,317.66006
2012-09-23 02:00:00,285.0098
2012-09-23 03:00:00,317.73004
2012-09-23 04:00:00,296.98123
2012-09-23 05:00:00,326.11957
2012-09-23 06:00:00,342.14038
2012-09-23 07:00:00,317.61356
2012-09-23 08:00:00,334.77063
2012-09-23 09:00:00,305.08572
2012-09-23 10:00:00,506.49863
2012-09-23 11:00:00,541.23553
2012-09-23 12:00:00,632.4082
2012-09-23 13:00:00,794.3514
2012-09-23 14:00:00,827.5497
2012-09-23 15:00:00,821.0609
2012-09-23 16:00:00,930.25085
2012-09-23 17:00:00,857.83594
2012-09-23 18:00:00,750.6244
2012-09-23 19:00:00,525.3917
2012-09-23 20:00:00,525.3917
2012-09-23 21:00:00,228.68262
2012-09-23 22:00:00,195.3286
2012-09-23 23:00:00,285.9665
2012-09-24 00:00:00,342.60513
2012-09-24 01:00:00,346.1968
2012-09-24 02:00:00,329.0901
2012-09-24 03:00:00,334.09912
2012-09-24 04:00:00,338.23734
2012-09-24 05:00:00,287.23013
2012-09-24 06:00:00,266.5978
2012-09-24 07:00:00,346.1968
2012-09-24 08:00:00,300.24896
2012-09-24 09:00:00,284.22983
2012-09-24 10:00:00,289.99713
2012-09-24 11:00:00,806.06915
2012-09-24 12:00:00,901.73883
2012-09-24 13:00:00,925.2305
2012-09-24 14:00:00,584.9334
2012-09-24 15:00:00,613.3338
2012-09-24 16:00:00,817.02966
2012-09-24 17:00:00,551.94354
2012-09-24 18:00:00,761.329
2012-09-24 19:00:00,683.73364
2012-09-24 20:00:00,258.68314
2012-09-24 21:00:00,262.576
2012-09-24 22:00:00,288.15118
2012-09-24 23:00:00,325.56454
2012-09-25 00:00:00,354.73145
2012-09-25 01:00:00,372.53387
2012-09-25 02:00:00,398.8691
2012-09-25 03:00:00,355.16156
2012-09-25 04:00:00,367.92056
2012-09-25 05:00:00,386.11014
2012-09-25 06:00:00,423.89948
2012-09-25 07:00:00,415.36487
2012-09-25 08:00:00,362.69257
2012-09-25 09:00:00,321.358
2012-09-25 10:00:00,312.96674
2012-09-25 11:00:00,948.3841
2012-09-25 12:00:00,1026.737
2012-09-25 13:00:00,967.7565
2012-09-25 14:00:00,1042.3517
2012-09-25 15:00:00,1011.2313
2012-09-25 16:00:00,1009.042
2012-09-25 17:00:00,992.44293
2012-09-25 18:00:00,943.0821
2012-09-25 19:00:00,714.7732
2012-09-25 20:00:00,402.33838
2012-09-25 21:00:00,402.33838
2012-09-25 22:00:00,394.1726
2012-09-25 23:00:00,418.7244
2012-09-26 00:00:00,374.3189
2012-09-26 01:00:00,382.85345
2012-09-26 02:00:00,373.5916
2012-09-26 03:00:00,373.5916
2012-09-26 04:00:00,408.49893
2012-09-26 05:00:00,399.99292
2012-09-26 06:00:00,392.00482
2012-09-26 07:00:00,395.59656
2012-09-26 08:00:00,421.2865
2012-09-26 09:00:00,344.70856
2012-09-26 10:00:00,416.45123
2012-09-26 11:00:00,344.92807
2012-09-26 12:00:00,335.0769
2012-09-26 13:00:00,534.2965
2012-09-26 14:00:00,1124.1346
2012-09-26 15:00:00,1140.7338
2012-09-26 16:00:00,1093.0143
2012-09-26 17:00:00,1140.7338
2012-09-26 18:00:00,1057.6268
2012-09-26 19:00:00,711.11163
2012-09-26 20:00:00,368.35193
2012-09-26 21:00:00,347.71948
2012-09-26 22:00:00,376.7501
2012-09-26 23:00:00,436.979
2012-09-27 00:00:00,386.61285
2012-09-27 01:00:00,386.61285
2012-09-27 02:00:00,386.61298
2012-09-27 03:00:00,361.03766
2012-09-27 04:00:00,482.73758
2012-09-27 05:00:00,387.11932
2012-09-27 06:00:00,439.0299
2012-09-27 07:00:00,361.03772
2012-09-27 08:00:00,350.2151
2012-09-27 09:00:00,292.34457
2012-09-27 10:00:00,953.2513
2012-09-27 11:00:00,1024.0317
2012-09-27 12:00:00,969.49506
2012-09-27 13:00:00,819.8803
2012-09-27 14:00:00,900.1194
2012-09-27 15:00:00,800.3019
2012-09-27 16:00:00,676.2493
2012-09-27 17:00:00,401.70587
2012-09-27 18:00:00,380.41217
2012-09-27 19:00:00,330.67886
2012-09-27 20:00:00,380.95868
2012-09-27 21:00:00,478.28253
2012-09-27 22:00:00,478.28253
2012-09-27 23:00:00,439.94815
2012-09-28 00:00:00,466.02975
2012-09-28 01:00:00,419.16083
2012-09-28 02:00:00,504.3642
2012-09-28 03:00:00,428.43277
2012-09-28 04:00:00,450.33426
2012-09-28 05:00:00,413.45462
2012-09-28 06:00:00,473.50415
2012-09-28 07:00:00,447.92883
2012-09-28 08:00:00,412.14807
2012-09-28 09:00:00,419.38187
2012-09-28 10:00:00,401.55087
2012-09-28 11:00:00,316.50262
2012-09-28 12:00:00,756.5265
2012-09-28 13:00:00,938.73254
2012-09-28 14:00:00,756.5265
2012-09-28 15:00:00,686.24054
2012-09-28 16:00:00,781.1112
2012-09-28 17:00:00,606.9835
2012-09-28 18:00:00,733.21173
2012-09-28 19:00:00,702.1471
2012-09-28 20:00:00,449.9546
2012-09-28 21:00:00,467.17792
2012-09-28 22:00:00,299.81195
2012-09-28 23:00:00,307.29648
2012-09-29 00:00:00,320.5904
2012-09-29 01:00:00,320.5904
2012-09-29 02:00:00,303.4838
2012-09-29 03:00:00,310.96832
2012-09-29 04:00:00,324.48328
2012-09-29 05:00:00,328.6198
2012-09-29 06:00:00,345.66055
2012-09-29 07:00:00,375.37402
2012-09-29 08:00:00,379.98557
2012-09-29 09:00:00,328.6198
2012-09-29 10:00:00,308.46417
2012-09-29 11:00:00,295.81985
2012-09-29 12:00:00,978.68646
2012-09-29 13:00:00,978.68646
2012-09-29 14:00:00,914.80444
2012-09-29 15:00:00,945.92474
2012-09-29 16:00:00,928.7776
2012-09-29 17:00:00,1010.4741
2012-09-29 18:00:00,506.7309
2012-09-29 19:00:00,278.30417
2012-09-29 20:00:00,286.81024
2012-09-29 21:00:00,269.76962
2012-09-29 22:00:00,303.07312
2012-09-29 23:00:00,278.18774
2012-09-30 00:00:00,252.61253
2012-09-30 01:00:00,252.61253
2012-09-30 02:00:00,273.79138
2012-09-30 03:00:00,320.5439
2012-09-30 04:00:00,320.5439
2012-09-30 05:00:00,321.3057
2012-09-30 06:00:00,346.88092
2012-09-30 07:00:00,347.09616
2012-09-30 08:00:00,324.25208
2012-09-30 09:00:00,302.5283
2012-09-30 10:00:00,577.37646
2012-09-30 11:00:00,912.72656
2012-09-30 12:00:00,978.68646
2012-09-30 13:00:00,928.7776
2012-09-30 14:00:00,928.7776
2012-09-30 15:00:00,882.69714
2012-09-30 16:00:00,851.5597
2012-09-30 17:00:00,901.87665
2012-09-30 18:00:00,379.88684
2012-09-30 19:00:00,365.05347
2012-09-30 20:00:00,365.05347
2012-09-30 21:00:00,299.0353
2012-09-30 22:00:00,320.21423
2012-09-30 23:00:00,345.78943
2012-10-20 00:00:00,410.67438
2012-10-20 01:00:00,359.09338
2012-10-20 02:00:00,376.9244
2012-10-20 03:00:00,385.97528
2012-10-20 04:00:00,321.3057
2012-10-20 05:00:00,373.97794
2012-10-20 06:00:00,316.6925
2012-10-20 07:00:00,373.97794
2012-10-20 08:00:00,333.303
2012-10-20 09:00:00,290.94687
2012-10-20 10:00:00,254.2954
2012-10-20 11:00:00,279.32568
2012-10-20 12:00:00,455.00323
2012-10-20 13:00:00,660.02747
2012-10-20 14:00:00,577.1639
2012-10-20 15:00:00,584.53174
2012-10-20 16:00:00,688.4918
2012-10-20 17:00:00,783.9341
2012-10-20 18:00:00,763.598
2012-10-20 19:00:00,268.72348
2012-10-20 20:00:00,640.73145
2012-10-20 21:00:00,255.71643
2012-10-20 22:00:00,242.81407
2012-10-20 23:00:00,249.63725
2012-10-21 00:00:00,275.32898
2012-10-21 01:00:00,313.54688
2012-10-21 02:00:00,317.68512
2012-10-21 03:00:00,317.56876
2012-10-21 04:00:00,364.6903
2012-10-21 05:00:00,317.56876
2012-10-21 06:00:00,270.81616
2012-10-21 07:00:00,270.81616
2012-10-21 08:00:00,296.06012
2012-10-21 09:00:00,279.94055
2012-10-21 10:00:00,281.07687
2012-10-21 11:00:00,514.63354
2012-10-21 12:00:00,921.09753
2012-10-21 13:00:00,828.6742
2012-10-21 14:00:00,741.4193
2012-10-21 15:00:00,891.1455
2012-10-21 16:00:00,783.9341
2012-10-21 17:00:00,777.25104
2012-10-21 18:00:00,749.8995
2012-10-21 19:00:00,437.523
2012-10-21 20:00:00,272.98975
2012-10-21 21:00:00,275.87387
2012-10-21 22:00:00,229.00493
2012-10-21 23:00:00,228.46007
2012-10-22 00:00:00,283.71002
2012-10-22 01:00:00,330.1328
2012-10-22 02:00:00,330.67773
2012-10-22 03:00:00,283.71002
2012-10-22 04:00:00,304.88727
2012-10-22 05:00:00,382.04337
2012-10-22 06:00:00,382.33453
2012-10-22 07:00:00,330.4625
2012-10-22 08:00:00,308.40906
2012-10-22 09:00:00,312.80545
2012-10-22 10:00:00,244.87396
2012-10-22 11:00:00,772.8709
2012-10-22 12:00:00,583.8141
2012-10-22 13:00:00,777.84314
2012-10-22 14:00:00,795.56604
2012-10-22 15:00:00,787.3139
2012-10-22 16:00:00,803.3396
2012-10-22 17:00:00,740.9602
2012-10-22 18:00:00,320.03537
2012-10-22 19:00:00,258.68314
2012-10-22 20:00:00,295.33466
2012-10-22 21:00:00,332.89288
2012-10-22 22:00:00,423.56815
2012-10-22 23:00:00,415.06207
2012-10-23 00:00:00,463.0513
2012-10-23 01:00:00,406.31226
2012-10-23 02:00:00,455.0632
2012-10-23 03:00:00,398.32428
2012-10-23 04:00:00,390.36307
2012-10-23 05:00:00,385.56528
2012-10-23 06:00:00,412.44705
2012-10-23 07:00:00,393.34393
2012-10-23 08:00:00,362.75388
2012-10-23 09:00:00,365.91547
2012-10-23 10:00:00,269.57468
2012-10-23 11:00:00,367.679
2012-10-23 12:00:00,853.42053
2012-10-23 13:00:00,736.456
2012-10-23 14:00:00,891.76855
2012-10-23 15:00:00,958.2764
2012-10-23 16:00:00,839.782
2012-10-23 17:00:00,709.73254
2012-10-23 18:00:00,461.43958
2012-10-23 19:00:00,281.03827
2012-10-23 20:00:00,327.4499
2012-10-23 21:00:00,310.29285
2012-10-23 22:00:00,340.12112
2012-10-23 23:00:00,366.45807
2012-10-24 00:00:00,362.20505
2012-10-24 01:00:00,310.83942
2012-10-24 02:00:00,310.8394
2012-10-24 03:00:00,383.92725
2012-10-24 04:00:00,383.9272
2012-10-24 05:00:00,384.14233
2012-10-24 06:00:00,414.51727
2012-10-24 07:00:00,440.6662
2012-10-24 08:00:00,422.10953
2012-10-24 09:00:00,386.90808
2012-10-24 10:00:00,340.1555
2012-10-24 11:00:00,289.11557
2012-10-24 12:00:00,298.6343
2012-10-24 13:00:00,440.77435
2012-10-24 14:00:00,956.5259
2012-10-24 15:00:00,811.8625
2012-10-24 16:00:00,837.44385
2012-10-24 17:00:00,759.49023
2012-10-24 18:00:00,728.36993
2012-10-24 19:00:00,497.10168
2012-10-24 20:00:00,302.15997
2012-10-24 21:00:00,306.41302
2012-10-24 22:00:00,331.19354
2012-10-24 23:00:00,338.84888
2012-10-25 00:00:00,322.68756
2012-10-25 01:00:00,309.74796
2012-10-25 02:00:00,357.26218
2012-10-25 03:00:00,456.40607
2012-10-25 04:00:00,447.9
2012-10-25 05:00:00,464.94064
2012-10-25 06:00:00,473.44672
2012-10-25 07:00:00,473.44672
2012-10-25 08:00:00,439.1502
2012-10-25 09:00:00,447.6563
2012-10-25 10:00:00,430.07068
2012-10-25 11:00:00,421.56467
2012-10-25 12:00:00,395.22775
2012-10-25 13:00:00,365.3994
2012-10-25 14:00:00,373.83533
2012-10-25 15:00:00,332.0257
2012-10-25 16:00:00,361.73755
2012-10-25 17:00:00,361.73755
2012-10-25 18:00:00,417.49252
2012-10-25 19:00:00,443.58572
2012-10-25 20:00:00,456.40607
2012-10-25 21:00:00,456.40607
2012-10-25 22:00:00,417.31158
2012-10-25 23:00:00,430.07074
2012-10-26 00:00:00,360.7879
2012-10-26 01:00:00,443.6471
2012-10-26 02:00:00,447.9
2012-10-26 03:00:00,464.94064
2012-10-26 04:00:00,464.94064
2012-10-26 05:00:00,447.9
2012-10-26 06:00:00,443.6471
2012-10-26 07:00:00,447.9
2012-10-26 08:00:00,455.8612
2012-10-26 09:00:00,455.8612
2012-10-26 10:00:00,447.3551
2012-10-26 11:00:00,412.26834
2012-10-26 12:00:00,394.43912
2012-10-26 13:00:00,351.60797
2012-10-26 14:00:00,331.19354
2012-10-26 15:00:00,306.41302
2012-10-26 16:00:00,385.93304
2012-10-26 17:00:00,410.4583
2012-10-26 18:00:00,403.7337
2012-10-26 19:00:00,438.6053
2012-10-26 20:00:00,438.6054
2012-10-26 21:00:00,399.12222
2012-10-26 22:00:00,430.6156
2012-10-26 23:00:00,435.6246
2012-10-27 00:00:00,440.5315
2012-10-27 01:00:00,444.05707
2012-10-27 02:00:00,461.09778
2012-10-27 03:00:00,449.06604
2012-10-27 04:00:00,452.5918
2012-10-27 05:00:00,430.14917
2012-10-27 06:00:00,430.14917
2012-10-27 07:00:00,432.32822
2012-10-27 08:00:00,417.8738
2012-10-27 09:00:00,417.8738
2012-10-27 10:00:00,404.68628
2012-10-27 11:00:00,357.71692
2012-10-27 12:00:00,529.8327
2012-10-27 13:00:00,945.92474
2012-10-27 14:00:00,966.6734
2012-10-27 15:00:00,340.61023
2012-10-27 16:00:00,361.24255
2012-10-27 17:00:00,361.24255
2012-10-27 18:00:00,361.24255
2012-10-27 19:00:00,386.55807
2012-10-27 20:00:00,386.55807
2012-10-27 21:00:00,386.55807
2012-10-27 22:00:00,395.06418
2012-10-27 23:00:00,412.79468
2012-10-28 00:00:00,390.7451
2012-10-28 01:00:00,404.1436
2012-10-28 02:00:00,387.76425
2012-10-28 03:00:00,370.50842
2012-10-28 04:00:00,379.01453
2012-10-28 05:00:00,361.97382
2012-10-28 06:00:00,349.876
2012-10-28 07:00:00,341.34143
2012-10-28 08:00:00,413.75714
2012-10-28 09:00:00,354.7905
2012-10-28 10:00:00,334.70465
2012-10-28 11:00:00,325.65213
2012-10-28 12:00:00,397.26306
2012-10-28 13:00:00,375.9693
2012-10-28 14:00:00,383.95743
2012-10-28 15:00:00,417.34875
2012-10-28 16:00:00,433.54742
2012-10-28 17:00:00,502.71384
2012-10-28 18:00:00,582.9581
2012-10-28 19:00:00,544.6238
2012-10-28 20:00:00,574.4522
2012-10-28 21:00:00,530.17114
2012-10-28 22:00:00,513.1305
2012-10-28 23:00:00,544.6238
2012-10-29 00:00:00,526.02423
2012-10-30 13:00:00,492.7187
2012-10-30 14:00:00,492.7187
2012-10-30 15:00:00,494.09427
2012-10-30 16:00:00,494.09427
2012-10-30 17:00:00,485.58817
2012-10-30 18:00:00,460.2667
2012-10-30 19:00:00,370.82977
2012-10-30 20:00:00,442.57938
2012-10-30 21:00:00,448.4903
2012-10-30 22:00:00,422.26678
2012-10-30 23:00:00,422.26678
2012-10-31 00:00:00,417.54175
2012-10-31 01:00:00,413.28867
2012-10-31 02:00:00,425.79233
2012-10-31 03:00:00,417.54175
2012-10-31 04:00:00,473.5278
2012-10-31 05:00:00,425.79233
2012-10-31 06:00:00,430.80136
2012-10-31 07:00:00,456.74088
2012-10-31 08:00:00,421.97556
2012-10-31 09:00:00,395.38483
2012-10-31 10:00:00,411.41003
2012-10-31 11:00:00,372.36
2012-10-31 12:00:00,318.45273
2012-10-31 13:00:00,285.17603
2012-10-31 14:00:00,288.70172
2012-10-31 15:00:00,288.76773
2012-10-31 16:00:00,309.33405
2012-10-31 17:00:00,313.4724
2012-10-31 18:00:00,313.4724
2012-10-31 19:00:00,280.71368
2012-10-31 20:00:00,280.71368
2012-10-31 21:00:00,280.71368
2012-10-31 22:00:00,296.83624
2012-10-31 23:00:00,284.33087
2012-11-20 00:00:00,365.23657
2012-11-20 01:00:00,335.55328
2012-11-20 02:00:00,386.95163
2012-11-20 03:00:00,364.86935
2012-11-20 04:00:00,364.37024
2012-11-20 05:00:00,347.3296
2012-11-20 06:00:00,381.6547
2012-11-20 07:00:00,383.426
2012-11-20 08:00:00,369.5944
2012-11-20 09:00:00,334.74994
2012-11-20 10:00:00,333.4433
2012-11-20 11:00:00,338.05484
2012-11-20 12:00:00,312.4796
2012-11-20 13:00:00,265.51196
2012-11-20 14:00:00,295.3402
2012-11-20 15:00:00,279.3194
2012-11-20 16:00:00,312.26447
2012-11-20 17:00:00,380.52744
2012-11-20 18:00:00,333.4433
2012-11-20 19:00:00,333.65848
2012-11-20 20:00:00,359.9939
2012-11-20 21:00:00,331.22424
2012-11-20 22:00:00,331.22424
2012-11-20 23:00:00,413.4694
2012-11-21 00:00:00,383.34995
2012-11-21 01:00:00,413.4694
2012-11-21 02:00:00,445.2558
2012-11-21 03:00:00,445.2558
2012-11-21 04:00:00,445.2558
2012-11-21 05:00:00,445.2558
2012-11-21 06:00:00,441.25647
2012-11-21 07:00:00,441.803
2012-11-21 08:00:00,413.8336
2012-11-21 09:00:00,383.42606
2012-11-21 10:00:00,284.80145
2012-11-21 11:00:00,277.18796
2012-11-21 12:00:00,247.40443
2012-11-21 13:00:00,566.02515
2012-11-21 14:00:00,706.70807
2012-11-21 15:00:00,531.271
2012-11-21 16:00:00,628.6582
2012-11-21 17:00:00,217.101
2012-11-21 18:00:00,248.60544
2012-11-21 19:00:00,241.62625
2012-11-21 20:00:00,309.76285
2012-11-21 21:00:00,222.9044
2012-11-21 22:00:00,218.29118
2012-11-21 23:00:00,280.73483
2012-11-22 00:00:00,321.63342
2012-11-22 01:00:00,317.56677
2012-11-22 02:00:00,369.98538
2012-11-22 03:00:00,374.2384
2012-11-22 04:00:00,408.8261
2012-11-22 05:00:00,374.2384
2012-11-22 06:00:00,347.90143
2012-11-22 07:00:00,383.03564
2012-11-22 08:00:00,382.489
2012-11-22 09:00:00,291.70032
2012-11-22 10:00:00,278.37216
2012-11-22 11:00:00,190.20715
2012-11-22 12:00:00,446.83258
2012-11-22 13:00:00,431.78598
2012-11-22 14:00:00,432.6649
2012-11-22 15:00:00,432.6649
2012-11-22 16:00:00,452.53284
2012-11-22 17:00:00,446.83258
2012-11-22 18:00:00,175.49461
2012-11-22 19:00:00,346.80298
2012-11-22 20:00:00,321.55743
2012-11-22 21:00:00,295.2981
2012-11-22 22:00:00,270.52307
2012-11-22 23:00:00,317.49072
2012-11-23 00:00:00,302.4586
2012-11-23 01:00:00,410.3078
2012-11-23 02:00:00,379.90588
2012-11-23 03:00:00,328.79398
2012-11-23 04:00:00,384.45013
2012-11-23 05:00:00,386.0795
2012-11-23 06:00:00,386.0795
2012-11-23 07:00:00,386.0795
2012-11-23 08:00:00,442.09415
2012-11-23 09:00:00,383.3587
2012-11-23 10:00:00,326.54803
2012-11-23 11:00:00,277.18796
2012-11-23 12:00:00,422.04367
2012-11-23 13:00:00,526.8916
2012-11-23 14:00:00,827.47253
2012-11-23 15:00:00,438.98965
2012-11-23 16:00:00,346.4445
2012-11-23 17:00:00,443.49265
2012-11-23 18:00:00,192.75214
2012-11-23 19:00:00,255.09535
2012-11-23 20:00:00,258.073
2012-11-23 21:00:00,277.11636
2012-11-23 22:00:00,857.10986
2012-11-23 23:00:00,446.35748
2012-11-24 00:00:00,409.86386
2012-11-24 01:00:00,308.59708
2012-11-24 02:00:00,327.74896
2012-11-24 03:00:00,266.99634
2012-11-24 04:00:00,292.60736
2012-11-24 05:00:00,258.7815
2012-11-24 06:00:00,262.01303
2012-11-24 07:00:00,262.3072
2012-11-24 08:00:00,315.8604
2012-11-24 09:00:00,296.13306
2012-11-24 10:00:00,269.24683
2012-11-24 11:00:00,253.4814
2012-11-24 12:00:00,316.34705
2012-11-24 13:00:00,231.86215
2012-11-24 14:00:00,254.46852
2012-11-24 15:00:00,270.48767
2012-11-24 16:00:00,276.842
2012-11-24 17:00:00,275.8221
2012-11-24 18:00:00,260.3479
2012-11-24 19:00:00,237.71295
2012-11-24 20:00:00,262.01303
2012-11-24 21:00:00,236.69316
2012-11-24 22:00:00,253.73383
2012-11-24 23:00:00,236.69316
2012-11-25 00:00:00,269.75296
2012-11-25 01:00:00,237.49341
2012-11-25 02:00:00,283.85324
2012-11-25 03:00:00,182.8812
2012-11-25 04:00:00,182.8812
2012-11-25 05:00:00,247.98729
2012-11-25 06:00:00,231.20038
2012-11-25 07:00:00,251.83272
2012-11-25 08:00:00,277.12573
2012-11-25 09:00:00,269.38577
2012-11-25 10:00:00,274.36618
2012-11-25 11:00:00,232.98799
2012-11-25 12:00:00,232.98799
2012-11-25 13:00:00,215.94731
2012-11-25 14:00:00,245.56071
2012-11-25 15:00:00,242.03505
2012-11-25 16:00:00,218.05469
2012-11-25 17:00:00,211.87506
2012-11-25 18:00:00,227.89586
2012-11-25 19:00:00,166.31548
2012-11-25 20:00:00,264.8658
2012-11-25 21:00:00,202.42213
2012-11-25 22:00:00,264.8658
2012-11-25 23:00:00,337.15497
2012-11-26 00:00:00,324.72723
2012-11-26 01:00:00,325.2738
2012-11-26 02:00:00,325.2738
2012-11-26 03:00:00,325.2738
2012-11-26 04:00:00,324.72723
2012-11-26 05:00:00,370.83337
2012-11-26 06:00:00,324.72723
2012-11-26 07:00:00,303.5501
2012-11-26 08:00:00,303.5501
2012-11-26 09:00:00,281.35565
2012-11-26 10:00:00,218.83772
2012-11-26 11:00:00,326.14832
2012-11-26 12:00:00,406.4323
2012-11-26 13:00:00,406.4323
2012-11-26 14:00:00,346.0351
2012-11-26 15:00:00,397.82068
2012-11-26 16:00:00,447.92297
2012-11-26 17:00:00,457.07532
2012-11-26 18:00:00,269.26428
2012-11-26 19:00:00,238.92354
2012-11-26 20:00:00,218.29118
2012-11-26 21:00:00,218.29118
2012-11-26 22:00:00,280.73483
2012-11-26 23:00:00,339.62384
2012-11-27 00:00:00,335.3708
2012-11-27 01:00:00,368.76224
2012-11-27 02:00:00,377.04315
2012-11-27 03:00:00,372.28796
2012-11-27 04:00:00,446.1051
2012-11-27 05:00:00,451.11392
2012-11-27 06:00:00,434.32703
2012-11-27 07:00:00,429.31805
2012-11-27 08:00:00,437.30786
2012-11-27 09:00:00,425.50116
2012-11-27 10:00:00,445.8138
2012-11-27 11:00:00,506.6264
2012-11-27 12:00:00,532.7483
2012-11-27 13:00:00,494.63916
2012-11-27 14:00:00,524.2137
2012-11-27 15:00:00,441.20374
2012-11-27 16:00:00,441.20374
2012-11-27 17:00:00,466.779
2012-11-27 18:00:00,486.50494
2012-11-27 19:00:00,428.7086
2012-11-27 20:00:00,447.05035
2012-11-27 21:00:00,465.75604
2012-11-27 22:00:00,432.1838
2012-11-27 23:00:00,460.45602
2012-11-28 00:00:00,429.5076
2012-11-28 01:00:00,421.2568
2012-11-28 02:00:00,421.2568
2012-11-28 03:00:00,395.46637
2012-11-28 04:00:00,386.93173
2012-11-28 05:00:00,370.14484
2012-11-28 06:00:00,369.67596
2012-11-28 07:00:00,314.7186
2012-11-28 08:00:00,357.43622
2012-11-28 09:00:00,290.014
2012-11-28 10:00:00,248.95721
2012-11-28 11:00:00,244.56517
2012-11-28 12:00:00,291.94485
2012-11-28 13:00:00,237.05049
2012-11-28 14:00:00,255.7623
2012-11-28 15:00:00,295.57736
2012-11-28 16:00:00,409.26257
2012-11-28 17:00:00,195.65234
2012-11-28 18:00:00,216.4941
2012-11-28 19:00:00,198.14243
2012-11-28 20:00:00,189.86153
2012-11-28 21:00:00,214.16158
2012-11-28 22:00:00,245.40126
2012-11-28 23:00:00,253.14124
2012-11-29 00:00:00,282.19336
2012-11-29 01:00:00,324.25836
2012-11-29 02:00:00,298.93686
2012-11-29 04:00:00,381.2885
2012-11-29 05:00:00,325.2738
2012-11-29 06:00:00,324.72723
2012-11-29 07:00:00,299.48337
2012-11-29 08:00:00,354.593
2012-11-29 09:00:00,277.75952
2012-11-29 10:00:00,327.77838
2012-11-29 11:00:00,219.24971
2012-11-29 12:00:00,217.68338
2012-11-29 13:00:00,406.70996
2012-11-29 14:00:00,250.19829
2012-11-29 15:00:00,266.9836
2012-11-29 16:00:00,234.72397
2012-11-29 17:00:00,221.57619
2012-11-29 18:00:00,265.19757
2012-11-29 19:00:00,289.4691
2012-11-29 20:00:00,281.21667
2012-11-29 21:00:00,340.82867
2012-11-29 22:00:00,354.11536
2012-11-29 23:00:00,281.82623
2012-11-30 00:00:00,374.90002
2012-11-30 01:00:00,354.40662
2012-11-30 02:00:00,355.13095
2012-11-30 03:00:00,355.13095
2012-11-30 04:00:00,355.6758
2012-11-30 05:00:00,382.01282
2012-11-30 06:00:00,412.96133
2012-11-30 07:00:00,381.46628
2012-11-30 08:00:00,410.3135
2012-11-30 09:00:00,380.19708
2012-11-30 10:00:00,305.43774
2012-11-30 11:00:00,267.7708
2012-11-30 12:00:00,205.25117
2012-11-30 13:00:00,220.6267
2012-11-30 14:00:00,203.58606
2012-11-30 15:00:00,244.11546
2012-11-30 16:00:00,224.04063
2012-11-30 17:00:00,277.77032
2012-11-30 18:00:00,283.71393
2012-11-30 19:00:00,306.5253
2012-11-30 20:00:00,306.5253
2012-11-30 21:00:00,378.81442
2012-11-30 22:00:00,353.49286
2012-11-30 23:00:00,382.34015
2012-12-20 00:00:00,318.81384
2012-12-20 01:00:00,306.5253
2012-12-20 02:00:00,306.5253
2012-12-20 03:00:00,356.54968
2012-12-20 04:00:00,356.54968
2012-12-20 05:00:00,360.8028
2012-12-20 06:00:00,305.43774
2012-12-20 07:00:00,331.2282
2012-12-20 08:00:00,331.2282
2012-12-20 09:00:00,331.2282
2012-12-20 10:00:00,309.7956
2012-12-20 11:00:00,326.2284
2012-12-20 12:00:00,288.26422
2012-12-20 13:00:00,317.40262
2012-12-20 14:00:00,296.7703
2012-12-20 15:00:00,317.9475
2012-12-20 16:00:00,335.16888
2012-12-20 17:00:00,364.37024
2012-12-20 18:00:00,390.1607
2012-12-20 19:00:00,410.4734
2012-12-20 20:00:00,410.9708
2012-12-20 21:00:00,410.9708
2012-12-20 22:00:00,476.21582
2012-12-20 23:00:00,479.12653
2012-12-21 00:00:00,577.0448
2012-12-21 01:00:00,602.0751
2012-12-21 02:00:00,632.47723
2012-12-21 03:00:00,632.47723
2012-12-21 04:00:00,541.82635
2012-12-21 05:00:00,546.8679
2012-12-21 06:00:00,495.47943
2012-12-21 07:00:00,386.0102
2012-12-21 08:00:00,411.33014
2012-12-21 09:00:00,425.59262
2012-12-21 10:00:00,381.3014
2012-12-21 11:00:00,372.03937
2012-12-21 12:00:00,339.52444
2012-12-21 13:00:00,356.56516
2012-12-21 14:00:00,365.09967
2012-12-21 15:00:00,364.07822
2012-12-21 16:00:00,331.56326
2012-12-21 17:00:00,420.08853
2012-12-21 18:00:00,411.554
2012-12-21 19:00:00,350.9981
2012-12-21 20:00:00,317.83188
2012-12-21 21:00:00,364.73825
2012-12-21 22:00:00,346.13123
2012-12-21 23:00:00,342.13187
2012-12-22 00:00:00,413.93225
2012-12-22 01:00:00,375.5979
2012-12-22 02:00:00,396.89154
2012-12-22 03:00:00,396.23022
2012-12-22 04:00:00,324.55054
2012-12-22 05:00:00,387.95108
2012-12-22 06:00:00,367.31866
2012-12-22 07:00:00,367.31866
2012-12-22 08:00:00,422.43835
2012-12-22 09:00:00,379.44495
2012-12-22 10:00:00,362.40433
2012-12-22 11:00:00,334.51257
2012-12-22 12:00:00,393.1251
2012-12-22 13:00:00,333.20593
2012-12-22 14:00:00,337.45898
2012-12-22 15:00:00,355.81067
2012-12-22 16:00:00,349.2251
2012-12-22 17:00:00,317.47202
2012-12-22 18:00:00,379.85083
2012-12-22 19:00:00,371.45517
2012-12-22 20:00:00,316.5894
2012-12-22 21:00:00,366.43607
2012-12-22 22:00:00,366.43607
2012-12-22 23:00:00,341.11615
2012-12-23 00:00:00,345.80374
2012-12-23 01:00:00,320.4839
2012-12-23 02:00:00,333.15506
2012-12-23 03:00:00,324.62042
2012-12-23 04:00:00,303.9881
2012-12-23 05:00:00,287.05066
2012-12-23 06:00:00,380.26334
2012-12-23 07:00:00,380.26334
2012-12-23 08:00:00,410.598
2012-12-23 09:00:00,357.63446
2012-12-23 10:00:00,408.17133
2012-12-23 11:00:00,345.47406
2012-12-23 12:00:00,292.51056
2012-12-23 13:00:00,285.02435
2012-12-23 14:00:00,310.99588
2012-12-23 15:00:00,233.36748
2012-12-23 16:00:00,250.40814
2012-12-23 17:00:00,328.32602
2012-12-23 18:00:00,299.73254
2012-12-23 19:00:00,237.89836
2012-12-23 20:00:00,357.62585
2012-12-23 21:00:00,383.9629
2012-12-23 22:00:00,361.7011
2012-12-23 23:00:00,332.38196
2012-12-24 00:00:00,392.2434
2012-12-24 01:00:00,392.2434
2012-12-24 02:00:00,423.73853
2012-12-24 03:00:00,423.73853
2012-12-24 05:00:00,487.64545
2012-12-24 06:00:00,423.73853
2012-12-24 07:00:00,392.79004
2012-12-24 08:00:00,392.2434
2012-12-24 09:00:00,403.91107
2012-12-24 10:00:00,374.04535
2012-12-24 11:00:00,394.36108
2012-12-24 12:00:00,352.39758
2012-12-24 13:00:00,489.96625
2012-12-24 14:00:00,520.9148
2012-12-24 15:00:00,554.48694
2012-12-24 16:00:00,554.48694
2012-12-24 17:00:00,568.6486
2012-12-24 18:00:00,551.8634
2012-12-24 19:00:00,556.5883
2012-12-24 20:00:00,560.11395
2012-12-24 21:00:00,547.6102
2012-12-24 22:00:00,519.01843
2012-12-24 23:00:00,522.5442
2012-12-25 00:00:00,537.39856
2012-12-25 01:00:00,523.41785
2012-12-25 02:00:00,523.41785
2012-12-25 04:00:00,502.92444
2012-12-25 05:00:00,546.92316
2012-12-25 06:00:00,546.92316
2012-12-25 07:00:00,555.45776
2012-12-25 08:00:00,477.85825
2012-12-25 09:00:00,477.34897
2012-12-25 10:00:00,442.29254
2012-12-25 11:00:00,436.119
2012-12-25 12:00:00,440.73056
2012-12-25 13:00:00,372.8553
2012-12-25 14:00:00,344.23322
2012-12-25 15:00:00,351.8601
2012-12-25 16:00:00,355.3857
2012-12-25 17:00:00,392.5838
2012-12-25 18:00:00,439.00665
2012-12-25 19:00:00,430.50055
2012-12-25 20:00:00,447.5412
2012-12-25 21:00:00,417.3545
2012-12-25 22:00:00,434.8925
2012-12-25 23:00:00,434.93997
2012-12-26 00:00:00,445.15164
2012-12-26 01:00:00,457.97687
2012-12-26 02:00:00,457.97687
2012-12-26 03:00:00,501.35272
2012-12-26 04:00:00,493.21555
2012-12-26 05:00:00,475.70126
2012-12-26 06:00:00,458.66058
2012-12-26 07:00:00,579.9933
2012-12-26 08:00:00,579.9933
2012-12-26 09:00:00,579.9933
2012-12-26 10:00:00,571.45856
2012-12-26 11:00:00,618.0739
2012-12-26 12:00:00,584.60645
2012-12-26 13:00:00,584.60645
2012-12-26 14:00:00,594.4865
2012-12-26 15:00:00,592.0211
2012-12-26 16:00:00,592.0211
2012-12-26 17:00:00,622.9699
2012-12-26 18:00:00,605.6377
2012-12-26 19:00:00,544.5697
2012-12-26 20:00:00,592.01245
2012-12-26 21:00:00,570.61694
2012-12-26 22:00:00,648.8362
2012-12-26 23:00:00,574.9804
2012-12-27 00:00:00,574.9804
2012-12-27 01:00:00,648.8362
2012-12-27 02:00:00,614.36176
2012-12-27 03:00:00,550.9614
2012-12-27 04:00:00,580.53424
2012-12-27 05:00:00,468.75162
2012-12-27 06:00:00,535.9077
2012-12-27 07:00:00,459.74814
2012-12-27 08:00:00,471.49164
2012-12-27 09:00:00,483.78015
2012-12-27 10:00:00,471.13766
2012-12-27 11:00:00,453.6234
2012-12-27 12:00:00,417.95285
2012-12-27 13:00:00,417.95285
2012-12-27 14:00:00,475.20816
2012-12-27 15:00:00,453.91455
2012-12-27 16:00:00,386.9223
2012-12-27 17:00:00,386.9223
2012-12-27 18:00:00,420.1989
2012-12-27 19:00:00,424.95248
2012-12-27 20:00:00,391.38028
2012-12-27 21:00:00,420.1989
2012-12-27 22:00:00,428.47818
2012-12-27 23:00:00,420.1989
2012-12-28 00:00:00,394.90594
2012-12-28 01:00:00,399.63257
2012-12-28 02:00:00,416.67325
2012-12-28 03:00:00,394.90594
2012-12-28 04:00:00,378.12064
2012-12-28 05:00:00,373.8676
2012-12-28 06:00:00,446.3851
2012-12-28 07:00:00,412.55917
2012-12-28 08:00:00,386.3713
2012-12-28 09:00:00,428.47818
2012-12-28 10:00:00,399.02002
2012-12-28 11:00:00,369.59036
2012-12-28 12:00:00,328.24982
2012-12-28 13:00:00,328.24982
2012-12-28 14:00:00,328.24982
2012-12-28 15:00:00,290.17078
2012-12-28 16:00:00,324.72403
2012-12-28 17:00:00,382.84564
2012-12-28 18:00:00,382.84564
2012-12-28 19:00:00,428.94873
2012-12-28 20:00:00,403.91107
2012-12-28 21:00:00,437.95227
2012-12-28 22:00:00,425.44852
2012-12-28 23:00:00,399.65808
2012-12-29 00:00:00,386.72397
2012-12-29 01:00:00,438.08975
2012-12-29 02:00:00,386.72397
2012-12-29 03:00:00,412.51453
2012-12-29 04:00:00,438.08975
2012-12-29 05:00:00,438.08975
2012-12-29 06:00:00,415.75208
2012-12-29 07:00:00,424.25806
2012-12-29 08:00:00,442.66287
2012-12-29 09:00:00,442.6629
2012-12-29 10:00:00,484.52283
2012-12-29 11:00:00,536.06177
2012-12-29 12:00:00,546.593
2012-12-29 13:00:00,546.593
2012-12-29 14:00:00,499.98688
2012-12-29 15:00:00,474.41156
2012-12-29 16:00:00,436.41638
2012-12-29 17:00:00,458.64917
2012-12-29 18:00:00,436.1726
2012-12-29 19:00:00,410.31604
2012-12-29 20:00:00,469.72894
2012-12-29 21:00:00,453.48856
2012-12-29 22:00:00,466.41516
2012-12-29 23:00:00,334.3429
2012-12-30 00:00:00,381.46725
2012-12-30 01:00:00,432.7414
2012-12-30 02:00:00,394.66077
2012-12-30 03:00:00,432.7414
2012-12-30 04:00:00,377.87552
2012-12-30 05:00:00,357.39532
2012-12-30 06:00:00,412.4002
2012-12-30 07:00:00,412.71997
2012-12-30 08:00:00,421.66217
2012-12-30 09:00:00,400.62222
2012-12-30 10:00:00,398.45798
2012-12-30 11:00:00,351.84436
2012-12-30 12:00:00,372.1226
2012-12-30 13:00:00,393.1251
2012-12-30 14:00:00,338.00378
2012-12-30 15:00:00,310.5323
2012-12-30 16:00:00,335.82358
2012-12-30 17:00:00,326.29764
2012-12-30 18:00:00,337.30792
2012-12-30 19:00:00,334.8106
2012-12-30 20:00:00,358.33768
2012-12-30 21:00:00,333.15506
2012-12-30 22:00:00,362.03976
2012-12-30 23:00:00,349.94196
2012-12-31 00:00:00,375.47845
2012-12-31 01:00:00,375.47845
2012-12-31 02:00:00,388.15134
2012-12-31 03:00:00,371.36432
2012-12-31 04:00:00,423.49185
2012-12-31 05:00:00,422.19244
2012-12-31 06:00:00,413.9417
2012-12-31 07:00:00,405.6609
2012-12-31 08:00:00,431.7424
2012-12-31 09:00:00,400.38928
2012-12-31 10:00:00,433.88556
2012-12-31 11:00:00,403.95853
2012-12-31 12:00:00,382.52588
2012-12-31 13:00:00,311.83167
2012-12-31 14:00:00,333.48386
2012-12-31 15:00:00,308.1639
2012-12-31 16:00:00,340.97
2012-12-31 17:00:00,311.6794
2012-12-31 18:00:00,324.18304
2012-12-31 19:00:00,394.36108
2012-12-31 20:00:00,394.36108
2012-12-31 21:00:00,390.83533
2012-12-31 22:00:00,361.92212
2012-12-31 23:00:00,408.34494
