datetime,count
2011-01-20 00:00:00,86.43078
2011-01-20 01:00:00,77.00512
2011-01-20 02:00:00,77.00512
2011-01-20 03:00:00,91.885704
2011-01-20 04:00:00,91.885704
2011-01-20 05:00:00,83.3554
2011-01-20 06:00:00,80.30013
2011-01-20 07:00:00,84.98359
2011-01-20 08:00:00,83.23165
2011-01-20 09:00:00,103.29783
2011-01-20 10:00:00,100.33349
2011-01-20 11:00:00,120.66175
2011-01-20 12:00:00,120.682755
2011-01-20 13:00:00,112.4441
2011-01-20 14:00:00,123.97273
2011-01-20 15:00:00,141.25345
2011-01-20 16:00:00,113.7253
2011-01-20 17:00:00,111.96237
2011-01-20 18:00:00,98.8691
2011-01-20 19:00:00,86.517044
2011-01-20 20:00:00,93.96751
2011-01-20 21:00:00,90.763176
2011-01-20 22:00:00,83.40125
2011-01-20 23:00:00,83.336464
2011-01-21 00:00:00,82.275826
2011-01-21 01:00:00,82.275826
2011-01-21 02:00:00,75.512726
2011-01-21 03:00:00,77.27378
2011-01-21 04:00:00,65.39382
2011-01-21 05:00:00,79.235016
2011-01-21 06:00:00,84.013824
2011-01-21 07:00:00,80.90743
2011-01-21 08:00:00,85.18875
2011-01-21 09:00:00,80.79962
2011-01-21 10:00:00,90.464485
2011-01-21 11:00:00,106.20927
2011-01-21 12:00:00,126.71613
2011-01-21 13:00:00,111.528915
2011-01-21 14:00:00,123.04328
2011-01-21 15:00:00,111.81463
2011-01-21 16:00:00,123.20201
2011-01-21 17:00:00,111.290016
2011-01-21 18:00:00,102.71681
2011-01-21 19:00:00,98.7512
2011-01-21 20:00:00,84.173645
2011-01-21 21:00:00,69.54456
2011-01-21 22:00:00,60.076946
2011-01-21 23:00:00,64.74136
2011-01-22 00:00:00,65.14022
2011-01-22 01:00:00,69.4024
2011-01-22 02:00:00,74.74524
2011-01-22 03:00:00,75.66938
2011-01-22 04:00:00,65.386635
2011-01-22 06:00:00,66.161606
2011-01-22 07:00:00,63.2651
2011-01-22 08:00:00,61.47281
2011-01-22 09:00:00,68.26483
2011-01-22 10:00:00,69.06948
2011-01-22 11:00:00,73.13313
2011-01-22 12:00:00,73.65061
2011-01-22 13:00:00,74.331085
2011-01-22 14:00:00,86.55691
2011-01-22 15:00:00,106.13841
2011-01-22 16:00:00,115.33677
2011-01-22 17:00:00,118.58296
2011-01-22 18:00:00,86.33382
2011-01-22 19:00:00,80.62391
2011-01-22 20:00:00,65.06766
2011-01-22 21:00:00,65.45752
2011-01-22 22:00:00,58.04092
2011-01-22 23:00:00,54.75594
2011-01-23 00:00:00,54.75594
2011-01-23 01:00:00,54.75594
2011-01-23 02:00:00,56.203453
2011-01-23 03:00:00,56.203453
2011-01-23 05:00:00,55.413116
2011-01-23 06:00:00,55.413116
2011-01-23 07:00:00,56.460266
2011-01-23 08:00:00,56.35763
2011-01-23 09:00:00,68.82474
2011-01-23 10:00:00,79.40075
2011-01-23 11:00:00,89.25058
2011-01-23 12:00:00,104.74454
2011-01-23 13:00:00,108.468445
2011-01-23 14:00:00,133.77148
2011-01-23 15:00:00,133.77148
2011-01-23 16:00:00,139.35152
2011-01-23 17:00:00,128.37201
2011-01-23 18:00:00,117.77918
2011-01-23 19:00:00,118.15852
2011-01-23 20:00:00,96.562225
2011-01-23 21:00:00,88.86974
2011-01-23 22:00:00,81.159546
2011-01-23 23:00:00,74.26727
2011-01-24 00:00:00,64.96193
2011-01-24 01:00:00,58.557312
2011-01-24 03:00:00,57.722954
2011-01-24 04:00:00,54.13816
2011-01-24 05:00:00,54.13816
2011-01-24 06:00:00,51.680904
2011-01-24 07:00:00,52.16096
2011-01-24 08:00:00,52.72176
2011-01-24 09:00:00,62.85137
2011-01-24 10:00:00,63.276955
2011-01-24 11:00:00,71.10699
2011-01-24 12:00:00,91.07705
2011-01-24 13:00:00,89.630714
2011-01-24 14:00:00,84.720314
2011-01-24 15:00:00,95.81331
2011-01-24 16:00:00,78.03616
2011-01-24 17:00:00,71.025055
2011-01-24 18:00:00,65.97416
2011-01-24 19:00:00,72.42633
2011-01-24 20:00:00,65.97416
2011-01-24 21:00:00,62.829548
2011-01-24 22:00:00,68.60813
2011-01-24 23:00:00,72.46659
2011-01-25 00:00:00,65.91433
2011-01-25 01:00:00,62.83433
2011-01-25 02:00:00,60.41465
2011-01-25 04:00:00,59.981564
2011-01-25 05:00:00,56.43173
2011-01-25 06:00:00,60.00218
2011-01-25 07:00:00,56.881702
2011-01-25 08:00:00,60.41102
2011-01-25 09:00:00,71.50198
2011-01-25 10:00:00,79.06379
2011-01-25 11:00:00,82.76951
2011-01-25 12:00:00,90.13325
2011-01-25 13:00:00,93.144905
2011-01-25 14:00:00,107.29596
2011-01-25 15:00:00,127.84989
2011-01-25 16:00:00,127.84989
2011-01-25 17:00:00,104.173706
2011-01-25 18:00:00,109.99547
2011-01-25 19:00:00,83.8962
2011-01-25 20:00:00,80.14877
2011-01-25 21:00:00,80.14877
2011-01-25 22:00:00,77.45157
2011-01-25 23:00:00,79.50905
2011-01-26 00:00:00,72.41764
2011-01-26 01:00:00,79.21259
2011-01-26 02:00:00,80.54083
2011-01-26 05:00:00,65.24406
2011-01-26 06:00:00,65.24406
2011-01-26 07:00:00,69.902336
2011-01-26 08:00:00,69.902336
2011-01-26 09:00:00,69.902336
2011-01-26 10:00:00,66.97857
2011-01-26 11:00:00,64.81967
2011-01-26 12:00:00,64.81967
2011-01-26 13:00:00,64.81967
2011-01-26 14:00:00,65.68971
2011-01-26 15:00:00,66.917854
2011-01-26 16:00:00,69.19864
2011-01-26 17:00:00,62.658173
2011-01-27 16:00:00,88.701935
2011-01-27 17:00:00,81.464584
2011-01-27 18:00:00,63.168957
2011-01-27 19:00:00,63.168957
2011-01-27 20:00:00,60.371513
2011-01-27 21:00:00,60.371513
2011-01-27 22:00:00,60.371513
2011-01-27 23:00:00,61.981853
2011-01-28 00:00:00,62.37977
2011-01-28 01:00:00,62.37977
2011-01-28 02:00:00,65.409744
2011-01-28 03:00:00,61.47644
2011-01-28 05:00:00,62.661423
2011-01-28 06:00:00,62.46358
2011-01-28 07:00:00,65.15528
2011-01-28 08:00:00,65.15528
2011-01-28 09:00:00,65.20919
2011-01-28 10:00:00,65.104416
2011-01-28 11:00:00,67.99789
2011-01-28 12:00:00,67.99789
2011-01-28 13:00:00,67.99789
2011-01-28 14:00:00,63.878082
2011-01-28 15:00:00,64.97123
2011-01-28 16:00:00,63.020344
2011-01-28 17:00:00,66.590256
2011-01-28 18:00:00,70.89541
2011-01-28 19:00:00,69.50008
2011-01-28 20:00:00,79.02075
2011-01-28 21:00:00,65.909775
2011-01-28 22:00:00,78.14046
2011-01-28 23:00:00,83.3554
2011-01-29 00:00:00,83.84746
2011-01-29 01:00:00,79.18014
2011-01-29 02:00:00,77.02034
2011-01-29 03:00:00,70.31914
2011-01-29 04:00:00,59.873116
2011-01-29 06:00:00,63.126007
2011-01-29 07:00:00,65.45677
2011-01-29 08:00:00,77.73
2011-01-29 09:00:00,69.403496
2011-01-29 10:00:00,68.43632
2011-01-29 11:00:00,69.63863
2011-01-29 12:00:00,80.573395
2011-01-29 13:00:00,86.83127
2011-01-29 14:00:00,79.45916
2011-01-29 15:00:00,78.979485
2011-01-29 16:00:00,82.076454
2011-01-29 17:00:00,73.60952
2011-01-29 18:00:00,68.498764
2011-01-29 19:00:00,81.03696
2011-01-29 20:00:00,61.794857
2011-01-29 21:00:00,61.794857
2011-01-29 22:00:00,63.412994
2011-01-29 23:00:00,63.412994
2011-01-30 00:00:00,63.420483
2011-01-30 01:00:00,63.16089
2011-01-30 02:00:00,63.42227
2011-01-30 03:00:00,68.1364
2011-01-30 04:00:00,68.1364
2011-01-30 05:00:00,65.42234
2011-01-30 07:00:00,65.42234
2011-01-30 08:00:00,65.44271
2011-01-30 09:00:00,63.85114
2011-01-30 10:00:00,64.11126
2011-01-30 11:00:00,62.755665
2011-01-30 12:00:00,100.64959
2011-01-30 13:00:00,83.47877
2011-01-30 14:00:00,83.73208
2011-01-30 15:00:00,85.22669
2011-01-30 16:00:00,85.22669
2011-01-30 17:00:00,101.23769
2011-01-30 18:00:00,81.407486
2011-01-30 19:00:00,83.567314
2011-01-30 20:00:00,80.4713
2011-01-30 21:00:00,77.01708
2011-01-30 22:00:00,78.219376
2011-01-30 23:00:00,86.92695
2011-01-31 00:00:00,84.37332
2011-01-31 01:00:00,77.84281
2011-01-31 02:00:00,79.611374
2011-01-31 03:00:00,79.611374
2011-01-31 04:00:00,78.01443
2011-01-31 05:00:00,70.17188
2011-01-31 06:00:00,61.61998
2011-01-31 07:00:00,70.58636
2011-01-31 08:00:00,73.60416
2011-01-31 09:00:00,73.58262
2011-01-31 10:00:00,74.63832
2011-01-31 11:00:00,74.63832
2011-01-31 12:00:00,77.22502
2011-01-31 13:00:00,64.22672
2011-01-31 14:00:00,78.46867
2011-01-31 15:00:00,72.46809
2011-01-31 16:00:00,79.94956
2011-01-31 17:00:00,74.63832
2011-01-31 18:00:00,78.06572
2011-01-31 19:00:00,89.835075
2011-01-31 20:00:00,75.87802
2011-01-31 21:00:00,72.64188
2011-01-31 22:00:00,69.37564
2011-01-31 23:00:00,64.30884
2011-02-20 00:00:00,148.90538
2011-02-20 01:00:00,124.9665
2011-02-20 02:00:00,125.28711
2011-02-20 03:00:00,112.20337
2011-02-20 04:00:00,112.20337
2011-02-20 06:00:00,102.068306
2011-02-20 07:00:00,87.89346
2011-02-20 08:00:00,81.19802
2011-02-20 09:00:00,109.40316
2011-02-20 10:00:00,126.23003
2011-02-20 11:00:00,175.90852
2011-02-20 12:00:00,164.1628
2011-02-20 13:00:00,184.8864
2011-02-20 14:00:00,218.7844
2011-02-20 15:00:00,215.84337
2011-02-20 16:00:00,206.14401
2011-02-20 17:00:00,186.08174
2011-02-20 18:00:00,174.4587
2011-02-20 19:00:00,174.4587
2011-02-20 20:00:00,146.8903
2011-02-20 21:00:00,95.062965
2011-02-20 22:00:00,110.75596
2011-02-20 23:00:00,95.189835
2011-02-21 00:00:00,161.70853
2011-02-21 01:00:00,161.70853
2011-02-21 02:00:00,161.70853
2011-02-21 03:00:00,156.05592
2011-02-21 04:00:00,117.7873
2011-02-21 05:00:00,174.74216
2011-02-21 06:00:00,276.68094
2011-02-21 07:00:00,275.12308
2011-02-21 08:00:00,115.44337
2011-02-21 09:00:00,113.47649
2011-02-21 10:00:00,109.52949
2011-02-21 11:00:00,95.38335
2011-02-21 12:00:00,91.83059
2011-02-21 13:00:00,88.549934
2011-02-21 14:00:00,88.113686
2011-02-21 15:00:00,103.388275
2011-02-21 16:00:00,95.00949
2011-02-21 17:00:00,92.13423
2011-02-21 18:00:00,71.35888
2011-02-21 19:00:00,71.35888
2011-02-21 20:00:00,83.879364
2011-02-21 21:00:00,89.36824
2011-02-21 22:00:00,83.62777
2011-02-21 23:00:00,83.62777
2011-02-22 06:00:00,57.681072
2011-02-22 07:00:00,57.681072
2011-02-22 08:00:00,59.405125
2011-02-22 09:00:00,57.26539
2011-02-22 10:00:00,58.475815
2011-02-22 11:00:00,57.735104
2011-02-22 12:00:00,75.1357
2011-02-22 13:00:00,85.85932
2011-02-22 14:00:00,88.701935
2011-02-22 15:00:00,101.91021
2011-02-22 16:00:00,92.002365
2011-02-22 17:00:00,89.88145
2011-02-22 18:00:00,94.954384
2011-02-22 19:00:00,85.4359
2011-02-22 20:00:00,91.18178
2011-02-22 21:00:00,89.339516
2011-02-22 22:00:00,82.69502
2011-02-22 23:00:00,82.69502
2011-02-23 00:00:00,72.96051
2011-02-23 01:00:00,80.72254
2011-02-23 02:00:00,71.63886
2011-02-23 03:00:00,71.95132
2011-02-23 05:00:00,69.03447
2011-02-23 06:00:00,69.03447
2011-02-23 07:00:00,67.78835
2011-02-23 08:00:00,72.42633
2011-02-23 09:00:00,77.86538
2011-02-23 10:00:00,91.53683
2011-02-23 11:00:00,108.02531
2011-02-23 12:00:00,131.73714
2011-02-23 13:00:00,181.87617
2011-02-23 14:00:00,186.4998
2011-02-23 15:00:00,212.40807
2011-02-23 16:00:00,207.32051
2011-02-23 17:00:00,212.40807
2011-02-23 18:00:00,199.5822
2011-02-23 19:00:00,153.21014
2011-02-23 20:00:00,83.20046
2011-02-23 21:00:00,86.30438
2011-02-23 22:00:00,86.30438
2011-02-23 23:00:00,81.72929
2011-02-24 00:00:00,81.72929
2011-02-24 01:00:00,77.268425
2011-02-24 02:00:00,68.59218
2011-02-24 03:00:00,71.3282
2011-02-24 05:00:00,65.90498
2011-02-24 06:00:00,69.688354
2011-02-24 07:00:00,66.529175
2011-02-24 08:00:00,77.16596
2011-02-24 09:00:00,77.34409
2011-02-24 10:00:00,85.121895
2011-02-24 11:00:00,111.9959
2011-02-24 12:00:00,141.38771
2011-02-24 13:00:00,158.01823
2011-02-24 14:00:00,176.26797
2011-02-24 15:00:00,177.14555
2011-02-24 16:00:00,136.40633
2011-02-24 17:00:00,108.102684
2011-02-24 18:00:00,86.378044
2011-02-24 19:00:00,86.0124
2011-02-24 20:00:00,82.71362
2011-02-24 21:00:00,86.378044
2011-02-24 22:00:00,90.6397
2011-02-24 23:00:00,73.660904
2011-02-25 00:00:00,68.91911
2011-02-25 01:00:00,70.664894
2011-02-25 02:00:00,70.664894
2011-02-25 03:00:00,68.18377
2011-02-25 05:00:00,68.18377
2011-02-25 06:00:00,70.69454
2011-02-25 07:00:00,70.79314
2011-02-25 08:00:00,76.36839
2011-02-25 09:00:00,87.866554
2011-02-25 10:00:00,103.4839
2011-02-25 11:00:00,129.94606
2011-02-25 12:00:00,208.98935
2011-02-25 13:00:00,208.98935
2011-02-25 14:00:00,227.82928
2011-02-25 15:00:00,197.6737
2011-02-25 16:00:00,123.60982
2011-02-25 17:00:00,122.06639
2011-02-25 18:00:00,124.58908
2011-02-25 19:00:00,110.12074
2011-02-25 20:00:00,119.75921
2011-02-25 21:00:00,111.84774
2011-02-25 22:00:00,101.442024
2011-02-25 23:00:00,100.45117
2011-02-26 00:00:00,93.2123
2011-02-26 01:00:00,104.401024
2011-02-26 02:00:00,86.26173
2011-02-26 03:00:00,81.05863
2011-02-26 04:00:00,78.89468
2011-02-26 05:00:00,75.62947
2011-02-26 06:00:00,70.00669
2011-02-26 07:00:00,76.8372
2011-02-26 08:00:00,76.250496
2011-02-26 09:00:00,92.5644
2011-02-26 10:00:00,110.63638
2011-02-26 11:00:00,107.45321
2011-02-26 12:00:00,129.81905
2011-02-26 13:00:00,158.52718
2011-02-26 14:00:00,187.12271
2011-02-26 15:00:00,176.0096
2011-02-26 16:00:00,154.36461
2011-02-26 17:00:00,154.84972
2011-02-26 18:00:00,134.42012
2011-02-26 19:00:00,127.960266
2011-02-26 20:00:00,99.46049
2011-02-26 21:00:00,91.61319
2011-02-26 22:00:00,81.87105
2011-02-26 23:00:00,84.864746
2011-02-27 00:00:00,69.923935
2011-02-27 01:00:00,66.2988
2011-02-27 02:00:00,66.53315
2011-02-27 03:00:00,66.75025
2011-02-27 04:00:00,66.182
2011-02-27 06:00:00,66.4928
2011-02-27 07:00:00,66.182
2011-02-27 08:00:00,66.752914
2011-02-27 09:00:00,66.938866
2011-02-27 10:00:00,74.862274
2011-02-27 11:00:00,98.636154
2011-02-27 12:00:00,118.66469
2011-02-27 13:00:00,141.44868
2011-02-27 14:00:00,155.00531
2011-02-27 15:00:00,182.27092
2011-02-27 16:00:00,193.30042
2011-02-27 17:00:00,140.89635
2011-02-27 18:00:00,134.92155
2011-02-27 19:00:00,124.56538
2011-02-27 20:00:00,118.66469
2011-02-27 21:00:00,110.45365
2011-02-27 22:00:00,105.62247
2011-02-27 23:00:00,104.92938
2011-02-28 00:00:00,96.80675
2011-02-28 01:00:00,91.487915
2011-02-28 03:00:00,72.4158
2011-02-28 05:00:00,68.662506
2011-02-28 06:00:00,69.30489
2011-02-28 07:00:00,72.38317
2011-02-28 08:00:00,81.50398
2011-02-28 09:00:00,104.4024
2011-02-28 10:00:00,156.16927
2011-02-28 11:00:00,183.15945
2011-02-28 12:00:00,183.15947
2011-02-28 13:00:00,100.93435
2011-02-28 14:00:00,97.49424
2011-02-28 15:00:00,97.49424
2011-02-28 16:00:00,83.35212
2011-02-28 17:00:00,94.98652
2011-02-28 18:00:00,98.76728
2011-02-28 19:00:00,112.37291
2011-02-28 20:00:00,112.37291
2011-02-28 21:00:00,99.45485
2011-02-28 22:00:00,87.780266
2011-02-28 23:00:00,87.02384
2011-03-20 00:00:00,145.27003
2011-03-20 01:00:00,126.750626
2011-03-20 02:00:00,119.96448
2011-03-20 03:00:00,104.85779
2011-03-20 04:00:00,96.677574
2011-03-20 05:00:00,88.078804
2011-03-20 06:00:00,91.180595
2011-03-20 07:00:00,85.89631
2011-03-20 08:00:00,93.367455
2011-03-20 09:00:00,102.41251
2011-03-20 10:00:00,126.36404
2011-03-20 11:00:00,150.91061
2011-03-20 12:00:00,154.07129
2011-03-20 13:00:00,185.51378
2011-03-20 14:00:00,212.94832
2011-03-20 15:00:00,212.0686
2011-03-20 16:00:00,211.25558
2011-03-20 17:00:00,216.61577
2011-03-20 18:00:00,200.8078
2011-03-20 19:00:00,163.14717
2011-03-20 20:00:00,154.36461
2011-03-20 21:00:00,131.97708
2011-03-20 22:00:00,137.45767
2011-03-20 23:00:00,130.67184
2011-03-21 00:00:00,142.09866
2011-03-21 01:00:00,129.67711
2011-03-21 02:00:00,121.79632
2011-03-21 03:00:00,121.79632
2011-03-21 05:00:00,99.729385
2011-03-21 06:00:00,106.13217
2011-03-21 07:00:00,104.82576
2011-03-21 08:00:00,100.89086
2011-03-21 09:00:00,106.75329
2011-03-21 10:00:00,138.21536
2011-03-21 11:00:00,143.51842
2011-03-21 12:00:00,131.51675
2011-03-21 13:00:00,175.55208
2011-03-21 14:00:00,184.61343
2011-03-21 15:00:00,202.29826
2011-03-21 16:00:00,195.89973
2011-03-21 17:00:00,190.24713
2011-03-21 18:00:00,155.19882
2011-03-21 19:00:00,240.79758
2011-03-21 20:00:00,180.85574
2011-03-21 21:00:00,105.470985
2011-03-21 22:00:00,112.75272
2011-03-21 23:00:00,101.72701
2011-03-22 00:00:00,109.65094
2011-03-22 01:00:00,92.29725
2011-03-22 02:00:00,95.3967
2011-03-22 03:00:00,116.63814
2011-03-22 04:00:00,109.62994
2011-03-22 05:00:00,100.129326
2011-03-22 06:00:00,106.72562
2011-03-22 07:00:00,107.322136
2011-03-22 08:00:00,174.37967
2011-03-22 09:00:00,199.84654
2011-03-22 10:00:00,198.05896
2011-03-22 11:00:00,208.41428
2011-03-22 12:00:00,215.56277
2011-03-22 13:00:00,238.37122
2011-03-22 14:00:00,263.2067
2011-03-22 15:00:00,252.92032
2011-03-22 16:00:00,241.1673
2011-03-22 17:00:00,241.1673
2011-03-22 18:00:00,221.9946
2011-03-22 19:00:00,189.58948
2011-03-22 20:00:00,209.34526
2011-03-22 21:00:00,189.24768
2011-03-22 22:00:00,165.91022
2011-03-22 23:00:00,165.91022
2011-03-23 00:00:00,119.63942
2011-03-23 01:00:00,106.526535
2011-03-23 02:00:00,106.526535
2011-03-23 03:00:00,106.947136
2011-03-23 05:00:00,93.78993
2011-03-23 06:00:00,97.23385
2011-03-23 07:00:00,88.734856
2011-03-23 08:00:00,91.73246
2011-03-23 09:00:00,98.539894
2011-03-23 10:00:00,103.9162
2011-03-23 11:00:00,94.24017
2011-03-23 12:00:00,95.07401
2011-03-23 13:00:00,91.97077
2011-03-23 14:00:00,91.60323
2011-03-23 15:00:00,108.863495
2011-03-23 16:00:00,120.8006
2011-03-23 17:00:00,120.8006
2011-03-23 18:00:00,114.625755
2011-03-23 19:00:00,114.625755
2011-03-23 20:00:00,112.56313
2011-03-23 21:00:00,99.05996
2011-03-23 22:00:00,84.51925
2011-03-23 23:00:00,75.53349
2011-03-24 00:00:00,88.734856
2011-03-24 01:00:00,77.648155
2011-03-24 02:00:00,80.72147
2011-03-24 03:00:00,72.49353
2011-03-24 04:00:00,72.49353
2011-03-24 05:00:00,81.618706
2011-03-24 06:00:00,81.618706
2011-03-24 07:00:00,74.38099
2011-03-24 08:00:00,77.39475
2011-03-24 09:00:00,78.02838
2011-03-24 10:00:00,85.07994
2011-03-24 11:00:00,97.93712
2011-03-24 12:00:00,115.01397
2011-03-24 13:00:00,107.72921
2011-03-24 14:00:00,96.75877
2011-03-24 15:00:00,107.34671
2011-03-24 16:00:00,112.01394
2011-03-24 17:00:00,104.255295
2011-03-24 18:00:00,126.58975
2011-03-24 19:00:00,141.68639
2011-03-24 20:00:00,117.326836
2011-03-24 21:00:00,100.75753
2011-03-24 22:00:00,94.5643
2011-03-24 23:00:00,92.37144
2011-03-25 00:00:00,98.716705
2011-03-25 01:00:00,82.56819
2011-03-25 02:00:00,85.56185
2011-03-25 03:00:00,79.583336
2011-03-25 04:00:00,70.84007
2011-03-25 05:00:00,75.14524
2011-03-25 06:00:00,79.437874
2011-03-25 07:00:00,101.15923
2011-03-25 08:00:00,122.18842
2011-03-25 09:00:00,136.79343
2011-03-25 10:00:00,100.22176
2011-03-25 11:00:00,166.68074
2011-03-25 12:00:00,175.78548
2011-03-25 13:00:00,183.51639
2011-03-25 14:00:00,242.3049
2011-03-25 15:00:00,217.84698
2011-03-25 16:00:00,227.5249
2011-03-25 17:00:00,215.69536
2011-03-25 18:00:00,178.59328
2011-03-25 19:00:00,204.7477
2011-03-25 20:00:00,179.90459
2011-03-25 21:00:00,182.84775
2011-03-25 22:00:00,190.66032
2011-03-25 23:00:00,176.29523
2011-03-26 00:00:00,179.64302
2011-03-26 01:00:00,166.26234
2011-03-26 02:00:00,125.594055
2011-03-26 03:00:00,109.542496
2011-03-26 04:00:00,125.59407
2011-03-26 05:00:00,102.643456
2011-03-26 06:00:00,92.49253
2011-03-26 07:00:00,102.643456
2011-03-26 08:00:00,115.436584
2011-03-26 09:00:00,136.09473
2011-03-26 10:00:00,147.1574
2011-03-26 11:00:00,170.01555
2011-03-26 12:00:00,190.69595
2011-03-26 13:00:00,216.19485
2011-03-26 14:00:00,243.62943
2011-03-26 15:00:00,245.08838
2011-03-26 16:00:00,271.68088
2011-03-26 17:00:00,259.05408
2011-03-26 18:00:00,273.49426
2011-03-26 19:00:00,154.79153
2011-03-26 20:00:00,154.79153
2011-03-26 21:00:00,145.74431
2011-03-26 22:00:00,171.55061
2011-03-26 23:00:00,152.92938
2011-03-27 00:00:00,157.57904
2011-03-27 01:00:00,112.47544
2011-03-27 02:00:00,108.260956
2011-03-27 03:00:00,89.24558
2011-03-27 04:00:00,79.95582
2011-03-27 06:00:00,68.0785
2011-03-27 07:00:00,67.92818
2011-03-27 08:00:00,85.13062
2011-03-27 09:00:00,95.069405
2011-03-27 10:00:00,106.98747
2011-03-27 11:00:00,117.59724
2011-03-27 12:00:00,148.69254
2011-03-27 13:00:00,179.09009
2011-03-27 14:00:00,200.20055
2011-03-27 15:00:00,207.5223
2011-03-27 16:00:00,205.5455
2011-03-27 17:00:00,228.82758
2011-03-27 18:00:00,205.24504
2011-03-27 19:00:00,217.88759
2011-03-27 20:00:00,179.72682
2011-03-27 21:00:00,147.1574
2011-03-27 22:00:00,147.1574
2011-03-27 23:00:00,135.3227
2011-03-28 00:00:00,105.25064
2011-03-28 01:00:00,128.73099
2011-03-28 02:00:00,123.097305
2011-03-28 03:00:00,123.097305
2011-03-28 05:00:00,116.7005
2011-03-28 06:00:00,157.01791
2011-03-28 07:00:00,170.68445
2011-03-28 08:00:00,154.6952
2011-03-28 09:00:00,181.75381
2011-03-28 10:00:00,186.2453
2011-03-28 11:00:00,213.37213
2011-03-28 12:00:00,216.72656
2011-03-28 13:00:00,256.19376
2011-03-28 14:00:00,255.59464
2011-03-28 15:00:00,259.33548
2011-03-28 16:00:00,260.62186
2011-03-28 17:00:00,260.8256
2011-03-28 18:00:00,257.33646
2011-03-28 19:00:00,249.24661
2011-03-28 20:00:00,256.37076
2011-03-28 21:00:00,256.90652
2011-03-28 22:00:00,251.25227
2011-03-28 23:00:00,241.67223
2011-03-29 00:00:00,208.80937
2011-03-29 01:00:00,183.46294
2011-03-29 02:00:00,183.46294
2011-03-29 03:00:00,183.46294
2011-03-29 04:00:00,117.102875
2011-03-29 05:00:00,157.5211
2011-03-29 06:00:00,154.28049
2011-03-29 07:00:00,152.2122
2011-03-29 08:00:00,176.18115
2011-03-29 09:00:00,218.41284
2011-03-29 10:00:00,249.67888
2011-03-29 11:00:00,270.4424
2011-03-29 12:00:00,255.67854
2011-03-29 13:00:00,260.88416
2011-03-29 14:00:00,267.499
2011-03-29 15:00:00,279.03726
2011-03-29 16:00:00,274.63004
2011-03-29 17:00:00,273.91437
2011-03-29 18:00:00,263.80667
2011-03-29 19:00:00,262.20276
2011-03-29 20:00:00,263.80667
2011-03-29 21:00:00,166.87193
2011-03-29 22:00:00,135.63614
2011-03-29 23:00:00,118.624275
2011-03-30 00:00:00,107.00046
2011-03-30 01:00:00,173.25362
2011-03-30 02:00:00,107.00046
2011-03-30 03:00:00,140.24031
2011-03-30 04:00:00,107.00046
2011-03-30 05:00:00,123.58971
2011-03-30 06:00:00,133.7945
2011-03-30 07:00:00,160.06587
2011-03-30 08:00:00,145.44153
2011-03-30 09:00:00,165.44908
2011-03-30 10:00:00,168.51599
2011-03-30 11:00:00,174.14969
2011-03-30 12:00:00,164.66814
2011-03-30 13:00:00,178.66908
2011-03-30 14:00:00,188.5939
2011-03-30 15:00:00,97.4869
2011-03-30 16:00:00,91.75054
2011-03-30 17:00:00,71.240326
2011-03-30 18:00:00,78.02838
2011-03-30 19:00:00,78.02838
2011-03-30 20:00:00,81.28411
2011-03-30 21:00:00,75.62786
2011-03-30 22:00:00,75.44525
2011-03-30 23:00:00,79.737885
2011-03-31 00:00:00,75.44525
2011-03-31 01:00:00,72.6853
2011-03-31 02:00:00,72.6853
2011-03-31 03:00:00,75.44525
2011-03-31 04:00:00,78.53769
2011-03-31 05:00:00,75.44525
2011-03-31 06:00:00,81.28411
2011-03-31 07:00:00,78.53769
2011-03-31 08:00:00,71.05367
2011-03-31 09:00:00,82.12801
2011-03-31 10:00:00,82.12801
2011-03-31 11:00:00,81.42569
2011-03-31 12:00:00,81.42569
2011-03-31 13:00:00,86.946526
2011-03-31 14:00:00,86.94652
2011-03-31 15:00:00,96.172
2011-03-31 16:00:00,92.20957
2011-03-31 17:00:00,92.20957
2011-03-31 18:00:00,84.32145
2011-03-31 19:00:00,84.32145
2011-03-31 20:00:00,88.76174
2011-03-31 21:00:00,75.42341
2011-03-31 22:00:00,87.62097
2011-03-31 23:00:00,71.95933
2011-04-20 00:00:00,102.45902
2011-04-20 01:00:00,98.28692
2011-04-20 02:00:00,98.28692
2011-04-20 03:00:00,85.25451
2011-04-20 04:00:00,86.00069
2011-04-20 05:00:00,97.93902
2011-04-20 06:00:00,98.28692
2011-04-20 07:00:00,88.857376
2011-04-20 08:00:00,240.93753
2011-04-20 09:00:00,239.47916
2011-04-20 10:00:00,170.40288
2011-04-20 11:00:00,170.40288
2011-04-20 12:00:00,324.62854
2011-04-20 13:00:00,324.62854
2011-04-20 14:00:00,372.86032
2011-04-20 15:00:00,377.71188
2011-04-20 16:00:00,377.71188
2011-04-20 17:00:00,376.759
2011-04-20 18:00:00,363.3285
2011-04-20 19:00:00,354.54816
2011-04-20 20:00:00,344.16898
2011-04-20 21:00:00,352.3527
2011-04-20 22:00:00,322.09537
2011-04-20 23:00:00,330.69354
2011-04-21 00:00:00,285.36853
2011-04-21 01:00:00,246.40707
2011-04-21 02:00:00,269.0832
2011-04-21 03:00:00,240.3459
2011-04-21 04:00:00,224.9774
2011-04-21 05:00:00,218.47267
2011-04-21 06:00:00,200.27419
2011-04-21 07:00:00,237.79007
2011-04-21 08:00:00,222.62157
2011-04-21 09:00:00,212.76396
2011-04-21 10:00:00,228.28395
2011-04-21 11:00:00,239.59744
2011-04-21 12:00:00,250.40016
2011-04-21 13:00:00,298.84723
2011-04-21 14:00:00,307.8807
2011-04-21 15:00:00,318.60898
2011-04-21 16:00:00,316.25784
2011-04-21 17:00:00,305.4042
2011-04-21 18:00:00,307.55508
2011-04-21 19:00:00,300.85095
2011-04-21 20:00:00,278.24786
2011-04-21 21:00:00,193.5791
2011-04-21 22:00:00,227.01448
2011-04-21 23:00:00,196.22607
2011-04-22 00:00:00,125.11599
2011-04-22 01:00:00,155.55197
2011-04-22 02:00:00,164.02141
2011-04-22 03:00:00,164.02141
2011-04-22 04:00:00,155.2298
2011-04-22 05:00:00,143.9435
2011-04-22 06:00:00,155.22981
2011-04-22 07:00:00,159.30962
2011-04-22 08:00:00,153.65704
2011-04-22 09:00:00,139.79736
2011-04-22 10:00:00,128.16559
2011-04-22 11:00:00,120.055504
2011-04-22 12:00:00,99.03004
2011-04-22 13:00:00,96.297646
2011-04-22 14:00:00,99.29132
2011-04-22 15:00:00,96.297646
2011-04-22 16:00:00,91.970795
2011-04-22 17:00:00,90.79234
2011-04-22 18:00:00,90.79234
2011-04-22 19:00:00,90.79234
2011-04-22 20:00:00,94.61496
2011-04-22 21:00:00,83.82623
2011-04-22 22:00:00,74.22054
2011-04-22 23:00:00,83.123886
2011-04-23 00:00:00,79.010086
2011-04-23 01:00:00,79.010086
2011-04-23 02:00:00,77.96318
2011-04-23 03:00:00,74.395035
2011-04-23 04:00:00,75.13146
2011-04-23 05:00:00,75.13146
2011-04-23 06:00:00,79.50798
2011-04-23 07:00:00,82.41779
2011-04-23 08:00:00,90.49592
2011-04-23 09:00:00,104.62254
2011-04-23 10:00:00,108.06264
2011-04-23 11:00:00,113.72471
2011-04-23 12:00:00,153.71936
2011-04-23 13:00:00,149.78557
2011-04-23 14:00:00,171.10622
2011-04-23 15:00:00,203.32915
2011-04-23 16:00:00,183.57341
2011-04-23 17:00:00,192.04286
2011-04-23 18:00:00,145.55469
2011-04-23 19:00:00,144.49802
2011-04-23 20:00:00,130.74742
2011-04-23 21:00:00,147.5476
2011-04-23 22:00:00,156.48509
2011-04-23 23:00:00,121.46275
2011-04-24 00:00:00,128.1101
2011-04-24 01:00:00,114.911766
2011-04-24 02:00:00,114.911766
2011-04-24 03:00:00,102.49743
2011-04-24 04:00:00,102.49743
2011-04-24 05:00:00,102.49743
2011-04-24 06:00:00,94.23836
2011-04-24 07:00:00,94.23836
2011-04-24 08:00:00,114.74761
2011-04-24 09:00:00,131.92725
2011-04-24 10:00:00,148.0382
2011-04-24 11:00:00,205.85957
2011-04-24 12:00:00,225.7472
2011-04-24 13:00:00,270.91364
2011-04-24 14:00:00,294.72226
2011-04-24 15:00:00,237.33003
2011-04-24 16:00:00,341.33722
2011-04-24 17:00:00,224.7852
2011-04-24 18:00:00,181.7109
2011-04-24 19:00:00,159.10434
2011-04-24 20:00:00,159.10434
2011-04-24 21:00:00,117.05226
2011-04-24 22:00:00,113.229645
2011-04-24 23:00:00,107.82285
2011-04-25 00:00:00,99.243614
2011-04-25 01:00:00,104.13912
2011-04-25 02:00:00,104.13912
2011-04-25 03:00:00,102.24342
2011-04-25 04:00:00,97.18614
2011-04-25 05:00:00,88.849655
2011-04-25 06:00:00,94.669586
2011-04-25 07:00:00,103.68007
2011-04-25 08:00:00,117.77146
2011-04-25 09:00:00,136.38548
2011-04-25 10:00:00,187.08788
2011-04-25 11:00:00,187.08788
2011-04-25 12:00:00,195.7688
2011-04-25 13:00:00,228.45198
2011-04-25 14:00:00,287.40332
2011-04-25 15:00:00,305.5569
2011-04-25 16:00:00,292.5872
2011-04-25 17:00:00,286.7107
2011-04-25 18:00:00,270.98746
2011-04-25 19:00:00,259.45386
2011-04-25 20:00:00,239.47916
2011-04-25 21:00:00,201.42601
2011-04-25 22:00:00,192.19101
2011-04-25 23:00:00,162.80376
2011-04-26 00:00:00,207.07863
2011-04-26 01:00:00,192.37975
2011-04-26 02:00:00,153.50078
2011-04-26 03:00:00,134.71672
2011-04-26 04:00:00,143.63992
2011-04-26 05:00:00,130.76974
2011-04-26 06:00:00,131.08238
2011-04-26 07:00:00,153.81451
2011-04-26 08:00:00,153.81451
2011-04-26 09:00:00,212.47733
2011-04-26 10:00:00,230.16212
2011-04-26 11:00:00,253.4604
2011-04-26 12:00:00,276.5363
2011-04-26 13:00:00,327.59625
2011-04-26 14:00:00,278.29086
2011-04-26 15:00:00,265.3617
2011-04-26 16:00:00,279.62973
2011-04-26 17:00:00,259.42563
2011-04-26 18:00:00,264.63504
2011-04-26 19:00:00,223.76361
2011-04-26 20:00:00,212.47733
2011-04-26 21:00:00,177.74214
2011-04-26 22:00:00,147.31589
2011-04-26 23:00:00,151.26286
2011-04-27 00:00:00,148.21321
2011-04-27 01:00:00,152.14702
2011-04-27 02:00:00,139.27686
2011-04-27 03:00:00,146.27344
2011-04-27 04:00:00,122.79862
2011-04-27 05:00:00,128.56088
2011-04-27 06:00:00,125.89001
2011-04-27 07:00:00,146.27344
2011-04-27 08:00:00,152.18733
2011-04-27 09:00:00,166.09175
2011-04-27 10:00:00,164.21524
2011-04-27 11:00:00,184.82759
2011-04-27 12:00:00,195.21161
2011-04-27 13:00:00,183.5646
2011-04-27 14:00:00,207.41582
2011-04-27 15:00:00,276.38812
2011-04-27 16:00:00,244.85641
2011-04-27 17:00:00,200.02
2011-04-27 18:00:00,200.02
2011-04-27 19:00:00,177.74214
2011-04-27 20:00:00,171.61044
2011-04-27 21:00:00,149.56006
2011-04-27 22:00:00,158.52357
2011-04-27 23:00:00,162.45735
2011-04-28 00:00:00,194.8509
2011-04-28 01:00:00,183.97095
2011-04-28 02:00:00,195.25728
2011-04-28 03:00:00,204.58333
2011-04-28 04:00:00,189.60468
2011-04-28 05:00:00,183.97095
2011-04-28 06:00:00,218.68648
2011-04-28 07:00:00,215.86961
2011-04-28 08:00:00,221.86409
2011-04-28 09:00:00,161.57318
2011-04-28 10:00:00,152.6097
2011-04-28 11:00:00,164.21524
2011-04-28 12:00:00,176.1694
2011-04-28 13:00:00,167.0321
2011-04-28 14:00:00,162.95224
2011-04-28 15:00:00,224.52843
2011-04-28 16:00:00,172.08954
2011-04-28 17:00:00,306.88803
2011-04-28 18:00:00,306.88803
2011-04-28 19:00:00,316.80582
2011-04-28 20:00:00,280.18463
2011-04-28 21:00:00,248.78004
2011-04-28 22:00:00,248.56633
2011-04-28 23:00:00,270.3213
2011-04-29 00:00:00,281.3817
2011-04-29 01:00:00,225.15155
2011-04-29 02:00:00,137.16473
2011-04-29 03:00:00,145.82365
2011-04-29 04:00:00,184.19476
2011-04-29 05:00:00,203.80972
2011-04-29 06:00:00,244.24774
2011-04-29 07:00:00,258.0129
2011-04-29 08:00:00,290.88416
2011-04-29 09:00:00,293.82733
2011-04-29 10:00:00,292.57443
2011-04-29 11:00:00,330.10663
2011-04-29 12:00:00,307.12354
2011-04-29 13:00:00,308.5902
2011-04-29 14:00:00,348.77188
2011-04-29 15:00:00,304.3416
2011-04-29 16:00:00,292.51205
2011-04-29 17:00:00,272.87042
2011-04-29 18:00:00,246.46114
2011-04-29 19:00:00,202.67894
2011-04-29 20:00:00,215.81552
2011-04-29 21:00:00,190.08128
2011-04-29 22:00:00,150.88513
2011-04-29 23:00:00,167.35078
2011-04-30 00:00:00,188.66463
2011-04-30 01:00:00,179.83981
2011-04-30 02:00:00,185.7263
2011-04-30 03:00:00,174.66362
2011-04-30 04:00:00,177.61183
2011-04-30 05:00:00,199.12283
2011-04-30 06:00:00,161.68228
2011-04-30 07:00:00,193.14809
2011-04-30 08:00:00,176.20917
2011-04-30 09:00:00,208.24727
2011-04-30 10:00:00,256.44556
2011-04-30 11:00:00,271.2084
2011-04-30 12:00:00,282.1874
2011-04-30 13:00:00,295.95258
2011-04-30 14:00:00,288.6094
2011-04-30 15:00:00,297.4958
2011-04-30 16:00:00,311.40808
2011-04-30 17:00:00,268.39758
2011-04-30 18:00:00,260.39096
2011-04-30 19:00:00,260.39096
2011-04-30 20:00:00,135.48795
2011-04-30 21:00:00,135.48795
2011-04-30 22:00:00,122.9304
2011-04-30 23:00:00,122.9304
2011-05-20 00:00:00,97.90439
2011-05-20 01:00:00,85.93981
2011-05-20 02:00:00,91.57407
2011-05-20 03:00:00,82.3495
2011-05-20 04:00:00,95.3967
2011-05-20 05:00:00,96.476585
2011-05-20 06:00:00,102.80692
2011-05-20 07:00:00,129.4061
2011-05-20 08:00:00,131.7748
2011-05-20 09:00:00,168.82347
2011-05-20 10:00:00,180.85574
2011-05-20 11:00:00,204.81192
2011-05-20 12:00:00,256.04596
2011-05-20 13:00:00,269.2896
2011-05-20 14:00:00,260.9657
2011-05-20 15:00:00,250.16942
2011-05-20 16:00:00,261.7852
2011-05-20 17:00:00,238.92635
2011-05-20 18:00:00,236.93561
2011-05-20 19:00:00,167.11331
2011-05-20 20:00:00,169.93016
2011-05-20 21:00:00,163.93571
2011-05-20 22:00:00,123.15104
2011-05-20 23:00:00,142.29053
2011-05-21 00:00:00,122.6971
2011-05-21 01:00:00,117.89692
2011-05-21 02:00:00,131.32083
2011-05-21 03:00:00,109.512535
2011-05-21 04:00:00,104.5355
2011-05-21 05:00:00,102.37568
2011-05-21 06:00:00,116.07781
2011-05-21 07:00:00,137.79057
2011-05-21 08:00:00,180.28381
2011-05-21 09:00:00,204.2535
2011-05-21 10:00:00,210.89352
2011-05-21 11:00:00,260.81894
2011-05-21 12:00:00,265.7529
2011-05-21 13:00:00,301.64166
2011-05-21 14:00:00,324.19742
2011-05-21 15:00:00,334.62097
2011-05-21 16:00:00,374.01965
2011-05-21 17:00:00,350.66074
2011-05-21 18:00:00,328.10504
2011-05-21 19:00:00,304.50064
2011-05-21 20:00:00,202.55164
2011-05-21 21:00:00,210.89352
2011-05-21 22:00:00,167.05832
2011-05-21 23:00:00,131.77324
2011-05-22 00:00:00,118.7919
2011-05-22 01:00:00,108.25369
2011-05-22 02:00:00,106.09389
2011-05-22 03:00:00,99.75472
2011-05-22 04:00:00,92.123924
2011-05-22 05:00:00,99.75472
2011-05-22 06:00:00,106.09389
2011-05-22 07:00:00,112.59869
2011-05-22 08:00:00,148.97084
2011-05-22 09:00:00,171.4987
2011-05-22 10:00:00,197.77454
2011-05-22 11:00:00,281.49274
2011-05-22 12:00:00,314.37814
2011-05-22 13:00:00,278.69397
2011-05-22 14:00:00,201.16682
2011-05-22 15:00:00,238.86964
2011-05-22 16:00:00,233.6617
2011-05-22 17:00:00,267.97043
2011-05-22 18:00:00,234.3917
2011-05-22 19:00:00,231.44353
2011-05-22 20:00:00,200.72272
2011-05-22 21:00:00,169.6401
2011-05-22 22:00:00,133.29655
2011-05-22 23:00:00,132.09975
2011-05-23 00:00:00,123.53373
2011-05-23 01:00:00,117.77146
2011-05-23 02:00:00,129.30634
2011-05-23 03:00:00,118.47317
2011-05-23 04:00:00,103.52527
2011-05-23 05:00:00,103.52527
2011-05-23 06:00:00,99.70267
2011-05-23 07:00:00,113.60685
2011-05-23 08:00:00,133.4859
2011-05-23 09:00:00,137.4329
2011-05-23 10:00:00,204.23827
2011-05-23 11:00:00,241.80916
2011-05-23 12:00:00,241.80916
2011-05-23 13:00:00,305.4078
2011-05-23 14:00:00,306.1939
2011-05-23 15:00:00,292.23035
2011-05-23 16:00:00,270.65158
2011-05-23 17:00:00,261.97974
2011-05-23 18:00:00,216.3794
2011-05-23 19:00:00,205.09315
2011-05-23 20:00:00,154.56375
2011-05-23 21:00:00,144.2152
2011-05-23 22:00:00,129.63518
2011-05-23 23:00:00,140.78195
2011-05-24 00:00:00,123.91993
2011-05-24 01:00:00,120.82851
2011-05-24 02:00:00,123.91993
2011-05-24 03:00:00,116.5688
2011-05-24 04:00:00,122.93263
2011-05-24 05:00:00,132.04666
2011-05-24 06:00:00,125.85346
2011-05-24 07:00:00,171.96854
2011-05-24 08:00:00,158.57317
2011-05-24 09:00:00,185.51514
2011-05-24 10:00:00,259.78375
2011-05-24 11:00:00,305.5569
2011-05-24 12:00:00,358.82455
2011-05-24 13:00:00,348.7811
2011-05-24 14:00:00,351.72427
2011-05-24 15:00:00,330.25745
2011-05-24 16:00:00,199.1201
2011-05-24 17:00:00,233.66664
2011-05-24 18:00:00,208.16177
2011-05-24 19:00:00,184.48251
2011-05-24 20:00:00,164.74565
2011-05-24 21:00:00,147.61565
2011-05-24 22:00:00,147.77855
2011-05-24 23:00:00,187.00853
2011-05-25 00:00:00,154.31248
2011-05-25 01:00:00,146.11905
2011-05-25 02:00:00,106.03298
2011-05-25 03:00:00,107.378845
2011-05-25 04:00:00,105.21903
2011-05-25 05:00:00,116.22573
2011-05-25 06:00:00,110.46944
2011-05-25 07:00:00,164.15451
2011-05-25 08:00:00,198.79794
2011-05-25 09:00:00,204.43323
2011-05-25 10:00:00,232.2
2011-05-25 11:00:00,292.3372
2011-05-25 12:00:00,281.7406
2011-05-25 13:00:00,281.7406
2011-05-25 14:00:00,284.68375
2011-05-25 15:00:00,316.07846
2011-05-25 16:00:00,311.43338
2011-05-25 17:00:00,305.5569
2011-05-25 18:00:00,268.00452
2011-05-25 19:00:00,236.59996
2011-05-25 20:00:00,239.54314
2011-05-25 21:00:00,187.83379
2011-05-25 22:00:00,210.40639
2011-05-25 23:00:00,170.14896
2011-05-26 00:00:00,170.14894
2011-05-26 01:00:00,170.14894
2011-05-26 02:00:00,136.71236
2011-05-26 03:00:00,121.38693
2011-05-26 04:00:00,112.09191
2011-05-26 05:00:00,124.05777
2011-05-26 06:00:00,108.37812
2011-05-26 07:00:00,136.15761
2011-05-26 08:00:00,156.14986
2011-05-26 09:00:00,211.49165
2011-05-26 10:00:00,216.3794
2011-05-26 11:00:00,241.5102
2011-05-26 12:00:00,306.32364
2011-05-26 13:00:00,351.90414
2011-05-26 14:00:00,351.90414
2011-05-26 15:00:00,386.90067
2011-05-26 16:00:00,371.6589
2011-05-26 17:00:00,364.16223
2011-05-26 18:00:00,368.57202
2011-05-26 19:00:00,356.1341
2011-05-26 20:00:00,262.12802
2011-05-26 21:00:00,239.78822
2011-05-26 22:00:00,216.92584
2011-05-26 23:00:00,222.81229
2011-05-27 00:00:00,216.40085
2011-05-27 01:00:00,267.3119
2011-05-27 02:00:00,237.3728
2011-05-27 03:00:00,196.3187
2011-05-27 04:00:00,181.85904
2011-05-27 05:00:00,221.79431
2011-05-27 06:00:00,173.40851
2011-05-27 07:00:00,175.80157
2011-05-27 08:00:00,201.4214
2011-05-27 09:00:00,239.73827
2011-05-27 10:00:00,303.5661
2011-05-27 11:00:00,311.1471
2011-05-27 12:00:00,316.23965
2011-05-27 13:00:00,273.068
2011-05-27 14:00:00,301.52933
2011-05-27 15:00:00,341.57733
2011-05-27 16:00:00,325.0594
2011-05-27 17:00:00,292.174
2011-05-27 18:00:00,270.65158
2011-05-27 19:00:00,174.27449
2011-05-27 20:00:00,185.1733
2011-05-27 21:00:00,132.45168
2011-05-27 22:00:00,147.1801
2011-05-27 23:00:00,124.34869
2011-05-28 00:00:00,122.64982
2011-05-28 01:00:00,128.843
2011-05-28 02:00:00,117.99793
2011-05-28 03:00:00,128.45901
2011-05-28 04:00:00,131.92725
2011-05-28 05:00:00,128.45901
2011-05-28 06:00:00,144.8117
2011-05-28 07:00:00,149.05812
2011-05-28 08:00:00,156.21838
2011-05-28 09:00:00,186.92082
2011-05-28 10:00:00,230.89386
2011-05-28 11:00:00,230.89386
2011-05-28 12:00:00,276.00626
2011-05-28 13:00:00,258.07632
2011-05-28 14:00:00,281.07962
2011-05-28 15:00:00,295.6287
2011-05-28 16:00:00,309.54102
2011-05-28 17:00:00,302.97183
2011-05-28 18:00:00,261.0096
2011-05-28 19:00:00,227.94571
2011-05-28 20:00:00,230.89386
2011-05-28 21:00:00,198.43756
2011-05-28 22:00:00,169.65512
2011-05-28 23:00:00,147.52786
2011-05-29 00:00:00,151.47485
2011-05-29 01:00:00,130.90085
2011-05-29 02:00:00,124.70763
2011-05-29 03:00:00,124.70763
2011-05-29 04:00:00,119.68807
2011-05-29 05:00:00,116.46085
2011-05-29 06:00:00,137.693
2011-05-29 07:00:00,145.57379
2011-05-29 08:00:00,141.63998
2011-05-29 09:00:00,133.69858
2011-05-29 10:00:00,160.94176
2011-05-29 11:00:00,170.38373
2011-05-29 12:00:00,203.37225
2011-05-29 13:00:00,228.26355
2011-05-29 14:00:00,234.25795
2011-05-29 15:00:00,237.07478
2011-05-29 16:00:00,234.25795
2011-05-29 17:00:00,234.25795
2011-05-29 18:00:00,219.54227
2011-05-29 19:00:00,213.88971
2011-05-29 20:00:00,179.0022
2011-05-29 21:00:00,156.42862
2011-05-29 22:00:00,133.54498
2011-05-29 23:00:00,137.49194
2011-05-30 00:00:00,124.50464
2011-05-30 01:00:00,118.31142
2011-05-30 02:00:00,124.50464
2011-05-30 03:00:00,124.50464
2011-05-30 04:00:00,117.948746
2011-05-30 05:00:00,115.679375
2011-05-30 06:00:00,117.10716
2011-05-30 07:00:00,110.61324
2011-05-30 08:00:00,129.30783
2011-05-30 09:00:00,187.07973
2011-05-30 10:00:00,328.20392
2011-05-30 11:00:00,325.78687
2011-05-30 12:00:00,376.3642
2011-05-30 13:00:00,385.04443
2011-05-30 14:00:00,405.31268
2011-05-30 15:00:00,417.74384
2011-05-30 16:00:00,414.83023
2011-05-30 17:00:00,412.84094
2011-05-30 18:00:00,406.9367
2011-05-30 19:00:00,232.2041
2011-05-30 20:00:00,268.20837
2011-05-30 21:00:00,214.82466
2011-05-30 22:00:00,194.43544
2011-05-30 23:00:00,148.08014
2011-05-31 00:00:00,165.0661
2011-05-31 01:00:00,139.32133
2011-05-31 02:00:00,131.76918
2011-05-31 03:00:00,113.4063
2011-05-31 04:00:00,143.2526
2011-05-31 05:00:00,143.2526
2011-05-31 06:00:00,156.56885
2011-05-31 07:00:00,229.73715
2011-05-31 08:00:00,287.21762
2011-05-31 09:00:00,314.65222
2011-05-31 10:00:00,322.24045
2011-05-31 11:00:00,364.27914
2011-05-31 12:00:00,377.4989
2011-05-31 13:00:00,407.49805
2011-05-31 14:00:00,396.755
2011-05-31 15:00:00,403.3784
2011-05-31 16:00:00,406.292
2011-05-31 17:00:00,353.61584
2011-05-31 18:00:00,350.6726
2011-05-31 19:00:00,269.73523
2011-05-31 20:00:00,269.73523
2011-05-31 21:00:00,242.29668
2011-05-31 22:00:00,217.48608
2011-05-31 23:00:00,174.02965
2011-06-20 00:00:00,153.10025
2011-06-20 01:00:00,127.12008
2011-06-20 02:00:00,127.12008
2011-06-20 03:00:00,123.166725
2011-06-20 04:00:00,139.89775
2011-06-20 05:00:00,146.74539
2011-06-20 06:00:00,153.27933
2011-06-20 07:00:00,133.23463
2011-06-20 08:00:00,141.85837
2011-06-20 09:00:00,170.19463
2011-06-20 10:00:00,170.19463
2011-06-20 11:00:00,146.29593
2011-06-20 12:00:00,177.29959
2011-06-20 13:00:00,189.70282
2011-06-20 14:00:00,217.48535
2011-06-20 15:00:00,220.42368
2011-06-20 16:00:00,254.09224
2011-06-20 17:00:00,257.32816
2011-06-20 18:00:00,248.35297
2011-06-20 19:00:00,216.48279
2011-06-20 20:00:00,204.7727
2011-06-20 21:00:00,175.80157
2011-06-20 22:00:00,191.16776
2011-06-20 23:00:00,172.08954
2011-06-21 00:00:00,176.70139
2011-06-21 01:00:00,185.82913
2011-06-21 02:00:00,167.25433
2011-06-21 03:00:00,167.25433
2011-06-21 04:00:00,140.93442
2011-06-21 05:00:00,144.86821
2011-06-21 06:00:00,144.86821
2011-06-21 07:00:00,117.86748
2011-06-21 08:00:00,145.18083
2011-06-21 09:00:00,164.87617
2011-06-21 10:00:00,171.81378
2011-06-21 11:00:00,171.06383
2011-06-21 12:00:00,221.55696
2011-06-21 13:00:00,276.8741
2011-06-21 14:00:00,310.15613
2011-06-21 15:00:00,340.07645
2011-06-21 16:00:00,349.58105
2011-06-21 17:00:00,307.62656
2011-06-21 18:00:00,289.0237
2011-06-21 19:00:00,258.5097
2011-06-21 20:00:00,283.95288
2011-06-21 21:00:00,237.05475
2011-06-21 22:00:00,191.04868
2011-06-21 23:00:00,215.67041
2011-06-22 00:00:00,191.33514
2011-06-22 01:00:00,180.04886
2011-06-22 02:00:00,164.33783
2011-06-22 03:00:00,180.04886
2011-06-22 04:00:00,141.22104
2011-06-22 05:00:00,131.83582
2011-06-22 06:00:00,147.6383
2011-06-22 07:00:00,182.56956
2011-06-22 08:00:00,228.22993
2011-06-22 09:00:00,209.66469
2011-06-22 10:00:00,266.27878
2011-06-22 11:00:00,257.45392
2011-06-22 12:00:00,359.88156
2011-06-22 13:00:00,385.39975
2011-06-22 14:00:00,403.3104
2011-06-22 15:00:00,388.34293
2011-06-22 16:00:00,382.60587
2011-06-22 17:00:00,391.04105
2011-06-22 18:00:00,362.81488
2011-06-22 19:00:00,387.9293
2011-06-22 20:00:00,239.25334
2011-06-22 21:00:00,217.57973
2011-06-22 22:00:00,222.85466
2011-06-22 23:00:00,225.80281
2011-06-23 00:00:00,220.95094
2011-06-23 01:00:00,240.00298
2011-06-23 02:00:00,240.00298
2011-06-23 03:00:00,244.53807
2011-06-23 04:00:00,204.40863
2011-06-23 05:00:00,234.11644
2011-06-23 06:00:00,234.11647
2011-06-23 07:00:00,241.5899
2011-06-23 08:00:00,270.70923
2011-06-23 09:00:00,264.8327
2011-06-23 10:00:00,296.66946
2011-06-23 11:00:00,318.72296
2011-06-23 12:00:00,311.36566
2011-06-23 13:00:00,326.33313
2011-06-23 14:00:00,312.83228
2011-06-23 15:00:00,377.77112
2011-06-23 16:00:00,315.3619
2011-06-23 17:00:00,278.83633
2011-06-23 18:00:00,280.91837
2011-06-23 19:00:00,269.69928
2011-06-23 20:00:00,227.44345
2011-06-23 21:00:00,224.49529
2011-06-23 22:00:00,237.8651
2011-06-23 23:00:00,237.91129
2011-06-24 00:00:00,197.3712
2011-06-24 01:00:00,202.10588
2011-06-24 02:00:00,202.10588
2011-06-24 03:00:00,171.06383
2011-06-24 04:00:00,159.46606
2011-06-24 05:00:00,142.7003
2011-06-24 06:00:00,165.41118
2011-06-24 07:00:00,186.42998
2011-06-24 08:00:00,227.44345
2011-06-24 09:00:00,288.89853
2011-06-24 10:00:00,417.01575
2011-06-24 11:00:00,413.23654
2011-06-24 12:00:00,413.26666
2011-06-24 13:00:00,407.68863
2011-06-24 14:00:00,407.42017
2011-06-24 15:00:00,417.3402
2011-06-24 16:00:00,410.728
2011-06-24 17:00:00,398.0668
2011-06-24 18:00:00,399.87393
2011-06-24 19:00:00,394.44977
2011-06-24 20:00:00,361.8486
2011-06-24 21:00:00,340.75177
2011-06-24 22:00:00,327.5321
2011-06-24 23:00:00,318.196
2011-06-25 00:00:00,345.60645
2011-06-25 01:00:00,323.02155
2011-06-25 02:00:00,336.25534
2011-06-25 03:00:00,288.40256
2011-06-25 04:00:00,288.40256
2011-06-25 05:00:00,255.12059
2011-06-25 06:00:00,291.34567
2011-06-25 07:00:00,297.22223
2011-06-25 08:00:00,357.57324
2011-06-25 09:00:00,375.7268
2011-06-25 10:00:00,369.8503
2011-06-25 11:00:00,373.339
2011-06-25 12:00:00,406.5444
2011-06-25 13:00:00,406.5444
2011-06-25 14:00:00,388.1724
2011-06-25 15:00:00,358.7899
2011-06-25 16:00:00,405.87854
2011-06-25 17:00:00,395.37836
2011-06-25 18:00:00,375.7268
2011-06-25 19:00:00,368.55215
2011-06-25 20:00:00,351.69675
2011-06-25 21:00:00,326.20764
2011-06-25 22:00:00,348.5398
2011-06-25 23:00:00,346.54175
2011-06-26 00:00:00,288.70514
2011-06-26 01:00:00,298.99146
2011-06-26 02:00:00,275.98813
2011-06-26 03:00:00,234.00815
2011-06-26 04:00:00,232.53896
2011-06-26 05:00:00,229.83153
2011-06-26 06:00:00,229.83153
2011-06-26 07:00:00,245.96143
2011-06-26 08:00:00,269.00375
2011-06-26 09:00:00,296.27963
2011-06-26 10:00:00,350.92267
2011-06-26 11:00:00,363.97385
2011-06-26 12:00:00,394.76996
2011-06-26 13:00:00,377.84808
2011-06-26 14:00:00,391.82678
2011-06-26 15:00:00,377.84808
2011-06-26 16:00:00,392.43524
2011-06-26 17:00:00,391.76654
2011-06-26 18:00:00,386.0273
2011-06-26 19:00:00,364.15646
2011-06-26 20:00:00,353.1874
2011-06-26 21:00:00,324.0892
2011-06-26 22:00:00,318.05142
2011-06-26 23:00:00,312.32202
2011-06-27 00:00:00,230.33847
2011-06-27 01:00:00,175.12862
2011-06-27 02:00:00,182.88095
2011-06-27 03:00:00,182.88095
2011-06-27 04:00:00,159.59557
2011-06-27 05:00:00,163.85628
2011-06-27 06:00:00,180.78122
2011-06-27 07:00:00,214.03027
2011-06-27 08:00:00,206.01439
2011-06-27 09:00:00,316.77026
2011-06-27 10:00:00,329.98993
2011-06-27 11:00:00,289.3357
2011-06-27 12:00:00,316.77026
2011-06-27 13:00:00,319.41083
2011-06-27 14:00:00,306.1911
2011-06-27 15:00:00,319.92715
2011-06-27 16:00:00,319.913
2011-06-27 17:00:00,322.84634
2011-06-27 18:00:00,324.62326
2011-06-27 19:00:00,291.17053
2011-06-27 20:00:00,255.37369
2011-06-27 21:00:00,245.08733
2011-06-27 22:00:00,217.42879
2011-06-27 23:00:00,217.42879
2011-06-28 00:00:00,184.21394
2011-06-28 01:00:00,186.36673
2011-06-28 02:00:00,198.11041
2011-06-28 03:00:00,198.11041
2011-06-28 04:00:00,186.36673
2011-06-28 05:00:00,164.33783
2011-06-28 06:00:00,171.06383
2011-06-28 07:00:00,185.66112
2011-06-28 08:00:00,200.70108
2011-06-28 09:00:00,241.26352
2011-06-28 10:00:00,383.36804
2011-06-28 11:00:00,389.7901
2011-06-28 12:00:00,414.98636
2011-06-28 13:00:00,403.094
2011-06-28 14:00:00,431.4066
2011-06-28 15:00:00,420.64536
2011-06-28 16:00:00,433.3233
2011-06-28 17:00:00,398.64343
2011-06-28 18:00:00,392.52185
2011-06-28 19:00:00,350.9235
2011-06-28 20:00:00,275.67886
2011-06-28 21:00:00,288.6272
2011-06-28 22:00:00,250.02206
2011-06-28 23:00:00,248.55289
2011-06-29 00:00:00,218.38994
2011-06-29 01:00:00,217.12692
2011-06-29 02:00:00,182.35008
2011-06-29 03:00:00,164.48257
2011-06-29 04:00:00,161.43297
2011-06-29 05:00:00,167.73393
2011-06-29 06:00:00,240.4077
2011-06-29 07:00:00,320.47327
2011-06-29 08:00:00,355.44794
2011-06-29 09:00:00,383.8879
2011-06-29 10:00:00,396.19772
2011-06-29 11:00:00,395.53207
2011-06-29 12:00:00,396.7341
2011-06-29 13:00:00,401.56604
2011-06-29 14:00:00,390.10565
2011-06-29 15:00:00,385.11703
2011-06-29 16:00:00,406.7502
2011-06-29 17:00:00,387.91275
2011-06-29 18:00:00,389.7306
2011-06-29 19:00:00,402.1555
2011-06-29 20:00:00,395.51306
2011-06-29 21:00:00,392.2812
2011-06-29 22:00:00,371.3243
2011-06-29 23:00:00,343.47134
2011-06-30 00:00:00,317.95312
2011-06-30 01:00:00,296.85632
2011-06-30 02:00:00,273.85306
2011-06-30 03:00:00,254.2405
2011-06-30 04:00:00,210.33405
2011-06-30 05:00:00,222.10706
2011-06-30 06:00:00,243.58607
2011-06-30 07:00:00,258.87186
2011-06-30 08:00:00,346.41452
2011-06-30 09:00:00,374.26746
2011-06-30 10:00:00,379.3309
2011-06-30 11:00:00,388.88968
2011-06-30 12:00:00,393.12393
2011-06-30 13:00:00,392.99332
2011-06-30 14:00:00,387.89935
2011-06-30 15:00:00,363.4781
2011-06-30 16:00:00,361.80026
2011-06-30 17:00:00,383.32898
2011-06-30 18:00:00,381.50876
2011-06-30 19:00:00,388.63242
2011-06-30 20:00:00,388.63242
2011-06-30 21:00:00,386.1322
2011-06-30 22:00:00,368.391
2011-06-30 23:00:00,301.79025
2011-07-20 00:00:00,174.7772
2011-07-20 01:00:00,160.25829
2011-07-20 02:00:00,160.25829
2011-07-20 03:00:00,174.7772
2011-07-20 04:00:00,154.05559
2011-07-20 05:00:00,168.74109
2011-07-20 06:00:00,160.55132
2011-07-20 07:00:00,178.85704
2011-07-20 08:00:00,226.01118
2011-07-20 09:00:00,250.09824
2011-07-20 10:00:00,253.7505
2011-07-20 11:00:00,321.39392
2011-07-20 12:00:00,339.9796
2011-07-20 13:00:00,381.6607
2011-07-20 14:00:00,407.1596
2011-07-20 15:00:00,411.43005
2011-07-20 16:00:00,362.56454
2011-07-20 17:00:00,371.51376
2011-07-20 18:00:00,374.45694
2011-07-20 19:00:00,330.60965
2011-07-20 20:00:00,289.6528
2011-07-20 21:00:00,318.59015
2011-07-20 22:00:00,292.62988
2011-07-20 23:00:00,258.66162
2011-07-21 00:00:00,263.1967
2011-07-21 01:00:00,219.35678
2011-07-21 02:00:00,219.35678
2011-07-21 03:00:00,225.0532
2011-07-21 04:00:00,193.853
2011-07-21 05:00:00,193.853
2011-07-21 06:00:00,193.853
2011-07-21 07:00:00,204.90588
2011-07-21 08:00:00,245.0354
2011-07-21 09:00:00,298.48447
2011-07-21 10:00:00,331.79
2011-07-21 11:00:00,393.97314
2011-07-21 12:00:00,424.1682
2011-07-21 13:00:00,421.22504
2011-07-21 14:00:00,459.88538
2011-07-21 15:00:00,443.80215
2011-07-21 16:00:00,465.7658
2011-07-21 17:00:00,462.13834
2011-07-21 18:00:00,452.46103
2011-07-21 19:00:00,371.6406
2011-07-21 20:00:00,333.92743
2011-07-21 21:00:00,310.92416
2011-07-21 22:00:00,315.613
2011-07-21 23:00:00,298.77295
2011-07-22 00:00:00,342.63397
2011-07-22 01:00:00,312.57425
2011-07-22 02:00:00,248.67014
2011-07-22 03:00:00,260.98425
2011-07-22 04:00:00,243.95021
2011-07-22 05:00:00,211.6932
2011-07-22 06:00:00,242.48105
2011-07-22 07:00:00,323.01413
2011-07-22 08:00:00,363.91345
2011-07-22 09:00:00,363.10983
2011-07-22 10:00:00,427.6492
2011-07-22 11:00:00,434.83154
2011-07-22 12:00:00,468.61835
2011-07-22 13:00:00,469.56766
2011-07-22 14:00:00,483.72528
2011-07-22 15:00:00,480.62643
2011-07-22 16:00:00,456.22516
2011-07-22 17:00:00,432.5406
2011-07-22 18:00:00,431.4056
2011-07-22 19:00:00,431.5514
2011-07-22 20:00:00,362.56454
2011-07-22 21:00:00,348.79935
2011-07-22 22:00:00,406.7991
2011-07-22 23:00:00,331.67038
2011-07-23 00:00:00,355.19504
2011-07-23 01:00:00,380.44888
2011-07-23 02:00:00,370.16248
2011-07-23 03:00:00,299.4753
2011-07-23 04:00:00,288.50406
2011-07-23 05:00:00,306.40488
2011-07-23 06:00:00,370.94427
2011-07-23 07:00:00,368.01086
2011-07-23 08:00:00,417.72012
2011-07-23 09:00:00,408.91025
2011-07-23 10:00:00,441.1548
2011-07-23 11:00:00,443.2499
2011-07-23 12:00:00,441.1329
2011-07-23 13:00:00,453.07285
2011-07-23 14:00:00,457.02014
2011-07-23 15:00:00,439.07138
2011-07-23 16:00:00,450.5233
2011-07-23 17:00:00,450.5233
2011-07-23 18:00:00,461.932
2011-07-23 19:00:00,368.56824
2011-07-23 20:00:00,367.08743
2011-07-23 21:00:00,367.08743
2011-07-23 22:00:00,351.7063
2011-07-23 23:00:00,342.89645
2011-07-24 00:00:00,342.89645
2011-07-24 01:00:00,300.94196
2011-07-24 02:00:00,326.4623
2011-07-24 03:00:00,326.4623
2011-07-24 04:00:00,300.94196
2011-07-24 05:00:00,299.4753
2011-07-24 06:00:00,336.7628
2011-07-24 07:00:00,345.82974
2011-07-24 08:00:00,383.11093
2011-07-24 09:00:00,393.39722
2011-07-24 10:00:00,432.66132
2011-07-24 11:00:00,402.7234
2011-07-24 12:00:00,458.4948
2011-07-24 13:00:00,432.4928
2011-07-24 14:00:00,428.2515
2011-07-24 15:00:00,457.3189
2011-07-24 16:00:00,457.3189
2011-07-24 17:00:00,446.49612
2011-07-24 18:00:00,446.5609
2011-07-24 19:00:00,426.6163
2011-07-24 20:00:00,408.91025
2011-07-24 21:00:00,330.86234
2011-07-24 22:00:00,290.65564
2011-07-24 23:00:00,277.93912
2011-07-25 00:00:00,264.051
2011-07-25 01:00:00,252.9027
2011-07-25 02:00:00,220.64566
2011-07-25 03:00:00,201.38934
2011-07-25 04:00:00,183.89304
2011-07-25 05:00:00,183.89304
2011-07-25 06:00:00,192.38383
2011-07-25 07:00:00,212.79982
2011-07-25 08:00:00,244.06798
2011-07-25 09:00:00,302.42728
2011-07-25 10:00:00,339.9796
2011-07-25 11:00:00,381.81424
2011-07-25 12:00:00,381.81424
2011-07-25 13:00:00,249.675
2011-07-25 14:00:00,222.85464
2011-07-25 15:00:00,228.39183
2011-07-25 16:00:00,197.34982
2011-07-25 17:00:00,217.92606
2011-07-25 18:00:00,234.84587
2011-07-25 19:00:00,250.09824
2011-07-25 20:00:00,231.16827
2011-07-25 21:00:00,160.25829
2011-07-25 22:00:00,160.25829
2011-07-25 23:00:00,171.96031
2011-07-26 00:00:00,191.04868
2011-07-26 01:00:00,191.04868
2011-07-26 02:00:00,157.50174
2011-07-26 03:00:00,161.43553
2011-07-26 04:00:00,167.10725
2011-07-26 05:00:00,146.94666
2011-07-26 06:00:00,191.31372
2011-07-26 07:00:00,280.59143
2011-07-26 08:00:00,328.7228
2011-07-26 09:00:00,401.65082
2011-07-26 10:00:00,392.65527
2011-07-26 11:00:00,371.11554
2011-07-26 12:00:00,364.03598
2011-07-26 13:00:00,408.0611
2011-07-26 14:00:00,399.7
2011-07-26 15:00:00,396.44058
2011-07-26 16:00:00,423.1609
2011-07-26 17:00:00,426.17007
2011-07-26 18:00:00,425.01428
2011-07-26 19:00:00,421.99658
2011-07-26 20:00:00,402.3249
2011-07-26 21:00:00,376.80664
2011-07-26 22:00:00,330.88214
2011-07-26 23:00:00,317.8019
2011-07-27 00:00:00,366.68158
2011-07-27 01:00:00,373.86343
2011-07-27 02:00:00,361.5941
2011-07-27 03:00:00,303.23376
2011-07-27 04:00:00,340.11502
2011-07-27 05:00:00,326.34982
2011-07-27 06:00:00,320.47327
2011-07-27 07:00:00,360.5406
2011-07-27 08:00:00,393.2433
2011-07-27 09:00:00,396.7341
2011-07-27 10:00:00,380.6427
2011-07-27 11:00:00,373.56314
2011-07-27 12:00:00,395.2984
2011-07-27 13:00:00,403.86584
2011-07-27 14:00:00,383.12814
2011-07-27 15:00:00,378.57864
2011-07-27 16:00:00,364.64978
2011-07-27 17:00:00,372.17703
2011-07-27 18:00:00,370.74045
2011-07-27 19:00:00,371.91748
2011-07-27 20:00:00,383.76752
2011-07-27 21:00:00,349.45874
2011-07-27 22:00:00,335.5679
2011-07-27 23:00:00,362.54114
2011-07-28 00:00:00,326.2027
2011-07-28 01:00:00,321.0188
2011-07-28 02:00:00,316.75607
2011-07-28 03:00:00,306.46973
2011-07-28 04:00:00,274.77243
2011-07-28 05:00:00,255.37369
2011-07-28 06:00:00,229.42416
2011-07-28 07:00:00,249.3394
2011-07-28 08:00:00,276.8741
2011-07-28 09:00:00,334.19995
2011-07-28 10:00:00,370.4542
2011-07-28 11:00:00,390.48038
2011-07-28 12:00:00,397.65503
2011-07-28 13:00:00,430.3577
2011-07-28 14:00:00,422.95215
2011-07-28 15:00:00,414.36337
2011-07-28 16:00:00,421.54782
2011-07-28 17:00:00,391.7785
2011-07-28 18:00:00,384.60385
2011-07-28 19:00:00,359.07584
2011-07-28 20:00:00,331.67038
2011-07-28 21:00:00,313.50305
2011-07-28 22:00:00,278.7232
2011-07-28 23:00:00,252.77505
2011-07-29 00:00:00,217.57973
2011-07-29 01:00:00,214.63156
2011-07-29 02:00:00,201.38934
2011-07-29 03:00:00,201.38934
2011-07-29 04:00:00,192.34363
2011-07-29 05:00:00,175.78517
2011-07-29 06:00:00,187.52885
2011-07-29 07:00:00,220.64566
2011-07-29 08:00:00,243.13873
2011-07-29 09:00:00,430.3577
2011-07-29 10:00:00,447.04712
2011-07-29 11:00:00,453.46323
2011-07-29 12:00:00,420.32632
2011-07-29 13:00:00,392.283
2011-07-29 14:00:00,410.59268
2011-07-29 15:00:00,413.1337
2011-07-29 16:00:00,424.59415
2011-07-29 17:00:00,416.9539
2011-07-29 18:00:00,449.86487
2011-07-29 19:00:00,444.63895
2011-07-29 20:00:00,433.89215
2011-07-29 21:00:00,405.95294
2011-07-29 22:00:00,389.24457
2011-07-29 23:00:00,350.50455
2011-07-30 00:00:00,341.82706
2011-07-30 01:00:00,331.55057
2011-07-30 02:00:00,333.0172
2011-07-30 03:00:00,296.9101
2011-07-30 04:00:00,273.90683
2011-07-30 05:00:00,266.24588
2011-07-30 06:00:00,267.71506
2011-07-30 07:00:00,297.3139
2011-07-30 08:00:00,342.21155
2011-07-30 09:00:00,424.24106
2011-07-30 10:00:00,432.65527
2011-07-30 11:00:00,426.6637
2011-07-30 12:00:00,405.9125
2011-07-30 13:00:00,382.38388
2011-07-30 14:00:00,386.24445
2011-07-30 15:00:00,408.63638
2011-07-30 16:00:00,396.05063
2011-07-30 17:00:00,395.15524
2011-07-30 18:00:00,394.28348
2011-07-30 19:00:00,401.31644
2011-07-30 20:00:00,418.196
2011-07-30 21:00:00,388.4365
2011-07-30 22:00:00,355.57294
2011-07-30 23:00:00,331.55054
2011-07-31 00:00:00,331.55057
2011-07-31 01:00:00,289.567
2011-07-31 02:00:00,274.59943
2011-07-31 03:00:00,266.47192
2011-07-31 04:00:00,241.77034
2011-07-31 05:00:00,246.22067
2011-07-31 06:00:00,248.92152
2011-07-31 07:00:00,313.36572
2011-07-31 08:00:00,344.7703
2011-07-31 09:00:00,372.27365
2011-07-31 10:00:00,425.46167
2011-07-31 11:00:00,389.53607
2011-07-31 12:00:00,382.55
2011-07-31 13:00:00,372.81638
2011-07-31 14:00:00,375.36594
2011-07-31 15:00:00,351.24203
2011-07-31 16:00:00,338.17313
2011-07-31 17:00:00,338.7635
2011-07-31 18:00:00,443.56296
2011-07-31 19:00:00,379.9325
2011-07-31 20:00:00,379.9325
2011-07-31 21:00:00,349.55475
2011-07-31 22:00:00,275.76352
2011-07-31 23:00:00,287.81912
2011-08-20 00:00:00,124.40378
2011-08-20 01:00:00,139.62074
2011-08-20 02:00:00,166.1119
2011-08-20 03:00:00,166.1119
2011-08-20 04:00:00,127.074615
2011-08-20 05:00:00,132.92238
2011-08-20 06:00:00,152.55966
2011-08-20 07:00:00,139.62076
2011-08-20 08:00:00,220.5789
2011-08-20 09:00:00,252.54562
2011-08-20 10:00:00,287.42914
2011-08-20 11:00:00,292.13937
2011-08-20 12:00:00,313.36572
2011-08-20 13:00:00,335.95053
2011-08-20 14:00:00,391.36978
2011-08-20 15:00:00,416.06586
2011-08-20 16:00:00,401.5168
2011-08-20 17:00:00,391.36978
2011-08-20 18:00:00,337.55664
2011-08-20 19:00:00,299.84344
2011-08-20 20:00:00,302.7866
2011-08-20 21:00:00,260.3593
2011-08-20 22:00:00,240.0503
2011-08-20 23:00:00,223.74216
2011-08-21 00:00:00,229.62863
2011-08-21 01:00:00,197.22302
2011-08-21 02:00:00,192.44737
2011-08-21 03:00:00,176.5494
2011-08-21 04:00:00,185.51297
2011-08-21 05:00:00,171.43391
2011-08-21 06:00:00,169.46703
2011-08-21 07:00:00,199.61617
2011-08-21 08:00:00,207.95506
2011-08-21 09:00:00,245.13629
2011-08-21 10:00:00,256.15982
2011-08-21 11:00:00,345.5585
2011-08-21 12:00:00,372.96393
2011-08-21 13:00:00,373.74564
2011-08-21 14:00:00,245.38843
2011-08-21 15:00:00,202.83539
2011-08-21 16:00:00,214.62804
2011-08-21 17:00:00,211.67989
2011-08-21 18:00:00,223.45291
2011-08-21 19:00:00,263.2977
2011-08-21 20:00:00,211.82033
2011-08-21 21:00:00,211.82033
2011-08-21 22:00:00,215.42853
2011-08-21 23:00:00,226.69032
2011-08-22 00:00:00,191.73752
2011-08-22 01:00:00,177.63432
2011-08-22 02:00:00,265.67416
2011-08-22 03:00:00,278.90802
2011-08-22 04:00:00,256.17688
2011-08-22 05:00:00,264.3039
2011-08-22 06:00:00,277.82617
2011-08-22 07:00:00,280.76935
2011-08-22 08:00:00,280.76935
2011-08-22 09:00:00,315.4
2011-08-22 10:00:00,355.44794
2011-08-22 11:00:00,393.16473
2011-08-22 12:00:00,397.7946
2011-08-22 13:00:00,397.47205
2011-08-22 14:00:00,394.46286
2011-08-22 15:00:00,387.7655
2011-08-22 16:00:00,394.46286
2011-08-22 17:00:00,376.38626
2011-08-22 18:00:00,377.93848
2011-08-22 19:00:00,383.75845
2011-08-22 20:00:00,377.48474
2011-08-22 21:00:00,375.47827
2011-08-22 22:00:00,382.6483
2011-08-22 23:00:00,363.20117
2011-08-23 00:00:00,344.0208
2011-08-23 01:00:00,289.2491
2011-08-23 02:00:00,266.6642
2011-08-23 03:00:00,275.48392
2011-08-23 04:00:00,236.32549
2011-08-23 05:00:00,239.2588
2011-08-23 06:00:00,219.71838
2011-08-23 07:00:00,314.9226
2011-08-23 08:00:00,304.88174
2011-08-23 09:00:00,341.18893
2011-08-23 10:00:00,373.98495
2011-08-23 11:00:00,379.79077
2011-08-23 12:00:00,375.5727
2011-08-23 13:00:00,370.68176
2011-08-23 14:00:00,369.41125
2011-08-23 15:00:00,388.94946
2011-08-23 16:00:00,382.5088
2011-08-23 17:00:00,388.94946
2011-08-23 18:00:00,387.74338
2011-08-23 19:00:00,323.8296
2011-08-23 20:00:00,308.60934
2011-08-23 21:00:00,260.63342
2011-08-23 22:00:00,273.85306
2011-08-23 23:00:00,250.05211
2011-08-24 00:00:00,273.85306
2011-08-24 01:00:00,248.364
2011-08-24 02:00:00,190.63663
2011-08-24 03:00:00,190.63663
2011-08-24 04:00:00,159.11986
2011-08-24 05:00:00,159.11986
2011-08-24 06:00:00,150.86858
2011-08-24 07:00:00,227.4055
2011-08-24 08:00:00,210.83133
2011-08-24 09:00:00,226.24443
2011-08-24 10:00:00,306.95102
2011-08-24 11:00:00,335.85226
2011-08-24 12:00:00,341.95236
2011-08-24 13:00:00,388.31464
2011-08-24 14:00:00,388.31464
2011-08-24 15:00:00,391.25778
2011-08-24 16:00:00,373.34708
2011-08-24 17:00:00,367.47058
2011-08-24 18:00:00,339.00916
2011-08-24 19:00:00,339.00916
2011-08-24 20:00:00,316.4535
2011-08-24 21:00:00,299.74512
2011-08-24 22:00:00,280.34637
2011-08-24 23:00:00,246.86139
2011-08-25 00:00:00,231.76454
2011-08-25 01:00:00,263.34103
2011-08-25 02:00:00,263.34103
2011-08-25 03:00:00,231.42273
2011-08-25 04:00:00,228.0298
2011-08-25 05:00:00,219.02588
2011-08-25 06:00:00,202.10588
2011-08-25 07:00:00,226.8594
2011-08-25 08:00:00,245.22078
2011-08-25 09:00:00,272.95978
2011-08-25 10:00:00,300.3944
2011-08-25 11:00:00,206.057
2011-08-25 12:00:00,206.057
2011-08-25 13:00:00,191.04868
2011-08-25 14:00:00,228.34767
2011-08-25 15:00:00,251.61302
2011-08-25 16:00:00,175.78517
2011-08-25 17:00:00,175.78517
2011-08-25 18:00:00,196.79132
2011-08-25 19:00:00,220.82335
2011-08-25 20:00:00,216.3827
2011-08-25 21:00:00,202.2796
2011-08-25 22:00:00,139.13121
2011-08-25 23:00:00,150.95897
2011-08-26 00:00:00,156.85966
2011-08-26 01:00:00,139.13121
2011-08-26 02:00:00,146.06502
2011-08-26 03:00:00,137.8848
2011-08-26 04:00:00,129.57655
2011-08-26 05:00:00,132.24738
2011-08-26 06:00:00,129.57655
2011-08-26 07:00:00,141.22104
2011-08-26 08:00:00,161.43297
2011-08-26 09:00:00,205.36655
2011-08-26 10:00:00,269.531
2011-08-26 11:00:00,298.41727
2011-08-26 12:00:00,293.73608
2011-08-26 13:00:00,335.6906
2011-08-26 14:00:00,327.5417
2011-08-26 15:00:00,356.93835
2011-08-26 16:00:00,310.84103
2011-08-26 17:00:00,251.02638
2011-08-26 18:00:00,249.675
2011-08-26 19:00:00,203.60818
2011-08-26 20:00:00,202.139
2011-08-26 21:00:00,209.66469
2011-08-26 22:00:00,203.6082
2011-08-26 23:00:00,171.96031
2011-08-27 00:00:00,172.99603
2011-08-27 01:00:00,180.26273
2011-08-27 02:00:00,185.89642
2011-08-27 03:00:00,195.62888
2011-08-27 04:00:00,195.62888
2011-08-27 05:00:00,209.73206
2011-08-27 06:00:00,209.73206
2011-08-27 07:00:00,221.01836
2011-08-27 08:00:00,201.2626
2011-08-27 09:00:00,232.30466
2011-08-27 10:00:00,255.41171
2011-08-27 11:00:00,200.83093
2011-08-27 12:00:00,235.488
2011-08-27 13:00:00,215.75114
2011-08-27 14:00:00,220.24557
2011-08-27 15:00:00,220.24557
2011-08-27 16:00:00,214.61188
2011-08-27 17:00:00,264.99295
2011-08-28 07:00:00,198.12933
2011-08-28 08:00:00,209.41563
2011-08-28 09:00:00,242.54198
2011-08-28 10:00:00,329.78625
2011-08-28 11:00:00,322.30576
2011-08-28 12:00:00,367.894
2011-08-28 13:00:00,402.05557
2011-08-28 14:00:00,425.7507
2011-08-28 15:00:00,419.8061
2011-08-28 16:00:00,425.78995
2011-08-28 17:00:00,416.0705
2011-08-28 18:00:00,395.37836
2011-08-28 19:00:00,350.92267
2011-08-28 20:00:00,361.0405
2011-08-28 21:00:00,266.7317
2011-08-28 22:00:00,216.66644
2011-08-28 23:00:00,189.26007
2011-08-29 00:00:00,183.72118
2011-08-29 01:00:00,199.77852
2011-08-29 02:00:00,208.60332
2011-08-29 03:00:00,199.77852
2011-08-29 04:00:00,182.52206
2011-08-29 05:00:00,164.75356
2011-08-29 06:00:00,164.75356
2011-08-29 07:00:00,260.117
2011-08-29 08:00:00,285.60608
2011-08-29 09:00:00,305.00485
2011-08-29 10:00:00,338.37872
2011-08-29 11:00:00,332.50223
2011-08-29 12:00:00,365.38754
2011-08-29 13:00:00,375.49274
2011-08-29 14:00:00,352.22812
2011-08-29 15:00:00,368.391
2011-08-29 16:00:00,376.3976
2011-08-29 17:00:00,360.31952
2011-08-29 18:00:00,341.31204
2011-08-29 19:00:00,341.31204
2011-08-29 20:00:00,299.79953
2011-08-29 21:00:00,302.73288
2011-08-29 22:00:00,273.85306
2011-08-29 23:00:00,246.89732
2011-08-30 00:00:00,164.75356
2011-08-30 01:00:00,179.58376
2011-08-30 02:00:00,153.15921
2011-08-30 03:00:00,170.06511
2011-08-30 04:00:00,149.88026
2011-08-30 05:00:00,140.0326
2011-08-30 06:00:00,153.15921
2011-08-30 07:00:00,182.52206
2011-08-30 08:00:00,273.85306
2011-08-30 09:00:00,323.8296
2011-08-30 10:00:00,387.9388
2011-08-30 11:00:00,389.74243
2011-08-30 12:00:00,381.51312
2011-08-30 13:00:00,386.35495
2011-08-30 14:00:00,387.4304
2011-08-30 15:00:00,391.17117
2011-08-30 16:00:00,390.09583
2011-08-30 17:00:00,379.3309
2011-08-30 18:00:00,353.84192
2011-08-30 19:00:00,310.60992
2011-08-30 20:00:00,301.79025
2011-08-30 21:00:00,229.76132
2011-08-30 22:00:00,236.83247
2011-08-30 23:00:00,236.83247
2011-08-31 00:00:00,191.41167
2011-08-31 01:00:00,191.41167
2011-08-31 02:00:00,150.86859
2011-08-31 03:00:00,134.98715
2011-08-31 04:00:00,150.86859
2011-08-31 05:00:00,133.94478
2011-08-31 06:00:00,132.46552
2011-08-31 07:00:00,147.07155
2011-08-31 08:00:00,198.57887
2011-08-31 09:00:00,210.06392
2011-08-31 10:00:00,347.96542
2011-08-31 11:00:00,373.45453
2011-08-31 12:00:00,376.64053
2011-08-31 13:00:00,387.68762
2011-08-31 14:00:00,386.75833
2011-08-31 15:00:00,386.75833
2011-08-31 16:00:00,381.49023
2011-08-31 17:00:00,358.9054
2011-08-31 18:00:00,335.02234
2011-08-31 19:00:00,417.9197
2011-08-31 20:00:00,281.0621
2011-08-31 21:00:00,257.2633
2011-08-31 22:00:00,201.53851
2011-08-31 23:00:00,159.45982
2011-09-20 00:00:00,174.48605
2011-09-20 01:00:00,138.21829
2011-09-20 02:00:00,138.21829
2011-09-20 03:00:00,154.72284
2011-09-20 04:00:00,139.10246
2011-09-20 05:00:00,142.15205
2011-09-20 06:00:00,142.15205
2011-09-20 07:00:00,138.21829
2011-09-20 08:00:00,142.73393
2011-09-20 09:00:00,138.80014
2011-09-20 10:00:00,145.51431
2011-09-20 11:00:00,145.51431
2011-09-20 12:00:00,133.287
2011-09-20 13:00:00,130.18521
2011-09-20 14:00:00,150.65916
2011-09-20 15:00:00,169.52097
2011-09-20 16:00:00,159.59557
2011-09-20 17:00:00,148.66515
2011-09-20 18:00:00,148.66515
2011-09-20 19:00:00,124.427315
2011-09-20 20:00:00,114.79419
2011-09-20 21:00:00,114.79419
2011-09-20 22:00:00,114.79419
2011-09-20 23:00:00,114.79419
2011-09-21 00:00:00,108.46385
2011-09-21 01:00:00,112.28647
2011-09-21 02:00:00,112.28647
2011-09-21 03:00:00,122.07419
2011-09-21 04:00:00,120.25499
2011-09-21 05:00:00,122.453835
2011-09-21 06:00:00,125.54526
2011-09-21 07:00:00,125.54526
2011-09-21 08:00:00,118.0952
2011-09-21 09:00:00,119.52299
2011-09-21 10:00:00,128.77351
2011-09-21 11:00:00,163.85628
2011-09-21 12:00:00,171.69188
2011-09-21 13:00:00,211.30453
2011-09-21 14:00:00,214.24284
2011-09-21 15:00:00,205.41803
2011-09-21 16:00:00,205.41803
2011-09-21 17:00:00,221.72617
2011-09-21 18:00:00,170.25993
2011-09-21 19:00:00,125.760445
2011-09-21 20:00:00,125.760445
2011-09-21 21:00:00,119.19679
2011-09-21 22:00:00,123.08961
2011-09-21 23:00:00,125.97523
2011-09-22 00:00:00,125.97523
2011-09-22 01:00:00,127.10036
2011-09-22 02:00:00,128.64606
2011-09-22 03:00:00,127.10032
2011-09-22 04:00:00,127.10032
2011-09-22 05:00:00,128.64606
2011-09-22 06:00:00,122.56778
2011-09-22 07:00:00,120.276695
2011-09-22 08:00:00,125.6696
2011-09-22 09:00:00,144.49033
2011-09-22 10:00:00,163.47833
2011-09-22 11:00:00,159.53136
2011-09-22 12:00:00,175.14368
2011-09-22 13:00:00,180.77739
2011-09-22 14:00:00,186.42998
2011-09-22 15:00:00,195.81735
2011-09-22 16:00:00,216.47087
2011-09-22 17:00:00,179.80644
2011-09-22 18:00:00,158.06534
2011-09-22 19:00:00,145.7499
2011-09-22 20:00:00,137.02177
2011-09-22 21:00:00,145.7499
2011-09-22 22:00:00,121.713326
2011-09-22 23:00:00,123.08961
2011-09-23 00:00:00,146.92233
2011-09-23 01:00:00,123.52151
2011-09-23 02:00:00,133.48712
2011-09-23 03:00:00,123.52151
2011-09-23 04:00:00,125.578995
2011-09-23 05:00:00,137.10036
2011-09-23 06:00:00,146.92233
2011-09-23 07:00:00,155.87263
2011-09-23 08:00:00,155.87263
2011-09-23 09:00:00,142.7352
2011-09-23 10:00:00,139.64375
2011-09-23 11:00:00,139.64374
2011-09-23 12:00:00,151.93886
2011-09-23 13:00:00,134.61224
2011-09-23 14:00:00,134.61224
2011-09-23 15:00:00,151.93884
2011-09-23 16:00:00,139.77121
2011-09-23 17:00:00,123.52151
2011-09-23 18:00:00,121.464035
2011-09-23 19:00:00,149.77342
2011-09-23 20:00:00,129.14523
2011-09-23 21:00:00,137.0095
2011-09-23 22:00:00,147.30312
2011-09-23 23:00:00,140.32246
2011-09-24 00:00:00,131.31561
2011-09-24 01:00:00,141.34573
2011-09-24 02:00:00,141.34573
2011-09-24 03:00:00,129.3799
2011-09-24 04:00:00,136.73482
2011-09-24 05:00:00,139.40565
2011-09-24 06:00:00,139.40565
2011-09-24 07:00:00,152.04239
2011-09-24 08:00:00,150.16577
2011-09-24 09:00:00,162.04982
2011-09-24 10:00:00,162.04982
2011-09-24 11:00:00,195.70819
2011-09-24 12:00:00,195.70819
2011-09-24 13:00:00,212.6977
2011-09-24 14:00:00,255.01738
2011-09-24 15:00:00,255.01738
2011-09-24 16:00:00,225.15897
2011-09-24 17:00:00,242.73071
2011-09-24 18:00:00,213.53468
2011-09-24 19:00:00,156.72816
2011-09-24 20:00:00,183.24698
2011-09-24 21:00:00,183.96448
2011-09-24 22:00:00,168.4718
2011-09-24 23:00:00,162.04982
2011-09-25 00:00:00,161.33229
2011-09-25 01:00:00,162.16916
2011-09-25 02:00:00,140.89621
2011-09-25 03:00:00,140.89621
2011-09-25 04:00:00,146.72023
2011-09-25 05:00:00,150.30612
2011-09-25 06:00:00,162.16916
2011-09-25 07:00:00,144.04935
2011-09-25 08:00:00,168.4718
2011-09-25 09:00:00,197.95026
2011-09-25 10:00:00,197.95026
2011-09-25 11:00:00,232.68411
2011-09-25 12:00:00,231.60858
2011-09-25 13:00:00,260.80472
2011-09-25 14:00:00,231.60858
2011-09-25 15:00:00,231.60858
2011-09-25 16:00:00,273.81204
2011-09-25 17:00:00,249.061
2011-09-25 18:00:00,249.061
2011-09-25 19:00:00,187.28204
2011-09-25 20:00:00,186.92407
2011-09-25 21:00:00,142.02567
2011-09-25 22:00:00,157.4456
2011-09-25 23:00:00,146.24219
2011-09-26 00:00:00,137.10036
2011-09-26 01:00:00,161.39433
2011-09-26 02:00:00,161.39433
2011-09-26 03:00:00,137.10036
2011-09-26 04:00:00,146.92233
2011-09-26 05:00:00,156.57089
2011-09-26 06:00:00,146.92233
2011-09-26 07:00:00,137.10036
2011-09-26 08:00:00,137.10036
2011-09-26 09:00:00,175.78049
2011-09-26 10:00:00,175.78049
2011-09-26 11:00:00,231.78975
2011-09-26 12:00:00,236.32495
2011-09-26 13:00:00,273.44052
2011-09-26 14:00:00,278.10748
2011-09-26 15:00:00,326.3998
2011-09-26 16:00:00,302.356
2011-09-26 17:00:00,275.16434
2011-09-26 18:00:00,187.75986
2011-09-26 19:00:00,191.21503
2011-09-26 20:00:00,164.81445
2011-09-26 21:00:00,164.81445
2011-09-26 22:00:00,149.77342
2011-09-26 23:00:00,149.77342
2011-09-27 00:00:00,149.77342
2011-09-27 01:00:00,153.72041
2011-09-27 02:00:00,145.83961
2011-09-27 03:00:00,137.10036
2011-09-27 04:00:00,149.97191
2011-09-27 05:00:00,149.97191
2011-09-27 06:00:00,148.88924
2011-09-27 07:00:00,148.88924
2011-09-27 08:00:00,163.93028
2011-09-27 09:00:00,179.86041
2011-09-27 10:00:00,164.06604
2011-09-27 11:00:00,168.17671
2011-09-27 12:00:00,172.11047
2011-09-27 13:00:00,279.317
2011-09-27 14:00:00,230.43837
2011-09-27 15:00:00,209.46097
2011-09-27 16:00:00,207.00636
2011-09-27 17:00:00,181.75526
2011-09-27 18:00:00,181.4331
2011-09-27 19:00:00,167.86409
2011-09-27 20:00:00,197.8372
2011-09-27 21:00:00,164.17892
2011-09-27 22:00:00,152.13142
2011-09-27 23:00:00,152.13142
2011-09-28 00:00:00,140.30365
2011-09-28 01:00:00,140.30365
2011-09-28 02:00:00,173.94528
2011-09-28 03:00:00,141.1111
2011-09-28 04:00:00,140.30365
2011-09-28 05:00:00,131.81606
2011-09-28 06:00:00,153.40234
2011-09-28 07:00:00,153.40234
2011-09-28 08:00:00,167.70044
2011-09-28 09:00:00,167.70044
2011-09-28 10:00:00,137.10036
2011-09-28 11:00:00,198.23328
2011-09-28 12:00:00,226.59245
2011-09-28 13:00:00,271.9094
2011-09-28 14:00:00,338.15283
2011-09-28 15:00:00,275.16434
2011-09-28 16:00:00,281.04083
2011-09-28 17:00:00,283.984
2011-09-28 18:00:00,223.31445
2011-09-28 19:00:00,223.31445
2011-09-28 20:00:00,208.18121
2011-09-28 21:00:00,182.10498
2011-09-28 22:00:00,152.13142
2011-09-28 23:00:00,143.35611
2011-09-29 00:00:00,151.23692
2011-09-29 01:00:00,142.77177
2011-09-29 02:00:00,142.77177
2011-09-29 03:00:00,154.28653
2011-09-29 04:00:00,168.96251
2011-09-29 05:00:00,157.14792
2011-09-29 06:00:00,155.18105
2011-09-29 07:00:00,158.0321
2011-09-29 08:00:00,164.17892
2011-09-29 09:00:00,215.3384
2011-09-29 10:00:00,281.24017
2011-09-29 11:00:00,297.03445
2011-09-29 12:00:00,305.7123
2011-09-29 13:00:00,305.04114
2011-09-29 14:00:00,375.4647
2011-09-29 15:00:00,413.38254
2011-09-29 16:00:00,422.69586
2011-09-29 17:00:00,386.82767
2011-09-29 18:00:00,404.97815
2011-09-29 19:00:00,344.50668
2011-09-29 20:00:00,326.35312
2011-09-29 21:00:00,277.31088
2011-09-29 22:00:00,216.80608
2011-09-29 23:00:00,163.17603
2011-09-30 00:00:00,147.86446
2011-09-30 01:00:00,163.05673
2011-09-30 02:00:00,147.86446
2011-09-30 03:00:00,147.86446
2011-09-30 04:00:00,159.67905
2011-09-30 05:00:00,159.67905
2011-09-30 06:00:00,163.62605
2011-09-30 07:00:00,163.62605
2011-09-30 08:00:00,171.64552
2011-09-30 09:00:00,205.31458
2011-09-30 10:00:00,261.24298
2011-09-30 11:00:00,314.16336
2011-09-30 12:00:00,334.7404
2011-09-30 13:00:00,400.07135
2011-09-30 14:00:00,393.5237
2011-09-30 15:00:00,367.20743
2011-09-30 16:00:00,343.1773
2011-09-30 17:00:00,340.2341
2011-09-30 18:00:00,346.51776
2011-09-30 19:00:00,308.5831
2011-09-30 20:00:00,308.5831
2011-09-30 21:00:00,277.17853
2011-09-30 22:00:00,290.40808
2011-09-30 23:00:00,290.40808
2011-10-20 00:00:00,163.00851
2011-10-20 01:00:00,184.70102
2011-10-20 02:00:00,201.63994
2011-10-20 03:00:00,204.05829
2011-10-20 04:00:00,204.05829
2011-10-20 05:00:00,178.32777
2011-10-20 06:00:00,177.64487
2011-10-20 07:00:00,191.94061
2011-10-20 08:00:00,241.3134
2011-10-20 09:00:00,252.59972
2011-10-20 10:00:00,258.68402
2011-10-20 11:00:00,293.4618
2011-10-20 12:00:00,327.40967
2011-10-20 13:00:00,355.8419
2011-10-20 14:00:00,340.64346
2011-10-20 15:00:00,315.81793
2011-10-20 16:00:00,315.81793
2011-10-20 17:00:00,324.49045
2011-10-20 18:00:00,293.08588
2011-10-20 19:00:00,288.66193
2011-10-20 20:00:00,296.02908
2011-10-20 21:00:00,274.77872
2011-10-20 22:00:00,277.7219
2011-10-20 23:00:00,228.35306
2011-10-21 00:00:00,200.57062
2011-10-21 01:00:00,197.63222
2011-10-21 02:00:00,163.93378
2011-10-21 03:00:00,134.13942
2011-10-21 04:00:00,138.08641
2011-10-21 05:00:00,129.13574
2011-10-21 06:00:00,138.08641
2011-10-21 07:00:00,138.08641
2011-10-21 08:00:00,194.68405
2011-10-21 09:00:00,226.93275
2011-10-21 10:00:00,269.5657
2011-10-21 11:00:00,320.58282
2011-10-21 12:00:00,327.926
2011-10-21 13:00:00,308.31345
2011-10-21 14:00:00,350.5109
2011-10-21 15:00:00,326.45932
2011-10-21 16:00:00,323.5162
2011-10-21 17:00:00,288.67603
2011-10-21 18:00:00,266.1203
2011-10-21 19:00:00,279.34988
2011-10-21 20:00:00,263.187
2011-10-21 21:00:00,219.52823
2011-10-21 22:00:00,238.97421
2011-10-21 23:00:00,197.63222
2011-10-22 00:00:00,199.81746
2011-10-22 01:00:00,199.81746
2011-10-22 02:00:00,205.70396
2011-10-22 03:00:00,199.32945
2011-10-22 04:00:00,173.95532
2011-10-22 05:00:00,173.23778
2011-10-22 06:00:00,143.78699
2011-10-22 07:00:00,122.20387
2011-10-22 08:00:00,158.09364
2011-10-22 09:00:00,183.79968
2011-10-22 10:00:00,225.14116
2011-10-22 11:00:00,225.14116
2011-10-22 12:00:00,251.26706
2011-10-22 13:00:00,308.5901
2011-10-22 14:00:00,313.39606
2011-10-22 15:00:00,288.54648
2011-10-22 16:00:00,322.70813
2011-10-22 17:00:00,252.29222
2011-10-22 18:00:00,248.59358
2011-10-22 19:00:00,190.24927
2011-10-22 20:00:00,183.08214
2011-10-22 21:00:00,136.08342
2011-10-22 22:00:00,136.08342
2011-10-22 23:00:00,110.213295
2011-10-23 00:00:00,104.52005
2011-10-23 01:00:00,104.52005
2011-10-23 02:00:00,107.16425
2011-10-23 03:00:00,102.00349
2011-10-23 04:00:00,102.00349
2011-10-23 05:00:00,99.49578
2011-10-23 06:00:00,105.72761
2011-10-23 07:00:00,107.16425
2011-10-23 08:00:00,111.57847
2011-10-23 09:00:00,136.08342
2011-10-23 10:00:00,165.95065
2011-10-23 11:00:00,176.39247
2011-10-23 12:00:00,260.6889
2011-10-23 13:00:00,282.247
2011-10-23 14:00:00,285.19016
2011-10-23 15:00:00,293.8627
2011-10-23 16:00:00,282.247
2011-10-23 17:00:00,230.61998
2011-10-23 18:00:00,230.38136
2011-10-23 19:00:00,152.7662
2011-10-23 20:00:00,168.65555
2011-10-23 21:00:00,168.65555
2011-10-23 22:00:00,139.29642
2011-10-23 23:00:00,141.72993
2011-10-24 00:00:00,127.06437
2011-10-24 01:00:00,128.40497
2011-10-24 02:00:00,119.180824
2011-10-24 03:00:00,123.76783
2011-10-24 04:00:00,114.47281
2011-10-24 05:00:00,107.45899
2011-10-24 06:00:00,119.180824
2011-10-24 07:00:00,112.630615
2011-10-24 08:00:00,130.29219
2011-10-24 09:00:00,143.50539
2011-10-24 10:00:00,159.56636
2011-10-24 11:00:00,193.40808
2011-10-24 12:00:00,215.33345
2011-10-24 13:00:00,254.81078
2011-10-24 14:00:00,251.8676
2011-10-24 15:00:00,266.03915
2011-10-24 16:00:00,241.54866
2011-10-24 17:00:00,207.85019
2011-10-24 18:00:00,250.68935
2011-10-24 19:00:00,149.20854
2011-10-24 20:00:00,141.08212
2011-10-24 21:00:00,129.61436
2011-10-24 22:00:00,162.14464
2011-10-24 23:00:00,143.4783
2011-10-25 00:00:00,145.13255
2011-10-25 01:00:00,145.13255
2011-10-25 02:00:00,132.2481
2011-10-25 03:00:00,109.97554
2011-10-25 04:00:00,118.786446
2011-10-25 05:00:00,118.786446
2011-10-25 06:00:00,121.827736
2011-10-25 07:00:00,146.23102
2011-10-25 08:00:00,156.03716
2011-10-25 09:00:00,264.07928
2011-10-25 10:00:00,294.418
2011-10-25 11:00:00,319.94608
2011-10-25 12:00:00,378.97226
2011-10-25 13:00:00,392.52856
2011-10-25 14:00:00,371.84283
2011-10-25 15:00:00,371.09512
2011-10-25 16:00:00,380.4528
2011-10-25 17:00:00,371.09512
2011-10-25 18:00:00,331.41467
2011-10-25 19:00:00,202.46147
2011-10-25 20:00:00,186.32475
2011-10-25 21:00:00,157.11263
2011-10-25 22:00:00,194.34695
2011-10-25 23:00:00,157.11263
2011-10-26 00:00:00,164.5917
2011-10-26 01:00:00,192.14842
2011-10-26 02:00:00,183.32356
2011-10-26 03:00:00,189.21004
2011-10-26 04:00:00,172.81108
2011-10-26 05:00:00,167.17738
2011-10-26 06:00:00,167.17738
2011-10-26 07:00:00,155.8911
2011-10-26 08:00:00,196.68352
2011-10-26 09:00:00,235.52873
2011-10-26 10:00:00,259.40768
2011-10-26 11:00:00,271.00934
2011-10-26 12:00:00,334.50034
2011-10-26 13:00:00,280.76364
2011-10-26 14:00:00,174.08289
2011-10-26 15:00:00,174.08289
2011-10-26 16:00:00,174.8004
2011-10-26 17:00:00,174.91972
2011-10-26 18:00:00,168.25877
2011-10-26 19:00:00,133.02574
2011-10-26 20:00:00,124.50677
2011-10-26 21:00:00,174.08289
2011-10-26 22:00:00,132.99875
2011-10-26 23:00:00,132.99875
2011-10-27 00:00:00,113.04778
2011-10-27 01:00:00,113.04778
2011-10-27 02:00:00,117.16277
2011-10-27 03:00:00,117.16276
2011-10-27 04:00:00,126.37456
2011-10-27 05:00:00,135.66957
2011-10-27 06:00:00,156.34813
2011-10-27 07:00:00,122.15366
2011-10-27 08:00:00,148.64738
2011-10-27 09:00:00,156.25893
2011-10-27 10:00:00,152.89383
2011-10-27 11:00:00,145.01302
2011-10-27 12:00:00,145.01302
2011-10-27 13:00:00,145.91042
2011-10-27 14:00:00,147.30928
2011-10-27 15:00:00,150.91406
2011-10-27 16:00:00,212.79785
2011-10-27 17:00:00,237.41328
2011-10-27 18:00:00,246.07614
2011-10-27 19:00:00,234.10695
2011-10-27 20:00:00,229.66637
2011-10-27 21:00:00,243.98181
2011-10-27 22:00:00,202.73396
2011-10-27 23:00:00,197.27397
2011-10-28 00:00:00,154.58311
2011-10-28 01:00:00,148.58868
2011-10-28 02:00:00,154.2413
2011-10-28 03:00:00,140.64832
2011-10-28 04:00:00,151.19405
2011-10-28 05:00:00,162.03836
2011-10-28 06:00:00,141.06442
2011-10-28 07:00:00,141.06442
2011-10-28 08:00:00,162.90411
2011-10-28 09:00:00,176.4609
2011-10-28 10:00:00,184.5754
2011-10-28 11:00:00,231.36693
2011-10-28 12:00:00,301.12802
2011-10-28 13:00:00,297.30508
2011-10-28 14:00:00,258.12308
2011-10-28 15:00:00,274.11737
2011-10-28 16:00:00,255.18976
2011-10-28 17:00:00,232.8478
2011-10-28 18:00:00,221.24187
2011-10-28 19:00:00,232.8478
2011-10-28 20:00:00,185.72125
2011-10-28 21:00:00,138.45659
2011-10-28 22:00:00,138.12378
2011-10-28 23:00:00,131.51828
2011-10-29 00:00:00,114.8704
2011-10-29 01:00:00,118.326004
2011-10-29 02:00:00,118.326004
2011-10-29 03:00:00,140.24393
2011-10-29 04:00:00,140.24393
2011-10-29 05:00:00,111.52492
2011-10-29 06:00:00,115.76106
2011-10-29 07:00:00,115.76106
2011-10-29 08:00:00,121.045364
2011-10-29 09:00:00,121.045364
2011-10-29 10:00:00,109.3651
2011-10-29 11:00:00,113.69197
2011-10-29 12:00:00,124.40894
2011-10-29 13:00:00,127.51071
2011-10-29 14:00:00,119.77181
2011-10-29 15:00:00,100.259995
2011-10-29 16:00:00,104.34083
2011-10-29 17:00:00,104.34083
2011-10-29 18:00:00,104.34083
2011-10-29 19:00:00,108.71602
2011-10-29 20:00:00,108.71602
2011-10-29 21:00:00,108.71602
2011-10-29 22:00:00,97.807846
2011-10-29 23:00:00,96.98282
2011-10-30 00:00:00,97.807846
2011-10-30 01:00:00,99.96764
2011-10-30 02:00:00,102.134705
2011-10-30 03:00:00,121.68806
2011-10-30 04:00:00,108.95412
2011-10-30 05:00:00,115.45895
2011-10-30 06:00:00,112.62186
2011-10-30 07:00:00,97.092514
2011-10-30 08:00:00,121.17155
2011-10-30 09:00:00,142.23619
2011-10-30 10:00:00,170.61285
2011-10-30 11:00:00,221.88632
2011-10-30 12:00:00,250.3323
2011-10-30 13:00:00,295.25916
2011-10-30 14:00:00,324.57104
2011-10-30 15:00:00,336.1868
2011-10-30 16:00:00,345.4007
2011-10-30 17:00:00,322.30365
2011-10-30 18:00:00,276.11267
2011-10-30 19:00:00,337.67392
2011-10-30 20:00:00,199.09142
2011-10-30 21:00:00,151.79161
2011-10-30 22:00:00,109.619385
2011-10-30 23:00:00,91.95499
2011-10-31 00:00:00,92.38622
2011-10-31 01:00:00,96.208824
2011-10-31 02:00:00,89.878494
2011-10-31 03:00:00,94.7771
2011-10-31 04:00:00,89.878494
2011-10-31 05:00:00,80.98659
2011-10-31 06:00:00,89.878494
2011-10-31 07:00:00,84.27818
2011-10-31 08:00:00,96.96021
2011-10-31 09:00:00,124.00863
2011-10-31 10:00:00,201.67006
2011-10-31 11:00:00,247.42316
2011-10-31 12:00:00,293.34766
2011-10-31 13:00:00,311.68396
2011-10-31 14:00:00,297.1349
2011-10-31 15:00:00,280.9579
2011-10-31 16:00:00,238.97421
2011-10-31 17:00:00,236.03104
2011-10-31 18:00:00,169.22154
2011-10-31 19:00:00,169.22154
2011-10-31 20:00:00,169.22154
2011-10-31 21:00:00,136.44604
2011-10-31 22:00:00,136.44604
2011-10-31 23:00:00,136.44604
2011-11-20 00:00:00,174.55273
2011-11-20 01:00:00,205.70396
2011-11-20 02:00:00,208.65216
2011-11-20 03:00:00,199.37633
2011-11-20 04:00:00,174.7546
2011-11-20 05:00:00,202.53708
2011-11-20 06:00:00,199.58891
2011-11-20 07:00:00,186.22891
2011-11-20 08:00:00,182.83966
2011-11-20 09:00:00,169.25296
2011-11-20 10:00:00,180.51855
2011-11-20 11:00:00,242.05516
2011-11-20 12:00:00,242.28882
2011-11-20 13:00:00,276.3348
2011-11-20 14:00:00,249.32591
2011-11-20 15:00:00,229.29173
2011-11-20 16:00:00,249.37727
2011-11-20 17:00:00,253.7499
2011-11-20 18:00:00,256.93607
2011-11-20 19:00:00,201.96472
2011-11-20 20:00:00,226.98093
2011-11-20 21:00:00,172.39464
2011-11-20 22:00:00,130.80824
2011-11-20 23:00:00,130.80824
2011-11-21 00:00:00,115.10529
2011-11-21 01:00:00,135.65488
2011-11-21 02:00:00,124.89297
2011-11-21 03:00:00,120.566086
2011-11-21 04:00:00,120.566086
2011-11-21 05:00:00,108.77496
2011-11-21 06:00:00,106.25841
2011-11-21 07:00:00,129.89258
2011-11-21 08:00:00,115.10529
2011-11-21 09:00:00,127.18517
2011-11-21 10:00:00,147.30928
2011-11-21 11:00:00,150.91406
2011-11-21 12:00:00,167.99117
2011-11-21 13:00:00,167.99117
2011-11-21 14:00:00,155.94629
2011-11-21 15:00:00,135.28276
2011-11-21 16:00:00,135.28276
2011-11-21 17:00:00,139.5359
2011-11-21 18:00:00,136.05446
2011-11-21 19:00:00,125.2213
2011-11-21 20:00:00,137.30492
2011-11-21 21:00:00,130.71568
2011-11-21 22:00:00,127.61392
2011-11-21 23:00:00,130.71568
2011-11-22 00:00:00,114.68807
2011-11-22 01:00:00,119.36443
2011-11-22 02:00:00,110.865486
2011-11-22 03:00:00,110.865486
2011-11-22 04:00:00,119.01496
2011-11-22 05:00:00,119.01496
2011-11-22 06:00:00,112.630615
2011-11-22 07:00:00,124.83728
2011-11-22 08:00:00,124.83728
2011-11-22 09:00:00,109.63079
2011-11-22 10:00:00,109.63079
2011-11-22 11:00:00,119.36443
2011-11-22 12:00:00,112.30209
2011-11-22 13:00:00,114.809814
2011-11-22 14:00:00,114.809814
2011-11-22 15:00:00,114.65504
2011-11-22 16:00:00,114.65504
2011-11-22 17:00:00,117.32638
2011-11-22 18:00:00,110.832436
2011-11-22 19:00:00,126.37021
2011-11-22 20:00:00,128.72653
2011-11-22 21:00:00,131.81796
2011-11-22 22:00:00,139.9437
2011-11-22 23:00:00,143.13005
2011-11-23 00:00:00,143.13005
2011-11-23 01:00:00,149.04391
2011-11-23 02:00:00,164.22075
2011-11-23 03:00:00,164.22075
2011-11-23 04:00:00,180.89153
2011-11-23 05:00:00,132.98401
2011-11-23 06:00:00,108.77496
2011-11-23 07:00:00,117.77659
2011-11-23 08:00:00,127.18517
2011-11-23 09:00:00,143.75633
2011-11-23 10:00:00,143.75633
2011-11-23 11:00:00,228.94388
2011-11-23 12:00:00,283.17545
2011-11-23 13:00:00,289.62637
2011-11-23 14:00:00,268.35672
2011-11-23 15:00:00,277.19055
2011-11-23 16:00:00,236.77539
2011-11-23 17:00:00,194.40996
2011-11-23 18:00:00,259.6675
2011-11-23 19:00:00,225.40552
2011-11-23 20:00:00,197.67639
2011-11-23 21:00:00,223.44792
2011-11-23 22:00:00,202.92654
2011-11-23 23:00:00,185.98766
2011-11-24 00:00:00,182.38527
2011-11-24 01:00:00,192.99124
2011-11-24 02:00:00,157.87486
2011-11-24 03:00:00,135.87059
2011-11-24 04:00:00,164.70866
2011-11-24 05:00:00,164.82799
2011-11-24 06:00:00,164.70866
2011-11-24 07:00:00,102.13698
2011-11-24 08:00:00,146.8597
2011-11-24 09:00:00,178.2978
2011-11-24 10:00:00,207.49391
2011-11-24 11:00:00,317.03857
2011-11-24 12:00:00,349.98633
2011-11-24 13:00:00,370.8686
2011-11-24 14:00:00,385.79416
2011-11-24 15:00:00,383.9871
2011-11-24 16:00:00,381.0671
2011-11-24 17:00:00,357.4403
2011-11-24 18:00:00,260.30777
2011-11-24 19:00:00,235.81316
2011-11-24 20:00:00,122.79483
2011-11-24 21:00:00,137.94977
2011-11-24 22:00:00,137.94977
2011-11-24 23:00:00,115.76346
2011-11-25 00:00:00,125.201935
2011-11-25 01:00:00,111.386635
2011-11-25 02:00:00,103.62397
2011-11-25 03:00:00,109.41144
2011-11-25 04:00:00,114.69575
2011-11-25 05:00:00,102.54799
2011-11-25 06:00:00,101.10743
2011-11-25 07:00:00,96.208824
2011-11-25 08:00:00,103.26725
2011-11-25 09:00:00,107.91272
2011-11-25 10:00:00,138.08641
2011-11-25 11:00:00,169.34082
2011-11-25 12:00:00,263.6892
2011-11-25 13:00:00,320.58282
2011-11-25 14:00:00,357.7168
2011-11-25 15:00:00,369.22864
2011-11-25 16:00:00,343.8045
2011-11-25 17:00:00,360.0608
2011-11-25 18:00:00,296.17044
2011-11-25 19:00:00,171.18121
2011-11-25 20:00:00,204.91965
2011-11-25 21:00:00,131.88608
2011-11-25 22:00:00,126.1489
2011-11-25 23:00:00,120.42888
2011-11-26 00:00:00,118.729996
2011-11-26 01:00:00,113.698494
2011-11-26 02:00:00,107.04249
2011-11-26 03:00:00,100.80185
2011-11-26 04:00:00,100.80185
2011-11-26 05:00:00,112.99685
2011-11-26 06:00:00,115.90667
2011-11-26 07:00:00,96.853584
2011-11-26 08:00:00,113.698494
2011-11-26 09:00:00,117.18428
2011-11-26 10:00:00,108.34265
2011-11-26 11:00:00,199.0908
2011-11-26 12:00:00,261.05386
2011-11-26 13:00:00,305.91656
2011-11-26 14:00:00,304.57642
2011-11-26 15:00:00,338.74786
2011-11-26 16:00:00,301.39026
2011-11-26 17:00:00,301.39026
2011-11-26 18:00:00,218.45206
2011-11-26 19:00:00,170.55482
2011-11-26 20:00:00,234.87479
2011-11-26 21:00:00,118.611946
2011-11-26 22:00:00,140.3589
2011-11-26 23:00:00,108.34265
2011-11-27 00:00:00,108.34265
2011-11-27 01:00:00,108.34265
2011-11-27 02:00:00,105.82611
2011-11-27 03:00:00,102.00349
2011-11-27 04:00:00,108.24414
2011-11-27 05:00:00,116.198
2011-11-27 06:00:00,126.32209
2011-11-27 07:00:00,126.382576
2011-11-27 08:00:00,146.58824
2011-11-27 09:00:00,183.69327
2011-11-27 10:00:00,183.69327
2011-11-27 11:00:00,251.56775
2011-11-27 12:00:00,294.25275
2011-11-27 13:00:00,266.0343
2011-11-27 14:00:00,420.24872
2011-11-27 15:00:00,402.61923
2011-11-27 16:00:00,318.71503
2011-11-27 17:00:00,285.4331
2011-11-27 18:00:00,232.43903
2011-11-27 19:00:00,210.54306
2011-11-27 20:00:00,241.26384
2011-11-27 21:00:00,216.42961
2011-11-27 22:00:00,188.85965
2011-11-27 23:00:00,188.85965
2011-11-28 00:00:00,172.86775
2011-11-28 01:00:00,175.6846
2011-11-28 03:00:00,137.98802
2011-11-28 04:00:00,130.72751
2011-11-28 05:00:00,109.97554
2011-11-28 06:00:00,127.24171
2011-11-28 07:00:00,111.84615
2011-11-28 08:00:00,110.081
2011-11-28 09:00:00,141.03763
2011-11-28 10:00:00,160.85173
2011-11-28 11:00:00,215.3335
2011-11-28 12:00:00,260.1627
2011-11-28 13:00:00,288.43945
2011-11-28 14:00:00,302.98438
2011-11-28 15:00:00,274.07498
2011-11-28 16:00:00,268.97247
2011-11-28 17:00:00,296.40704
2011-11-28 18:00:00,252.51697
2011-11-28 19:00:00,200.17766
2011-11-28 20:00:00,213.5376
2011-11-28 21:00:00,190.90184
2011-11-28 22:00:00,150.91406
2011-11-28 23:00:00,154.84785
2011-11-29 00:00:00,135.56555
2011-11-29 01:00:00,145.89757
2011-11-29 02:00:00,127.1776
2011-11-29 03:00:00,127.1776
2011-11-29 04:00:00,185.81561
2011-11-29 05:00:00,158.62231
2011-11-29 06:00:00,173.26627
2011-11-29 07:00:00,179.54512
2011-11-29 08:00:00,196.82579
2011-11-29 09:00:00,248.23471
2011-11-29 10:00:00,248.23471
2011-11-29 11:00:00,166.68845
2011-11-29 12:00:00,179.8101
2011-11-29 13:00:00,169.05826
2011-11-29 14:00:00,125.2213
2011-11-29 15:00:00,151.0996
2011-11-29 16:00:00,137.30492
2011-11-29 17:00:00,144.10298
2011-11-29 18:00:00,152.72673
2011-11-29 19:00:00,156.67372
2011-11-29 20:00:00,133.9284
2011-11-29 21:00:00,133.9284
2011-11-29 22:00:00,145.4164
2011-11-29 23:00:00,156.848
2011-11-30 00:00:00,203.3101
2011-11-30 01:00:00,165.71637
2011-11-30 02:00:00,131.30405
2011-11-30 03:00:00,131.30405
2011-11-30 04:00:00,124.14379
2011-11-30 05:00:00,109.52638
2011-11-30 06:00:00,97.28483
2011-11-30 07:00:00,101.10743
2011-11-30 08:00:00,109.52638
2011-11-30 09:00:00,132.02455
2011-11-30 10:00:00,148.94942
2011-11-30 11:00:00,236.15144
2011-11-30 12:00:00,228.56361
2011-11-30 13:00:00,305.67508
2011-11-30 14:00:00,305.67508
2011-11-30 15:00:00,256.62082
2011-11-30 16:00:00,252.21097
2011-11-30 17:00:00,239.93428
2011-11-30 18:00:00,229.6338
2011-11-30 19:00:00,192.76906
2011-11-30 20:00:00,192.76906
2011-11-30 21:00:00,209.08571
2011-11-30 22:00:00,177.36977
2011-11-30 23:00:00,186.32455
2011-12-20 00:00:00,190.98701
2011-12-20 01:00:00,212.1437
2011-12-20 02:00:00,181.08514
2011-12-20 03:00:00,181.08514
2011-12-20 04:00:00,220.42126
2011-12-20 05:00:00,206.10138
2011-12-20 06:00:00,206.10138
2011-12-20 07:00:00,183.79012
2011-12-20 08:00:00,241.93152
2011-12-20 09:00:00,165.94107
2011-12-20 10:00:00,232.80927
2011-12-20 11:00:00,202.16739
2011-12-20 12:00:00,254.36732
2011-12-20 13:00:00,254.36732
2011-12-20 14:00:00,232.03526
2011-12-20 15:00:00,247.67767
2011-12-20 16:00:00,236.0551
2011-12-20 17:00:00,191.74573
2011-12-20 18:00:00,166.8721
2011-12-20 19:00:00,161.33685
2011-12-20 20:00:00,154.19734
2011-12-20 21:00:00,150.70734
2011-12-20 22:00:00,165.94107
2011-12-20 23:00:00,190.92958
2011-12-21 00:00:00,89.28826
2011-12-21 01:00:00,96.80675
2011-12-21 02:00:00,84.74639
2011-12-21 03:00:00,84.74639
2011-12-21 04:00:00,84.74639
2011-12-21 05:00:00,87.819824
2011-12-21 06:00:00,69.82245
2011-12-21 07:00:00,78.76413
2011-12-21 08:00:00,69.297424
2011-12-21 09:00:00,95.8046
2011-12-21 10:00:00,120.9777
2011-12-21 11:00:00,120.9777
2011-12-21 12:00:00,119.14141
2011-12-21 13:00:00,103.83339
2011-12-21 14:00:00,115.932205
2011-12-21 15:00:00,114.959206
2011-12-21 16:00:00,102.177864
2011-12-21 17:00:00,102.177864
2011-12-21 18:00:00,97.953316
2011-12-21 19:00:00,111.85393
2011-12-21 20:00:00,113.12117
2011-12-21 21:00:00,111.89488
2011-12-21 22:00:00,108.7931
2011-12-21 23:00:00,103.49918
2011-12-22 00:00:00,103.34535
2011-12-22 01:00:00,83.0045
2011-12-22 02:00:00,98.327385
2011-12-22 03:00:00,117.686584
2011-12-22 04:00:00,87.92216
2011-12-22 05:00:00,75.92615
2011-12-22 06:00:00,67.47919
2011-12-22 07:00:00,68.21727
2011-12-22 08:00:00,69.82245
2011-12-22 09:00:00,82.71086
2011-12-22 10:00:00,89.256454
2011-12-22 11:00:00,90.97229
2011-12-22 12:00:00,129.13728
2011-12-22 13:00:00,110.20618
2011-12-22 14:00:00,110.20618
2011-12-22 15:00:00,121.36589
2011-12-22 16:00:00,110.20618
2011-12-22 17:00:00,120.736206
2011-12-22 18:00:00,119.51229
2011-12-22 19:00:00,107.68451
2011-12-22 20:00:00,94.74808
2011-12-22 21:00:00,94.74808
2011-12-22 22:00:00,75.166084
2011-12-22 23:00:00,79.92541
2011-12-23 00:00:00,95.695015
2011-12-23 01:00:00,95.695015
2011-12-23 02:00:00,82.666855
2011-12-23 03:00:00,82.666855
2011-12-23 04:00:00,95.212685
2011-12-23 05:00:00,76.74403
2011-12-23 06:00:00,96.57589
2011-12-23 07:00:00,94.4161
2011-12-23 08:00:00,106.118416
2011-12-23 09:00:00,122.01098
2011-12-23 10:00:00,130.599
2011-12-23 11:00:00,142.2934
2011-12-23 12:00:00,153.93408
2011-12-23 13:00:00,165.09369
2011-12-23 14:00:00,153.55978
2011-12-23 15:00:00,146.38582
2011-12-23 16:00:00,157.54541
2011-12-23 17:00:00,131.37523
2011-12-23 18:00:00,137.69725
2011-12-23 19:00:00,120.16456
2011-12-23 20:00:00,98.26285
2011-12-23 21:00:00,103.29449
2011-12-23 22:00:00,94.66238
2011-12-23 23:00:00,90.267654
2011-12-24 00:00:00,89.15348
2011-12-24 01:00:00,82.4764
2011-12-24 02:00:00,87.628296
2011-12-24 03:00:00,85.0799
2011-12-24 04:00:00,92.5429
2011-12-24 05:00:00,92.5429
2011-12-24 06:00:00,83.451416
2011-12-24 07:00:00,93.71917
2011-12-24 08:00:00,82.88951
2011-12-24 09:00:00,142.7513
2011-12-24 10:00:00,147.31544
2011-12-24 11:00:00,166.55779
2011-12-24 12:00:00,168.88248
2011-12-24 13:00:00,168.71048
2011-12-24 14:00:00,168.71048
2011-12-24 15:00:00,151.60175
2011-12-24 16:00:00,140.15543
2011-12-24 17:00:00,110.23937
2011-12-24 18:00:00,118.46879
2011-12-24 19:00:00,98.682686
2011-12-24 20:00:00,88.59026
2011-12-24 21:00:00,89.89357
2011-12-24 22:00:00,79.69932
2011-12-24 23:00:00,74.06617
2011-12-25 00:00:00,82.903076
2011-12-25 01:00:00,68.498764
2011-12-25 02:00:00,62.64617
2011-12-25 03:00:00,61.886726
2011-12-25 05:00:00,62.27683
2011-12-25 06:00:00,62.27683
2011-12-25 07:00:00,64.01786
2011-12-25 08:00:00,63.59382
2011-12-25 09:00:00,66.1455
2011-12-25 10:00:00,73.16411
2011-12-25 11:00:00,84.57945
2011-12-25 12:00:00,88.45237
2011-12-25 13:00:00,92.440125
2011-12-25 14:00:00,109.001816
2011-12-25 15:00:00,103.277626
2011-12-25 16:00:00,104.77934
2011-12-25 17:00:00,96.3769
2011-12-25 18:00:00,89.25581
2011-12-25 19:00:00,100.20603
2011-12-25 20:00:00,108.10337
2011-12-25 21:00:00,95.54994
2011-12-25 22:00:00,87.23472
2011-12-25 23:00:00,80.57363
2011-12-26 00:00:00,62.779613
2011-12-26 01:00:00,92.65512
2011-12-26 02:00:00,129.15167
2011-12-26 04:00:00,140.26599
2011-12-26 05:00:00,168.01743
2011-12-26 06:00:00,137.37105
2011-12-26 07:00:00,123.42099
2011-12-26 08:00:00,115.74282
2011-12-26 09:00:00,140.26599
2011-12-26 10:00:00,164.26527
2011-12-26 11:00:00,153.10565
2011-12-26 12:00:00,172.4014
2011-12-26 13:00:00,182.47281
2011-12-26 14:00:00,187.3689
2011-12-26 15:00:00,178.05545
2011-12-26 16:00:00,155.1953
2011-12-26 17:00:00,129.15167
2011-12-26 18:00:00,102.943115
2011-12-26 19:00:00,81.33839
2011-12-26 20:00:00,88.91947
2011-12-26 21:00:00,65.521645
2011-12-26 22:00:00,65.52165
2011-12-26 23:00:00,69.84638
2011-12-27 00:00:00,78.65322
2011-12-27 01:00:00,77.50647
2011-12-27 02:00:00,77.50647
2011-12-27 03:00:00,102.699455
2011-12-27 04:00:00,96.37727
2011-12-27 05:00:00,97.68139
2011-12-27 06:00:00,101.10117
2011-12-27 07:00:00,99.26202
2011-12-27 08:00:00,91.982544
2011-12-27 09:00:00,92.51791
2011-12-27 10:00:00,88.30134
2011-12-27 11:00:00,92.51791
2011-12-27 12:00:00,75.85211
2011-12-27 13:00:00,72.0803
2011-12-27 14:00:00,117.861824
2011-12-27 15:00:00,117.861824
2011-12-27 16:00:00,111.4505
2011-12-27 17:00:00,91.36813
2011-12-27 18:00:00,94.452934
2011-12-27 19:00:00,76.55662
2011-12-27 20:00:00,67.75672
2011-12-27 21:00:00,67.62992
2011-12-27 22:00:00,67.62992
2011-12-27 23:00:00,67.35101
2011-12-28 00:00:00,72.96631
2011-12-28 01:00:00,83.704605
2011-12-28 02:00:00,101.452225
2011-12-28 03:00:00,101.452225
2011-12-28 05:00:00,101.2056
2011-12-28 06:00:00,107.99945
2011-12-28 07:00:00,107.99947
2011-12-28 08:00:00,101.20562
2011-12-28 09:00:00,104.169
2011-12-28 10:00:00,115.05594
2011-12-28 11:00:00,149.44505
2011-12-28 12:00:00,136.0443
2011-12-28 13:00:00,154.29637
2011-12-28 14:00:00,151.33025
2011-12-28 15:00:00,159.96712
2011-12-28 16:00:00,153.00699
2011-12-28 17:00:00,144.0332
2011-12-28 18:00:00,128.87425
2011-12-28 19:00:00,117.37768
2011-12-28 20:00:00,117.27094
2011-12-28 21:00:00,100.12864
2011-12-28 22:00:00,98.35143
2011-12-28 23:00:00,101.887474
2011-12-29 00:00:00,105.88477
2011-12-29 01:00:00,96.42869
2011-12-29 02:00:00,82.89688
2011-12-29 03:00:00,81.779274
2011-12-29 04:00:00,82.37352
2011-12-29 05:00:00,77.99071
2011-12-29 06:00:00,68.51005
2011-12-29 07:00:00,64.98934
2011-12-29 08:00:00,65.99666
2011-12-29 09:00:00,74.23802
2011-12-29 10:00:00,79.50905
2011-12-29 11:00:00,80.50041
2011-12-29 12:00:00,89.86856
2011-12-29 13:00:00,100.37084
2011-12-29 14:00:00,95.15003
2011-12-29 15:00:00,104.82121
2011-12-29 16:00:00,109.4484
2011-12-29 17:00:00,94.217896
2011-12-29 18:00:00,98.602394
2011-12-29 19:00:00,96.83948
2011-12-29 20:00:00,81.3616
2011-12-29 21:00:00,90.31306
2011-12-29 22:00:00,83.52141
2011-12-29 23:00:00,89.31171
2011-12-30 00:00:00,80.3359
2011-12-30 01:00:00,79.10718
2011-12-30 02:00:00,70.823685
2011-12-30 03:00:00,70.823685
2011-12-30 04:00:00,69.27746
2011-12-30 05:00:00,62.261726
2011-12-30 06:00:00,69.27746
2011-12-30 07:00:00,63.85424
2011-12-30 08:00:00,66.76405
2011-12-30 09:00:00,62.101315
2011-12-30 10:00:00,91.85748
2011-12-30 11:00:00,94.66238
2011-12-30 12:00:00,103.29494
2011-12-30 13:00:00,119.59406
2011-12-30 14:00:00,145.55795
2011-12-30 15:00:00,147.69579
2011-12-30 16:00:00,167.18968
2011-12-30 17:00:00,129.09418
2011-12-30 18:00:00,101.021706
2011-12-30 19:00:00,141.78168
2011-12-30 20:00:00,93.33287
2011-12-30 21:00:00,96.80675
2011-12-30 22:00:00,91.582954
2011-12-30 23:00:00,110.76296
2011-12-31 00:00:00,135.17871
2011-12-31 01:00:00,133.52551
2011-12-31 02:00:00,133.52551
2011-12-31 03:00:00,133.52551
2011-12-31 04:00:00,103.97503
2011-12-31 05:00:00,94.682
2011-12-31 06:00:00,96.1995
2011-12-31 07:00:00,85.69484
2011-12-31 08:00:00,78.952614
2011-12-31 09:00:00,81.424995
2011-12-31 10:00:00,95.99713
2011-12-31 11:00:00,104.741486
2011-12-31 12:00:00,246.81099
2011-12-31 13:00:00,237.7164
2011-12-31 14:00:00,187.05643
2011-12-31 15:00:00,209.88948
2011-12-31 16:00:00,191.20998
2011-12-31 17:00:00,140.89635
2011-12-31 18:00:00,129.61003
2011-12-31 19:00:00,146.54893
2011-12-31 20:00:00,146.54893
2011-12-31 21:00:00,125.54714
2011-12-31 22:00:00,106.50664
2011-12-31 23:00:00,85.443184
2012-01-20 00:00:00,112.17975
2012-01-20 01:00:00,103.89331
2012-01-20 02:00:00,103.89331
2012-01-20 03:00:00,88.81412
2012-01-20 04:00:00,77.0063
2012-01-20 05:00:00,77.0063
2012-01-20 06:00:00,81.26613
2012-01-20 07:00:00,74.6594
2012-01-20 08:00:00,77.84281
2012-01-20 09:00:00,93.03616
2012-01-20 10:00:00,113.84082
2012-01-20 11:00:00,137.03514
2012-01-20 12:00:00,131.24164
2012-01-20 13:00:00,136.16833
2012-01-20 14:00:00,139.48448
2012-01-20 15:00:00,137.62666
2012-01-20 16:00:00,120.14352
2012-01-20 17:00:00,140.60135
2012-01-20 18:00:00,118.19311
2012-01-20 19:00:00,111.846054
2012-01-20 20:00:00,118.19311
2012-01-20 21:00:00,109.02919
2012-01-20 22:00:00,126.598434
2012-01-20 23:00:00,75.460014
2012-01-21 00:00:00,74.45097
2012-01-21 01:00:00,66.036026
2012-01-21 02:00:00,65.7565
2012-01-21 03:00:00,68.449715
2012-01-21 04:00:00,65.91522
2012-01-21 05:00:00,65.78759
2012-01-21 06:00:00,68.702194
2012-01-21 07:00:00,68.702194
2012-01-21 08:00:00,68.519615
2012-01-21 09:00:00,68.519615
2012-01-21 10:00:00,68.58249
2012-01-21 11:00:00,65.86787
2012-01-21 12:00:00,64.039055
2012-01-21 13:00:00,66.43648
2012-01-21 14:00:00,64.28644
2012-01-21 15:00:00,64.286446
2012-01-21 16:00:00,69.121506
2012-01-21 17:00:00,75.10372
2012-01-21 18:00:00,79.416565
2012-01-21 19:00:00,68.77388
2012-01-21 20:00:00,65.77898
2012-01-21 21:00:00,67.228
2012-01-21 22:00:00,72.03906
2012-01-21 23:00:00,63.227474
2012-01-22 00:00:00,61.70071
2012-01-22 01:00:00,72.03906
2012-01-22 02:00:00,70.492836
2012-01-22 03:00:00,75.91605
2012-01-22 04:00:00,63.474747
2012-01-22 05:00:00,63.604507
2012-01-22 06:00:00,61.400978
2012-01-22 07:00:00,61.400978
2012-01-22 08:00:00,61.400978
2012-01-22 09:00:00,61.400978
2012-01-22 10:00:00,64.99985
2012-01-22 11:00:00,63.672703
2012-01-22 12:00:00,63.26386
2012-01-22 13:00:00,63.6962
2012-01-22 14:00:00,63.49927
2012-01-22 15:00:00,63.300377
2012-01-22 16:00:00,63.300377
2012-01-22 17:00:00,63.602585
2012-01-22 18:00:00,65.78759
2012-01-22 19:00:00,65.78759
2012-01-22 20:00:00,65.98814
2012-01-22 21:00:00,65.78759
2012-01-22 22:00:00,68.473785
2012-01-22 23:00:00,68.48127
2012-01-23 00:00:00,64.926796
2012-01-23 01:00:00,65.04153
2012-01-23 02:00:00,65.04153
2012-01-23 03:00:00,64.92679
2012-01-23 04:00:00,63.189102
2012-01-23 05:00:00,64.97123
2012-01-23 06:00:00,64.97123
2012-01-23 07:00:00,65.35584
2012-01-23 08:00:00,64.96032
2012-01-23 09:00:00,65.004486
2012-01-23 10:00:00,67.6853
2012-01-23 11:00:00,67.957855
2012-01-23 12:00:00,67.72937
2012-01-23 13:00:00,67.996864
2012-01-23 14:00:00,67.30617
2012-01-23 15:00:00,70.147766
2012-01-23 16:00:00,67.311165
2012-01-23 17:00:00,69.03473
2012-01-23 18:00:00,67.52141
2012-01-23 19:00:00,67.21996
2012-01-23 20:00:00,70.26229
2012-01-23 21:00:00,68.14707
2012-01-23 22:00:00,68.14707
2012-01-23 23:00:00,71.33402
2012-01-24 00:00:00,70.10448
2012-01-24 01:00:00,76.75336
2012-01-24 02:00:00,73.660904
2012-01-24 03:00:00,69.23583
2012-01-24 04:00:00,70.45997
2012-01-24 05:00:00,70.45997
2012-01-24 06:00:00,72.53562
2012-01-24 07:00:00,69.23583
2012-01-24 08:00:00,69.23583
2012-01-24 09:00:00,70.02477
2012-01-24 10:00:00,67.75672
2012-01-24 11:00:00,73.45379
2012-01-24 12:00:00,76.55662
2012-01-24 13:00:00,76.55662
2012-01-24 14:00:00,89.87025
2012-01-24 15:00:00,105.63731
2012-01-24 16:00:00,99.86468
2012-01-24 17:00:00,103.60762
2012-01-24 18:00:00,107.95559
2012-01-24 19:00:00,141.7372
2012-01-24 20:00:00,71.65054
2012-01-24 21:00:00,82.68891
2012-01-24 22:00:00,66.227325
2012-01-24 23:00:00,71.65054
2012-01-25 00:00:00,67.7975
2012-01-25 01:00:00,87.69517
2012-01-25 02:00:00,83.32075
2012-01-25 03:00:00,76.38838
2012-01-25 04:00:00,79.968956
2012-01-25 05:00:00,79.968956
2012-01-25 06:00:00,74.41247
2012-01-25 07:00:00,72.30634
2012-01-25 08:00:00,77.1229
2012-01-25 09:00:00,77.1229
2012-01-25 10:00:00,83.22014
2012-01-25 11:00:00,101.10117
2012-01-25 12:00:00,110.193954
2012-01-25 13:00:00,120.15199
2012-01-25 14:00:00,115.45299
2012-01-25 15:00:00,115.49755
2012-01-25 16:00:00,116.23079
2012-01-25 17:00:00,120.491455
2012-01-25 18:00:00,90.267654
2012-01-25 19:00:00,101.93239
2012-01-25 20:00:00,102.12013
2012-01-25 21:00:00,78.97071
2012-01-25 22:00:00,84.13143
2012-01-25 23:00:00,78.52048
2012-01-26 00:00:00,75.50341
2012-01-26 01:00:00,68.45187
2012-01-26 02:00:00,79.79606
2012-01-26 03:00:00,75.84735
2012-01-26 04:00:00,65.54206
2012-01-26 05:00:00,80.897804
2012-01-26 06:00:00,64.3698
2012-01-26 07:00:00,69.33947
2012-01-26 08:00:00,69.33947
2012-01-26 09:00:00,65.66521
2012-01-26 10:00:00,75.678345
2012-01-26 11:00:00,68.31999
2012-01-26 12:00:00,82.871475
2012-01-26 13:00:00,87.254105
2012-01-26 14:00:00,99.444084
2012-01-26 15:00:00,102.91799
2012-01-26 16:00:00,97.89838
2012-01-26 17:00:00,92.27836
2012-01-26 18:00:00,92.27836
2012-01-26 19:00:00,94.15898
2012-01-26 20:00:00,92.49616
2012-01-26 21:00:00,94.15898
2012-01-26 22:00:00,85.76234
2012-01-26 23:00:00,82.4388
2012-01-27 00:00:00,101.429955
2012-01-27 01:00:00,95.8046
2012-01-27 02:00:00,84.040344
2012-01-27 03:00:00,98.17948
2012-01-27 04:00:00,92.92905
2012-01-27 05:00:00,101.10695
2012-01-27 06:00:00,97.48555
2012-01-27 07:00:00,95.436775
2012-01-27 08:00:00,117.23654
2012-01-27 09:00:00,117.23654
2012-01-27 10:00:00,95.301384
2012-01-27 11:00:00,94.899475
2012-01-27 12:00:00,103.396835
2012-01-27 13:00:00,174.21991
2012-01-27 14:00:00,185.91394
2012-01-27 15:00:00,189.55371
2012-01-27 16:00:00,176.46315
2012-01-27 17:00:00,172.45348
2012-01-27 18:00:00,165.2004
2012-01-27 19:00:00,138.17863
2012-01-27 20:00:00,118.34812
2012-01-27 21:00:00,118.46616
2012-01-27 22:00:00,129.82869
2012-01-27 23:00:00,123.00334
2012-01-28 00:00:00,119.96448
2012-01-28 01:00:00,106.35949
2012-01-28 02:00:00,76.70072
2012-01-28 03:00:00,81.86146
2012-01-28 04:00:00,84.98738
2012-01-28 05:00:00,63.06322
2012-01-28 06:00:00,62.76307
2012-01-28 07:00:00,62.75567
2012-01-28 08:00:00,63.841114
2012-01-28 09:00:00,64.203896
2012-01-28 10:00:00,76.49738
2012-01-28 11:00:00,95.54994
2012-01-28 12:00:00,104.44169
2012-01-28 13:00:00,115.90084
2012-01-28 14:00:00,173.20094
2012-01-28 15:00:00,180.82259
2012-01-28 16:00:00,201.13762
2012-01-28 17:00:00,204.06195
2012-01-28 18:00:00,189.64774
2012-01-28 19:00:00,224.94778
2012-01-28 20:00:00,222.54057
2012-01-28 21:00:00,218.70747
2012-01-28 22:00:00,179.73413
2012-01-28 23:00:00,186.27655
2012-01-29 00:00:00,167.08238
2012-01-29 01:00:00,190.90306
2012-01-29 02:00:00,193.99818
2012-01-29 03:00:00,172.34525
2012-01-29 04:00:00,144.53148
2012-01-29 05:00:00,82.47903
2012-01-29 06:00:00,97.91512
2012-01-29 07:00:00,104.8523
2012-01-29 08:00:00,95.431625
2012-01-29 09:00:00,90.257385
2012-01-29 10:00:00,124.11315
2012-01-29 11:00:00,183.29509
2012-01-29 12:00:00,209.0369
2012-01-29 13:00:00,209.0369
2012-01-29 14:00:00,211.97021
2012-01-29 15:00:00,235.80554
2012-01-29 16:00:00,237.97543
2012-01-29 17:00:00,237.97537
2012-01-29 18:00:00,232.67378
2012-01-29 19:00:00,197.42113
2012-01-29 20:00:00,145.62701
2012-01-29 21:00:00,174.41226
2012-01-29 22:00:00,206.90402
2012-01-29 23:00:00,176.46709
2012-01-30 00:00:00,198.83722
2012-01-30 01:00:00,84.05974
2012-01-30 02:00:00,95.544876
2012-01-30 03:00:00,101.91021
2012-01-30 04:00:00,84.17791
2012-01-30 05:00:00,84.17791
2012-01-30 06:00:00,101.887474
2012-01-30 07:00:00,101.99456
2012-01-30 08:00:00,91.18179
2012-01-30 09:00:00,91.18179
2012-01-30 10:00:00,110.52466
2012-01-30 11:00:00,101.25579
2012-01-30 12:00:00,137.61816
2012-01-30 13:00:00,169.08168
2012-01-30 14:00:00,213.62752
2012-01-30 15:00:00,215.15594
2012-01-30 16:00:00,218.3129
2012-01-30 17:00:00,235.30264
2012-01-30 18:00:00,224.58733
2012-01-30 19:00:00,117.24802
2012-01-30 20:00:00,143.1106
2012-01-30 21:00:00,134.32803
2012-01-30 22:00:00,115.49282
2012-01-30 23:00:00,89.77769
2012-01-31 00:00:00,105.666664
2012-01-31 01:00:00,135.51907
2012-01-31 02:00:00,139.51309
2012-01-31 03:00:00,130.98303
2012-01-31 04:00:00,116.49993
2012-01-31 05:00:00,116.49993
2012-01-31 06:00:00,103.03113
2012-01-31 07:00:00,89.777695
2012-01-31 08:00:00,82.29153
2012-01-31 09:00:00,111.22564
2012-01-31 10:00:00,112.06873
2012-01-31 11:00:00,201.20757
2012-01-31 12:00:00,184.4091
2012-01-31 13:00:00,224.8702
2012-01-31 14:00:00,272.51874
2012-01-31 15:00:00,252.82259
2012-01-31 16:00:00,252.82259
2012-01-31 17:00:00,264.82153
2012-01-31 18:00:00,276.02133
2012-01-31 19:00:00,278.64624
2012-01-31 20:00:00,116.82148
2012-01-31 21:00:00,240.62257
2012-01-31 22:00:00,222.13927
2012-01-31 23:00:00,210.5356
2012-02-20 00:00:00,67.173904
2012-02-20 01:00:00,67.173904
2012-02-20 02:00:00,67.173904
2012-02-20 03:00:00,65.07851
2012-02-20 05:00:00,96.88515
2012-02-20 06:00:00,99.7756
2012-02-20 07:00:00,97.25179
2012-02-20 08:00:00,87.07016
2012-02-20 09:00:00,87.07016
2012-02-20 10:00:00,93.00871
2012-02-20 11:00:00,118.78972
2012-02-20 12:00:00,114.73604
2012-02-20 13:00:00,140.17886
2012-02-20 14:00:00,158.6622
2012-02-20 15:00:00,175.00539
2012-02-20 16:00:00,208.7722
2012-02-20 17:00:00,241.16457
2012-02-20 18:00:00,175.00539
2012-02-20 19:00:00,175.00539
2012-02-20 20:00:00,176.46436
2012-02-20 21:00:00,132.83635
2012-02-20 22:00:00,105.595726
2012-02-20 23:00:00,135.46207
2012-02-21 00:00:00,72.78566
2012-02-21 01:00:00,79.96589
2012-02-21 02:00:00,74.61857
2012-02-21 04:00:00,66.67714
2012-02-21 05:00:00,59.44218
2012-02-21 06:00:00,61.305065
2012-02-21 07:00:00,66.67714
2012-02-21 08:00:00,63.168934
2012-02-21 09:00:00,60.853493
2012-02-21 10:00:00,76.31864
2012-02-21 11:00:00,85.121895
2012-02-21 12:00:00,107.87915
2012-02-21 13:00:00,129.93542
2012-02-21 14:00:00,123.3694
2012-02-21 15:00:00,129.93542
2012-02-21 16:00:00,149.65886
2012-02-21 17:00:00,186.51393
2012-02-21 18:00:00,186.51393
2012-02-21 19:00:00,149.23119
2012-02-21 20:00:00,122.235054
2012-02-21 21:00:00,102.43275
2012-02-21 22:00:00,94.67439
2012-02-21 23:00:00,95.8398
2012-02-22 00:00:00,95.8398
2012-02-22 01:00:00,86.69337
2012-02-22 02:00:00,98.092514
2012-02-22 03:00:00,95.97768
2012-02-22 04:00:00,89.39784
2012-02-22 05:00:00,84.53354
2012-02-22 06:00:00,83.704605
2012-02-22 07:00:00,79.046036
2012-02-22 08:00:00,76.54035
2012-02-22 09:00:00,83.453636
2012-02-22 10:00:00,85.3331
2012-02-22 11:00:00,98.53064
2012-02-22 12:00:00,130.3318
2012-02-22 13:00:00,160.06416
2012-02-22 14:00:00,167.13138
2012-02-22 15:00:00,258.11075
2012-02-22 16:00:00,256.88995
2012-02-22 17:00:00,264.78754
2012-02-22 18:00:00,229.47876
2012-02-22 19:00:00,208.80373
2012-02-22 20:00:00,177.26398
2012-02-22 21:00:00,263.6321
2012-02-22 22:00:00,188.5503
2012-02-22 23:00:00,217.4751
2012-02-23 00:00:00,188.5503
2012-02-23 01:00:00,162.00017
2012-02-23 02:00:00,139.00377
2012-02-23 03:00:00,127.719604
2012-02-23 04:00:00,103.02696
2012-02-23 05:00:00,103.02696
2012-02-23 06:00:00,83.251915
2012-02-23 07:00:00,89.87025
2012-02-23 08:00:00,79.649086
2012-02-23 09:00:00,89.69288
2012-02-23 10:00:00,117.35971
2012-02-23 11:00:00,197.89651
2012-02-23 12:00:00,216.80153
2012-02-23 13:00:00,231.4562
2012-02-23 14:00:00,255.06792
2012-02-23 15:00:00,262.71365
2012-02-23 16:00:00,262.35028
2012-02-23 17:00:00,270.50647
2012-02-23 18:00:00,243.31493
2012-02-23 19:00:00,213.14392
2012-02-23 20:00:00,177.13757
2012-02-23 21:00:00,167.12665
2012-02-23 22:00:00,163.9778
2012-02-23 23:00:00,118.43292
2012-02-24 00:00:00,126.4113
2012-02-24 01:00:00,130.24414
2012-02-24 02:00:00,118.03917
2012-02-24 03:00:00,92.94641
2012-02-24 04:00:00,87.25318
2012-02-24 05:00:00,93.637535
2012-02-24 06:00:00,91.477715
2012-02-24 07:00:00,105.697815
2012-02-24 08:00:00,109.93764
2012-02-24 09:00:00,94.80297
2012-02-24 10:00:00,89.65831
2012-02-24 11:00:00,84.60718
2012-02-24 12:00:00,96.40277
2012-02-24 13:00:00,102.91799
2012-02-24 14:00:00,117.10184
2012-02-24 15:00:00,95.695015
2012-02-24 16:00:00,95.695015
2012-02-24 17:00:00,86.767555
2012-02-24 18:00:00,73.09775
2012-02-24 19:00:00,91.53802
2012-02-24 20:00:00,144.70503
2012-02-24 21:00:00,190.57964
2012-02-24 22:00:00,199.30222
2012-02-24 23:00:00,186.07274
2012-02-25 00:00:00,173.41682
2012-02-25 01:00:00,164.95978
2012-02-25 02:00:00,139.67033
2012-02-25 03:00:00,139.1762
2012-02-25 04:00:00,150.96082
2012-02-25 05:00:00,152.03862
2012-02-25 06:00:00,152.03862
2012-02-25 07:00:00,131.66507
2012-02-25 08:00:00,115.99584
2012-02-25 09:00:00,83.35266
2012-02-25 10:00:00,94.26629
2012-02-25 11:00:00,156.11891
2012-02-25 12:00:00,185.47832
2012-02-25 13:00:00,189.72353
2012-02-25 14:00:00,189.5351
2012-02-25 15:00:00,195.00482
2012-02-25 16:00:00,195.88982
2012-02-25 17:00:00,176.60045
2012-02-25 18:00:00,184.1316
2012-02-25 19:00:00,154.59213
2012-02-25 20:00:00,161.7673
2012-02-25 21:00:00,145.77884
2012-02-25 22:00:00,133.49661
2012-02-25 23:00:00,124.806015
2012-02-26 00:00:00,128.82541
2012-02-26 01:00:00,120.18856
2012-02-26 02:00:00,120.18856
2012-02-26 03:00:00,113.18659
2012-02-26 04:00:00,113.18659
2012-02-26 05:00:00,106.69665
2012-02-26 06:00:00,113.25648
2012-02-26 07:00:00,95.52108
2012-02-26 08:00:00,94.310745
2012-02-26 09:00:00,101.52238
2012-02-26 10:00:00,116.51649
2012-02-26 11:00:00,142.09464
2012-02-26 12:00:00,133.17487
2012-02-26 13:00:00,150.57312
2012-02-26 14:00:00,179.6683
2012-02-26 15:00:00,192.92218
2012-02-26 16:00:00,198.9145
2012-02-26 17:00:00,200.41246
2012-02-26 18:00:00,177.63257
2012-02-26 19:00:00,176.80077
2012-02-26 20:00:00,134.52174
2012-02-26 21:00:00,114.48579
2012-02-26 22:00:00,136.84445
2012-02-26 23:00:00,89.89357
2012-02-27 00:00:00,86.56301
2012-02-27 01:00:00,84.92223
2012-02-27 02:00:00,78.11043
2012-02-27 03:00:00,69.69309
2012-02-27 04:00:00,62.39668
2012-02-27 05:00:00,62.39668
2012-02-27 06:00:00,77.1229
2012-02-27 07:00:00,83.3554
2012-02-27 08:00:00,68.92312
2012-02-27 09:00:00,89.777695
2012-02-27 10:00:00,138.02187
2012-02-27 11:00:00,157.60083
2012-02-27 12:00:00,201.27423
2012-02-27 13:00:00,184.35576
2012-02-27 14:00:00,227.57782
2012-02-27 15:00:00,255.80952
2012-02-27 16:00:00,252.82259
2012-02-27 17:00:00,239.49889
2012-02-27 18:00:00,262.9571
2012-02-27 19:00:00,264.35336
2012-02-27 20:00:00,244.57874
2012-02-27 21:00:00,227.57782
2012-02-27 22:00:00,193.19284
2012-02-27 23:00:00,152.7734
2012-02-28 00:00:00,135.41074
2012-02-28 01:00:00,113.54256
2012-02-28 02:00:00,123.80229
2012-02-28 03:00:00,215.57921
2012-02-28 04:00:00,142.69304
2012-02-28 05:00:00,142.69304
2012-02-28 06:00:00,127.09613
2012-02-28 07:00:00,120.056946
2012-02-28 08:00:00,104.51332
2012-02-28 09:00:00,120.27079
2012-02-28 10:00:00,135.51912
2012-02-28 11:00:00,170.56268
2012-02-28 12:00:00,176.82498
2012-02-28 13:00:00,187.99318
2012-02-28 14:00:00,227.86566
2012-02-28 15:00:00,243.48117
2012-02-28 16:00:00,234.40564
2012-02-28 17:00:00,243.48117
2012-02-28 18:00:00,241.7488
2012-02-28 19:00:00,234.11057
2012-02-28 20:00:00,221.0996
2012-02-28 21:00:00,126.289696
2012-02-28 22:00:00,126.289696
2012-02-28 23:00:00,116.38896
2012-02-29 00:00:00,106.26017
2012-02-29 01:00:00,113.15919
2012-02-29 02:00:00,106.23162
2012-02-29 03:00:00,78.36072
2012-02-29 05:00:00,69.3472
2012-02-29 06:00:00,75.84735
2012-02-29 07:00:00,68.48518
2012-02-29 08:00:00,75.50341
2012-02-29 09:00:00,81.690994
2012-02-29 10:00:00,81.690994
2012-02-29 11:00:00,76.38545
2012-02-29 12:00:00,86.76513
2012-02-29 13:00:00,87.452034
2012-02-29 14:00:00,87.452034
2012-02-29 15:00:00,104.531746
2012-02-29 16:00:00,101.04757
2012-02-29 17:00:00,91.477715
2012-02-29 18:00:00,79.92541
2012-02-29 19:00:00,87.15087
2012-02-29 20:00:00,95.40581
2012-02-29 21:00:00,95.40581
2012-02-29 22:00:00,98.06989
2012-02-29 23:00:00,98.06989
2012-03-20 00:00:00,117.43757
2012-03-20 01:00:00,94.471756
2012-03-20 02:00:00,100.96568
2012-03-20 03:00:00,96.52923
2012-03-20 04:00:00,103.74634
2012-03-20 05:00:00,90.19009
2012-03-20 06:00:00,102.090775
2012-03-20 07:00:00,108.47513
2012-03-20 08:00:00,101.58652
2012-03-20 09:00:00,109.15089
2012-03-20 10:00:00,109.57146
2012-03-20 11:00:00,116.470665
2012-03-20 12:00:00,146.72818
2012-03-20 13:00:00,138.84738
2012-03-20 14:00:00,149.34952
2012-03-20 15:00:00,155.76775
2012-03-20 16:00:00,183.04301
2012-03-20 17:00:00,150.90337
2012-03-20 18:00:00,173.89977
2012-03-20 19:00:00,133.17308
2012-03-20 20:00:00,135.89618
2012-03-20 21:00:00,111.31815
2012-03-20 22:00:00,102.93808
2012-03-20 23:00:00,95.140724
2012-03-21 00:00:00,102.773895
2012-03-21 01:00:00,115.3988
2012-03-21 02:00:00,110.4174
2012-03-21 03:00:00,119.28147
2012-03-21 04:00:00,113.088234
2012-03-21 05:00:00,113.088234
2012-03-21 06:00:00,112.21207
2012-03-21 07:00:00,112.1025
2012-03-21 08:00:00,105.61581
2012-03-21 09:00:00,116.19004
2012-03-21 10:00:00,126.367874
2012-03-21 11:00:00,126.367874
2012-03-21 12:00:00,119.61971
2012-03-21 13:00:00,112.2604
2012-03-21 14:00:00,121.867035
2012-03-21 15:00:00,121.867035
2012-03-21 16:00:00,131.65813
2012-03-21 17:00:00,164.40846
2012-03-21 18:00:00,147.94693
2012-03-21 19:00:00,177.04318
2012-03-21 20:00:00,130.60144
2012-03-21 21:00:00,120.4303
2012-03-21 22:00:00,123.31827
2012-03-21 23:00:00,116.94887
2012-03-22 00:00:00,115.3988
2012-03-22 01:00:00,115.3988
2012-03-22 02:00:00,115.3988
2012-03-22 03:00:00,115.3988
2012-03-22 04:00:00,98.655815
2012-03-22 05:00:00,98.655815
2012-03-22 06:00:00,98.655815
2012-03-22 07:00:00,98.655815
2012-03-22 08:00:00,104.986115
2012-03-22 09:00:00,104.986115
2012-03-22 10:00:00,101.16353
2012-03-22 11:00:00,101.008736
2012-03-22 12:00:00,126.25305
2012-03-22 13:00:00,134.86214
2012-03-22 14:00:00,155.51526
2012-03-22 15:00:00,190.13972
2012-03-22 16:00:00,204.85545
2012-03-22 17:00:00,205.1965
2012-03-22 18:00:00,205.1965
2012-03-22 19:00:00,207.18147
2012-03-22 20:00:00,192.37975
2012-03-22 21:00:00,144.70982
2012-03-22 22:00:00,135.75916
2012-03-22 23:00:00,122.35846
2012-03-23 00:00:00,113.06346
2012-03-23 01:00:00,105.29042
2012-03-23 02:00:00,112.75186
2012-03-23 03:00:00,110.81177
2012-03-23 04:00:00,106.06605
2012-03-23 05:00:00,98.49219
2012-03-23 06:00:00,102.31482
2012-03-23 07:00:00,108.86295
2012-03-23 08:00:00,108.22583
2012-03-23 09:00:00,110.05109
2012-03-23 10:00:00,120.44228
2012-03-23 11:00:00,162.60068
2012-03-23 12:00:00,239.6777
2012-03-23 13:00:00,296.7268
2012-03-23 14:00:00,339.71582
2012-03-23 15:00:00,342.64914
2012-03-23 16:00:00,345.5923
2012-03-23 17:00:00,345.5923
2012-03-23 18:00:00,312.7361
2012-03-23 19:00:00,279.78064
2012-03-23 20:00:00,288.45322
2012-03-23 21:00:00,249.21272
2012-03-23 22:00:00,218.71063
2012-03-23 23:00:00,195.43164
2012-03-24 00:00:00,148.62178
2012-03-24 01:00:00,136.13629
2012-03-24 02:00:00,126.95778
2012-03-24 03:00:00,126.95778
2012-03-24 04:00:00,113.69994
2012-03-24 05:00:00,124.1097
2012-03-24 06:00:00,124.1097
2012-03-24 07:00:00,111.61724
2012-03-24 08:00:00,112.1215
2012-03-24 09:00:00,121.00791
2012-03-24 10:00:00,121.06836
2012-03-24 11:00:00,112.1215
2012-03-24 12:00:00,119.481735
2012-03-24 13:00:00,122.57314
2012-03-24 14:00:00,143.31404
2012-03-24 15:00:00,136.58562
2012-03-24 16:00:00,123.73487
2012-03-24 17:00:00,123.35522
2012-03-24 18:00:00,111.32181
2012-03-24 19:00:00,104.82785
2012-03-24 20:00:00,102.82439
2012-03-24 21:00:00,102.82439
2012-03-24 22:00:00,107.15124
2012-03-24 23:00:00,111.08348
2012-03-25 00:00:00,111.08348
2012-03-25 01:00:00,102.577225
2012-03-25 02:00:00,107.88168
2012-03-25 03:00:00,111.70429
2012-03-25 04:00:00,111.81389
2012-03-25 05:00:00,100.0695
2012-03-25 06:00:00,100.0695
2012-03-25 07:00:00,109.30617
2012-03-25 08:00:00,109.30617
2012-03-25 09:00:00,103.89212
2012-03-25 10:00:00,115.35841
2012-03-25 11:00:00,103.89212
2012-03-25 12:00:00,101.73232
2012-03-25 13:00:00,103.735756
2012-03-25 14:00:00,106.25231
2012-03-25 15:00:00,108.41213
2012-03-25 16:00:00,104.804504
2012-03-25 17:00:00,125.09327
2012-03-25 18:00:00,125.09327
2012-03-25 19:00:00,146.75548
2012-03-25 20:00:00,129.95155
2012-03-25 21:00:00,122.07076
2012-03-25 22:00:00,109.11814
2012-03-25 23:00:00,112.60391
2012-03-26 00:00:00,120.07545
2012-03-26 01:00:00,128.35046
2012-03-26 02:00:00,112.75272
2012-03-26 03:00:00,117.01023
2012-03-26 04:00:00,110.44494
2012-03-26 05:00:00,116.65256
2012-03-26 06:00:00,110.05056
2012-03-26 07:00:00,129.21014
2012-03-26 08:00:00,156.45578
2012-03-26 09:00:00,218.50592
2012-03-26 10:00:00,285.27008
2012-03-26 11:00:00,284.619
2012-03-26 12:00:00,295.74713
2012-03-26 13:00:00,235.67125
2012-03-26 14:00:00,301.94858
2012-03-26 15:00:00,269.08054
2012-03-26 16:00:00,229.06038
2012-03-26 17:00:00,295.9187
2012-03-26 18:00:00,291.64957
2012-03-26 19:00:00,292.49146
2012-03-26 20:00:00,268.98892
2012-03-26 21:00:00,268.05905
2012-03-26 22:00:00,269.70062
2012-03-26 23:00:00,230.86882
2012-03-27 00:00:00,230.8256
2012-03-27 01:00:00,230.63725
2012-03-27 02:00:00,200.13615
2012-03-27 03:00:00,199.2758
2012-03-27 04:00:00,184.60385
2012-03-27 05:00:00,163.17369
2012-03-27 06:00:00,149.22363
2012-03-27 07:00:00,149.22363
2012-03-27 08:00:00,165.99055
2012-03-27 09:00:00,149.30171
2012-03-27 10:00:00,177.37793
2012-03-27 11:00:00,211.34479
2012-03-27 12:00:00,219.38054
2012-03-27 13:00:00,237.5821
2012-03-27 14:00:00,279.1175
2012-03-27 15:00:00,264.6579
2012-03-27 16:00:00,264.6579
2012-03-27 17:00:00,248.29239
2012-03-27 18:00:00,258.36926
2012-03-27 19:00:00,250.72903
2012-03-27 20:00:00,258.3693
2012-03-27 21:00:00,206.32487
2012-03-27 22:00:00,203.38171
2012-03-27 23:00:00,209.25821
2012-03-28 00:00:00,199.15312
2012-03-28 01:00:00,184.51408
2012-03-28 02:00:00,166.76788
2012-03-28 03:00:00,192.84813
2012-03-28 04:00:00,193.27072
2012-03-28 05:00:00,193.27072
2012-03-28 06:00:00,195.0826
2012-03-28 07:00:00,190.16664
2012-03-28 08:00:00,210.61133
2012-03-28 09:00:00,230.34566
2012-03-28 10:00:00,257.2943
2012-03-28 11:00:00,269.0832
2012-03-28 12:00:00,307.06116
2012-03-28 13:00:00,282.43524
2012-03-28 14:00:00,346.9427
2012-03-28 15:00:00,336.80566
2012-03-28 16:00:00,316.84393
2012-03-28 17:00:00,219.1344
2012-03-28 18:00:00,219.1344
2012-03-28 19:00:00,239.86894
2012-03-28 20:00:00,250.15529
2012-03-28 21:00:00,209.84654
2012-03-28 22:00:00,169.5694
2012-03-28 23:00:00,151.88455
2012-03-29 00:00:00,163.17087
2012-03-29 01:00:00,181.27948
2012-03-29 02:00:00,340.32043
2012-03-29 03:00:00,325.773
2012-03-29 04:00:00,292.98755
2012-03-29 05:00:00,238.37122
2012-03-29 06:00:00,176.84679
2012-03-29 07:00:00,219.94244
2012-03-29 08:00:00,239.64687
2012-03-29 09:00:00,243.74617
2012-03-29 10:00:00,239.78065
2012-03-29 11:00:00,259.04803
2012-03-29 12:00:00,267.80453
2012-03-29 13:00:00,237.46484
2012-03-29 14:00:00,266.13998
2012-03-29 15:00:00,288.72485
2012-03-29 16:00:00,300.3406
2012-03-29 17:00:00,296.5177
2012-03-29 18:00:00,274.81256
2012-03-29 19:00:00,265.33926
2012-03-29 20:00:00,263.61984
2012-03-29 21:00:00,225.04837
2012-03-29 22:00:00,217.01254
2012-03-29 23:00:00,208.43797
2012-03-30 00:00:00,202.50188
2012-03-30 01:00:00,184.90868
2012-03-30 02:00:00,164.02141
2012-03-30 03:00:00,114.69924
2012-03-30 04:00:00,124.767456
2012-03-30 05:00:00,106.708755
2012-03-30 06:00:00,119.508446
2012-03-30 07:00:00,121.29883
2012-03-30 08:00:00,105.77607
2012-03-30 09:00:00,125.545265
2012-03-30 10:00:00,127.13139
2012-03-30 11:00:00,136.69797
2012-03-30 12:00:00,139.37518
2012-03-30 13:00:00,176.13509
2012-03-30 14:00:00,158.28606
2012-03-30 15:00:00,165.42552
2012-03-30 16:00:00,163.93262
2012-03-30 17:00:00,148.56647
2012-03-30 18:00:00,168.22891
2012-03-30 19:00:00,144.48659
2012-03-30 20:00:00,134.01674
2012-03-30 21:00:00,118.91005
2012-03-30 22:00:00,106.40866
2012-03-30 23:00:00,93.507576
2012-03-31 00:00:00,102.63647
2012-03-31 01:00:00,114.907936
2012-03-31 02:00:00,124.16714
2012-03-31 03:00:00,111.071
2012-03-31 04:00:00,142.79295
2012-03-31 05:00:00,107.97958
2012-03-31 06:00:00,94.16569
2012-03-31 07:00:00,94.16569
2012-03-31 08:00:00,96.325485
2012-03-31 09:00:00,114.907936
2012-03-31 10:00:00,108.7147
2012-03-31 11:00:00,122.48686
2012-03-31 12:00:00,117.64283
2012-03-31 13:00:00,177.43756
2012-03-31 14:00:00,175.38504
2012-03-31 15:00:00,199.3903
2012-03-31 16:00:00,183.8545
2012-03-31 17:00:00,184.6624
2012-03-31 18:00:00,170.6049
2012-03-31 19:00:00,160.64127
2012-03-31 20:00:00,140.13013
2012-03-31 21:00:00,140.13013
2012-03-31 22:00:00,126.008545
2012-03-31 23:00:00,111.823944
2012-04-20 00:00:00,134.52641
2012-04-20 01:00:00,117.01023
2012-04-20 02:00:00,106.78588
2012-04-20 03:00:00,100.29919
2012-04-20 04:00:00,93.96003
2012-04-20 05:00:00,85.25451
2012-04-20 06:00:00,90.20882
2012-04-20 07:00:00,85.25451
2012-04-20 08:00:00,88.857376
2012-04-20 09:00:00,101.72701
2012-04-20 10:00:00,133.33987
2012-04-20 11:00:00,157.53717
2012-04-20 12:00:00,228.74458
2012-04-20 13:00:00,306.51947
2012-04-20 14:00:00,308.21747
2012-04-20 15:00:00,290.72522
2012-04-20 16:00:00,308.87878
2012-04-20 17:00:00,299.5449
2012-04-20 18:00:00,281.3913
2012-04-20 19:00:00,254.418
2012-04-20 20:00:00,211.14938
2012-04-20 21:00:00,157.85933
2012-04-20 22:00:00,174.45714
2012-04-20 23:00:00,138.34354
2012-04-21 00:00:00,138.45865
2012-04-21 01:00:00,138.45865
2012-04-21 02:00:00,126.630905
2012-04-21 03:00:00,125.574165
2012-04-21 04:00:00,129.50797
2012-04-21 05:00:00,129.50797
2012-04-21 06:00:00,125.57419
2012-04-21 07:00:00,133.45494
2012-04-21 08:00:00,135.49342
2012-04-21 09:00:00,134.83855
2012-04-21 10:00:00,212.9099
2012-04-21 11:00:00,233.16753
2012-04-21 12:00:00,250.23987
2012-04-21 13:00:00,268.39346
2012-04-21 14:00:00,329.55753
2012-04-21 15:00:00,363.71915
2012-04-21 16:00:00,348.51648
2012-04-21 17:00:00,382.7033
2012-04-21 18:00:00,347.11697
2012-04-21 19:00:00,213.29852
2012-04-21 20:00:00,141.52106
2012-04-21 21:00:00,153.34885
2012-04-21 22:00:00,131.17545
2012-04-21 23:00:00,127.997505
2012-04-22 00:00:00,117.982216
2012-04-22 01:00:00,133.91136
2012-04-22 02:00:00,142.19537
2012-04-22 03:00:00,111.4169
2012-04-22 04:00:00,117.54964
2012-04-22 05:00:00,124.494064
2012-04-22 06:00:00,146.91248
2012-04-22 07:00:00,144.9584
2012-04-22 08:00:00,116.4127
2012-04-22 09:00:00,116.4127
2012-04-22 10:00:00,120.67618
2012-04-22 11:00:00,111.44166
2012-04-22 12:00:00,114.543465
2012-04-22 13:00:00,123.88053
2012-04-22 14:00:00,114.543465
2012-04-22 15:00:00,120.7367
2012-04-22 16:00:00,127.08455
2012-04-22 17:00:00,110.27975
2012-04-22 18:00:00,110.27975
2012-04-22 19:00:00,124.03092
2012-04-22 20:00:00,109.44592
2012-04-22 21:00:00,111.84351
2012-04-22 22:00:00,118.692856
2012-04-22 23:00:00,126.498634
2012-04-23 00:00:00,125.830284
2012-04-23 01:00:00,105.52314
2012-04-23 02:00:00,100.1313
2012-04-23 03:00:00,100.706955
2012-04-23 04:00:00,100.25673
2012-04-23 05:00:00,100.25673
2012-04-23 06:00:00,97.93712
2012-04-23 07:00:00,98.08967
2012-04-23 08:00:00,107.15292
2012-04-23 09:00:00,114.06897
2012-04-23 10:00:00,121.43126
2012-04-23 11:00:00,123.20846
2012-04-23 12:00:00,128.77971
2012-04-23 13:00:00,142.09866
2012-04-23 14:00:00,169.38492
2012-04-23 15:00:00,158.6925
2012-04-23 16:00:00,105.555855
2012-04-23 17:00:00,101.524574
2012-04-23 18:00:00,94.61888
2012-04-23 19:00:00,103.85569
2012-04-23 20:00:00,96.58076
2012-04-23 21:00:00,96.3801
2012-04-23 22:00:00,96.6831
2012-04-23 23:00:00,94.523285
2012-04-24 00:00:00,95.74691
2012-04-24 01:00:00,92.56139
2012-04-24 02:00:00,93.4976
2012-04-24 03:00:00,94.3226
2012-04-24 04:00:00,98.48266
2012-04-24 05:00:00,98.48266
2012-04-24 06:00:00,101.58447
2012-04-24 07:00:00,119.36677
2012-04-24 08:00:00,128.30423
2012-04-24 09:00:00,213.67651
2012-04-24 10:00:00,208.43797
2012-04-24 11:00:00,306.46375
2012-04-24 12:00:00,310.09338
2012-04-24 13:00:00,314.4358
2012-04-24 14:00:00,311.77042
2012-04-24 15:00:00,309.05075
2012-04-24 16:00:00,302.6082
2012-04-24 17:00:00,314.1322
2012-04-24 18:00:00,264.17535
2012-04-24 19:00:00,285.80856
2012-04-24 20:00:00,302.3545
2012-04-24 21:00:00,302.7254
2012-04-24 22:00:00,251.06609
2012-04-24 23:00:00,227.01448
2012-04-25 00:00:00,226.23062
2012-04-25 01:00:00,203.64574
2012-04-25 02:00:00,104.02255
2012-04-25 03:00:00,94.7351
2012-04-25 04:00:00,103.12709
2012-04-25 05:00:00,95.630554
2012-04-25 06:00:00,95.630554
2012-04-25 07:00:00,90.99103
2012-04-25 08:00:00,95.47396
2012-04-25 09:00:00,141.93816
2012-04-25 10:00:00,277.7143
2012-04-25 11:00:00,300.63333
2012-04-25 12:00:00,318.27588
2012-04-25 13:00:00,318.87744
2012-04-25 14:00:00,319.89917
2012-04-25 15:00:00,291.63412
2012-04-25 16:00:00,313.45923
2012-04-25 17:00:00,313.24368
2012-04-25 18:00:00,311.9731
2012-04-25 19:00:00,304.33286
2012-04-25 20:00:00,296.99542
2012-04-25 21:00:00,203.5845
2012-04-25 22:00:00,187.15213
2012-04-25 23:00:00,206.3539
2012-04-26 00:00:00,134.99536
2012-04-26 01:00:00,212.89632
2012-04-26 02:00:00,180.09517
2012-04-26 03:00:00,178.62599
2012-04-26 04:00:00,158.92854
2012-04-26 05:00:00,152.63843
2012-04-26 06:00:00,175.21101
2012-04-26 07:00:00,143.98369
2012-04-26 08:00:00,122.35189
2012-04-26 09:00:00,111.90123
2012-04-26 10:00:00,105.368645
2012-04-26 11:00:00,109.69552
2012-04-26 12:00:00,122.70676
2012-04-26 13:00:00,123.831924
2012-04-26 14:00:00,144.91087
2012-04-26 15:00:00,148.04333
2012-04-26 16:00:00,134.24866
2012-04-26 17:00:00,137.92743
2012-04-26 18:00:00,144.91087
2012-04-26 19:00:00,148.85785
2012-04-26 20:00:00,141.86127
2012-04-26 21:00:00,131.19904
2012-04-26 22:00:00,123.31827
2012-04-26 23:00:00,113.51921
2012-04-27 00:00:00,208.52393
2012-04-27 01:00:00,219.82008
2012-04-27 02:00:00,212.78084
2012-04-27 03:00:00,233.10152
2012-04-27 04:00:00,214.06937
2012-04-27 05:00:00,228.28395
2012-04-27 06:00:00,210.91238
2012-04-27 07:00:00,184.90868
2012-04-27 08:00:00,152.64769
2012-04-27 09:00:00,234.61722
2012-04-27 10:00:00,262.645
2012-04-27 11:00:00,258.55634
2012-04-27 12:00:00,279.1957
2012-04-27 13:00:00,296.688
2012-04-27 14:00:00,290.81146
2012-04-27 15:00:00,308.47772
2012-04-27 16:00:00,313.37527
2012-04-27 17:00:00,319.82574
2012-04-27 18:00:00,314.92514
2012-04-27 19:00:00,313.10306
2012-04-27 20:00:00,296.10098
2012-04-27 21:00:00,279.86163
2012-04-27 22:00:00,243.16751
2012-04-27 23:00:00,225.4615
2012-04-28 00:00:00,199.13524
2012-04-28 01:00:00,167.00323
2012-04-28 02:00:00,182.26741
2012-04-28 03:00:00,149.85283
2012-04-28 04:00:00,144.6068
2012-04-28 05:00:00,156.43166
2012-04-28 06:00:00,147.5451
2012-04-28 07:00:00,144.6068
2012-04-28 08:00:00,210.74112
2012-04-28 09:00:00,226.45612
2012-04-28 10:00:00,223.98476
2012-04-28 11:00:00,218.10828
2012-04-28 12:00:00,200.13055
2012-04-28 13:00:00,233.54459
2012-04-28 14:00:00,233.54958
2012-04-28 15:00:00,230.75354
2012-04-28 16:00:00,260.69577
2012-04-28 17:00:00,232.23436
2012-04-28 18:00:00,201.2912
2012-04-28 19:00:00,106.94967
2012-04-28 20:00:00,103.5622
2012-04-28 21:00:00,113.14289
2012-04-28 22:00:00,104.27883
2012-04-28 23:00:00,100.94995
2012-04-29 00:00:00,97.87871
2012-04-29 01:00:00,95.821205
2012-04-29 02:00:00,91.17201
2012-04-29 03:00:00,96.32548
2012-04-29 04:00:00,91.99861
2012-04-29 05:00:00,77.4517
2012-04-29 06:00:00,87.42459
2012-04-29 07:00:00,89.48206
2012-04-29 08:00:00,102.55806
2012-04-29 09:00:00,112.176575
2012-04-29 10:00:00,116.70283
2012-04-29 11:00:00,181.53249
2012-04-29 12:00:00,228.52971
2012-04-29 13:00:00,231.68661
2012-04-29 14:00:00,290.7408
2012-04-29 15:00:00,297.4958
2012-04-29 16:00:00,347.5831
2012-04-29 17:00:00,352.6874
2012-04-29 18:00:00,349.86462
2012-04-29 19:00:00,307.19513
2012-04-29 20:00:00,316.56732
2012-04-29 21:00:00,228.10672
2012-04-29 22:00:00,222.1813
2012-04-29 23:00:00,153.00157
2012-04-30 00:00:00,117.39555
2012-04-30 01:00:00,105.352936
2012-04-30 02:00:00,118.793396
2012-04-30 03:00:00,110.84452
2012-04-30 04:00:00,144.12587
2012-04-30 05:00:00,144.12587
2012-04-30 06:00:00,185.49399
2012-04-30 07:00:00,173.96422
2012-04-30 08:00:00,205.03592
2012-04-30 09:00:00,215.33641
2012-04-30 10:00:00,230.10907
2012-04-30 11:00:00,217.71931
2012-04-30 12:00:00,206.10359
2012-04-30 13:00:00,198.32341
2012-04-30 14:00:00,191.11853
2012-04-30 15:00:00,196.29474
2012-04-30 16:00:00,192.56581
2012-04-30 17:00:00,186.93208
2012-04-30 18:00:00,202.29826
2012-04-30 19:00:00,190.24713
2012-04-30 20:00:00,187.60397
2012-04-30 21:00:00,187.60397
2012-04-30 22:00:00,202.18126
2012-04-30 23:00:00,208.06775
2012-05-20 00:00:00,225.00313
2012-05-20 01:00:00,212.7061
2012-05-20 02:00:00,212.7061
2012-05-20 03:00:00,192.7275
2012-05-20 04:00:00,136.25298
2012-05-20 05:00:00,127.06014
2012-05-20 06:00:00,148.73259
2012-05-20 07:00:00,151.37572
2012-05-20 08:00:00,208.16821
2012-05-20 09:00:00,356.99902
2012-05-20 10:00:00,363.24963
2012-05-20 11:00:00,365.59018
2012-05-20 12:00:00,370.0375
2012-05-20 13:00:00,368.3795
2012-05-20 14:00:00,377.00015
2012-05-20 15:00:00,382.2505
2012-05-20 16:00:00,359.45642
2012-05-20 17:00:00,341.97406
2012-05-20 18:00:00,309.2714
2012-05-20 19:00:00,258.98483
2012-05-20 20:00:00,258.98483
2012-05-20 21:00:00,224.03929
2012-05-20 22:00:00,195.0485
2012-05-20 23:00:00,188.22954
2012-05-21 00:00:00,151.28995
2012-05-21 01:00:00,159.17075
2012-05-21 02:00:00,131.23169
2012-05-21 03:00:00,143.97964
2012-05-21 04:00:00,147.02927
2012-05-21 05:00:00,147.02927
2012-05-21 06:00:00,147.02927
2012-05-21 07:00:00,147.02927
2012-05-21 08:00:00,141.11539
2012-05-21 09:00:00,137.18161
2012-05-21 10:00:00,149.32306
2012-05-21 11:00:00,143.38208
2012-05-21 12:00:00,155.19664
2012-05-21 13:00:00,158.24623
2012-05-21 14:00:00,150.3655
2012-05-21 15:00:00,185.51514
2012-05-21 16:00:00,196.80144
2012-05-21 17:00:00,214.48625
2012-05-21 18:00:00,164.51526
2012-05-21 19:00:00,179.38322
2012-05-21 20:00:00,181.85904
2012-05-21 21:00:00,170.40288
2012-05-21 22:00:00,173.887
2012-05-21 23:00:00,192.37975
2012-05-22 00:00:00,147.90063
2012-05-22 01:00:00,135.18864
2012-05-22 02:00:00,131.25487
2012-05-22 03:00:00,131.25487
2012-05-22 04:00:00,126.63554
2012-05-22 05:00:00,133.23463
2012-05-22 06:00:00,123.11313
2012-05-22 07:00:00,123.11313
2012-05-22 08:00:00,123.53373
2012-05-22 09:00:00,135.50131
2012-05-22 10:00:00,144.32903
2012-05-22 11:00:00,132.50125
2012-05-22 12:00:00,150.54236
2012-05-22 13:00:00,151.80698
2012-05-22 14:00:00,168.59512
2012-05-22 15:00:00,232.2
2012-05-22 16:00:00,225.59982
2012-05-22 17:00:00,265.3639
2012-05-22 18:00:00,228.53816
2012-05-22 19:00:00,204.7727
2012-05-22 20:00:00,192.72159
2012-05-22 21:00:00,151.42653
2012-05-22 22:00:00,155.70398
2012-05-22 23:00:00,158.52083
2012-05-23 00:00:00,151.42653
2012-05-23 01:00:00,140.33246
2012-05-23 02:00:00,143.38208
2012-05-23 03:00:00,143.2463
2012-05-23 04:00:00,146.11905
2012-05-23 05:00:00,141.11539
2012-05-23 06:00:00,117.77146
2012-05-23 07:00:00,116.54926
2012-05-23 08:00:00,116.54926
2012-05-23 09:00:00,136.74768
2012-05-23 10:00:00,145.52583
2012-05-23 11:00:00,146.58255
2012-05-23 12:00:00,187.04295
2012-05-23 13:00:00,182.92867
2012-05-23 14:00:00,208.84073
2012-05-23 15:00:00,233.68076
2012-05-23 16:00:00,252.80095
2012-05-23 17:00:00,190.84871
2012-05-23 18:00:00,190.84871
2012-05-23 19:00:00,147.64275
2012-05-23 20:00:00,137.79509
2012-05-23 21:00:00,126.17976
2012-05-23 22:00:00,147.64275
2012-05-23 23:00:00,136.38548
2012-05-24 00:00:00,130.4848
2012-05-24 01:00:00,121.38693
2012-05-24 02:00:00,112.09191
2012-05-24 03:00:00,125.60347
2012-05-24 04:00:00,132.60173
2012-05-24 05:00:00,132.60173
2012-05-24 06:00:00,132.60173
2012-05-24 07:00:00,132.45168
2012-05-24 08:00:00,164.15451
2012-05-24 09:00:00,169.80714
2012-05-24 10:00:00,193.5691
2012-05-24 11:00:00,200.72623
2012-05-24 12:00:00,248.21571
2012-05-24 13:00:00,281.5268
2012-05-24 14:00:00,290.56024
2012-05-24 15:00:00,293.49356
2012-05-24 16:00:00,303.7799
2012-05-24 17:00:00,296.43674
2012-05-24 18:00:00,297.6896
2012-05-24 19:00:00,254.18707
2012-05-24 20:00:00,220.13885
2012-05-24 21:00:00,166.33482
2012-05-24 22:00:00,152.63216
2012-05-24 23:00:00,156.60239
2012-05-25 00:00:00,140.64615
2012-05-25 01:00:00,134.74547
2012-05-25 02:00:00,126.17976
2012-05-25 03:00:00,129.07736
2012-05-25 04:00:00,118.23662
2012-05-25 05:00:00,127.531654
2012-05-25 06:00:00,129.07736
2012-05-25 07:00:00,136.84814
2012-05-25 08:00:00,131.5033
2012-05-25 09:00:00,135.43709
2012-05-25 10:00:00,170.20563
2012-05-25 11:00:00,164.55301
2012-05-25 12:00:00,221.62265
2012-05-25 13:00:00,247.79274
2012-05-25 14:00:00,267.1915
2012-05-25 15:00:00,266.10712
2012-05-25 16:00:00,321.15173
2012-05-25 17:00:00,274.92685
2012-05-25 18:00:00,266.10712
2012-05-25 19:00:00,259.54575
2012-05-25 20:00:00,219.87398
2012-05-25 21:00:00,216.92584
2012-05-25 22:00:00,167.56248
2012-05-25 23:00:00,175.45589
2012-05-26 00:00:00,143.59406
2012-05-26 01:00:00,139.64706
2012-05-26 02:00:00,130.05829
2012-05-26 03:00:00,124.70766
2012-05-26 04:00:00,127.799065
2012-05-26 05:00:00,153.31882
2012-05-26 06:00:00,134.6434
2012-05-26 07:00:00,133.75922
2012-05-26 08:00:00,150.42744
2012-05-26 09:00:00,147.52786
2012-05-26 10:00:00,175.6912
2012-05-26 11:00:00,193.6398
2012-05-26 12:00:00,246.64354
2012-05-26 13:00:00,256.2081
2012-05-26 14:00:00,259.15128
2012-05-26 15:00:00,265.0278
2012-05-26 16:00:00,319.03574
2012-05-26 17:00:00,339.454
2012-05-26 18:00:00,325.57083
2012-05-26 19:00:00,257.01382
2012-05-26 20:00:00,302.986
2012-05-26 21:00:00,265.4337
2012-05-26 22:00:00,204.92609
2012-05-26 23:00:00,204.92609
2012-05-27 00:00:00,207.64655
2012-05-27 01:00:00,184.33437
2012-05-27 02:00:00,181.28712
2012-05-27 03:00:00,170.00082
2012-05-27 04:00:00,145.43803
2012-05-27 05:00:00,145.43803
2012-05-27 06:00:00,141.50426
2012-05-27 07:00:00,130.90085
2012-05-27 08:00:00,147.52786
2012-05-27 09:00:00,157.89215
2012-05-27 10:00:00,195.96251
2012-05-27 11:00:00,238.52905
2012-05-27 12:00:00,249.58186
2012-05-27 13:00:00,290.57434
2012-05-27 14:00:00,296.45087
2012-05-27 15:00:00,332.09668
2012-05-27 16:00:00,332.09668
2012-05-27 17:00:00,348.11243
2012-05-27 18:00:00,300.8607
2012-05-27 19:00:00,290.57434
2012-05-27 20:00:00,289.75217
2012-05-27 21:00:00,243.80742
2012-05-27 22:00:00,127.15174
2012-05-27 23:00:00,143.65648
2012-05-28 00:00:00,144.2248
2012-05-28 01:00:00,170.88623
2012-05-28 02:00:00,139.96408
2012-05-28 03:00:00,156.05452
2012-05-28 04:00:00,138.93097
2012-05-28 05:00:00,138.93097
2012-05-28 06:00:00,156.05452
2012-05-28 07:00:00,139.24356
2012-05-28 08:00:00,178.18791
2012-05-28 09:00:00,228.14403
2012-05-28 10:00:00,228.14403
2012-05-28 11:00:00,226.40761
2012-05-28 12:00:00,262.02927
2012-05-28 13:00:00,301.18292
2012-05-28 14:00:00,301.18292
2012-05-28 15:00:00,340.202
2012-05-28 16:00:00,343.14514
2012-05-28 17:00:00,340.202
2012-05-28 18:00:00,317.61707
2012-05-28 19:00:00,332.6137
2012-05-28 20:00:00,290.63007
2012-05-28 21:00:00,261.758
2012-05-28 22:00:00,217.77289
2012-05-28 23:00:00,194.43544
2012-05-29 00:00:00,184.80293
2012-05-29 01:00:00,184.80293
2012-05-29 02:00:00,155.57053
2012-05-29 03:00:00,192.77824
2012-05-29 04:00:00,175.45589
2012-05-29 05:00:00,175.45589
2012-05-29 06:00:00,175.45589
2012-05-29 07:00:00,175.45589
2012-05-29 08:00:00,199.44055
2012-05-29 09:00:00,228.41165
2012-05-29 10:00:00,242.87553
2012-05-29 11:00:00,276.3935
2012-05-29 12:00:00,333.75824
2012-05-29 13:00:00,362.19046
2012-05-29 14:00:00,365.12378
2012-05-29 15:00:00,376.7395
2012-05-29 16:00:00,387.016
2012-05-29 17:00:00,389.81982
2012-05-29 18:00:00,374.57806
2012-05-29 19:00:00,334.37146
2012-05-29 20:00:00,304.25284
2012-05-29 21:00:00,175.73592
2012-05-29 22:00:00,127.531654
2012-05-29 23:00:00,112.95607
2012-05-30 00:00:00,134.55289
2012-05-30 01:00:00,146.36748
2012-05-30 02:00:00,121.044716
2012-05-30 03:00:00,135.95074
2012-05-30 04:00:00,132.90117
2012-05-30 05:00:00,154.47614
2012-05-30 06:00:00,146.29593
2012-05-30 07:00:00,162.98819
2012-05-30 08:00:00,170.8814
2012-05-30 09:00:00,194.2196
2012-05-30 10:00:00,211.15848
2012-05-30 11:00:00,217.03432
2012-05-30 12:00:00,257.32816
2012-05-30 13:00:00,271.8772
2012-05-30 14:00:00,332.34863
2012-05-30 15:00:00,293.1327
2012-05-30 16:00:00,296.07587
2012-05-30 17:00:00,306.88626
2012-05-30 18:00:00,314.22943
2012-05-30 19:00:00,281.5268
2012-05-30 20:00:00,182.72581
2012-05-30 21:00:00,245.05878
2012-05-30 22:00:00,182.20007
2012-05-30 23:00:00,197.78786
2012-05-31 00:00:00,181.85904
2012-05-31 01:00:00,173.4085
2012-05-31 02:00:00,188.23361
2012-05-31 03:00:00,170.40288
2012-05-31 04:00:00,156.06143
2012-05-31 05:00:00,201.42601
2012-05-31 06:00:00,178.08784
2012-05-31 07:00:00,218.71063
2012-05-31 08:00:00,244.50026
2012-05-31 09:00:00,300.2062
2012-05-31 10:00:00,363.61954
2012-05-31 11:00:00,363.27542
2012-05-31 12:00:00,359.81415
2012-05-31 13:00:00,357.62872
2012-05-31 14:00:00,361.7323
2012-05-31 15:00:00,367.28027
2012-05-31 16:00:00,366.67923
2012-05-31 17:00:00,360.53027
2012-05-31 18:00:00,356.70514
2012-05-31 19:00:00,356.61307
2012-05-31 20:00:00,313.98126
2012-05-31 21:00:00,313.98126
2012-05-31 22:00:00,276.84732
2012-05-31 23:00:00,263.32504
2012-06-20 00:00:00,184.80293
2012-06-20 01:00:00,175.8393
2012-06-20 02:00:00,153.10025
2012-06-20 03:00:00,149.15326
2012-06-20 04:00:00,143.2526
2012-06-20 05:00:00,143.2526
2012-06-20 06:00:00,129.79091
2012-06-20 07:00:00,123.96974
2012-06-20 08:00:00,171.96281
2012-06-20 09:00:00,186.82007
2012-06-20 10:00:00,337.20795
2012-06-20 11:00:00,365.66928
2012-06-20 12:00:00,380.44202
2012-06-20 13:00:00,384.7125
2012-06-20 14:00:00,401.5523
2012-06-20 15:00:00,390.4528
2012-06-20 16:00:00,399.36362
2012-06-20 17:00:00,396.755
2012-06-20 18:00:00,396.75497
2012-06-20 19:00:00,399.8408
2012-06-20 20:00:00,395.6105
2012-06-20 21:00:00,370.8079
2012-06-20 22:00:00,358.9706
2012-06-20 23:00:00,284.2843
2012-06-21 00:00:00,250.09824
2012-06-21 01:00:00,206.54652
2012-06-21 02:00:00,203.60818
2012-06-21 03:00:00,217.92606
2012-06-21 04:00:00,171.96031
2012-06-21 05:00:00,174.7772
2012-06-21 06:00:00,176.04019
2012-06-21 07:00:00,176.04019
2012-06-21 08:00:00,241.26352
2012-06-21 09:00:00,361.63452
2012-06-21 10:00:00,397.9653
2012-06-21 11:00:00,426.06268
2012-06-21 12:00:00,424.66077
2012-06-21 13:00:00,408.11826
2012-06-21 14:00:00,426.15875
2012-06-21 15:00:00,415.02917
2012-06-21 16:00:00,419.57007
2012-06-21 17:00:00,413.5436
2012-06-21 18:00:00,428.47086
2012-06-21 19:00:00,432.6866
2012-06-21 20:00:00,430.29828
2012-06-21 21:00:00,384.19025
2012-06-21 22:00:00,328.7371
2012-06-21 23:00:00,336.36136
2012-06-22 00:00:00,274.33737
2012-06-22 01:00:00,249.83672
2012-06-22 02:00:00,201.38947
2012-06-22 03:00:00,201.38947
2012-06-22 04:00:00,283.44974
2012-06-22 05:00:00,279.8315
2012-06-22 06:00:00,271.0118
2012-06-22 07:00:00,311.24045
2012-06-22 08:00:00,330.88214
2012-06-22 09:00:00,329.5549
2012-06-22 10:00:00,387.9152
2012-06-22 11:00:00,383.36804
2012-06-22 12:00:00,400.8986
2012-06-22 13:00:00,432.6866
2012-06-22 14:00:00,432.6866
2012-06-22 15:00:00,438.6622
2012-06-22 16:00:00,406.9734
2012-06-22 17:00:00,417.66483
2012-06-22 18:00:00,371.93503
2012-06-22 19:00:00,379.38486
2012-06-22 20:00:00,379.38486
2012-06-22 21:00:00,285.5975
2012-06-22 22:00:00,230.671
2012-06-22 23:00:00,198.11041
2012-06-23 00:00:00,142.58035
2012-06-23 01:00:00,178.92567
2012-06-23 02:00:00,166.79099
2012-06-23 03:00:00,155.04163
2012-06-23 04:00:00,162.85718
2012-06-23 05:00:00,166.79099
2012-06-23 06:00:00,149.95988
2012-06-23 07:00:00,159.80757
2012-06-23 08:00:00,244.63907
2012-06-23 09:00:00,296.23892
2012-06-23 10:00:00,333.79126
2012-06-23 11:00:00,374.2869
2012-06-23 12:00:00,416.06586
2012-06-23 13:00:00,417.1983
2012-06-23 14:00:00,411.22174
2012-06-23 15:00:00,410.62802
2012-06-23 16:00:00,387.84152
2012-06-23 17:00:00,383.4802
2012-06-23 18:00:00,387.30035
2012-06-23 19:00:00,380.83713
2012-06-23 20:00:00,397.20258
2012-06-23 21:00:00,399.20248
2012-06-23 22:00:00,399.16553
2012-06-23 23:00:00,355.60382
2012-06-24 00:00:00,318.05142
2012-06-24 01:00:00,314.61584
2012-06-24 02:00:00,320.34528
2012-06-24 03:00:00,253.2335
2012-06-24 04:00:00,250.01872
2012-06-24 05:00:00,215.96474
2012-06-24 06:00:00,242.25034
2012-06-24 07:00:00,216.66644
2012-06-24 08:00:00,284.1036
2012-06-24 09:00:00,326.08722
2012-06-24 10:00:00,389.55316
2012-06-24 11:00:00,404.1088
2012-06-24 12:00:00,411.2444
2012-06-24 13:00:00,416.33505
2012-06-24 14:00:00,408.0785
2012-06-24 15:00:00,394.6267
2012-06-24 16:00:00,404.2583
2012-06-24 17:00:00,413.5442
2012-06-24 18:00:00,422.2889
2012-06-24 19:00:00,423.50842
2012-06-24 20:00:00,394.9554
2012-06-24 21:00:00,344.7703
2012-06-24 22:00:00,324.9815
2012-06-24 23:00:00,310.43234
2012-06-25 00:00:00,297.04706
2012-06-25 01:00:00,267.12668
2012-06-25 02:00:00,242.66641
2012-06-25 03:00:00,242.44402
2012-06-25 04:00:00,202.62143
2012-06-25 05:00:00,200.8829
2012-06-25 06:00:00,179.707
2012-06-25 07:00:00,211.66696
2012-06-25 08:00:00,228.44301
2012-06-25 09:00:00,264.18353
2012-06-25 10:00:00,333.8253
2012-06-25 11:00:00,418.6764
2012-06-25 12:00:00,401.41116
2012-06-25 13:00:00,350.40134
2012-06-25 14:00:00,404.44284
2012-06-25 15:00:00,411.2785
2012-06-25 16:00:00,406.6567
2012-06-25 17:00:00,360.25748
2012-06-25 18:00:00,388.7739
2012-06-25 19:00:00,387.8381
2012-06-25 20:00:00,395.31558
2012-06-25 21:00:00,381.79605
2012-06-25 22:00:00,381.98248
2012-06-25 23:00:00,380.68433
2012-06-26 00:00:00,379.1289
2012-06-26 01:00:00,381.31436
2012-06-26 02:00:00,319.1312
2012-06-26 03:00:00,301.4251
2012-06-26 04:00:00,302.8918
2012-06-26 05:00:00,289.12662
2012-06-26 06:00:00,260.90814
2012-06-26 07:00:00,266.78467
2012-06-26 08:00:00,294.44284
2012-06-26 09:00:00,325.8376
2012-06-26 10:00:00,373.4875
2012-06-26 11:00:00,386.17514
2012-06-26 12:00:00,387.72238
2012-06-26 13:00:00,391.57428
2012-06-26 14:00:00,391.57428
2012-06-26 15:00:00,391.9399
2012-06-26 16:00:00,382.19836
2012-06-26 17:00:00,388.11972
2012-06-26 18:00:00,383.0291
2012-06-26 19:00:00,371.57724
2012-06-26 20:00:00,383.75845
2012-06-26 21:00:00,381.84558
2012-06-26 22:00:00,379.89288
2012-06-26 23:00:00,351.44812
2012-06-27 00:00:00,357.32465
2012-06-27 01:00:00,341.08746
2012-06-27 02:00:00,275.33682
2012-06-27 03:00:00,293.52173
2012-06-27 04:00:00,364.44635
2012-06-27 05:00:00,352.84045
2012-06-27 06:00:00,312.61792
2012-06-27 07:00:00,360.1836
2012-06-27 08:00:00,360.8548
2012-06-27 09:00:00,380.69653
2012-06-27 10:00:00,387.80814
2012-06-27 11:00:00,390.3151
2012-06-27 12:00:00,385.3289
2012-06-27 13:00:00,382.99426
2012-06-27 14:00:00,369.9413
2012-06-27 15:00:00,386.6568
2012-06-27 16:00:00,362.42114
2012-06-27 17:00:00,371.89166
2012-06-27 18:00:00,382.99426
2012-06-27 19:00:00,390.0738
2012-06-27 20:00:00,385.70398
2012-06-27 21:00:00,387.557
2012-06-27 22:00:00,383.34268
2012-06-27 23:00:00,337.59485
2012-06-28 00:00:00,312.0766
2012-06-28 01:00:00,282.39148
2012-06-28 02:00:00,310.60992
2012-06-28 03:00:00,310.60992
2012-06-28 04:00:00,247.1188
2012-06-28 05:00:00,269.45303
2012-06-28 06:00:00,269.45303
2012-06-28 07:00:00,247.1188
2012-06-28 08:00:00,315.00992
2012-06-28 09:00:00,314.59677
2012-06-28 10:00:00,358.26855
2012-06-28 11:00:00,390.10565
2012-06-28 12:00:00,377.2677
2012-06-28 13:00:00,376.03757
2012-06-28 14:00:00,378.65118
2012-06-28 15:00:00,378.65118
2012-06-28 16:00:00,360.10028
2012-06-28 17:00:00,355.45734
2012-06-28 18:00:00,369.74045
2012-06-28 19:00:00,398.7752
2012-06-28 20:00:00,407.89508
2012-06-28 21:00:00,336.75867
2012-06-28 22:00:00,348.3744
2012-06-28 23:00:00,352.39206
2012-06-29 00:00:00,352.39206
2012-06-29 01:00:00,340.78616
2012-06-29 02:00:00,306.16714
2012-06-29 03:00:00,306.16714
2012-06-29 04:00:00,261.25018
2012-06-29 05:00:00,274.77243
2012-06-29 06:00:00,290.94943
2012-06-29 07:00:00,274.77243
2012-06-29 08:00:00,330.21353
2012-06-29 09:00:00,333.8253
2012-06-29 10:00:00,442.84366
2012-06-29 11:00:00,453.73785
2012-06-29 12:00:00,458.3469
2012-06-29 13:00:00,446.31064
2012-06-29 14:00:00,443.43488
2012-06-29 15:00:00,424.34274
2012-06-29 16:00:00,424.34274
2012-06-29 17:00:00,433.7947
2012-06-29 18:00:00,396.14352
2012-06-29 19:00:00,451.88513
2012-06-29 20:00:00,455.77585
2012-06-29 21:00:00,414.5169
2012-06-29 22:00:00,369.11145
2012-06-29 23:00:00,369.11145
2012-06-30 00:00:00,155.55826
2012-06-30 01:00:00,163.43904
2012-06-30 02:00:00,132.80777
2012-06-30 03:00:00,132.80777
2012-06-30 04:00:00,121.390724
2012-06-30 05:00:00,149.45903
2012-06-30 06:00:00,149.45903
2012-06-30 07:00:00,149.45903
2012-06-30 08:00:00,149.45903
2012-06-30 09:00:00,149.45903
2012-06-30 10:00:00,410.3142
2012-06-30 11:00:00,410.3142
2012-06-30 12:00:00,410.3142
2012-06-30 13:00:00,410.3142
2012-06-30 14:00:00,410.3142
2012-06-30 15:00:00,410.3142
2012-06-30 16:00:00,400.2459
2012-06-30 17:00:00,409.4188
2012-06-30 18:00:00,413.561
2012-06-30 19:00:00,433.13513
2012-06-30 20:00:00,386.32532
2012-06-30 21:00:00,386.32532
2012-06-30 22:00:00,321.78595
2012-06-30 23:00:00,314.44278
2012-07-20 00:00:00,153.04588
2012-07-20 01:00:00,152.8474
2012-07-20 02:00:00,149.99629
2012-07-20 03:00:00,151.96318
2012-07-20 04:00:00,159.84396
2012-07-20 05:00:00,155.897
2012-07-20 06:00:00,159.84396
2012-07-20 07:00:00,163.77779
2012-07-20 08:00:00,184.10727
2012-07-20 09:00:00,204.40863
2012-07-20 10:00:00,207.3568
2012-07-20 11:00:00,257.89807
2012-07-20 12:00:00,188.18713
2012-07-20 13:00:00,179.63496
2012-07-20 14:00:00,194.22324
2012-07-20 15:00:00,215.53275
2012-07-20 16:00:00,215.14934
2012-07-20 17:00:00,202.55177
2012-07-20 18:00:00,220.82335
2012-07-20 19:00:00,188.75267
2012-07-20 20:00:00,212.58829
2012-07-20 21:00:00,198.29642
2012-07-20 22:00:00,168.80817
2012-07-20 23:00:00,185.74707
2012-07-21 00:00:00,184.0262
2012-07-21 01:00:00,174.29372
2012-07-21 02:00:00,164.53748
2012-07-21 03:00:00,160.59044
2012-07-21 04:00:00,162.4477
2012-07-21 05:00:00,158.50066
2012-07-21 06:00:00,158.50066
2012-07-21 07:00:00,155.45102
2012-07-21 08:00:00,164.07478
2012-07-21 09:00:00,156.19405
2012-07-21 10:00:00,158.50066
2012-07-21 11:00:00,168.32121
2012-07-21 12:00:00,167.43704
2012-07-21 13:00:00,159.55626
2012-07-21 14:00:00,157.54083
2012-07-21 15:00:00,160.59044
2012-07-21 16:00:00,152.70972
2012-07-21 17:00:00,148.77591
2012-07-21 18:00:00,149.6601
2012-07-21 19:00:00,145.7263
2012-07-21 20:00:00,148.77591
2012-07-21 21:00:00,145.7263
2012-07-21 22:00:00,137.91534
2012-07-21 23:00:00,127.074615
2012-07-22 00:00:00,137.91534
2012-07-22 01:00:00,145.7263
2012-07-22 02:00:00,137.91534
2012-07-22 03:00:00,137.91534
2012-07-22 04:00:00,124.40378
2012-07-22 05:00:00,124.40378
2012-07-22 06:00:00,152.08194
2012-07-22 07:00:00,151.36441
2012-07-22 08:00:00,180.81525
2012-07-22 09:00:00,232.3226
2012-07-22 10:00:00,210.01129
2012-07-22 11:00:00,210.01129
2012-07-22 12:00:00,246.44841
2012-07-22 13:00:00,269.27585
2012-07-22 14:00:00,268.03033
2012-07-22 15:00:00,268.03033
2012-07-22 16:00:00,276.0661
2012-07-22 17:00:00,287.81912
2012-07-22 18:00:00,281.9426
2012-07-22 19:00:00,254.47282
2012-07-22 20:00:00,226.69032
2012-07-22 21:00:00,196.18204
2012-07-22 22:00:00,229.62863
2012-07-22 23:00:00,189.50903
2012-07-23 00:00:00,146.94666
2012-07-23 01:00:00,160.72818
2012-07-23 02:00:00,141.37254
2012-07-23 03:00:00,141.37254
2012-07-23 04:00:00,147.27318
2012-07-23 05:00:00,147.27318
2012-07-23 06:00:00,158.58446
2012-07-23 07:00:00,180.41089
2012-07-23 08:00:00,203.60818
2012-07-23 09:00:00,249.675
2012-07-23 10:00:00,310.85522
2012-07-23 11:00:00,379.1195
2012-07-23 12:00:00,379.1195
2012-07-23 13:00:00,373.24295
2012-07-23 14:00:00,341.56714
2012-07-23 15:00:00,361.63452
2012-07-23 16:00:00,378.31372
2012-07-23 17:00:00,378.31372
2012-07-23 18:00:00,400.07645
2012-07-23 19:00:00,377.62878
2012-07-23 20:00:00,304.2796
2012-07-23 21:00:00,307.21292
2012-07-23 22:00:00,294.77502
2012-07-23 23:00:00,268.8384
2012-07-24 00:00:00,218.60878
2012-07-24 01:00:00,191.73752
2012-07-24 02:00:00,171.06383
2012-07-24 03:00:00,171.06383
2012-07-24 04:00:00,159.46606
2012-07-24 05:00:00,161.43297
2012-07-24 06:00:00,165.41118
2012-07-24 07:00:00,221.55696
2012-07-24 08:00:00,260.39224
2012-07-24 09:00:00,372.6823
2012-07-24 10:00:00,379.50912
2012-07-24 11:00:00,415.30847
2012-07-24 12:00:00,382.46643
2012-07-24 13:00:00,412.3653
2012-07-24 14:00:00,405.0222
2012-07-24 15:00:00,409.0257
2012-07-24 16:00:00,371.92087
2012-07-24 17:00:00,384.98178
2012-07-24 18:00:00,320.44244
2012-07-24 19:00:00,304.2796
2012-07-24 20:00:00,276.8741
2012-07-24 21:00:00,282.75067
2012-07-24 22:00:00,285.684
2012-07-24 23:00:00,327.40332
2012-07-25 00:00:00,316.4535
2012-07-25 01:00:00,298.13135
2012-07-25 02:00:00,278.51883
2012-07-25 03:00:00,251.08424
2012-07-25 04:00:00,243.00346
2012-07-25 05:00:00,237.11702
2012-07-25 06:00:00,240.05534
2012-07-25 07:00:00,334.11597
2012-07-25 08:00:00,377.2008
2012-07-25 09:00:00,393.9577
2012-07-25 10:00:00,383.47235
2012-07-25 11:00:00,378.44733
2012-07-25 12:00:00,378.44733
2012-07-25 13:00:00,385.3583
2012-07-25 14:00:00,375.72916
2012-07-25 15:00:00,378.99707
2012-07-25 16:00:00,378.27872
2012-07-25 17:00:00,373.56314
2012-07-25 18:00:00,366.4432
2012-07-25 19:00:00,389.8992
2012-07-25 20:00:00,389.70154
2012-07-25 21:00:00,358.9054
2012-07-25 22:00:00,292.25488
2012-07-25 23:00:00,305.26074
2012-07-26 00:00:00,248.14043
2012-07-26 01:00:00,251.08424
2012-07-26 02:00:00,234.32951
2012-07-26 03:00:00,231.39114
2012-07-26 04:00:00,206.01439
2012-07-26 05:00:00,206.01439
2012-07-26 06:00:00,202.62143
2012-07-26 07:00:00,232.25868
2012-07-26 08:00:00,240.80344
2012-07-26 09:00:00,256.79697
2012-07-26 10:00:00,263.34045
2012-07-26 11:00:00,324.46664
2012-07-26 12:00:00,387.5372
2012-07-26 13:00:00,414.50278
2012-07-26 14:00:00,454.09814
2012-07-26 15:00:00,457.58295
2012-07-26 16:00:00,457.30023
2012-07-26 17:00:00,456.43582
2012-07-26 18:00:00,455.87143
2012-07-26 19:00:00,453.1182
2012-07-26 20:00:00,420.2399
2012-07-26 21:00:00,427.5185
2012-07-26 22:00:00,427.5185
2012-07-26 23:00:00,246.39125
2012-07-27 00:00:00,233.14903
2012-07-27 01:00:00,243.45294
2012-07-27 02:00:00,195.0485
2012-07-27 03:00:00,221.5569
2012-07-27 04:00:00,182.56956
2012-07-27 05:00:00,160.25829
2012-07-27 06:00:00,182.56956
2012-07-27 07:00:00,252.27776
2012-07-27 08:00:00,281.9689
2012-07-27 09:00:00,407.55902
2012-07-27 10:00:00,392.94705
2012-07-27 11:00:00,425.27417
2012-07-27 12:00:00,422.93796
2012-07-27 13:00:00,420.86288
2012-07-27 14:00:00,434.80704
2012-07-27 15:00:00,429.6769
2012-07-27 16:00:00,414.98636
2012-07-27 17:00:00,432.08505
2012-07-27 18:00:00,405.95294
2012-07-27 19:00:00,384.19025
2012-07-27 20:00:00,325.3901
2012-07-27 21:00:00,325.3901
2012-07-27 22:00:00,328.32343
2012-07-27 23:00:00,273.1492
2012-07-28 00:00:00,293.96695
2012-07-28 01:00:00,247.11716
2012-07-28 02:00:00,241.77034
2012-07-28 03:00:00,241.77034
2012-07-28 04:00:00,205.00691
2012-07-28 05:00:00,189.50903
2012-07-28 06:00:00,236.02676
2012-07-28 07:00:00,251.52466
2012-07-28 08:00:00,281.9426
2012-07-28 09:00:00,330.45856
2012-07-28 10:00:00,392.20184
2012-07-28 11:00:00,429.86884
2012-07-28 12:00:00,434.00696
2012-07-28 13:00:00,443.56296
2012-07-28 14:00:00,438.21872
2012-07-28 15:00:00,422.1497
2012-07-28 16:00:00,437.0167
2012-07-28 17:00:00,413.95474
2012-07-28 18:00:00,432.94485
2012-07-28 19:00:00,165.27441
2012-07-28 20:00:00,176.5494
2012-07-28 21:00:00,176.95628
2012-07-28 22:00:00,176.95628
2012-07-28 23:00:00,156.37715
2012-07-29 00:00:00,149.75845
2012-07-29 01:00:00,158.34406
2012-07-29 02:00:00,203.0681
2012-07-29 03:00:00,236.52457
2012-07-29 04:00:00,225.4913
2012-07-29 05:00:00,176.53433
2012-07-29 06:00:00,202.85559
2012-07-29 07:00:00,239.46294
2012-07-29 08:00:00,272.1951
2012-07-29 09:00:00,302.11548
2012-07-29 10:00:00,280.74725
2012-07-29 11:00:00,344.7703
2012-07-29 12:00:00,355.0566
2012-07-29 13:00:00,394.313
2012-07-29 14:00:00,401.5168
2012-07-29 15:00:00,410.18936
2012-07-29 16:00:00,410.18936
2012-07-29 17:00:00,427.238
2012-07-29 18:00:00,425.3959
2012-07-29 19:00:00,338.89374
2012-07-29 20:00:00,276.0661
2012-07-29 21:00:00,251.52466
2012-07-29 22:00:00,236.02676
2012-07-29 23:00:00,230.4233
2012-07-30 00:00:00,214.20126
2012-07-30 01:00:00,205.36655
2012-07-30 02:00:00,193.53386
2012-07-30 03:00:00,147.6383
2012-07-30 04:00:00,147.6383
2012-07-30 05:00:00,161.43297
2012-07-30 06:00:00,171.06383
2012-07-30 07:00:00,189.5795
2012-07-30 08:00:00,238.65154
2012-07-30 09:00:00,251.61302
2012-07-30 10:00:00,293.05115
2012-07-30 11:00:00,353.6206
2012-07-30 12:00:00,328.1024
2012-07-30 13:00:00,383.36804
2012-07-30 14:00:00,389.24457
2012-07-30 15:00:00,392.1779
2012-07-30 16:00:00,395.1211
2012-07-30 17:00:00,349.98816
2012-07-30 18:00:00,348.65106
2012-07-30 19:00:00,381.25693
2012-07-30 20:00:00,255.22595
2012-07-30 21:00:00,252.27776
2012-07-30 22:00:00,237.8651
2012-07-30 23:00:00,224.49529
2012-07-31 00:00:00,186.0849
2012-07-31 01:00:00,165.41118
2012-07-31 02:00:00,165.4112
2012-07-31 03:00:00,159.4661
2012-07-31 04:00:00,159.46606
2012-07-31 05:00:00,171.06383
2012-07-31 06:00:00,152.54797
2012-07-31 07:00:00,191.31372
2012-07-31 08:00:00,195.04851
2012-07-31 09:00:00,243.45294
2012-07-31 10:00:00,252.67552
2012-07-31 11:00:00,307.51547
2012-07-31 12:00:00,377.3522
2012-07-31 13:00:00,370.4542
2012-07-31 14:00:00,370.4542
2012-07-31 15:00:00,301.33643
2012-07-31 16:00:00,329.5549
2012-07-31 17:00:00,362.25754
2012-07-31 18:00:00,345.57834
2012-07-31 19:00:00,331.53888
2012-07-31 20:00:00,260.53604
2012-07-31 21:00:00,197.3712
2012-07-31 22:00:00,223.29507
2012-07-31 23:00:00,175.14368
2012-08-20 00:00:00,151.71478
2012-08-20 01:00:00,156.54593
2012-08-20 02:00:00,156.54593
2012-08-20 03:00:00,137.8848
2012-08-20 04:00:00,149.7479
2012-08-20 05:00:00,137.9201
2012-08-20 06:00:00,169.15387
2012-08-20 07:00:00,175.12862
2012-08-20 08:00:00,194.14279
2012-08-20 09:00:00,213.28221
2012-08-20 10:00:00,220.48555
2012-08-20 11:00:00,239.31557
2012-08-20 12:00:00,269.0305
2012-08-20 13:00:00,292.25488
2012-08-20 14:00:00,322.63257
2012-08-20 15:00:00,331.44238
2012-08-20 16:00:00,331.44238
2012-08-20 17:00:00,306.95102
2012-08-20 18:00:00,197.70125
2012-08-20 19:00:00,186.41492
2012-08-20 20:00:00,185.74707
2012-08-20 21:00:00,134.87051
2012-08-20 22:00:00,137.9201
2012-08-20 23:00:00,137.9201
2012-08-21 00:00:00,149.7479
2012-08-21 01:00:00,155.64857
2012-08-21 02:00:00,162.48695
2012-08-21 03:00:00,120.94149
2012-08-21 04:00:00,120.94149
2012-08-21 05:00:00,138.19118
2012-08-21 06:00:00,140.15808
2012-08-21 07:00:00,159.45982
2012-08-21 08:00:00,165.074
2012-08-21 09:00:00,201.53851
2012-08-21 10:00:00,258.72998
2012-08-21 11:00:00,298.43396
2012-08-21 12:00:00,345.68567
2012-08-21 13:00:00,373.1198
2012-08-21 14:00:00,391.44745
2012-08-21 15:00:00,387.83322
2012-08-21 16:00:00,387.83322
2012-08-21 17:00:00,352.53915
2012-08-21 18:00:00,328.50906
2012-08-21 19:00:00,204.56439
2012-08-21 20:00:00,183.68945
2012-08-21 21:00:00,183.68945
2012-08-21 22:00:00,157.17061
2012-08-21 23:00:00,139.13121
2012-08-22 00:00:00,152.92587
2012-08-22 01:00:00,154.21097
2012-08-22 02:00:00,154.21097
2012-08-22 03:00:00,154.21097
2012-08-22 04:00:00,144.41875
2012-08-22 05:00:00,147.07155
2012-08-22 06:00:00,176.52231
2012-08-22 07:00:00,154.21097
2012-08-22 08:00:00,190.36649
2012-08-22 09:00:00,237.08067
2012-08-22 10:00:00,273.30576
2012-08-22 11:00:00,295.8906
2012-08-22 12:00:00,324.62326
2012-08-22 13:00:00,357.46542
2012-08-22 14:00:00,372.0145
2012-08-22 15:00:00,360.39874
2012-08-22 16:00:00,352.26703
2012-08-22 17:00:00,352.26703
2012-08-22 18:00:00,291.08395
2012-08-22 19:00:00,198.11041
2012-08-22 20:00:00,202.96712
2012-08-22 21:00:00,183.68945
2012-08-22 22:00:00,183.68945
2012-08-22 23:00:00,141.22104
2012-08-23 00:00:00,157.17061
2012-08-23 01:00:00,139.13121
2012-08-23 02:00:00,139.1312
2012-08-23 03:00:00,150.95895
2012-08-23 04:00:00,139.13121
2012-08-23 05:00:00,139.13121
2012-08-23 06:00:00,138.96754
2012-08-23 07:00:00,154.00859
2012-08-23 08:00:00,203.94885
2012-08-23 09:00:00,231.01117
2012-08-23 10:00:00,303.89728
2012-08-23 11:00:00,355.99875
2012-08-23 12:00:00,392.84195
2012-08-23 13:00:00,407.96487
2012-08-23 14:00:00,386.95358
2012-08-23 15:00:00,378.13394
2012-08-23 16:00:00,363.34186
2012-08-23 17:00:00,383.76752
2012-08-23 18:00:00,361.21173
2012-08-23 19:00:00,329.83844
2012-08-23 20:00:00,274.77243
2012-08-23 21:00:00,277.70578
2012-08-23 22:00:00,277.06628
2012-08-23 23:00:00,220.42168
2012-08-24 00:00:00,220.42168
2012-08-24 01:00:00,195.43314
2012-08-24 02:00:00,209.3143
2012-08-24 03:00:00,183.68945
2012-08-24 04:00:00,195.43314
2012-08-24 05:00:00,157.17061
2012-08-24 06:00:00,142.18082
2012-08-24 07:00:00,168.91432
2012-08-24 08:00:00,198.11041
2012-08-24 09:00:00,297.37143
2012-08-24 10:00:00,357.47952
2012-08-24 11:00:00,367.7659
2012-08-24 12:00:00,380.8483
2012-08-24 13:00:00,412.89487
2012-08-24 14:00:00,389.74963
2012-08-24 15:00:00,370.69922
2012-08-24 16:00:00,370.69922
2012-08-24 17:00:00,356.96313
2012-08-24 18:00:00,301.47104
2012-08-24 19:00:00,313.5343
2012-08-24 20:00:00,277.4272
2012-08-24 21:00:00,290.94943
2012-08-24 22:00:00,274.78656
2012-08-24 23:00:00,236.68513
2012-08-25 00:00:00,281.7186
2012-08-25 01:00:00,239.48976
2012-08-25 02:00:00,210.72887
2012-08-25 03:00:00,223.28235
2012-08-25 04:00:00,235.17319
2012-08-25 05:00:00,213.27722
2012-08-25 06:00:00,184.18092
2012-08-25 07:00:00,187.11926
2012-08-25 08:00:00,225.26274
2012-08-25 09:00:00,260.9472
2012-08-25 10:00:00,289.83875
2012-08-25 11:00:00,315.35913
2012-08-25 12:00:00,370.3414
2012-08-25 13:00:00,371.6468
2012-08-25 14:00:00,279.68704
2012-08-25 15:00:00,229.4676
2012-08-25 16:00:00,229.68008
2012-08-25 17:00:00,232.62825
2012-08-25 18:00:00,270.49225
2012-08-25 19:00:00,203.37558
2012-08-25 20:00:00,178.37357
2012-08-25 21:00:00,189.96964
2012-08-25 22:00:00,189.96964
2012-08-25 23:00:00,174.29372
2012-08-26 00:00:00,161.27364
2012-08-26 01:00:00,153.39284
2012-08-26 02:00:00,160.38942
2012-08-26 03:00:00,164.32323
2012-08-26 04:00:00,156.44244
2012-08-26 05:00:00,153.39284
2012-08-26 06:00:00,164.65158
2012-08-26 07:00:00,153.39284
2012-08-26 08:00:00,208.50938
2012-08-26 09:00:00,202.85675
2012-08-26 10:00:00,303.98203
2012-08-26 11:00:00,301.03876
2012-08-26 12:00:00,279.22183
2012-08-26 13:00:00,236.02246
2012-08-26 14:00:00,141.57825
2012-08-26 15:00:00,171.31984
2012-08-26 16:00:00,171.31984
2012-08-26 17:00:00,157.33983
2012-08-26 18:00:00,142.66096
2012-08-26 19:00:00,152.50867
2012-08-26 20:00:00,149.45903
2012-08-26 21:00:00,155.8606
2012-08-26 22:00:00,137.17268
2012-08-26 23:00:00,147.87006
2012-08-27 00:00:00,139.13121
2012-08-27 01:00:00,140.16435
2012-08-27 02:00:00,146.06505
2012-08-27 03:00:00,140.16435
2012-08-27 04:00:00,139.13121
2012-08-27 05:00:00,129.57655
2012-08-27 06:00:00,129.57655
2012-08-27 07:00:00,147.6383
2012-08-27 08:00:00,159.46606
2012-08-27 09:00:00,161.43297
2012-08-27 10:00:00,231.16827
2012-08-27 11:00:00,279.8075
2012-08-27 12:00:00,288.11676
2012-08-27 13:00:00,328.52808
2012-08-27 14:00:00,376.0249
2012-08-27 15:00:00,371.92087
2012-08-27 16:00:00,367.51105
2012-08-27 17:00:00,399.39154
2012-08-27 18:00:00,365.1909
2012-08-27 19:00:00,263.34045
2012-08-27 20:00:00,260.39224
2012-08-27 21:00:00,237.05475
2012-08-27 22:00:00,191.69719
2012-08-27 23:00:00,186.06348
2012-08-28 00:00:00,202.98349
2012-08-28 01:00:00,169.3163
2012-08-28 02:00:00,196.94745
2012-08-28 03:00:00,152.8474
2012-08-28 04:00:00,165.41118
2012-08-28 05:00:00,162.51569
2012-08-28 06:00:00,151.96318
2012-08-28 07:00:00,164.48257
2012-08-28 08:00:00,163.18968
2012-08-28 09:00:00,207.3568
2012-08-28 10:00:00,300.65152
2012-08-28 11:00:00,355.07312
2012-08-28 12:00:00,395.1211
2012-08-28 13:00:00,421.99658
2012-08-28 14:00:00,421.93985
2012-08-28 15:00:00,413.72595
2012-08-28 16:00:00,411.46027
2012-08-28 17:00:00,410.85867
2012-08-28 18:00:00,407.21365
2012-08-28 19:00:00,369.88434
2012-08-28 20:00:00,345.85428
2012-08-28 21:00:00,344.38757
2012-08-28 22:00:00,298.43396
2012-08-28 23:00:00,275.87817
2012-08-29 00:00:00,209.3143
2012-08-29 01:00:00,214.47142
2012-08-29 02:00:00,186.65948
2012-08-29 03:00:00,183.72118
2012-08-29 04:00:00,199.6197
2012-08-29 05:00:00,193.96712
2012-08-29 06:00:00,193.96712
2012-08-29 07:00:00,229.76132
2012-08-29 08:00:00,264.6065
2012-08-29 09:00:00,332.07916
2012-08-29 10:00:00,351.73077
2012-08-29 11:00:00,345.68567
2012-08-29 12:00:00,385.07697
2012-08-29 13:00:00,368.27054
2012-08-29 14:00:00,394.56693
2012-08-29 15:00:00,400.44473
2012-08-29 16:00:00,393.25052
2012-08-29 17:00:00,399.87445
2012-08-29 18:00:00,384.4334
2012-08-29 19:00:00,317.53015
2012-08-29 20:00:00,275.87817
2012-08-29 21:00:00,292.67783
2012-08-29 22:00:00,282.39148
2012-08-29 23:00:00,267.8424
2012-08-30 00:00:00,201.53851
2012-08-30 01:00:00,220.92664
2012-08-30 02:00:00,176.52231
2012-08-30 03:00:00,176.52231
2012-08-30 04:00:00,176.52231
2012-08-30 05:00:00,176.52231
2012-08-30 06:00:00,156.54593
2012-08-30 07:00:00,183.68945
2012-08-30 08:00:00,229.0117
2012-08-30 09:00:00,279.03516
2012-08-30 10:00:00,306.46973
2012-08-30 11:00:00,394.56693
2012-08-30 12:00:00,374.9478
2012-08-30 13:00:00,357.46542
2012-08-30 14:00:00,360.39874
2012-08-30 15:00:00,393.51505
2012-08-30 16:00:00,408.06412
2012-08-30 17:00:00,410.44467
2012-08-30 18:00:00,405.4071
2012-08-30 19:00:00,360.39874
2012-08-30 20:00:00,311.24045
2012-08-30 21:00:00,265.89523
2012-08-30 22:00:00,220.58951
2012-08-30 23:00:00,215.67046
2012-08-31 00:00:00,180.0274
2012-08-31 01:00:00,180.0274
2012-08-31 02:00:00,152.84737
2012-08-31 03:00:00,148.91359
2012-08-31 04:00:00,148.60094
2012-08-31 05:00:00,152.54797
2012-08-31 06:00:00,155.59756
2012-08-31 07:00:00,145.7499
2012-08-31 08:00:00,216.62459
2012-08-31 09:00:00,241.26352
2012-08-31 10:00:00,296.93646
2012-08-31 11:00:00,391.68463
2012-08-31 12:00:00,378.57864
2012-08-31 13:00:00,391.7976
2012-08-31 14:00:00,375.79633
2012-08-31 15:00:00,393.10858
2012-08-31 16:00:00,389.28848
2012-08-31 17:00:00,402.6652
2012-08-31 18:00:00,421.95477
2012-08-31 19:00:00,380.42487
2012-08-31 20:00:00,380.42487
2012-08-31 21:00:00,326.61172
2012-08-31 22:00:00,326.61172
2012-08-31 23:00:00,285.96518
2012-09-20 00:00:00,174.01738
2012-09-20 01:00:00,137.85547
2012-09-20 02:00:00,135.88855
2012-09-20 03:00:00,113.55447
2012-09-20 04:00:00,124.985275
2012-09-20 05:00:00,124.985275
2012-09-20 06:00:00,113.55447
2012-09-20 07:00:00,121.73635
2012-09-20 08:00:00,153.80054
2012-09-20 09:00:00,217.50946
2012-09-20 10:00:00,259.57388
2012-09-20 11:00:00,328.5291
2012-09-20 12:00:00,341.74875
2012-09-20 13:00:00,340.50357
2012-09-20 14:00:00,331.83102
2012-09-20 15:00:00,335.43555
2012-09-20 16:00:00,328.89767
2012-09-20 17:00:00,320.22513
2012-09-20 18:00:00,286.8513
2012-09-20 19:00:00,238.84566
2012-09-20 20:00:00,202.2195
2012-09-20 21:00:00,208.10605
2012-09-20 22:00:00,153.15921
2012-09-20 23:00:00,171.49872
2012-09-21 00:00:00,166.04042
2012-09-21 01:00:00,141.02419
2012-09-21 02:00:00,141.02419
2012-09-21 03:00:00,135.77191
2012-09-21 04:00:00,123.98804
2012-09-21 05:00:00,117.855286
2012-09-21 06:00:00,135.77191
2012-09-21 07:00:00,128.20483
2012-09-21 08:00:00,158.77882
2012-09-21 09:00:00,190.63663
2012-09-21 10:00:00,258.87186
2012-09-21 11:00:00,289.8818
2012-09-21 12:00:00,292.04105
2012-09-21 13:00:00,314.59677
2012-09-21 14:00:00,327.81647
2012-09-21 15:00:00,320.47327
2012-09-21 16:00:00,317.53012
2012-09-21 17:00:00,303.79404
2012-09-21 18:00:00,273.41632
2012-09-21 19:00:00,245.94185
2012-09-21 20:00:00,216.71783
2012-09-21 21:00:00,205.2534
2012-09-21 22:00:00,193.96712
2012-09-21 23:00:00,219.37546
2012-09-22 00:00:00,205.10524
2012-09-22 01:00:00,166.93907
2012-09-22 02:00:00,148.14073
2012-09-22 03:00:00,160.71152
2012-09-22 04:00:00,160.71152
2012-09-22 05:00:00,166.62541
2012-09-22 06:00:00,162.6784
2012-09-22 07:00:00,172.88234
2012-09-22 08:00:00,207.9221
2012-09-22 09:00:00,231.3778
2012-09-22 10:00:00,266.439
2012-09-22 11:00:00,312.0195
2012-09-22 12:00:00,340.9207
2012-09-22 13:00:00,364.9508
2012-09-22 14:00:00,380.16333
2012-09-22 15:00:00,382.44305
2012-09-22 16:00:00,362.0175
2012-09-22 17:00:00,362.0175
2012-09-22 18:00:00,339.454
2012-09-22 19:00:00,303.19977
2012-09-22 20:00:00,328.47507
2012-09-22 21:00:00,294.27905
2012-09-22 22:00:00,284.798
2012-09-22 23:00:00,318.74588
2012-09-23 00:00:00,420.85367
2012-09-23 01:00:00,320.9947
2012-09-23 02:00:00,322.07132
2012-09-23 03:00:00,276.49084
2012-09-23 04:00:00,261.11188
2012-09-23 05:00:00,244.64647
2012-09-23 06:00:00,221.9035
2012-09-23 07:00:00,241.71315
2012-09-23 08:00:00,282.3674
2012-09-23 09:00:00,306.83942
2012-09-23 10:00:00,344.65622
2012-09-23 11:00:00,347.8132
2012-09-23 12:00:00,347.67587
2012-09-23 13:00:00,410.26718
2012-09-23 14:00:00,413.61865
2012-09-23 15:00:00,414.7644
2012-09-23 16:00:00,418.97974
2012-09-23 17:00:00,399.2182
2012-09-23 18:00:00,377.5511
2012-09-23 19:00:00,342.35965
2012-09-23 20:00:00,342.35965
2012-09-23 21:00:00,317.6855
2012-09-23 22:00:00,302.5157
2012-09-23 23:00:00,259.6056
2012-09-24 00:00:00,214.04436
2012-09-24 01:00:00,188.46045
2012-09-24 02:00:00,218.57945
2012-09-24 03:00:00,211.10605
2012-09-24 04:00:00,179.18529
2012-09-24 05:00:00,203.33688
2012-09-24 06:00:00,221.17819
2012-09-24 07:00:00,188.46045
2012-09-24 08:00:00,269.14276
2012-09-24 09:00:00,291.7276
2012-09-24 10:00:00,317.25565
2012-09-24 11:00:00,380.45282
2012-09-24 12:00:00,387.7403
2012-09-24 13:00:00,402.96634
2012-09-24 14:00:00,361.92996
2012-09-24 15:00:00,377.51297
2012-09-24 16:00:00,385.66916
2012-09-24 17:00:00,364.03595
2012-09-24 18:00:00,369.56705
2012-09-24 19:00:00,348.89713
2012-09-24 20:00:00,282.91776
2012-09-24 21:00:00,282.665
2012-09-24 22:00:00,291.48468
2012-09-24 23:00:00,208.15787
2012-09-25 00:00:00,191.40863
2012-09-25 01:00:00,157.11263
2012-09-25 02:00:00,140.87184
2012-09-25 03:00:00,154.04974
2012-09-25 04:00:00,154.40771
2012-09-25 05:00:00,134.97118
2012-09-25 06:00:00,156.96033
2012-09-25 07:00:00,153.01332
2012-09-25 08:00:00,202.46147
2012-09-25 09:00:00,286.24115
2012-09-25 10:00:00,318.0564
2012-09-25 11:00:00,380.86383
2012-09-25 12:00:00,397.55075
2012-09-25 13:00:00,378.81335
2012-09-25 14:00:00,416.16608
2012-09-25 15:00:00,414.16696
2012-09-25 16:00:00,414.95996
2012-09-25 17:00:00,414.35892
2012-09-25 18:00:00,404.97815
2012-09-25 19:00:00,360.6597
2012-09-25 20:00:00,332.36688
2012-09-25 21:00:00,332.36688
2012-09-25 22:00:00,330.90018
2012-09-25 23:00:00,335.3101
2012-09-26 00:00:00,267.89584
2012-09-26 01:00:00,270.839
2012-09-26 02:00:00,276.72968
2012-09-26 03:00:00,276.72968
2012-09-26 04:00:00,211.20105
2012-09-26 05:00:00,208.26274
2012-09-26 06:00:00,197.22946
2012-09-26 07:00:00,171.64552
2012-09-26 08:00:00,217.3275
2012-09-26 09:00:00,278.8809
2012-09-26 10:00:00,239.26825
2012-09-26 11:00:00,310.91763
2012-09-26 12:00:00,319.62457
2012-09-26 13:00:00,342.1803
2012-09-26 14:00:00,408.19406
2012-09-26 15:00:00,409.6607
2012-09-26 16:00:00,422.74313
2012-09-26 17:00:00,409.6607
2012-09-26 18:00:00,402.31757
2012-09-26 19:00:00,355.70258
2012-09-26 20:00:00,269.84805
2012-09-26 21:00:00,289.24683
2012-09-26 22:00:00,278.83792
2012-09-26 23:00:00,217.67488
2012-09-27 00:00:00,191.41527
2012-09-27 01:00:00,191.41527
2012-09-27 02:00:00,191.41525
2012-09-27 03:00:00,190.69772
2012-09-27 04:00:00,141.52512
2012-09-27 05:00:00,157.03934
2012-09-27 06:00:00,145.7809
2012-09-27 07:00:00,190.69772
2012-09-27 08:00:00,238.10278
2012-09-27 09:00:00,270.15067
2012-09-27 10:00:00,392.30518
2012-09-27 11:00:00,388.58798
2012-09-27 12:00:00,403.79837
2012-09-27 13:00:00,390.57874
2012-09-27 14:00:00,421.95404
2012-09-27 15:00:00,413.03528
2012-09-27 16:00:00,370.80295
2012-09-27 17:00:00,290.4349
2012-09-27 18:00:00,283.09174
2012-09-27 19:00:00,283.3703
2012-09-27 20:00:00,275.0851
2012-09-27 21:00:00,214.17561
2012-09-27 22:00:00,214.17561
2012-09-27 23:00:00,198.28998
2012-09-28 00:00:00,168.07832
2012-09-28 01:00:00,161.17513
2012-09-28 02:00:00,190.57446
2012-09-28 03:00:00,176.99806
2012-09-28 04:00:00,153.84705
2012-09-28 05:00:00,134.95226
2012-09-28 06:00:00,139.55882
2012-09-28 07:00:00,130.2638
2012-09-28 08:00:00,164.89642
2012-09-28 09:00:00,183.92654
2012-09-28 10:00:00,217.62703
2012-09-28 11:00:00,263.83673
2012-09-28 12:00:00,374.81293
2012-09-28 13:00:00,389.362
2012-09-28 14:00:00,374.81293
2012-09-28 15:00:00,369.74945
2012-09-28 16:00:00,375.2359
2012-09-28 17:00:00,363.18036
2012-09-28 18:00:00,371.6314
2012-09-28 19:00:00,381.2607
2012-09-28 20:00:00,354.29733
2012-09-28 21:00:00,357.23068
2012-09-28 22:00:00,324.19986
2012-09-28 23:00:00,298.67178
2012-09-29 00:00:00,268.97748
2012-09-29 01:00:00,268.97748
2012-09-29 02:00:00,298.67676
2012-09-29 03:00:00,273.14868
2012-09-29 04:00:00,268.7247
2012-09-29 05:00:00,235.37733
2012-09-29 06:00:00,241.26384
2012-09-29 07:00:00,216.42961
2012-09-29 08:00:00,219.59027
2012-09-29 09:00:00,235.37733
2012-09-29 10:00:00,291.30957
2012-09-29 11:00:00,321.65817
2012-09-29 12:00:00,413.78522
2012-09-29 13:00:00,413.78522
2012-09-29 14:00:00,410.62057
2012-09-29 15:00:00,396.0715
2012-09-29 16:00:00,409.3754
2012-09-29 17:00:00,423.51346
2012-09-29 18:00:00,341.93668
2012-09-29 19:00:00,279.31363
2012-09-29 20:00:00,282.247
2012-09-29 21:00:00,276.37042
2012-09-29 22:00:00,230.38136
2012-09-29 23:00:00,247.86623
2012-09-30 00:00:00,247.16367
2012-09-30 01:00:00,247.16367
2012-09-30 02:00:00,222.40498
2012-09-30 03:00:00,198.10635
2012-09-30 04:00:00,198.10635
2012-09-30 05:00:00,167.93797
2012-09-30 06:00:00,168.65555
2012-09-30 07:00:00,145.62677
2012-09-30 08:00:00,205.39284
2012-09-30 09:00:00,237.52103
2012-09-30 10:00:00,347.03912
2012-09-30 11:00:00,393.1382
2012-09-30 12:00:00,413.78522
2012-09-30 13:00:00,409.3754
2012-09-30 14:00:00,409.3754
2012-09-30 15:00:00,421.07632
2012-09-30 16:00:00,419.8743
2012-09-30 17:00:00,420.06064
2012-09-30 18:00:00,287.83066
2012-09-30 19:00:00,213.94705
2012-09-30 20:00:00,213.94705
2012-09-30 21:00:00,207.23318
2012-09-30 22:00:00,182.24467
2012-09-30 23:00:00,182.96222
2012-10-20 00:00:00,137.66628
2012-10-20 01:00:00,176.15302
2012-10-20 02:00:00,146.4636
2012-10-20 03:00:00,139.53502
2012-10-20 04:00:00,167.93797
2012-10-20 05:00:00,114.36854
2012-10-20 06:00:00,165.23312
2012-10-20 07:00:00,114.36854
2012-10-20 08:00:00,198.46432
2012-10-20 09:00:00,248.9359
2012-10-20 10:00:00,290.91953
2012-10-20 11:00:00,307.77505
2012-10-20 12:00:00,333.1268
2012-10-20 13:00:00,353.5524
2012-10-20 14:00:00,351.9386
2012-10-20 15:00:00,338.60318
2012-10-20 16:00:00,362.14847
2012-10-20 17:00:00,380.5204
2012-10-20 18:00:00,362.78522
2012-10-20 19:00:00,316.83157
2012-10-20 20:00:00,354.74945
2012-10-20 21:00:00,299.9094
2012-10-20 22:00:00,261.8732
2012-10-20 23:00:00,223.24245
2012-10-21 00:00:00,252.07838
2012-10-21 01:00:00,230.52036
2012-10-21 02:00:00,199.56888
2012-10-21 03:00:00,173.95532
2012-10-21 04:00:00,136.71448
2012-10-21 05:00:00,173.95532
2012-10-21 06:00:00,198.25397
2012-10-21 07:00:00,198.25397
2012-10-21 08:00:00,183.08214
2012-10-21 09:00:00,255.2354
2012-10-21 10:00:00,318.44537
2012-10-21 11:00:00,348.82315
2012-10-21 12:00:00,381.1074
2012-10-21 13:00:00,391.46036
2012-10-21 14:00:00,393.40207
2012-10-21 15:00:00,400.42426
2012-10-21 16:00:00,380.5204
2012-10-21 17:00:00,365.71854
2012-10-21 18:00:00,359.84204
2012-10-21 19:00:00,334.32382
2012-10-21 20:00:00,319.55112
2012-10-21 21:00:00,244.04265
2012-10-21 22:00:00,240.80264
2012-10-21 23:00:00,247.89107
2012-10-22 00:00:00,186.35301
2012-10-22 01:00:00,146.19269
2012-10-22 02:00:00,139.0255
2012-10-22 03:00:00,186.35301
2012-10-22 04:00:00,161.33685
2012-10-22 05:00:00,128.18883
2012-10-22 06:00:00,122.35706
2012-10-22 07:00:00,162.05437
2012-10-22 08:00:00,178.34839
2012-10-22 09:00:00,204.05449
2012-10-22 10:00:00,252.87811
2012-10-22 11:00:00,377.33707
2012-10-22 12:00:00,374.66336
2012-10-22 13:00:00,382.76978
2012-10-22 14:00:00,374.3707
2012-10-22 15:00:00,383.31094
2012-10-22 16:00:00,401.34152
2012-10-22 17:00:00,396.2509
2012-10-22 18:00:00,232.7238
2012-10-22 19:00:00,282.91772
2012-10-22 20:00:00,240.93413
2012-10-22 21:00:00,193.37257
2012-10-22 22:00:00,140.75519
2012-10-22 23:00:00,136.82141
2012-10-23 00:00:00,134.58105
2012-10-23 01:00:00,153.32596
2012-10-23 02:00:00,128.00536
2012-10-23 03:00:00,145.13255
2012-10-23 04:00:00,136.93806
2012-10-23 05:00:00,139.23189
2012-10-23 06:00:00,123.76783
2012-10-23 07:00:00,146.30638
2012-10-23 08:00:00,175.63785
2012-10-23 09:00:00,190.06383
2012-10-23 10:00:00,245.11699
2012-10-23 11:00:00,317.53348
2012-10-23 12:00:00,374.20596
2012-10-23 13:00:00,378.69022
2012-10-23 14:00:00,410.74197
2012-10-23 15:00:00,416.6348
2012-10-23 16:00:00,388.84973
2012-10-23 17:00:00,393.49612
2012-10-23 18:00:00,329.9576
2012-10-23 19:00:00,310.55887
2012-10-23 20:00:00,251.73303
2012-10-23 21:00:00,216.80608
2012-10-23 22:00:00,221.11145
2012-10-23 23:00:00,188.40462
2012-10-24 00:00:00,188.07285
2012-10-24 01:00:00,209.66664
2012-10-24 02:00:00,209.66664
2012-10-24 03:00:00,155.88954
2012-10-24 04:00:00,155.88956
2012-10-24 05:00:00,133.02574
2012-10-24 06:00:00,141.08212
2012-10-24 07:00:00,133.80179
2012-10-24 08:00:00,150.91406
2012-10-24 09:00:00,174.8004
2012-10-24 10:00:00,199.09904
2012-10-24 11:00:00,241.71614
2012-10-24 12:00:00,286.75797
2012-10-24 13:00:00,323.4973
2012-10-24 14:00:00,401.61084
2012-10-24 15:00:00,413.0508
2012-10-24 16:00:00,405.3583
2012-10-24 17:00:00,357.44513
2012-10-24 18:00:00,371.99423
2012-10-24 19:00:00,343.86264
2012-10-24 20:00:00,297.05844
2012-10-24 21:00:00,298.52515
2012-10-24 22:00:00,283.30484
2012-10-24 23:00:00,238.17844
2012-10-25 00:00:00,280.37155
2012-10-25 01:00:00,223.97327
2012-10-25 02:00:00,169.5063
2012-10-25 03:00:00,146.2241
2012-10-25 04:00:00,142.29033
2012-10-25 05:00:00,150.17108
2012-10-25 06:00:00,154.10486
2012-10-25 07:00:00,154.10486
2012-10-25 08:00:00,158.79486
2012-10-25 09:00:00,162.72864
2012-10-25 10:00:00,159.10854
2012-10-25 11:00:00,155.31323
2012-10-25 12:00:00,184.76407
2012-10-25 13:00:00,183.92722
2012-10-25 14:00:00,224.54707
2012-10-25 15:00:00,271.7592
2012-10-25 16:00:00,247.19267
2012-10-25 17:00:00,247.19267
2012-10-25 18:00:00,156.37157
2012-10-25 19:00:00,163.9397
2012-10-25 20:00:00,146.2241
2012-10-25 21:00:00,146.2241
2012-10-25 22:00:00,155.19391
2012-10-25 23:00:00,159.10854
2012-10-26 00:00:00,181.25
2012-10-26 01:00:00,140.32343
2012-10-26 02:00:00,142.29033
2012-10-26 03:00:00,150.17108
2012-10-26 04:00:00,150.17108
2012-10-26 05:00:00,142.29033
2012-10-26 06:00:00,140.32343
2012-10-26 07:00:00,142.29033
2012-10-26 08:00:00,150.48479
2012-10-26 09:00:00,150.48479
2012-10-26 10:00:00,146.55098
2012-10-26 11:00:00,188.17606
2012-10-26 12:00:00,223.85066
2012-10-26 13:00:00,242.58594
2012-10-26 14:00:00,283.30484
2012-10-26 15:00:00,298.52515
2012-10-26 16:00:00,220.91235
2012-10-26 17:00:00,200.96313
2012-10-26 18:00:00,185.22787
2012-10-26 19:00:00,163.05554
2012-10-26 20:00:00,163.05554
2012-10-26 21:00:00,182.3255
2012-10-26 22:00:00,154.84785
2012-10-26 23:00:00,155.74527
2012-10-27 00:00:00,136.74002
2012-10-27 01:00:00,139.41087
2012-10-27 02:00:00,146.75528
2012-10-27 03:00:00,139.84184
2012-10-27 04:00:00,142.82147
2012-10-27 05:00:00,158.05888
2012-10-27 06:00:00,158.05888
2012-10-27 07:00:00,148.08301
2012-10-27 08:00:00,173.38364
2012-10-27 09:00:00,173.38364
2012-10-27 10:00:00,211.19753
2012-10-27 11:00:00,263.46182
2012-10-27 12:00:00,347.5746
2012-10-27 13:00:00,396.0715
2012-10-27 14:00:00,381.52243
2012-10-27 15:00:00,293.1611
2012-10-27 16:00:00,273.76233
2012-10-27 17:00:00,273.76233
2012-10-27 18:00:00,273.76233
2012-10-27 19:00:00,212.54248
2012-10-27 20:00:00,212.54248
2012-10-27 21:00:00,212.54248
2012-10-27 22:00:00,215.48079
2012-10-27 23:00:00,248.43028
2012-10-28 00:00:00,250.01721
2012-10-28 01:00:00,210.31453
2012-10-28 02:00:00,231.48106
2012-10-28 03:00:00,258.94363
2012-10-28 04:00:00,261.87698
2012-10-28 05:00:00,256.00046
2012-10-28 06:00:00,278.3424
2012-10-28 07:00:00,275.39923
2012-10-28 08:00:00,300.37195
2012-10-28 09:00:00,306.55103
2012-10-28 10:00:00,317.94318
2012-10-28 11:00:00,323.01645
2012-10-28 12:00:00,286.4888
2012-10-28 13:00:00,279.14563
2012-10-28 14:00:00,290.0954
2012-10-28 15:00:00,275.09665
2012-10-28 16:00:00,254.93236
2012-10-28 17:00:00,220.37193
2012-10-28 18:00:00,161.84607
2012-10-28 19:00:00,144.1176
2012-10-28 20:00:00,157.91226
2012-10-28 21:00:00,166.6076
2012-10-28 22:00:00,158.72679
2012-10-28 23:00:00,144.1176
2012-10-29 00:00:00,161.8157
2012-10-30 13:00:00,135.45207
2012-10-30 14:00:00,135.45207
2012-10-30 15:00:00,117.1878
2012-10-30 16:00:00,117.1878
2012-10-30 17:00:00,114.09638
2012-10-30 18:00:00,108.58384
2012-10-30 19:00:00,216.04378
2012-10-30 20:00:00,115.683014
2012-10-30 21:00:00,105.708595
2012-10-30 22:00:00,108.61747
2012-10-30 23:00:00,108.61747
2012-10-31 00:00:00,110.007256
2012-10-31 01:00:00,108.46154
2012-10-31 02:00:00,111.28829
2012-10-31 03:00:00,110.007256
2012-10-31 04:00:00,109.52005
2012-10-31 05:00:00,111.28829
2012-10-31 06:00:00,111.71926
2012-10-31 07:00:00,106.52635
2012-10-31 08:00:00,113.90175
2012-10-31 09:00:00,121.70989
2012-10-31 10:00:00,151.6771
2012-10-31 11:00:00,163.23738
2012-10-31 12:00:00,214.38147
2012-10-31 13:00:00,264.24945
2012-10-31 14:00:00,274.55002
2012-10-31 15:00:00,238.97421
2012-10-31 16:00:00,255.15123
2012-10-31 17:00:00,221.86478
2012-10-31 18:00:00,221.86478
2012-10-31 19:00:00,263.6002
2012-10-31 20:00:00,263.6002
2012-10-31 21:00:00,263.6002
2012-10-31 22:00:00,188.3003
2012-10-31 23:00:00,190.86766
2012-11-20 00:00:00,129.51366
2012-11-20 01:00:00,143.68716
2012-11-20 02:00:00,118.06819
2012-11-20 03:00:00,133.11955
2012-11-20 04:00:00,152.17468
2012-11-20 05:00:00,151.46194
2012-11-20 06:00:00,136.8753
2012-11-20 07:00:00,115.397354
2012-11-20 08:00:00,129.87872
2012-11-20 09:00:00,143.62976
2012-11-20 10:00:00,180.96523
2012-11-20 11:00:00,183.64244
2012-11-20 12:00:00,182.92493
2012-11-20 13:00:00,230.12729
2012-11-20 14:00:00,232.03526
2012-11-20 15:00:00,254.59093
2012-11-20 16:00:00,205.95374
2012-11-20 17:00:00,159.25136
2012-11-20 18:00:00,180.96523
2012-11-20 19:00:00,157.9364
2012-11-20 20:00:00,128.92451
2012-11-20 21:00:00,131.88608
2012-11-20 22:00:00,131.88608
2012-11-20 23:00:00,110.810356
2012-11-21 00:00:00,106.25734
2012-11-21 01:00:00,110.810356
2012-11-21 02:00:00,99.80135
2012-11-21 03:00:00,99.80135
2012-11-21 04:00:00,99.80135
2012-11-21 05:00:00,99.80135
2012-11-21 06:00:00,100.05464
2012-11-21 07:00:00,97.54696
2012-11-21 08:00:00,105.934746
2012-11-21 09:00:00,115.39733
2012-11-21 10:00:00,172.04642
2012-11-21 11:00:00,253.29967
2012-11-21 12:00:00,312.98935
2012-11-21 13:00:00,345.03067
2012-11-21 14:00:00,358.88248
2012-11-21 15:00:00,334.9464
2012-11-21 16:00:00,344.64017
2012-11-21 17:00:00,298.86325
2012-11-21 18:00:00,310.69275
2012-11-21 19:00:00,279.2117
2012-11-21 20:00:00,165.99844
2012-11-21 21:00:00,225.30653
2012-11-21 22:00:00,222.60565
2012-11-21 23:00:00,162.20198
2012-11-22 00:00:00,149.53691
2012-11-22 01:00:00,139.6925
2012-11-22 02:00:00,98.54937
2012-11-22 03:00:00,99.62927
2012-11-22 04:00:00,94.75382
2012-11-22 05:00:00,99.62927
2012-11-22 06:00:00,109.830826
2012-11-22 07:00:00,97.93935
2012-11-22 08:00:00,100.44707
2012-11-22 09:00:00,150.32205
2012-11-22 10:00:00,204.12321
2012-11-22 11:00:00,299.7962
2012-11-22 12:00:00,327.34348
2012-11-22 13:00:00,348.63168
2012-11-22 14:00:00,347.53754
2012-11-22 15:00:00,347.53754
2012-11-22 16:00:00,341.48093
2012-11-22 17:00:00,327.34348
2012-11-22 18:00:00,281.0314
2012-11-22 19:00:00,125.84088
2012-11-22 20:00:00,137.91049
2012-11-22 21:00:00,179.01537
2012-11-22 22:00:00,175.33823
2012-11-22 23:00:00,129.50113
2012-11-23 00:00:00,130.04631
2012-11-23 01:00:00,103.87726
2012-11-23 02:00:00,106.19034
2012-11-23 03:00:00,104.82653
2012-11-23 04:00:00,102.45175
2012-11-23 05:00:00,93.70112
2012-11-23 06:00:00,93.70112
2012-11-23 07:00:00,93.70112
2012-11-23 08:00:00,93.69719
2012-11-23 09:00:00,109.41144
2012-11-23 10:00:00,163.43651
2012-11-23 11:00:00,253.29967
2012-11-23 12:00:00,333.41498
2012-11-23 13:00:00,344.36478
2012-11-23 14:00:00,367.16345
2012-11-23 15:00:00,334.90833
2012-11-23 16:00:00,330.52246
2012-11-23 17:00:00,338.7552
2012-11-23 18:00:00,298.61475
2012-11-23 19:00:00,299.26498
2012-11-23 20:00:00,310.71948
2012-11-23 21:00:00,297.77435
2012-11-23 22:00:00,369.08115
2012-11-23 23:00:00,344.48517
2012-11-24 00:00:00,343.45346
2012-11-24 01:00:00,280.40094
2012-11-24 02:00:00,298.66727
2012-11-24 03:00:00,252.38403
2012-11-24 04:00:00,244.33452
2012-11-24 05:00:00,237.0128
2012-11-24 06:00:00,210.01804
2012-11-24 07:00:00,247.31325
2012-11-24 08:00:00,241.55258
2012-11-24 09:00:00,254.63501
2012-11-24 10:00:00,229.821
2012-11-24 11:00:00,256.808
2012-11-24 12:00:00,315.5102
2012-11-24 13:00:00,294.1437
2012-11-24 14:00:00,317.51038
2012-11-24 15:00:00,294.92548
2012-11-24 16:00:00,271.3215
2012-11-24 17:00:00,242.88928
2012-11-24 18:00:00,257.43835
2012-11-24 19:00:00,234.06186
2012-11-24 20:00:00,210.01804
2012-11-24 21:00:00,205.93787
2012-11-24 22:00:00,211.50616
2012-11-24 23:00:00,205.93787
2012-11-25 00:00:00,188.81744
2012-11-25 01:00:00,203.01382
2012-11-25 02:00:00,209.35457
2012-11-25 03:00:00,212.45703
2012-11-25 04:00:00,212.45703
2012-11-25 05:00:00,201.23994
2012-11-25 06:00:00,204.90884
2012-11-25 07:00:00,187.13815
2012-11-25 08:00:00,183.67496
2012-11-25 09:00:00,200.24449
2012-11-25 10:00:00,192.00761
2012-11-25 11:00:00,245.8603
2012-11-25 12:00:00,245.8603
2012-11-25 13:00:00,241.715
2012-11-25 14:00:00,259.98645
2012-11-25 15:00:00,249.68591
2012-11-25 16:00:00,261.30164
2012-11-25 17:00:00,237.68994
2012-11-25 18:00:00,216.92964
2012-11-25 19:00:00,239.18013
2012-11-25 20:00:00,149.95189
2012-11-25 21:00:00,210.53018
2012-11-25 22:00:00,149.95189
2012-11-25 23:00:00,104.89105
2012-11-26 00:00:00,99.0934
2012-11-26 01:00:00,96.32206
2012-11-26 02:00:00,96.32206
2012-11-26 03:00:00,96.32206
2012-11-26 04:00:00,99.0934
2012-11-26 05:00:00,110.71996
2012-11-26 06:00:00,99.0934
2012-11-26 07:00:00,116.37755
2012-11-26 08:00:00,116.37755
2012-11-26 09:00:00,166.7166
2012-11-26 10:00:00,215.54459
2012-11-26 11:00:00,326.63202
2012-11-26 12:00:00,325.24188
2012-11-26 13:00:00,325.24188
2012-11-26 14:00:00,314.30045
2012-11-26 15:00:00,323.72223
2012-11-26 16:00:00,341.05618
2012-11-26 17:00:00,325.82047
2012-11-26 18:00:00,225.4905
2012-11-26 19:00:00,205.03954
2012-11-26 20:00:00,222.60565
2012-11-26 21:00:00,222.60565
2012-11-26 22:00:00,162.202
2012-11-26 23:00:00,148.26364
2012-11-27 00:00:00,148.14435
2012-11-27 01:00:00,132.56326
2012-11-27 02:00:00,134.35365
2012-11-27 03:00:00,142.39703
2012-11-27 04:00:00,118.35387
2012-11-27 05:00:00,118.78482
2012-11-27 06:00:00,114.3901
2012-11-27 07:00:00,113.95914
2012-11-27 08:00:00,120.546715
2012-11-27 09:00:00,116.572586
2012-11-27 10:00:00,123.63814
2012-11-27 11:00:00,120.0249
2012-11-27 12:00:00,125.84601
2012-11-27 13:00:00,113.70199
2012-11-27 14:00:00,122.74423
2012-11-27 15:00:00,134.87021
2012-11-27 16:00:00,134.87021
2012-11-27 17:00:00,146.69795
2012-11-27 18:00:00,119.47754
2012-11-27 19:00:00,128.93387
2012-11-27 20:00:00,125.10388
2012-11-27 21:00:00,108.25282
2012-11-27 22:00:00,101.584564
2012-11-27 23:00:00,113.10617
2012-11-28 00:00:00,120.46544
2012-11-28 01:00:00,119.1844
2012-11-28 02:00:00,119.1844
2012-11-28 03:00:00,127.310036
2012-11-28 04:00:00,123.36304
2012-11-28 05:00:00,117.82063
2012-11-28 06:00:00,135.93382
2012-11-28 07:00:00,164.57404
2012-11-28 08:00:00,141.91005
2012-11-28 09:00:00,181.93484
2012-11-28 10:00:00,205.1385
2012-11-28 11:00:00,233.69649
2012-11-28 12:00:00,269.4582
2012-11-28 13:00:00,259.18555
2012-11-28 14:00:00,282.7758
2012-11-28 15:00:00,324.5165
2012-11-28 16:00:00,330.02094
2012-11-28 17:00:00,306.04642
2012-11-28 18:00:00,299.21457
2012-11-28 19:00:00,277.34372
2012-11-28 20:00:00,278.80273
2012-11-28 21:00:00,254.75885
2012-11-28 22:00:00,213.22276
2012-11-28 23:00:00,192.1057
2012-11-29 00:00:00,148.23007
2012-11-29 01:00:00,112.72268
2012-11-29 02:00:00,113.97064
2012-11-29 04:00:00,96.31816
2012-11-29 05:00:00,96.32206
2012-11-29 06:00:00,99.0934
2012-11-29 07:00:00,107.96813
2012-11-29 08:00:00,102.85136
2012-11-29 09:00:00,138.05095
2012-11-29 10:00:00,126.556244
2012-11-29 11:00:00,294.41302
2012-11-29 12:00:00,273.9874
2012-11-29 13:00:00,325.84064
2012-11-29 14:00:00,265.31485
2012-11-29 15:00:00,266.76004
2012-11-29 16:00:00,279.86392
2012-11-29 17:00:00,273.73462
2012-11-29 18:00:00,214.29774
2012-11-29 19:00:00,190.0494
2012-11-29 20:00:00,191.55608
2012-11-29 21:00:00,123.21302
2012-11-29 22:00:00,112.32306
2012-11-29 23:00:00,147.89532
2012-11-30 00:00:00,116.453094
2012-11-30 01:00:00,107.038765
2012-11-30 02:00:00,97.52373
2012-11-30 03:00:00,97.52373
2012-11-30 04:00:00,95.00719
2012-11-30 05:00:00,89.31394
2012-11-30 06:00:00,84.677536
2012-11-30 07:00:00,91.821686
2012-11-30 08:00:00,99.039894
2012-11-30 09:00:00,101.342415
2012-11-30 10:00:00,148.92946
2012-11-30 11:00:00,213.24338
2012-11-30 12:00:00,261.5405
2012-11-30 13:00:00,309.16376
2012-11-30 14:00:00,303.28726
2012-11-30 15:00:00,320.99332
2012-11-30 16:00:00,281.371
2012-11-30 17:00:00,228.42381
2012-11-30 18:00:00,181.08514
2012-11-30 19:00:00,139.89069
2012-11-30 20:00:00,139.89069
2012-11-30 21:00:00,113.149994
2012-11-30 22:00:00,105.65348
2012-11-30 23:00:00,115.82084
2012-12-20 00:00:00,159.06998
2012-12-20 01:00:00,139.89069
2012-12-20 02:00:00,139.89069
2012-12-20 03:00:00,123.15579
2012-12-20 04:00:00,123.15579
2012-12-20 05:00:00,124.38305
2012-12-20 06:00:00,148.92946
2012-12-20 07:00:00,126.61815
2012-12-20 08:00:00,126.61815
2012-12-20 09:00:00,126.61815
2012-12-20 10:00:00,147.42683
2012-12-20 11:00:00,194.99701
2012-12-20 12:00:00,221.24187
2012-12-20 13:00:00,204.6084
2012-12-20 14:00:00,224.1752
2012-12-20 15:00:00,196.49388
2012-12-20 16:00:00,220.52385
2012-12-20 17:00:00,152.17468
2012-12-20 18:00:00,140.8091
2012-12-20 19:00:00,149.5829
2012-12-20 20:00:00,131.30118
2012-12-20 21:00:00,131.30118
2012-12-20 22:00:00,119.75275
2012-12-20 23:00:00,155.77634
2012-12-21 00:00:00,105.13945
2012-12-21 01:00:00,114.963974
2012-12-21 02:00:00,112.15305
2012-12-21 03:00:00,112.15305
2012-12-21 04:00:00,98.699326
2012-12-21 05:00:00,92.88785
2012-12-21 06:00:00,120.51561
2012-12-21 07:00:00,112.068756
2012-12-21 08:00:00,117.31702
2012-12-21 09:00:00,142.44292
2012-12-21 10:00:00,143.06735
2012-12-21 11:00:00,154.75316
2012-12-21 12:00:00,163.0694
2012-12-21 13:00:00,163.28326
2012-12-21 14:00:00,163.39038
2012-12-21 15:00:00,147.6863
2012-12-21 16:00:00,156.00255
2012-12-21 17:00:00,94.441216
2012-12-21 18:00:00,95.41422
2012-12-21 19:00:00,120.056946
2012-12-21 20:00:00,135.50311
2012-12-21 21:00:00,120.66473
2012-12-21 22:00:00,111.706985
2012-12-21 23:00:00,115.88678
2012-12-22 00:00:00,124.93405
2012-12-22 01:00:00,123.315125
2012-12-22 02:00:00,123.582344
2012-12-22 03:00:00,111.941666
2012-12-22 04:00:00,106.52861
2012-12-22 05:00:00,116.095764
2012-12-22 06:00:00,127.46924
2012-12-22 07:00:00,127.46924
2012-12-22 08:00:00,125.913315
2012-12-22 09:00:00,115.98904
2012-12-22 10:00:00,115.77523
2012-12-22 11:00:00,146.97879
2012-12-22 12:00:00,162.08209
2012-12-22 13:00:00,175.40881
2012-12-22 14:00:00,175.46219
2012-12-22 15:00:00,178.78993
2012-12-22 16:00:00,159.91856
2012-12-22 17:00:00,144.9115
2012-12-22 18:00:00,123.36848
2012-12-22 19:00:00,108.92179
2012-12-22 20:00:00,98.33412
2012-12-22 21:00:00,102.50414
2012-12-22 22:00:00,102.50414
2012-12-22 23:00:00,92.847244
2012-12-23 00:00:00,109.40316
2012-12-23 01:00:00,99.74626
2012-12-23 02:00:00,85.580826
2012-12-23 03:00:00,82.47903
2012-12-23 04:00:00,87.604774
2012-12-23 05:00:00,74.902664
2012-12-23 06:00:00,60.389973
2012-12-23 07:00:00,60.389973
2012-12-23 08:00:00,59.68449
2012-12-23 09:00:00,74.55257
2012-12-23 10:00:00,79.18014
2012-12-23 11:00:00,93.2123
2012-12-23 12:00:00,131.19185
2012-12-23 13:00:00,151.60175
2012-12-23 14:00:00,195.73611
2012-12-23 15:00:00,173.85759
2012-12-23 16:00:00,179.73413
2012-12-23 17:00:00,119.72825
2012-12-23 18:00:00,119.74474
2012-12-23 19:00:00,120.84
2012-12-23 20:00:00,71.776596
2012-12-23 21:00:00,62.76307
2012-12-23 22:00:00,79.09163
2012-12-23 23:00:00,73.60952
2012-12-24 00:00:00,61.25393
2012-12-24 01:00:00,61.253925
2012-12-24 02:00:00,61.305065
2012-12-24 03:00:00,61.305065
2012-12-24 05:00:00,62.139626
2012-12-24 06:00:00,61.305065
2012-12-24 07:00:00,59.44218
2012-12-24 08:00:00,61.253925
2012-12-24 09:00:00,78.39481
2012-12-24 10:00:00,75.69549
2012-12-24 11:00:00,89.35709
2012-12-24 12:00:00,93.661514
2012-12-24 13:00:00,65.04033
2012-12-24 14:00:00,65.84803
2012-12-24 15:00:00,67.4091
2012-12-24 16:00:00,67.4091
2012-12-24 17:00:00,67.4755
2012-12-24 18:00:00,67.772064
2012-12-24 19:00:00,67.52141
2012-12-24 20:00:00,67.5843
2012-12-24 21:00:00,67.87684
2012-12-24 22:00:00,67.7738
2012-12-24 23:00:00,67.90487
2012-12-25 00:00:00,69.34064
2012-12-25 01:00:00,67.328926
2012-12-25 02:00:00,67.328926
2012-12-25 04:00:00,67.173904
2012-12-25 05:00:00,68.94661
2012-12-25 06:00:00,68.94661
2012-12-25 07:00:00,69.0752
2012-12-25 08:00:00,67.276566
2012-12-25 09:00:00,66.892456
2012-12-25 10:00:00,65.631325
2012-12-25 11:00:00,71.97274
2012-12-25 12:00:00,74.47844
2012-12-25 13:00:00,164.08812
2012-12-25 14:00:00,164.15117
2012-12-25 15:00:00,129.05005
2012-12-25 16:00:00,133.12991
2012-12-25 17:00:00,109.52949
2012-12-25 18:00:00,96.213394
2012-12-25 19:00:00,93.12199
2012-12-25 20:00:00,99.315216
2012-12-25 21:00:00,88.28722
2012-12-25 22:00:00,84.27511
2012-12-25 23:00:00,90.48027
2012-12-26 00:00:00,95.98292
2012-12-26 01:00:00,86.28117
2012-12-26 02:00:00,86.28117
2012-12-26 03:00:00,80.27561
2012-12-26 04:00:00,72.836975
2012-12-26 05:00:00,79.93473
2012-12-26 06:00:00,79.30837
2012-12-26 07:00:00,66.552
2012-12-26 08:00:00,66.552
2012-12-26 09:00:00,66.552
2012-12-26 10:00:00,65.67907
2012-12-26 11:00:00,68.662155
2012-12-26 12:00:00,68.90298
2012-12-26 13:00:00,68.90298
2012-12-26 14:00:00,67.015076
2012-12-26 15:00:00,77.49216
2012-12-26 16:00:00,77.49216
2012-12-26 17:00:00,71.740746
2012-12-26 18:00:00,75.228935
2012-12-26 19:00:00,76.38545
2012-12-26 20:00:00,79.66318
2012-12-26 21:00:00,79.90744
2012-12-26 22:00:00,69.5144
2012-12-26 23:00:00,75.4527
2012-12-27 00:00:00,75.4527
2012-12-27 01:00:00,69.5144
2012-12-27 02:00:00,69.103355
2012-12-27 03:00:00,65.15018
2012-12-27 04:00:00,67.54353
2012-12-27 05:00:00,69.69309
2012-12-27 06:00:00,73.09159
2012-12-27 07:00:00,77.16596
2012-12-27 08:00:00,81.04196
2012-12-27 09:00:00,82.57948
2012-12-27 10:00:00,96.32392
2012-12-27 11:00:00,100.324936
2012-12-27 12:00:00,117.72424
2012-12-27 13:00:00,117.72424
2012-12-27 14:00:00,97.565445
2012-12-27 15:00:00,92.79422
2012-12-27 16:00:00,106.23675
2012-12-27 17:00:00,106.23675
2012-12-27 18:00:00,90.763176
2012-12-27 19:00:00,81.26613
2012-12-27 20:00:00,83.20046
2012-12-27 21:00:00,90.763176
2012-12-27 22:00:00,87.04485
2012-12-27 23:00:00,90.763176
2012-12-28 00:00:00,85.8713
2012-12-28 01:00:00,84.32842
2012-12-28 02:00:00,83.1585
2012-12-28 03:00:00,85.8713
2012-12-28 04:00:00,81.58033
2012-12-28 05:00:00,80.50041
2012-12-28 06:00:00,77.79959
2012-12-28 07:00:00,77.45157
2012-12-28 08:00:00,82.76951
2012-12-28 09:00:00,87.04485
2012-12-28 10:00:00,101.53796
2012-12-28 11:00:00,113.961525
2012-12-28 12:00:00,113.7253
2012-12-28 13:00:00,113.7253
2012-12-28 14:00:00,113.7253
2012-12-28 15:00:00,98.16771
2012-12-28 16:00:00,110.6757
2012-12-28 17:00:00,80.34062
2012-12-28 18:00:00,80.34062
2012-12-28 19:00:00,82.20627
2012-12-28 20:00:00,78.39481
2012-12-28 21:00:00,74.923294
2012-12-28 22:00:00,72.18728
2012-12-28 23:00:00,77.31491
2012-12-29 00:00:00,62.312733
2012-12-29 01:00:00,63.85235
2012-12-29 02:00:00,62.312733
2012-12-29 03:00:00,62.869106
2012-12-29 04:00:00,63.85235
2012-12-29 05:00:00,63.85235
2012-12-29 06:00:00,72.521965
2012-12-29 07:00:00,75.61443
2012-12-29 08:00:00,64.675674
2012-12-29 09:00:00,64.675674
2012-12-29 10:00:00,66.745155
2012-12-29 11:00:00,68.65567
2012-12-29 12:00:00,70.96758
2012-12-29 13:00:00,70.96758
2012-12-29 14:00:00,66.62631
2012-12-29 15:00:00,66.34486
2012-12-29 16:00:00,67.589325
2012-12-29 17:00:00,63.76171
2012-12-29 18:00:00,81.38879
2012-12-29 19:00:00,97.256676
2012-12-29 20:00:00,116.30207
2012-12-29 21:00:00,112.39439
2012-12-29 22:00:00,101.97053
2012-12-29 23:00:00,72.52407
2012-12-30 00:00:00,87.65822
2012-12-30 01:00:00,106.9084
2012-12-30 02:00:00,105.43709
2012-12-30 03:00:00,106.9084
2012-12-30 04:00:00,99.72718
2012-12-30 05:00:00,119.53515
2012-12-30 06:00:00,105.37523
2012-12-30 07:00:00,94.72973
2012-12-30 08:00:00,96.1777
2012-12-30 09:00:00,98.861916
2012-12-30 10:00:00,132.32625
2012-12-30 11:00:00,135.99936
2012-12-30 12:00:00,153.0438
2012-12-30 13:00:00,162.08209
2012-12-30 14:00:00,168.50208
2012-12-30 15:00:00,155.40222
2012-12-30 16:00:00,151.46155
2012-12-30 17:00:00,135.67874
2012-12-30 18:00:00,125.25081
2012-12-30 19:00:00,86.11213
2012-12-30 20:00:00,105.48976
2012-12-30 21:00:00,85.580826
2012-12-30 22:00:00,81.967575
2012-12-30 23:00:00,90.37695
2012-12-31 00:00:00,77.58383
2012-12-31 01:00:00,77.58383
2012-12-31 02:00:00,70.77097
2012-12-31 03:00:00,66.46581
2012-12-31 04:00:00,58.26115
2012-12-31 05:00:00,64.6585
2012-12-31 06:00:00,65.34776
2012-12-31 07:00:00,64.13505
2012-12-31 08:00:00,58.062244
2012-12-31 09:00:00,69.44538
2012-12-31 10:00:00,68.81479
2012-12-31 11:00:00,85.488846
2012-12-31 12:00:00,92.45183
2012-12-31 13:00:00,117.6145
2012-12-31 14:00:00,131.94803
2012-12-31 15:00:00,117.997955
2012-12-31 16:00:00,112.66712
2012-12-31 17:00:00,103.213104
2012-12-31 18:00:00,106.94295
2012-12-31 19:00:00,89.35709
2012-12-31 20:00:00,89.35709
2012-12-31 21:00:00,86.68627
2012-12-31 22:00:00,90.28915
2012-12-31 23:00:00,81.004875
