datetime,count
2011-01-20 00:00:00,89.869064
2011-01-20 01:00:00,85.36183
2011-01-20 02:00:00,85.36183
2011-01-20 03:00:00,89.540436
2011-01-20 04:00:00,89.540436
2011-01-20 05:00:00,86.33731
2011-01-20 06:00:00,83.0297
2011-01-20 07:00:00,86.98253
2011-01-20 08:00:00,87.41131
2011-01-20 09:00:00,91.70049
2011-01-20 10:00:00,95.94194
2011-01-20 11:00:00,117.101135
2011-01-20 12:00:00,134.48538
2011-01-20 13:00:00,116.60965
2011-01-20 14:00:00,124.14113
2011-01-20 15:00:00,133.76862
2011-01-20 16:00:00,112.36288
2011-01-20 17:00:00,113.65737
2011-01-20 18:00:00,92.119804
2011-01-20 19:00:00,91.16085
2011-01-20 20:00:00,93.416664
2011-01-20 21:00:00,90.014206
2011-01-20 22:00:00,77.62385
2011-01-20 23:00:00,75.10206
2011-01-21 00:00:00,73.47052
2011-01-21 01:00:00,73.47052
2011-01-21 02:00:00,77.802765
2011-01-21 03:00:00,51.098103
2011-01-21 04:00:00,64.109116
2011-01-21 05:00:00,69.94904
2011-01-21 06:00:00,87.301994
2011-01-21 07:00:00,85.25207
2011-01-21 08:00:00,89.16846
2011-01-21 09:00:00,83.53611
2011-01-21 10:00:00,86.789406
2011-01-21 11:00:00,103.50637
2011-01-21 12:00:00,61.12668
2011-01-21 13:00:00,71.69062
2011-01-21 14:00:00,61.976482
2011-01-21 15:00:00,63.852314
2011-01-21 16:00:00,129.40883
2011-01-21 17:00:00,115.774216
2011-01-21 18:00:00,105.54399
2011-01-21 19:00:00,101.13248
2011-01-21 20:00:00,85.43544
2011-01-21 21:00:00,74.96428
2011-01-21 22:00:00,46.68048
2011-01-21 23:00:00,62.050724
2011-01-22 00:00:00,39.41123
2011-01-22 01:00:00,45.54626
2011-01-22 02:00:00,43.73375
2011-01-22 03:00:00,44.523968
2011-01-22 04:00:00,38.63009
2011-01-22 06:00:00,40.12043
2011-01-22 07:00:00,39.03063
2011-01-22 08:00:00,38.596527
2011-01-22 09:00:00,40.46408
2011-01-22 10:00:00,45.558445
2011-01-22 11:00:00,62.473938
2011-01-22 12:00:00,69.69249
2011-01-22 13:00:00,78.210464
2011-01-22 14:00:00,80.166145
2011-01-22 15:00:00,114.457016
2011-01-22 16:00:00,100.026535
2011-01-22 17:00:00,129.32361
2011-01-22 18:00:00,68.020676
2011-01-22 19:00:00,70.76063
2011-01-22 20:00:00,40.917
2011-01-22 21:00:00,58.078274
2011-01-22 22:00:00,60.561287
2011-01-22 23:00:00,43.49976
2011-01-23 00:00:00,43.49976
2011-01-23 01:00:00,43.49976
2011-01-23 02:00:00,47.243313
2011-01-23 03:00:00,47.243313
2011-01-23 05:00:00,41.21808
2011-01-23 06:00:00,41.21808
2011-01-23 07:00:00,39.690887
2011-01-23 08:00:00,44.105892
2011-01-23 09:00:00,38.939003
2011-01-23 10:00:00,47.46672
2011-01-23 11:00:00,65.87285
2011-01-23 12:00:00,73.441124
2011-01-23 13:00:00,78.4446
2011-01-23 14:00:00,106.84972
2011-01-23 15:00:00,106.84972
2011-01-23 16:00:00,114.441444
2011-01-23 17:00:00,83.603645
2011-01-23 18:00:00,88.9064
2011-01-23 19:00:00,89.824745
2011-01-23 20:00:00,70.650475
2011-01-23 21:00:00,71.61898
2011-01-23 22:00:00,59.723904
2011-01-23 23:00:00,42.406467
2011-01-24 00:00:00,66.777275
2011-01-24 01:00:00,52.94682
2011-01-24 03:00:00,45.09079
2011-01-24 04:00:00,53.17437
2011-01-24 05:00:00,53.17437
2011-01-24 06:00:00,59.49386
2011-01-24 07:00:00,66.98453
2011-01-24 08:00:00,69.3538
2011-01-24 09:00:00,70.718636
2011-01-24 10:00:00,71.01169
2011-01-24 11:00:00,74.33625
2011-01-24 12:00:00,81.73464
2011-01-24 13:00:00,83.58996
2011-01-24 14:00:00,81.1326
2011-01-24 15:00:00,85.49237
2011-01-24 16:00:00,81.759605
2011-01-24 17:00:00,69.439514
2011-01-24 18:00:00,59.36612
2011-01-24 19:00:00,74.60599
2011-01-24 20:00:00,59.36612
2011-01-24 21:00:00,57.127975
2011-01-24 22:00:00,55.3534
2011-01-24 23:00:00,57.58539
2011-01-25 00:00:00,41.680466
2011-01-25 01:00:00,56.77696
2011-01-25 02:00:00,44.8036
2011-01-25 04:00:00,58.360115
2011-01-25 05:00:00,45.95629
2011-01-25 06:00:00,58.216564
2011-01-25 07:00:00,44.347942
2011-01-25 08:00:00,54.732044
2011-01-25 09:00:00,83.86195
2011-01-25 10:00:00,87.65141
2011-01-25 11:00:00,89.119354
2011-01-25 12:00:00,90.89675
2011-01-25 13:00:00,91.41289
2011-01-25 14:00:00,125.18523
2011-01-25 15:00:00,140.15045
2011-01-25 16:00:00,140.15045
2011-01-25 17:00:00,113.62041
2011-01-25 18:00:00,112.72356
2011-01-25 19:00:00,91.013565
2011-01-25 20:00:00,80.63724
2011-01-25 21:00:00,80.63724
2011-01-25 22:00:00,81.67756
2011-01-25 23:00:00,85.24551
2011-01-26 00:00:00,79.670395
2011-01-26 01:00:00,87.596664
2011-01-26 02:00:00,82.23911
2011-01-26 05:00:00,42.686523
2011-01-26 06:00:00,42.686523
2011-01-26 07:00:00,40.893696
2011-01-26 08:00:00,40.893696
2011-01-26 09:00:00,40.893696
2011-01-26 10:00:00,44.98235
2011-01-26 11:00:00,44.31589
2011-01-26 12:00:00,44.31589
2011-01-26 13:00:00,44.31589
2011-01-26 14:00:00,43.45949
2011-01-26 15:00:00,41.08146
2011-01-26 16:00:00,42.034206
2011-01-26 17:00:00,44.813194
2011-01-27 16:00:00,87.17586
2011-01-27 17:00:00,85.50593
2011-01-27 18:00:00,74.65841
2011-01-27 19:00:00,74.65841
2011-01-27 20:00:00,62.52053
2011-01-27 21:00:00,62.52053
2011-01-27 22:00:00,62.52053
2011-01-27 23:00:00,52.39668
2011-01-28 00:00:00,62.199474
2011-01-28 01:00:00,62.199474
2011-01-28 02:00:00,60.709774
2011-01-28 03:00:00,67.77661
2011-01-28 05:00:00,58.972023
2011-01-28 06:00:00,53.954933
2011-01-28 07:00:00,62.822536
2011-01-28 08:00:00,62.822536
2011-01-28 09:00:00,59.05478
2011-01-28 10:00:00,57.11563
2011-01-28 11:00:00,61.780518
2011-01-28 12:00:00,61.780518
2011-01-28 13:00:00,61.780518
2011-01-28 14:00:00,81.45184
2011-01-28 15:00:00,76.53553
2011-01-28 16:00:00,77.835175
2011-01-28 17:00:00,68.206245
2011-01-28 18:00:00,61.166363
2011-01-28 19:00:00,73.74937
2011-01-28 20:00:00,76.444916
2011-01-28 21:00:00,67.987885
2011-01-28 22:00:00,67.93871
2011-01-28 23:00:00,86.33731
2011-01-29 00:00:00,40.987682
2011-01-29 01:00:00,54.451015
2011-01-29 02:00:00,56.211563
2011-01-29 03:00:00,51.989403
2011-01-29 04:00:00,42.089813
2011-01-29 06:00:00,40.04068
2011-01-29 07:00:00,51.639126
2011-01-29 08:00:00,61.971066
2011-01-29 09:00:00,62.808563
2011-01-29 10:00:00,57.493244
2011-01-29 11:00:00,51.432117
2011-01-29 12:00:00,59.40256
2011-01-29 13:00:00,79.32261
2011-01-29 14:00:00,71.25115
2011-01-29 15:00:00,40.1153
2011-01-29 16:00:00,70.041985
2011-01-29 17:00:00,81.9762
2011-01-29 18:00:00,48.140102
2011-01-29 19:00:00,42.15987
2011-01-29 20:00:00,43.593697
2011-01-29 21:00:00,43.593697
2011-01-29 22:00:00,50.15578
2011-01-29 23:00:00,50.15578
2011-01-30 00:00:00,48.982704
2011-01-30 01:00:00,62.961926
2011-01-30 02:00:00,59.417168
2011-01-30 03:00:00,82.18143
2011-01-30 04:00:00,82.18143
2011-01-30 05:00:00,71.71609
2011-01-30 07:00:00,71.71609
2011-01-30 08:00:00,64.68129
2011-01-30 09:00:00,52.945625
2011-01-30 10:00:00,50.985535
2011-01-30 11:00:00,56.78201
2011-01-30 12:00:00,94.60784
2011-01-30 13:00:00,84.69456
2011-01-30 14:00:00,86.69957
2011-01-30 15:00:00,86.41155
2011-01-30 16:00:00,86.41155
2011-01-30 17:00:00,90.17636
2011-01-30 18:00:00,66.192696
2011-01-30 19:00:00,64.43217
2011-01-30 20:00:00,79.42308
2011-01-30 21:00:00,55.769016
2011-01-30 22:00:00,49.707912
2011-01-30 23:00:00,49.923298
2011-01-31 00:00:00,84.69065
2011-01-31 01:00:00,73.821556
2011-01-31 02:00:00,80.88835
2011-01-31 03:00:00,80.88835
2011-01-31 04:00:00,79.28021
2011-01-31 05:00:00,56.404705
2011-01-31 06:00:00,39.307053
2011-01-31 07:00:00,51.518368
2011-01-31 08:00:00,61.35627
2011-01-31 09:00:00,60.475994
2011-01-31 10:00:00,70.67069
2011-01-31 11:00:00,70.67069
2011-01-31 12:00:00,84.236374
2011-01-31 13:00:00,81.42872
2011-01-31 14:00:00,84.22162
2011-01-31 15:00:00,79.3912
2011-01-31 16:00:00,82.10745
2011-01-31 17:00:00,70.67069
2011-01-31 18:00:00,76.96937
2011-01-31 19:00:00,93.1275
2011-01-31 20:00:00,80.88613
2011-01-31 21:00:00,84.268486
2011-01-31 22:00:00,79.28226
2011-01-31 23:00:00,77.2612
2011-02-20 00:00:00,120.01711
2011-02-20 01:00:00,92.73765
2011-02-20 02:00:00,91.28568
2011-02-20 03:00:00,76.57844
2011-02-20 04:00:00,76.57844
2011-02-20 06:00:00,73.47217
2011-02-20 07:00:00,56.065166
2011-02-20 08:00:00,79.000046
2011-02-20 09:00:00,85.139915
2011-02-20 10:00:00,120.27796
2011-02-20 11:00:00,195.41635
2011-02-20 12:00:00,183.51569
2011-02-20 13:00:00,198.10713
2011-02-20 14:00:00,248.94838
2011-02-20 15:00:00,234.67258
2011-02-20 16:00:00,227.25227
2011-02-20 17:00:00,204.90085
2011-02-20 18:00:00,194.9477
2011-02-20 19:00:00,194.9477
2011-02-20 20:00:00,162.70691
2011-02-20 21:00:00,103.475914
2011-02-20 22:00:00,97.63043
2011-02-20 23:00:00,90.816246
2011-02-21 00:00:00,137.30264
2011-02-21 01:00:00,137.30264
2011-02-21 02:00:00,137.30264
2011-02-21 03:00:00,137.18744
2011-02-21 04:00:00,117.774925
2011-02-21 05:00:00,199.04428
2011-02-21 06:00:00,319.02148
2011-02-21 07:00:00,318.67282
2011-02-21 08:00:00,95.72091
2011-02-21 09:00:00,95.96264
2011-02-21 10:00:00,96.447685
2011-02-21 11:00:00,95.12781
2011-02-21 12:00:00,80.20568
2011-02-21 13:00:00,40.01571
2011-02-21 14:00:00,52.673817
2011-02-21 15:00:00,42.722954
2011-02-21 16:00:00,40.514015
2011-02-21 17:00:00,40.28958
2011-02-21 18:00:00,38.88169
2011-02-21 19:00:00,38.88169
2011-02-21 20:00:00,37.6629
2011-02-21 21:00:00,38.592194
2011-02-21 22:00:00,37.53599
2011-02-21 23:00:00,37.53599
2011-02-22 06:00:00,46.714336
2011-02-22 07:00:00,46.714336
2011-02-22 08:00:00,47.5736
2011-02-22 09:00:00,43.184563
2011-02-22 10:00:00,70.38597
2011-02-22 11:00:00,77.32096
2011-02-22 12:00:00,84.11054
2011-02-22 13:00:00,86.37351
2011-02-22 14:00:00,87.17586
2011-02-22 15:00:00,89.64639
2011-02-22 16:00:00,86.20133
2011-02-22 17:00:00,86.810356
2011-02-22 18:00:00,86.250946
2011-02-22 19:00:00,87.28011
2011-02-22 20:00:00,86.06469
2011-02-22 21:00:00,87.466644
2011-02-22 22:00:00,83.63048
2011-02-22 23:00:00,83.63048
2011-02-23 00:00:00,75.86329
2011-02-23 01:00:00,78.69133
2011-02-23 02:00:00,76.61346
2011-02-23 03:00:00,74.643524
2011-02-23 05:00:00,76.23664
2011-02-23 06:00:00,76.23664
2011-02-23 07:00:00,73.38585
2011-02-23 08:00:00,74.60599
2011-02-23 09:00:00,81.658035
2011-02-23 10:00:00,98.61653
2011-02-23 11:00:00,107.86474
2011-02-23 12:00:00,152.76292
2011-02-23 13:00:00,185.78261
2011-02-23 14:00:00,191.96957
2011-02-23 15:00:00,206.4021
2011-02-23 16:00:00,186.19188
2011-02-23 17:00:00,206.4021
2011-02-23 18:00:00,197.63696
2011-02-23 19:00:00,150.07217
2011-02-23 20:00:00,88.14738
2011-02-23 21:00:00,87.59508
2011-02-23 22:00:00,87.59508
2011-02-23 23:00:00,86.00716
2011-02-24 00:00:00,86.00716
2011-02-24 01:00:00,86.24478
2011-02-24 02:00:00,80.29401
2011-02-24 03:00:00,78.07435
2011-02-24 05:00:00,68.33892
2011-02-24 06:00:00,61.299015
2011-02-24 07:00:00,55.457752
2011-02-24 08:00:00,69.41212
2011-02-24 09:00:00,57.19273
2011-02-24 10:00:00,77.7423
2011-02-24 11:00:00,106.6567
2011-02-24 12:00:00,127.395966
2011-02-24 13:00:00,135.7649
2011-02-24 14:00:00,155.3447
2011-02-24 15:00:00,156.10788
2011-02-24 16:00:00,120.199234
2011-02-24 17:00:00,102.89938
2011-02-24 18:00:00,65.509514
2011-02-24 19:00:00,60.85976
2011-02-24 20:00:00,52.342274
2011-02-24 21:00:00,65.509514
2011-02-24 22:00:00,77.37707
2011-02-24 23:00:00,57.33743
2011-02-25 00:00:00,86.28607
2011-02-25 01:00:00,81.347176
2011-02-25 02:00:00,81.347176
2011-02-25 03:00:00,71.791405
2011-02-25 05:00:00,71.791405
2011-02-25 06:00:00,83.517975
2011-02-25 07:00:00,65.94859
2011-02-25 08:00:00,82.9869
2011-02-25 09:00:00,57.838726
2011-02-25 10:00:00,96.83861
2011-02-25 11:00:00,122.65135
2011-02-25 12:00:00,185.63365
2011-02-25 13:00:00,185.63365
2011-02-25 14:00:00,217.4364
2011-02-25 15:00:00,82.98207
2011-02-25 16:00:00,121.2167
2011-02-25 17:00:00,77.181
2011-02-25 18:00:00,121.10414
2011-02-25 19:00:00,107.004845
2011-02-25 20:00:00,113.94123
2011-02-25 21:00:00,108.66328
2011-02-25 22:00:00,100.20515
2011-02-25 23:00:00,97.64853
2011-02-26 00:00:00,81.43269
2011-02-26 01:00:00,73.34773
2011-02-26 02:00:00,43.990993
2011-02-26 03:00:00,75.68622
2011-02-26 04:00:00,81.32913
2011-02-26 05:00:00,69.44196
2011-02-26 06:00:00,79.59487
2011-02-26 07:00:00,76.94778
2011-02-26 08:00:00,83.88406
2011-02-26 09:00:00,86.85714
2011-02-26 10:00:00,111.08474
2011-02-26 11:00:00,112.26376
2011-02-26 12:00:00,130.94604
2011-02-26 13:00:00,152.48683
2011-02-26 14:00:00,180.07886
2011-02-26 15:00:00,175.27443
2011-02-26 16:00:00,131.41042
2011-02-26 17:00:00,148.555
2011-02-26 18:00:00,125.92705
2011-02-26 19:00:00,107.64672
2011-02-26 20:00:00,90.830505
2011-02-26 21:00:00,66.865265
2011-02-26 22:00:00,48.950012
2011-02-26 23:00:00,41.122433
2011-02-27 00:00:00,41.789036
2011-02-27 01:00:00,43.738853
2011-02-27 02:00:00,44.83351
2011-02-27 03:00:00,45.97298
2011-02-27 04:00:00,46.80824
2011-02-27 06:00:00,56.841175
2011-02-27 07:00:00,46.80824
2011-02-27 08:00:00,56.6976
2011-02-27 09:00:00,46.880817
2011-02-27 10:00:00,50.9607
2011-02-27 11:00:00,93.20207
2011-02-27 12:00:00,119.70426
2011-02-27 13:00:00,155.1473
2011-02-27 14:00:00,167.92635
2011-02-27 15:00:00,197.77437
2011-02-27 16:00:00,208.35739
2011-02-27 17:00:00,131.29086
2011-02-27 18:00:00,125.55657
2011-02-27 19:00:00,122.20999
2011-02-27 20:00:00,119.70426
2011-02-27 21:00:00,100.32262
2011-02-27 22:00:00,101.78638
2011-02-27 23:00:00,98.508156
2011-02-28 00:00:00,99.7556
2011-02-28 01:00:00,69.56789
2011-02-28 03:00:00,69.94731
2011-02-28 05:00:00,86.504456
2011-02-28 06:00:00,72.506836
2011-02-28 07:00:00,82.99403
2011-02-28 08:00:00,55.31665
2011-02-28 09:00:00,106.69116
2011-02-28 10:00:00,134.89291
2011-02-28 11:00:00,158.02585
2011-02-28 12:00:00,158.02585
2011-02-28 13:00:00,110.2175
2011-02-28 14:00:00,86.64572
2011-02-28 15:00:00,86.64572
2011-02-28 16:00:00,94.826546
2011-02-28 17:00:00,80.884285
2011-02-28 18:00:00,110.1082
2011-02-28 19:00:00,99.83369
2011-02-28 20:00:00,99.83369
2011-02-28 21:00:00,90.400856
2011-02-28 22:00:00,54.311752
2011-02-28 23:00:00,68.32029
2011-03-20 00:00:00,112.41928
2011-03-20 01:00:00,99.820854
2011-03-20 02:00:00,97.138855
2011-03-20 03:00:00,87.024216
2011-03-20 04:00:00,80.77883
2011-03-20 05:00:00,74.27006
2011-03-20 06:00:00,72.50359
2011-03-20 07:00:00,62.21442
2011-03-20 08:00:00,85.909836
2011-03-20 09:00:00,93.51958
2011-03-20 10:00:00,134.50835
2011-03-20 11:00:00,165.3789
2011-03-20 12:00:00,168.72829
2011-03-20 13:00:00,197.20695
2011-03-20 14:00:00,215.27223
2011-03-20 15:00:00,230.91725
2011-03-20 16:00:00,214.72641
2011-03-20 17:00:00,229.97058
2011-03-20 18:00:00,190.54196
2011-03-20 19:00:00,142.97028
2011-03-20 20:00:00,131.41042
2011-03-20 21:00:00,110.4059
2011-03-20 22:00:00,108.22713
2011-03-20 23:00:00,100.820435
2011-03-21 00:00:00,117.29534
2011-03-21 01:00:00,107.871315
2011-03-21 02:00:00,105.36251
2011-03-21 03:00:00,105.36251
2011-03-21 05:00:00,86.91484
2011-03-21 06:00:00,104.42357
2011-03-21 07:00:00,69.12764
2011-03-21 08:00:00,63.72481
2011-03-21 09:00:00,92.66422
2011-03-21 10:00:00,115.850784
2011-03-21 11:00:00,123.51576
2011-03-21 12:00:00,117.137024
2011-03-21 13:00:00,168.50244
2011-03-21 14:00:00,178.56192
2011-03-21 15:00:00,213.31616
2011-03-21 16:00:00,181.83604
2011-03-21 17:00:00,180.1115
2011-03-21 18:00:00,145.11966
2011-03-21 19:00:00,214.1011
2011-03-21 20:00:00,172.94196
2011-03-21 21:00:00,112.074974
2011-03-21 22:00:00,114.50255
2011-03-21 23:00:00,110.88657
2011-03-22 00:00:00,113.6975
2011-03-22 01:00:00,99.21259
2011-03-22 02:00:00,108.400154
2011-03-22 03:00:00,112.68563
2011-03-22 04:00:00,111.29004
2011-03-22 05:00:00,109.14157
2011-03-22 06:00:00,108.22801
2011-03-22 07:00:00,107.44503
2011-03-22 08:00:00,157.47229
2011-03-22 09:00:00,166.9428
2011-03-22 10:00:00,195.41489
2011-03-22 11:00:00,200.3325
2011-03-22 12:00:00,232.78938
2011-03-22 13:00:00,259.04288
2011-03-22 14:00:00,285.78546
2011-03-22 15:00:00,268.34302
2011-03-22 16:00:00,239.23239
2011-03-22 17:00:00,239.23239
2011-03-22 18:00:00,223.74533
2011-03-22 19:00:00,194.03708
2011-03-22 20:00:00,197.25092
2011-03-22 21:00:00,185.29314
2011-03-22 22:00:00,154.88837
2011-03-22 23:00:00,154.88837
2011-03-23 00:00:00,110.77786
2011-03-23 01:00:00,105.18644
2011-03-23 02:00:00,105.18644
2011-03-23 03:00:00,104.21176
2011-03-23 05:00:00,95.617355
2011-03-23 06:00:00,88.79587
2011-03-23 07:00:00,72.80962
2011-03-23 08:00:00,90.074265
2011-03-23 09:00:00,94.68998
2011-03-23 10:00:00,98.98871
2011-03-23 11:00:00,95.835754
2011-03-23 12:00:00,90.28055
2011-03-23 13:00:00,100.63996
2011-03-23 14:00:00,102.45301
2011-03-23 15:00:00,109.773575
2011-03-23 16:00:00,110.75634
2011-03-23 17:00:00,110.75634
2011-03-23 18:00:00,112.35296
2011-03-23 19:00:00,112.35296
2011-03-23 20:00:00,69.50818
2011-03-23 21:00:00,49.537727
2011-03-23 22:00:00,79.87644
2011-03-23 23:00:00,96.54014
2011-03-24 00:00:00,72.80962
2011-03-24 01:00:00,53.41854
2011-03-24 02:00:00,51.93384
2011-03-24 03:00:00,51.995308
2011-03-24 04:00:00,51.995308
2011-03-24 05:00:00,61.25975
2011-03-24 06:00:00,61.25975
2011-03-24 07:00:00,48.110935
2011-03-24 08:00:00,40.290184
2011-03-24 09:00:00,55.49825
2011-03-24 10:00:00,40.957565
2011-03-24 11:00:00,82.58427
2011-03-24 12:00:00,100.87437
2011-03-24 13:00:00,101.58594
2011-03-24 14:00:00,98.60665
2011-03-24 15:00:00,100.82964
2011-03-24 16:00:00,101.62673
2011-03-24 17:00:00,100.02728
2011-03-24 18:00:00,107.53047
2011-03-24 19:00:00,115.94993
2011-03-24 20:00:00,99.24823
2011-03-24 21:00:00,94.91118
2011-03-24 22:00:00,93.30376
2011-03-24 23:00:00,91.167336
2011-03-25 00:00:00,91.333855
2011-03-25 01:00:00,82.321434
2011-03-25 02:00:00,75.28154
2011-03-25 03:00:00,85.2878
2011-03-25 04:00:00,73.8644
2011-03-25 05:00:00,66.82453
2011-03-25 06:00:00,59.515644
2011-03-25 07:00:00,83.270706
2011-03-25 08:00:00,103.1068
2011-03-25 09:00:00,115.516525
2011-03-25 10:00:00,110.22465
2011-03-25 11:00:00,154.0553
2011-03-25 12:00:00,181.60904
2011-03-25 13:00:00,203.4925
2011-03-25 14:00:00,267.2226
2011-03-25 15:00:00,243.80325
2011-03-25 16:00:00,252.7079
2011-03-25 17:00:00,232.35123
2011-03-25 18:00:00,190.82162
2011-03-25 19:00:00,225.42902
2011-03-25 20:00:00,206.52493
2011-03-25 21:00:00,207.64073
2011-03-25 22:00:00,199.57895
2011-03-25 23:00:00,188.5377
2011-03-26 00:00:00,166.83156
2011-03-26 01:00:00,145.26271
2011-03-26 02:00:00,107.41198
2011-03-26 03:00:00,92.94872
2011-03-26 04:00:00,107.41198
2011-03-26 05:00:00,87.77671
2011-03-26 06:00:00,74.39672
2011-03-26 07:00:00,87.7767
2011-03-26 08:00:00,111.94979
2011-03-26 09:00:00,137.6325
2011-03-26 10:00:00,147.51537
2011-03-26 11:00:00,178.30106
2011-03-26 12:00:00,201.14038
2011-03-26 13:00:00,231.68861
2011-03-26 14:00:00,273.2323
2011-03-26 15:00:00,279.10242
2011-03-26 16:00:00,291.33844
2011-03-26 17:00:00,289.65527
2011-03-26 18:00:00,282.512
2011-03-26 19:00:00,142.16858
2011-03-26 20:00:00,142.16858
2011-03-26 21:00:00,140.06917
2011-03-26 22:00:00,169.32733
2011-03-26 23:00:00,133.30789
2011-03-27 00:00:00,161.11366
2011-03-27 01:00:00,99.21274
2011-03-27 02:00:00,97.36071
2011-03-27 03:00:00,58.322273
2011-03-27 04:00:00,50.35184
2011-03-27 06:00:00,40.58911
2011-03-27 07:00:00,40.350838
2011-03-27 08:00:00,47.516624
2011-03-27 09:00:00,86.954254
2011-03-27 10:00:00,92.410286
2011-03-27 11:00:00,114.339485
2011-03-27 12:00:00,138.44199
2011-03-27 13:00:00,180.18759
2011-03-27 14:00:00,219.17323
2011-03-27 15:00:00,207.82402
2011-03-27 16:00:00,217.59279
2011-03-27 17:00:00,244.73715
2011-03-27 18:00:00,220.99979
2011-03-27 19:00:00,234.10062
2011-03-27 20:00:00,191.22083
2011-03-27 21:00:00,147.51537
2011-03-27 22:00:00,147.51537
2011-03-27 23:00:00,128.10426
2011-03-28 00:00:00,93.25644
2011-03-28 01:00:00,121.987976
2011-03-28 02:00:00,120.31748
2011-03-28 03:00:00,120.31748
2011-03-28 05:00:00,110.46255
2011-03-28 06:00:00,153.39255
2011-03-28 07:00:00,175.43423
2011-03-28 08:00:00,168.05652
2011-03-28 09:00:00,205.08217
2011-03-28 10:00:00,211.12419
2011-03-28 11:00:00,239.34271
2011-03-28 12:00:00,207.16226
2011-03-28 13:00:00,279.6645
2011-03-28 14:00:00,278.83615
2011-03-28 15:00:00,288.2259
2011-03-28 16:00:00,281.7148
2011-03-28 17:00:00,299.61792
2011-03-28 18:00:00,295.7262
2011-03-28 19:00:00,250.9333
2011-03-28 20:00:00,250.86948
2011-03-28 21:00:00,260.28833
2011-03-28 22:00:00,272.79977
2011-03-28 23:00:00,276.0974
2011-03-29 00:00:00,233.66905
2011-03-29 01:00:00,197.17104
2011-03-29 02:00:00,197.17104
2011-03-29 03:00:00,197.17104
2011-03-29 04:00:00,114.56357
2011-03-29 05:00:00,159.76039
2011-03-29 06:00:00,136.01428
2011-03-29 07:00:00,131.54114
2011-03-29 08:00:00,177.33882
2011-03-29 09:00:00,251.4505
2011-03-29 10:00:00,284.36423
2011-03-29 11:00:00,278.74585
2011-03-29 12:00:00,261.38712
2011-03-29 13:00:00,292.91943
2011-03-29 14:00:00,289.18292
2011-03-29 15:00:00,292.68967
2011-03-29 16:00:00,285.0324
2011-03-29 17:00:00,279.70645
2011-03-29 18:00:00,258.8669
2011-03-29 19:00:00,275.57672
2011-03-29 20:00:00,258.8669
2011-03-29 21:00:00,168.47705
2011-03-29 22:00:00,146.77673
2011-03-29 23:00:00,122.17232
2011-03-30 00:00:00,118.95947
2011-03-30 01:00:00,172.12291
2011-03-30 02:00:00,118.95947
2011-03-30 03:00:00,153.43602
2011-03-30 04:00:00,118.95947
2011-03-30 05:00:00,118.45567
2011-03-30 06:00:00,144.18704
2011-03-30 07:00:00,182.69579
2011-03-30 08:00:00,154.7701
2011-03-30 09:00:00,176.6945
2011-03-30 10:00:00,180.07701
2011-03-30 11:00:00,180.99347
2011-03-30 12:00:00,183.24336
2011-03-30 13:00:00,194.74287
2011-03-30 14:00:00,192.00163
2011-03-30 15:00:00,82.02701
2011-03-30 16:00:00,77.00067
2011-03-30 17:00:00,71.05563
2011-03-30 18:00:00,55.49825
2011-03-30 19:00:00,55.49825
2011-03-30 20:00:00,42.138245
2011-03-30 21:00:00,44.1824
2011-03-30 22:00:00,50.874588
2011-03-30 23:00:00,43.01853
2011-03-31 00:00:00,50.874588
2011-03-31 01:00:00,52.641045
2011-03-31 02:00:00,52.641045
2011-03-31 03:00:00,50.874588
2011-03-31 04:00:00,49.11404
2011-03-31 05:00:00,50.874588
2011-03-31 06:00:00,42.138245
2011-03-31 07:00:00,49.11404
2011-03-31 08:00:00,44.587936
2011-03-31 09:00:00,55.074146
2011-03-31 10:00:00,55.074146
2011-03-31 11:00:00,68.29252
2011-03-31 12:00:00,68.29252
2011-03-31 13:00:00,92.80335
2011-03-31 14:00:00,92.80334
2011-03-31 15:00:00,76.18163
2011-03-31 16:00:00,77.245995
2011-03-31 17:00:00,77.245995
2011-03-31 18:00:00,87.26028
2011-03-31 19:00:00,87.26028
2011-03-31 20:00:00,59.296303
2011-03-31 21:00:00,64.23414
2011-03-31 22:00:00,65.31812
2011-03-31 23:00:00,52.84654
2011-04-20 00:00:00,110.53144
2011-04-20 01:00:00,105.365265
2011-04-20 02:00:00,105.365265
2011-04-20 03:00:00,104.764984
2011-04-20 04:00:00,94.9358
2011-04-20 05:00:00,102.15924
2011-04-20 06:00:00,105.365265
2011-04-20 07:00:00,107.10071
2011-04-20 08:00:00,197.20181
2011-04-20 09:00:00,247.27985
2011-04-20 10:00:00,176.80742
2011-04-20 11:00:00,176.80742
2011-04-20 12:00:00,347.79333
2011-04-20 13:00:00,347.79333
2011-04-20 14:00:00,406.4674
2011-04-20 15:00:00,418.497
2011-04-20 16:00:00,418.497
2011-04-20 17:00:00,420.0818
2011-04-20 18:00:00,409.6823
2011-04-20 19:00:00,372.40085
2011-04-20 20:00:00,327.6682
2011-04-20 21:00:00,354.375
2011-04-20 22:00:00,318.69434
2011-04-20 23:00:00,337.28745
2011-04-21 00:00:00,309.37823
2011-04-21 01:00:00,264.70798
2011-04-21 02:00:00,287.62146
2011-04-21 03:00:00,228.93802
2011-04-21 04:00:00,200.0065
2011-04-21 05:00:00,193.80911
2011-04-21 06:00:00,172.58812
2011-04-21 07:00:00,234.7681
2011-04-21 08:00:00,207.21132
2011-04-21 09:00:00,229.26003
2011-04-21 10:00:00,235.55232
2011-04-21 11:00:00,261.76447
2011-04-21 12:00:00,254.8685
2011-04-21 13:00:00,320.2311
2011-04-21 14:00:00,338.03024
2011-04-21 15:00:00,370.81207
2011-04-21 16:00:00,362.9449
2011-04-21 17:00:00,299.06274
2011-04-21 18:00:00,344.55222
2011-04-21 19:00:00,321.4074
2011-04-21 20:00:00,269.0929
2011-04-21 21:00:00,211.64114
2011-04-21 22:00:00,225.3611
2011-04-21 23:00:00,207.83932
2011-04-22 00:00:00,112.16637
2011-04-22 01:00:00,139.03227
2011-04-22 02:00:00,141.54362
2011-04-22 03:00:00,141.54362
2011-04-22 04:00:00,134.97409
2011-04-22 05:00:00,131.62747
2011-04-22 06:00:00,134.97408
2011-04-22 07:00:00,144.36095
2011-04-22 08:00:00,142.63643
2011-04-22 09:00:00,126.92327
2011-04-22 10:00:00,120.99252
2011-04-22 11:00:00,112.2865
2011-04-22 12:00:00,103.76582
2011-04-22 13:00:00,100.85822
2011-04-22 14:00:00,94.338936
2011-04-22 15:00:00,100.85822
2011-04-22 16:00:00,100.63996
2011-04-22 17:00:00,78.35271
2011-04-22 18:00:00,78.35271
2011-04-22 19:00:00,78.35271
2011-04-22 20:00:00,90.035255
2011-04-22 21:00:00,79.631134
2011-04-22 22:00:00,67.491196
2011-04-22 23:00:00,92.45942
2011-04-23 00:00:00,38.513954
2011-04-23 01:00:00,38.513954
2011-04-23 02:00:00,51.397125
2011-04-23 03:00:00,54.037933
2011-04-23 04:00:00,68.80182
2011-04-23 05:00:00,68.80182
2011-04-23 06:00:00,45.88739
2011-04-23 07:00:00,51.290234
2011-04-23 08:00:00,42.259365
2011-04-23 09:00:00,70.33696
2011-04-23 10:00:00,98.49841
2011-04-23 11:00:00,109.39483
2011-04-23 12:00:00,124.3238
2011-04-23 13:00:00,123.25891
2011-04-23 14:00:00,142.03017
2011-04-23 15:00:00,170.1957
2011-04-23 16:00:00,164.33775
2011-04-23 17:00:00,166.84909
2011-04-23 18:00:00,132.91396
2011-04-23 19:00:00,124.67283
2011-04-23 20:00:00,120.05196
2011-04-23 21:00:00,128.98079
2011-04-23 22:00:00,145.0867
2011-04-23 23:00:00,116.25995
2011-04-24 00:00:00,115.960724
2011-04-24 01:00:00,112.22503
2011-04-24 02:00:00,112.22503
2011-04-24 03:00:00,106.940636
2011-04-24 04:00:00,106.940636
2011-04-24 05:00:00,106.940636
2011-04-24 06:00:00,105.185005
2011-04-24 07:00:00,105.185005
2011-04-24 08:00:00,110.23085
2011-04-24 09:00:00,118.69051
2011-04-24 10:00:00,139.95956
2011-04-24 11:00:00,215.15965
2011-04-24 12:00:00,228.49516
2011-04-24 13:00:00,283.01196
2011-04-24 14:00:00,309.5137
2011-04-24 15:00:00,243.95561
2011-04-24 16:00:00,368.3869
2011-04-24 17:00:00,220.2095
2011-04-24 18:00:00,182.17844
2011-04-24 19:00:00,146.6004
2011-04-24 20:00:00,146.6004
2011-04-24 21:00:00,118.36544
2011-04-24 22:00:00,115.96843
2011-04-24 23:00:00,115.695694
2011-04-25 00:00:00,117.233795
2011-04-25 01:00:00,117.65741
2011-04-25 02:00:00,117.65741
2011-04-25 03:00:00,116.705185
2011-04-25 04:00:00,115.456764
2011-04-25 05:00:00,109.93767
2011-04-25 06:00:00,113.89154
2011-04-25 07:00:00,117.86922
2011-04-25 08:00:00,118.59762
2011-04-25 09:00:00,124.604256
2011-04-25 10:00:00,171.80795
2011-04-25 11:00:00,171.80795
2011-04-25 12:00:00,176.58406
2011-04-25 13:00:00,239.61371
2011-04-25 14:00:00,294.7942
2011-04-25 15:00:00,308.08887
2011-04-25 16:00:00,312.83484
2011-04-25 17:00:00,307.21686
2011-04-25 18:00:00,284.3615
2011-04-25 19:00:00,273.78156
2011-04-25 20:00:00,247.27985
2011-04-25 21:00:00,185.14738
2011-04-25 22:00:00,166.45114
2011-04-25 23:00:00,139.21475
2011-04-26 00:00:00,186.87192
2011-04-26 01:00:00,168.44139
2011-04-26 02:00:00,128.47897
2011-04-26 03:00:00,122.19133
2011-04-26 04:00:00,124.752884
2011-04-26 05:00:00,121.362785
2011-04-26 06:00:00,121.90631
2011-04-26 07:00:00,129.89618
2011-04-26 08:00:00,129.89618
2011-04-26 09:00:00,179.55392
2011-04-26 10:00:00,201.2582
2011-04-26 11:00:00,235.03319
2011-04-26 12:00:00,270.70398
2011-04-26 13:00:00,348.72473
2011-04-26 14:00:00,296.4579
2011-04-26 15:00:00,268.86795
2011-04-26 16:00:00,288.63043
2011-04-26 17:00:00,259.23758
2011-04-26 18:00:00,236.86925
2011-04-26 19:00:00,182.99721
2011-04-26 20:00:00,179.55392
2011-04-26 21:00:00,153.66515
2011-04-26 22:00:00,134.02966
2011-04-26 23:00:00,135.70576
2011-04-27 00:00:00,129.07358
2011-04-27 01:00:00,130.56003
2011-04-27 02:00:00,124.10722
2011-04-27 03:00:00,128.91667
2011-04-27 04:00:00,122.573784
2011-04-27 05:00:00,125.12881
2011-04-27 06:00:00,123.37613
2011-04-27 07:00:00,128.91667
2011-04-27 08:00:00,131.15134
2011-04-27 09:00:00,136.98727
2011-04-27 10:00:00,144.80624
2011-04-27 11:00:00,165.26337
2011-04-27 12:00:00,164.70247
2011-04-27 13:00:00,157.27248
2011-04-27 14:00:00,185.11841
2011-04-27 15:00:00,247.87428
2011-04-27 16:00:00,213.25868
2011-04-27 17:00:00,170.9785
2011-04-27 18:00:00,170.9785
2011-04-27 19:00:00,153.66515
2011-04-27 20:00:00,141.26349
2011-04-27 21:00:00,128.8586
2011-04-27 22:00:00,135.42146
2011-04-27 23:00:00,136.9079
2011-04-28 00:00:00,160.61905
2011-04-28 01:00:00,150.66418
2011-04-28 02:00:00,154.01073
2011-04-28 03:00:00,171.1213
2011-04-28 04:00:00,152.33466
2011-04-28 05:00:00,150.66418
2011-04-28 06:00:00,175.30315
2011-04-28 07:00:00,174.46788
2011-04-28 08:00:00,180.22182
2011-04-28 09:00:00,139.74963
2011-04-28 10:00:00,133.18678
2011-04-28 11:00:00,144.80624
2011-04-28 12:00:00,160.8152
2011-04-28 13:00:00,145.64151
2011-04-28 14:00:00,136.81532
2011-04-28 15:00:00,199.53943
2011-04-28 16:00:00,151.98904
2011-04-28 17:00:00,328.1133
2011-04-28 18:00:00,328.1133
2011-04-28 19:00:00,322.5949
2011-04-28 20:00:00,287.8638
2011-04-28 21:00:00,251.08215
2011-04-28 22:00:00,255.81778
2011-04-28 23:00:00,256.23
2011-04-29 00:00:00,298.23453
2011-04-29 01:00:00,226.29955
2011-04-29 02:00:00,138.85938
2011-04-29 03:00:00,152.37088
2011-04-29 04:00:00,203.75186
2011-04-29 05:00:00,219.6783
2011-04-29 06:00:00,265.56473
2011-04-29 07:00:00,266.71826
2011-04-29 08:00:00,308.224
2011-04-29 09:00:00,315.92346
2011-04-29 10:00:00,306.7108
2011-04-29 11:00:00,317.98727
2011-04-29 12:00:00,318.12997
2011-04-29 13:00:00,321.98212
2011-04-29 14:00:00,356.35483
2011-04-29 15:00:00,324.24478
2011-04-29 16:00:00,322.11688
2011-04-29 17:00:00,293.2869
2011-04-29 18:00:00,258.67953
2011-04-29 19:00:00,184.83891
2011-04-29 20:00:00,235.25542
2011-04-29 21:00:00,205.82944
2011-04-29 22:00:00,146.00006
2011-04-29 23:00:00,188.74937
2011-04-30 00:00:00,191.63243
2011-04-30 01:00:00,188.87988
2011-04-30 02:00:00,190.71594
2011-04-30 03:00:00,180.13292
2011-04-30 04:00:00,181.05246
2011-04-30 05:00:00,168.60199
2011-04-30 06:00:00,144.72081
2011-04-30 07:00:00,160.65584
2011-04-30 08:00:00,160.12065
2011-04-30 09:00:00,196.97263
2011-04-30 10:00:00,263.0245
2011-04-30 11:00:00,286.019
2011-04-30 12:00:00,297.4885
2011-04-30 13:00:00,325.8838
2011-04-30 14:00:00,321.02213
2011-04-30 15:00:00,311.57312
2011-04-30 16:00:00,333.16705
2011-04-30 17:00:00,288.87146
2011-04-30 18:00:00,282.7231
2011-04-30 19:00:00,282.7231
2011-04-30 20:00:00,136.462
2011-04-30 21:00:00,136.462
2011-04-30 22:00:00,120.06868
2011-04-30 23:00:00,120.06868
2011-05-20 00:00:00,111.14481
2011-05-20 01:00:00,106.36972
2011-05-20 02:00:00,103.40412
2011-05-20 03:00:00,103.07656
2011-05-20 04:00:00,108.400154
2011-05-20 05:00:00,108.454636
2011-05-20 06:00:00,111.28774
2011-05-20 07:00:00,117.05015
2011-05-20 08:00:00,141.09636
2011-05-20 09:00:00,153.8257
2011-05-20 10:00:00,172.94196
2011-05-20 11:00:00,222.0601
2011-05-20 12:00:00,278.72632
2011-05-20 13:00:00,294.49072
2011-05-20 14:00:00,273.014
2011-05-20 15:00:00,264.71744
2011-05-20 16:00:00,266.804
2011-05-20 17:00:00,218.5386
2011-05-20 18:00:00,245.2523
2011-05-20 19:00:00,178.88055
2011-05-20 20:00:00,179.33876
2011-05-20 21:00:00,169.6753
2011-05-20 22:00:00,126.55173
2011-05-20 23:00:00,132.94691
2011-05-21 00:00:00,115.54849
2011-05-21 01:00:00,122.46429
2011-05-21 02:00:00,128.3222
2011-05-21 03:00:00,107.99835
2011-05-21 04:00:00,105.49931
2011-05-21 05:00:00,105.39038
2011-05-21 06:00:00,110.28444
2011-05-21 07:00:00,132.80203
2011-05-21 08:00:00,162.0884
2011-05-21 09:00:00,205.30998
2011-05-21 10:00:00,225.10881
2011-05-21 11:00:00,282.76965
2011-05-21 12:00:00,263.47354
2011-05-21 13:00:00,289.66614
2011-05-21 14:00:00,307.16534
2011-05-21 15:00:00,361.2161
2011-05-21 16:00:00,397.81128
2011-05-21 17:00:00,363.32004
2011-05-21 18:00:00,345.7249
2011-05-21 19:00:00,319.93152
2011-05-21 20:00:00,219.6994
2011-05-21 21:00:00,225.10881
2011-05-21 22:00:00,170.34717
2011-05-21 23:00:00,127.061615
2011-05-22 00:00:00,114.55312
2011-05-22 01:00:00,110.411644
2011-05-22 02:00:00,110.302704
2011-05-22 03:00:00,98.70869
2011-05-22 04:00:00,101.61704
2011-05-22 05:00:00,98.70869
2011-05-22 06:00:00,110.302704
2011-05-22 07:00:00,112.945724
2011-05-22 08:00:00,153.46277
2011-05-22 09:00:00,175.43822
2011-05-22 10:00:00,205.52931
2011-05-22 11:00:00,305.3803
2011-05-22 12:00:00,338.32498
2011-05-22 13:00:00,301.85092
2011-05-22 14:00:00,207.3033
2011-05-22 15:00:00,256.048
2011-05-22 16:00:00,249.94707
2011-05-22 17:00:00,282.09244
2011-05-22 18:00:00,243.03915
2011-05-22 19:00:00,242.11963
2011-05-22 20:00:00,206.44887
2011-05-22 21:00:00,162.16978
2011-05-22 22:00:00,123.17189
2011-05-22 23:00:00,124.60154
2011-05-23 00:00:00,120.96293
2011-05-23 01:00:00,118.59762
2011-05-23 02:00:00,124.38048
2011-05-23 03:00:00,122.81888
2011-05-23 04:00:00,116.729225
2011-05-23 05:00:00,116.729225
2011-05-23 06:00:00,117.02198
2011-05-23 07:00:00,120.99433
2011-05-23 08:00:00,122.946335
2011-05-23 09:00:00,123.774895
2011-05-23 10:00:00,179.16798
2011-05-23 11:00:00,209.90927
2011-05-23 12:00:00,209.90927
2011-05-23 13:00:00,323.68558
2011-05-23 14:00:00,297.14755
2011-05-23 15:00:00,294.8533
2011-05-23 16:00:00,290.2617
2011-05-23 17:00:00,257.61432
2011-05-23 18:00:00,195.41806
2011-05-23 19:00:00,191.97478
2011-05-23 20:00:00,135.4056
2011-05-23 21:00:00,127.87645
2011-05-23 22:00:00,125.12555
2011-05-23 23:00:00,128.71745
2011-05-24 00:00:00,123.58554
2011-05-24 01:00:00,122.75976
2011-05-24 02:00:00,123.58554
2011-05-24 03:00:00,122.36945
2011-05-24 04:00:00,120.46622
2011-05-24 05:00:00,126.50391
2011-05-24 06:00:00,124.84958
2011-05-24 07:00:00,169.06691
2011-05-24 08:00:00,150.28584
2011-05-24 09:00:00,180.59639
2011-05-24 10:00:00,267.95145
2011-05-24 11:00:00,308.08887
2011-05-24 12:00:00,376.00162
2011-05-24 13:00:00,343.72745
2011-05-24 14:00:00,351.42688
2011-05-24 15:00:00,357.37338
2011-05-24 16:00:00,194.27638
2011-05-24 17:00:00,238.56367
2011-05-24 18:00:00,207.28929
2011-05-24 19:00:00,173.14076
2011-05-24 20:00:00,167.11932
2011-05-24 21:00:00,145.56226
2011-05-24 22:00:00,134.5371
2011-05-24 23:00:00,192.44794
2011-05-25 00:00:00,144.53194
2011-05-25 01:00:00,137.12154
2011-05-25 02:00:00,118.09853
2011-05-25 03:00:00,118.86092
2011-05-25 04:00:00,118.05859
2011-05-25 05:00:00,118.18473
2011-05-25 06:00:00,118.9578
2011-05-25 07:00:00,160.01869
2011-05-25 08:00:00,186.72557
2011-05-25 09:00:00,216.88705
2011-05-25 10:00:00,234.94148
2011-05-25 11:00:00,275.58334
2011-05-25 12:00:00,275.63043
2011-05-25 13:00:00,275.63043
2011-05-25 14:00:00,282.86734
2011-05-25 15:00:00,319.46204
2011-05-25 16:00:00,322.53842
2011-05-25 17:00:00,308.08887
2011-05-25 18:00:00,282.39526
2011-05-25 19:00:00,245.77637
2011-05-25 20:00:00,253.01326
2011-05-25 21:00:00,192.4404
2011-05-25 22:00:00,196.11241
2011-05-25 23:00:00,166.64017
2011-05-26 00:00:00,166.64014
2011-05-26 01:00:00,166.64014
2011-05-26 02:00:00,127.31622
2011-05-26 03:00:00,120.05333
2011-05-26 04:00:00,117.57041
2011-05-26 05:00:00,121.59282
2011-05-26 06:00:00,120.13656
2011-05-26 07:00:00,127.49085
2011-05-26 08:00:00,149.60127
2011-05-26 09:00:00,221.03867
2011-05-26 10:00:00,195.41806
2011-05-26 11:00:00,257.66208
2011-05-26 12:00:00,324.73132
2011-05-26 13:00:00,346.8419
2011-05-26 14:00:00,346.8419
2011-05-26 15:00:00,380.79132
2011-05-26 16:00:00,382.39508
2011-05-26 17:00:00,359.26056
2011-05-26 18:00:00,370.7968
2011-05-26 19:00:00,362.96323
2011-05-26 20:00:00,267.9457
2011-05-26 21:00:00,239.11786
2011-05-26 22:00:00,233.37746
2011-05-26 23:00:00,238.69417
2011-05-27 00:00:00,205.77592
2011-05-27 01:00:00,285.87488
2011-05-27 02:00:00,255.10728
2011-05-27 03:00:00,211.22195
2011-05-27 04:00:00,182.81006
2011-05-27 05:00:00,212.5256
2011-05-27 06:00:00,181.43533
2011-05-27 07:00:00,168.36469
2011-05-27 08:00:00,178.30856
2011-05-27 09:00:00,241.44975
2011-05-27 10:00:00,323.41785
2011-05-27 11:00:00,334.84473
2011-05-27 12:00:00,333.24112
2011-05-27 13:00:00,280.78085
2011-05-27 14:00:00,310.16287
2011-05-27 15:00:00,341.6543
2011-05-27 16:00:00,351.27554
2011-05-27 17:00:00,307.92426
2011-05-27 18:00:00,290.2617
2011-05-27 19:00:00,163.9071
2011-05-27 20:00:00,175.51111
2011-05-27 21:00:00,123.11781
2011-05-27 22:00:00,139.56157
2011-05-27 23:00:00,120.79853
2011-05-28 00:00:00,116.63629
2011-05-28 01:00:00,118.68683
2011-05-28 02:00:00,117.17237
2011-05-28 03:00:00,117.71917
2011-05-28 04:00:00,118.69051
2011-05-28 05:00:00,117.71917
2011-05-28 06:00:00,126.22316
2011-05-28 07:00:00,129.12766
2011-05-28 08:00:00,147.36435
2011-05-28 09:00:00,172.42293
2011-05-28 10:00:00,237.20903
2011-05-28 11:00:00,237.20903
2011-05-28 12:00:00,291.75586
2011-05-28 13:00:00,270.71786
2011-05-28 14:00:00,300.4698
2011-05-28 15:00:00,319.31265
2011-05-28 16:00:00,330.81216
2011-05-28 17:00:00,321.607
2011-05-28 18:00:00,271.63437
2011-05-28 19:00:00,236.2895
2011-05-28 20:00:00,237.20903
2011-05-28 21:00:00,178.06413
2011-05-28 22:00:00,157.5664
2011-05-28 23:00:00,132.45137
2011-05-29 00:00:00,134.12747
2011-05-29 01:00:00,121.47046
2011-05-29 02:00:00,118.49257
2011-05-29 03:00:00,118.49257
2011-05-29 04:00:00,115.891075
2011-05-29 05:00:00,116.51188
2011-05-29 06:00:00,127.28509
2011-05-29 07:00:00,130.26295
2011-05-29 08:00:00,128.77652
2011-05-29 09:00:00,123.25571
2011-05-29 10:00:00,151.66972
2011-05-29 11:00:00,155.0163
2011-05-29 12:00:00,201.3839
2011-05-29 13:00:00,222.30608
2011-05-29 14:00:00,231.96948
2011-05-29 15:00:00,232.42775
2011-05-29 16:00:00,231.96948
2011-05-29 17:00:00,231.96948
2011-05-29 18:00:00,204.61386
2011-05-29 19:00:00,202.88933
2011-05-29 20:00:00,170.49945
2011-05-29 21:00:00,148.21307
2011-05-29 22:00:00,124.87325
2011-05-29 23:00:00,126.36472
2011-05-30 00:00:00,119.91188
2011-05-30 01:00:00,118.30448
2011-05-30 02:00:00,119.91188
2011-05-30 03:00:00,119.91188
2011-05-30 04:00:00,117.550865
2011-05-30 05:00:00,117.720505
2011-05-30 06:00:00,118.79021
2011-05-30 07:00:00,116.30731
2011-05-30 08:00:00,127.25855
2011-05-30 09:00:00,195.03214
2011-05-30 10:00:00,359.9878
2011-05-30 11:00:00,315.66306
2011-05-30 12:00:00,373.95602
2011-05-30 13:00:00,379.89185
2011-05-30 14:00:00,381.8294
2011-05-30 15:00:00,446.24527
2011-05-30 16:00:00,448.01175
2011-05-30 17:00:00,425.92856
2011-05-30 18:00:00,410.55548
2011-05-30 19:00:00,262.09818
2011-05-30 20:00:00,277.68082
2011-05-30 21:00:00,226.15868
2011-05-30 22:00:00,197.32637
2011-05-30 23:00:00,150.09909
2011-05-31 00:00:00,165.80376
2011-05-31 01:00:00,130.56218
2011-05-31 02:00:00,127.80246
2011-05-31 03:00:00,121.8299
2011-05-31 04:00:00,136.59326
2011-05-31 05:00:00,136.59326
2011-05-31 06:00:00,157.08765
2011-05-31 07:00:00,235.95848
2011-05-31 08:00:00,277.75204
2011-05-31 09:00:00,295.7842
2011-05-31 10:00:00,299.94476
2011-05-31 11:00:00,304.95474
2011-05-31 12:00:00,338.80566
2011-05-31 13:00:00,389.34222
2011-05-31 14:00:00,352.8157
2011-05-31 15:00:00,395.26685
2011-05-31 16:00:00,381.6428
2011-05-31 17:00:00,336.5529
2011-05-31 18:00:00,329.31598
2011-05-31 19:00:00,261.24017
2011-05-31 20:00:00,261.24017
2011-05-31 21:00:00,243.21878
2011-05-31 22:00:00,230.70215
2011-05-31 23:00:00,175.8815
2011-06-20 00:00:00,140.77512
2011-06-20 01:00:00,122.94063
2011-06-20 02:00:00,122.94063
2011-06-20 03:00:00,125.96378
2011-06-20 04:00:00,131.5592
2011-06-20 05:00:00,145.26315
2011-06-20 06:00:00,157.21391
2011-06-20 07:00:00,125.866936
2011-06-20 08:00:00,131.36763
2011-06-20 09:00:00,155.08092
2011-06-20 10:00:00,155.08092
2011-06-20 11:00:00,146.71725
2011-06-20 12:00:00,192.11053
2011-06-20 13:00:00,206.98283
2011-06-20 14:00:00,227.25488
2011-06-20 15:00:00,234.52028
2011-06-20 16:00:00,262.31247
2011-06-20 17:00:00,234.79668
2011-06-20 18:00:00,265.6541
2011-06-20 19:00:00,220.31987
2011-06-20 20:00:00,195.19594
2011-06-20 21:00:00,168.36469
2011-06-20 22:00:00,182.32094
2011-06-20 23:00:00,151.98904
2011-06-21 00:00:00,174.87064
2011-06-21 01:00:00,195.89651
2011-06-21 02:00:00,173.75977
2011-06-21 03:00:00,173.75977
2011-06-21 04:00:00,137.64795
2011-06-21 05:00:00,139.31844
2011-06-21 06:00:00,139.31844
2011-06-21 07:00:00,120.84434
2011-06-21 08:00:00,143.38225
2011-06-21 09:00:00,151.74588
2011-06-21 10:00:00,168.87608
2011-06-21 11:00:00,167.09552
2011-06-21 12:00:00,234.06566
2011-06-21 13:00:00,285.20462
2011-06-21 14:00:00,317.6756
2011-06-21 15:00:00,341.4477
2011-06-21 16:00:00,341.49527
2011-06-21 17:00:00,314.17465
2011-06-21 18:00:00,310.74667
2011-06-21 19:00:00,275.04276
2011-06-21 20:00:00,310.00922
2011-06-21 21:00:00,249.64801
2011-06-21 22:00:00,200.82468
2011-06-21 23:00:00,232.22961
2011-06-22 00:00:00,186.69615
2011-06-22 01:00:00,183.25285
2011-06-22 02:00:00,175.50691
2011-06-22 03:00:00,183.25285
2011-06-22 04:00:00,149.17491
2011-06-22 05:00:00,131.50749
2011-06-22 06:00:00,157.891
2011-06-22 07:00:00,193.91005
2011-06-22 08:00:00,241.96175
2011-06-22 09:00:00,217.32663
2011-06-22 10:00:00,281.2359
2011-06-22 11:00:00,272.8057
2011-06-22 12:00:00,353.73032
2011-06-22 13:00:00,378.29132
2011-06-22 14:00:00,399.5702
2011-06-22 15:00:00,385.9908
2011-06-22 16:00:00,387.7545
2011-06-22 17:00:00,408.88455
2011-06-22 18:00:00,360.94302
2011-06-22 19:00:00,384.03705
2011-06-22 20:00:00,254.79688
2011-06-22 21:00:00,226.95697
2011-06-22 22:00:00,233.08801
2011-06-22 23:00:00,234.00755
2011-06-23 00:00:00,219.16261
2011-06-23 01:00:00,250.56752
2011-06-23 02:00:00,250.56752
2011-06-23 03:00:00,263.57642
2011-06-23 04:00:00,216.58607
2011-06-23 05:00:00,248.73155
2011-06-23 06:00:00,248.73149
2011-06-23 07:00:00,261.4094
2011-06-23 08:00:00,292.2534
2011-06-23 09:00:00,277.80383
2011-06-23 10:00:00,297.463
2011-06-23 11:00:00,338.59717
2011-06-23 12:00:00,333.59906
2011-06-23 13:00:00,344.36017
2011-06-23 14:00:00,337.20535
2011-06-23 15:00:00,396.9714
2011-06-23 16:00:00,340.70627
2011-06-23 17:00:00,289.63113
2011-06-23 18:00:00,276.62222
2011-06-23 19:00:00,274.78622
2011-06-23 20:00:00,235.90164
2011-06-23 21:00:00,234.98213
2011-06-23 22:00:00,250.74655
2011-06-23 23:00:00,237.73769
2011-06-24 00:00:00,193.2664
2011-06-24 01:00:00,176.30003
2011-06-24 02:00:00,176.30003
2011-06-24 03:00:00,167.09552
2011-06-24 04:00:00,162.91368
2011-06-24 05:00:00,136.53017
2011-06-24 06:00:00,165.41943
2011-06-24 07:00:00,180.28664
2011-06-24 08:00:00,235.90164
2011-06-24 09:00:00,288.72888
2011-06-24 10:00:00,410.71927
2011-06-24 11:00:00,439.65286
2011-06-24 12:00:00,416.6629
2011-06-24 13:00:00,416.98975
2011-06-24 14:00:00,402.88568
2011-06-24 15:00:00,452.69476
2011-06-24 16:00:00,453.10684
2011-06-24 17:00:00,410.19635
2011-06-24 18:00:00,421.77872
2011-06-24 19:00:00,384.97986
2011-06-24 20:00:00,346.05685
2011-06-24 21:00:00,322.44327
2011-06-24 22:00:00,288.36392
2011-06-24 23:00:00,305.94772
2011-06-25 00:00:00,359.9366
2011-06-25 01:00:00,342.3304
2011-06-25 02:00:00,363.70123
2011-06-25 03:00:00,310.39685
2011-06-25 04:00:00,310.39685
2011-06-25 05:00:00,273.80655
2011-06-25 06:00:00,311.31638
2011-06-25 07:00:00,313.1524
2011-06-25 08:00:00,385.30713
2011-06-25 09:00:00,401.2213
2011-06-25 10:00:00,385.8481
2011-06-25 11:00:00,353.26855
2011-06-25 12:00:00,432.45834
2011-06-25 13:00:00,432.45834
2011-06-25 14:00:00,418.91022
2011-06-25 15:00:00,341.9178
2011-06-25 16:00:00,432.6875
2011-06-25 17:00:00,411.15387
2011-06-25 18:00:00,401.2213
2011-06-25 19:00:00,399.1592
2011-06-25 20:00:00,369.93402
2011-06-25 21:00:00,344.66516
2011-06-25 22:00:00,367.61038
2011-06-25 23:00:00,384.58118
2011-06-26 00:00:00,285.0607
2011-06-26 01:00:00,311.0431
2011-06-26 02:00:00,293.9591
2011-06-26 03:00:00,249.41917
2011-06-26 04:00:00,248.9609
2011-06-26 05:00:00,241.34569
2011-06-26 06:00:00,241.34569
2011-06-26 07:00:00,254.64038
2011-06-26 08:00:00,285.2729
2011-06-26 09:00:00,307.8489
2011-06-26 10:00:00,353.03983
2011-06-26 11:00:00,370.47498
2011-06-26 12:00:00,401.58945
2011-06-26 13:00:00,359.1383
2011-06-26 14:00:00,393.85934
2011-06-26 15:00:00,359.1383
2011-06-26 16:00:00,403.424
2011-06-26 17:00:00,403.26553
2011-06-26 18:00:00,414.91846
2011-06-26 19:00:00,374.41058
2011-06-26 20:00:00,360.5843
2011-06-26 21:00:00,337.67703
2011-06-26 22:00:00,308.52408
2011-06-26 23:00:00,320.14307
2011-06-27 00:00:00,239.74878
2011-06-27 01:00:00,183.65903
2011-06-27 02:00:00,194.17204
2011-06-27 03:00:00,194.17204
2011-06-27 04:00:00,158.67958
2011-06-27 05:00:00,164.4335
2011-06-27 06:00:00,185.38358
2011-06-27 07:00:00,223.06789
2011-06-27 08:00:00,210.65276
2011-06-27 09:00:00,287.63376
2011-06-27 10:00:00,320.13922
2011-06-27 11:00:00,269.60162
2011-06-27 12:00:00,287.63376
2011-06-27 13:00:00,329.42676
2011-06-27 14:00:00,296.9213
2011-06-27 15:00:00,290.1565
2011-06-27 16:00:00,303.2143
2011-06-27 17:00:00,310.427
2011-06-27 18:00:00,288.69342
2011-06-27 19:00:00,299.183
2011-06-27 20:00:00,260.9613
2011-06-27 21:00:00,235.66846
2011-06-27 22:00:00,217.62761
2011-06-27 23:00:00,217.62761
2011-06-28 00:00:00,193.76581
2011-06-28 01:00:00,196.46228
2011-06-28 02:00:00,208.75018
2011-06-28 03:00:00,208.75018
2011-06-28 04:00:00,196.46228
2011-06-28 05:00:00,175.50691
2011-06-28 06:00:00,167.09552
2011-06-28 07:00:00,178.34879
2011-06-28 08:00:00,202.66078
2011-06-28 09:00:00,233.06334
2011-06-28 10:00:00,358.7467
2011-06-28 11:00:00,334.0703
2011-06-28 12:00:00,394.04974
2011-06-28 13:00:00,346.1206
2011-06-28 14:00:00,411.65604
2011-06-28 15:00:00,365.31723
2011-06-28 16:00:00,417.25656
2011-06-28 17:00:00,399.68793
2011-06-28 18:00:00,399.5091
2011-06-28 19:00:00,373.98312
2011-06-28 20:00:00,256.22336
2011-06-28 21:00:00,307.27933
2011-06-28 22:00:00,258.28433
2011-06-28 23:00:00,257.82608
2011-06-29 00:00:00,208.94711
2011-06-29 01:00:00,199.29358
2011-06-29 02:00:00,170.44208
2011-06-29 03:00:00,173.40004
2011-06-29 04:00:00,163.74892
2011-06-29 05:00:00,160.04991
2011-06-29 06:00:00,245.2715
2011-06-29 07:00:00,323.9575
2011-06-29 08:00:00,360.88898
2011-06-29 09:00:00,403.71262
2011-06-29 10:00:00,394.4094
2011-06-29 11:00:00,407.50897
2011-06-29 12:00:00,414.11728
2011-06-29 13:00:00,429.47275
2011-06-29 14:00:00,399.6691
2011-06-29 15:00:00,394.3986
2011-06-29 16:00:00,450.55777
2011-06-29 17:00:00,442.80756
2011-06-29 18:00:00,418.951
2011-06-29 19:00:00,443.87582
2011-06-29 20:00:00,415.61917
2011-06-29 21:00:00,384.30334
2011-06-29 22:00:00,359.04266
2011-06-29 23:00:00,335.4928
2011-06-30 00:00:00,310.65106
2011-06-30 01:00:00,290.1195
2011-06-30 02:00:00,273.72513
2011-06-30 03:00:00,266.04034
2011-06-30 04:00:00,228.03651
2011-06-30 05:00:00,231.70857
2011-06-30 06:00:00,256.41238
2011-06-30 07:00:00,278.96677
2011-06-30 08:00:00,343.19223
2011-06-30 09:00:00,366.74213
2011-06-30 10:00:00,365.18414
2011-06-30 11:00:00,373.16803
2011-06-30 12:00:00,394.27026
2011-06-30 13:00:00,396.98715
2011-06-30 14:00:00,396.37924
2011-06-30 15:00:00,396.98203
2011-06-30 16:00:00,376.702
2011-06-30 17:00:00,425.00848
2011-06-30 18:00:00,402.4432
2011-06-30 19:00:00,393.69736
2011-06-30 20:00:00,393.69736
2011-06-30 21:00:00,361.00174
2011-06-30 22:00:00,351.36896
2011-06-30 23:00:00,270.8633
2011-07-20 00:00:00,179.75694
2011-07-20 01:00:00,173.72975
2011-07-20 02:00:00,173.72975
2011-07-20 03:00:00,179.75694
2011-07-20 04:00:00,167.15956
2011-07-20 05:00:00,173.18675
2011-07-20 06:00:00,163.62378
2011-07-20 07:00:00,190.26994
2011-07-20 08:00:00,222.29137
2011-07-20 09:00:00,254.74979
2011-07-20 10:00:00,240.3236
2011-07-20 11:00:00,298.22864
2011-07-20 12:00:00,294.56357
2011-07-20 13:00:00,357.0547
2011-07-20 14:00:00,382.34924
2011-07-20 15:00:00,376.7487
2011-07-20 16:00:00,309.496
2011-07-20 17:00:00,348.7789
2011-07-20 18:00:00,356.01575
2011-07-20 19:00:00,314.41068
2011-07-20 20:00:00,298.4291
2011-07-20 21:00:00,308.61237
2011-07-20 22:00:00,303.40274
2011-07-20 23:00:00,269.49924
2011-07-21 00:00:00,282.50812
2011-07-21 01:00:00,217.75583
2011-07-21 02:00:00,217.75583
2011-07-21 03:00:00,240.8823
2011-07-21 04:00:00,204.05936
2011-07-21 05:00:00,204.05936
2011-07-21 06:00:00,204.05936
2011-07-21 07:00:00,214.51295
2011-07-21 08:00:00,261.5033
2011-07-21 09:00:00,316.24988
2011-07-21 10:00:00,330.32333
2011-07-21 11:00:00,384.43286
2011-07-21 12:00:00,409.01187
2011-07-21 13:00:00,401.31244
2011-07-21 14:00:00,444.05328
2011-07-21 15:00:00,409.0633
2011-07-21 16:00:00,440.3127
2011-07-21 17:00:00,453.92212
2011-07-21 18:00:00,424.84326
2011-07-21 19:00:00,359.45737
2011-07-21 20:00:00,325.34857
2011-07-21 21:00:00,308.95416
2011-07-21 22:00:00,303.63873
2011-07-21 23:00:00,294.7515
2011-07-22 00:00:00,317.93494
2011-07-22 01:00:00,276.54218
2011-07-22 02:00:00,257.0835
2011-07-22 03:00:00,260.64276
2011-07-22 04:00:00,251.74472
2011-07-22 05:00:00,225.12091
2011-07-22 06:00:00,248.13838
2011-07-22 07:00:00,306.39786
2011-07-22 08:00:00,343.0401
2011-07-22 09:00:00,321.63638
2011-07-22 10:00:00,366.8065
2011-07-22 11:00:00,378.72382
2011-07-22 12:00:00,417.39996
2011-07-22 13:00:00,409.3195
2011-07-22 14:00:00,461.50885
2011-07-22 15:00:00,443.9026
2011-07-22 16:00:00,474.2767
2011-07-22 17:00:00,380.6628
2011-07-22 18:00:00,424.06305
2011-07-22 19:00:00,406.03925
2011-07-22 20:00:00,309.496
2011-07-22 21:00:00,316.25003
2011-07-22 22:00:00,367.22012
2011-07-22 23:00:00,323.49725
2011-07-23 00:00:00,331.38235
2011-07-23 01:00:00,371.87115
2011-07-23 02:00:00,344.96173
2011-07-23 03:00:00,309.1159
2011-07-23 04:00:00,305.46194
2011-07-23 05:00:00,323.43582
2011-07-23 06:00:00,371.71124
2011-07-23 07:00:00,364.03754
2011-07-23 08:00:00,427.89743
2011-07-23 09:00:00,404.85056
2011-07-23 10:00:00,448.69824
2011-07-23 11:00:00,440.88678
2011-07-23 12:00:00,426.2722
2011-07-23 13:00:00,444.69778
2011-07-23 14:00:00,414.75735
2011-07-23 15:00:00,408.33444
2011-07-23 16:00:00,438.1031
2011-07-23 17:00:00,438.1031
2011-07-23 18:00:00,459.42993
2011-07-23 19:00:00,369.89
2011-07-23 20:00:00,379.2655
2011-07-23 21:00:00,379.2655
2011-07-23 22:00:00,363.73242
2011-07-23 23:00:00,340.68558
2011-07-24 00:00:00,340.68558
2011-07-24 01:00:00,312.72223
2011-07-24 02:00:00,325.67532
2011-07-24 03:00:00,325.67532
2011-07-24 04:00:00,312.72223
2011-07-24 05:00:00,309.1159
2011-07-24 06:00:00,337.91034
2011-07-24 07:00:00,348.35925
2011-07-24 08:00:00,404.41122
2011-07-24 09:00:00,427.05698
2011-07-24 10:00:00,451.14896
2011-07-24 11:00:00,414.30695
2011-07-24 12:00:00,441.93082
2011-07-24 13:00:00,434.00098
2011-07-24 14:00:00,439.6126
2011-07-24 15:00:00,465.65457
2011-07-24 16:00:00,465.65457
2011-07-24 17:00:00,425.9119
2011-07-24 18:00:00,441.6914
2011-07-24 19:00:00,418.62784
2011-07-24 20:00:00,404.85056
2011-07-24 21:00:00,336.4944
2011-07-24 22:00:00,287.42944
2011-07-24 23:00:00,301.69168
2011-07-25 00:00:00,252.55858
2011-07-25 01:00:00,260.37338
2011-07-25 02:00:00,239.5076
2011-07-25 03:00:00,206.79274
2011-07-25 04:00:00,192.68704
2011-07-25 05:00:00,192.68704
2011-07-25 06:00:00,203.47472
2011-07-25 07:00:00,219.02776
2011-07-25 08:00:00,238.68692
2011-07-25 09:00:00,268.87
2011-07-25 10:00:00,294.56357
2011-07-25 11:00:00,361.0139
2011-07-25 12:00:00,361.0139
2011-07-25 13:00:00,267.0319
2011-07-25 14:00:00,233.088
2011-07-25 15:00:00,196.11406
2011-07-25 16:00:00,186.64354
2011-07-25 17:00:00,216.66891
2011-07-25 18:00:00,243.97784
2011-07-25 19:00:00,254.74979
2011-07-25 20:00:00,247.81195
2011-07-25 21:00:00,173.72975
2011-07-25 22:00:00,173.72975
2011-07-25 23:00:00,178.89761
2011-07-26 00:00:00,200.82474
2011-07-26 01:00:00,200.82474
2011-07-26 02:00:00,154.79759
2011-07-26 03:00:00,156.46811
2011-07-26 04:00:00,161.08878
2011-07-26 05:00:00,142.26442
2011-07-26 06:00:00,180.07333
2011-07-26 07:00:00,297.6158
2011-07-26 08:00:00,324.8766
2011-07-26 09:00:00,392.81348
2011-07-26 10:00:00,406.2995
2011-07-26 11:00:00,357.98663
2011-07-26 12:00:00,357.3851
2011-07-26 13:00:00,431.36127
2011-07-26 14:00:00,427.44925
2011-07-26 15:00:00,436.7459
2011-07-26 16:00:00,440.0548
2011-07-26 17:00:00,456.50854
2011-07-26 18:00:00,463.50226
2011-07-26 19:00:00,420.69766
2011-07-26 20:00:00,391.56625
2011-07-26 21:00:00,366.28632
2011-07-26 22:00:00,316.0602
2011-07-26 23:00:00,301.17535
2011-07-27 00:00:00,353.15662
2011-07-27 01:00:00,358.5868
2011-07-27 02:00:00,367.9011
2011-07-27 03:00:00,302.74222
2011-07-27 04:00:00,332.5154
2011-07-27 05:00:00,338.407
2011-07-27 06:00:00,323.9575
2011-07-27 07:00:00,359.3422
2011-07-27 08:00:00,386.70993
2011-07-27 09:00:00,414.11728
2011-07-27 10:00:00,356.9468
2011-07-27 11:00:00,356.50278
2011-07-27 12:00:00,420.87595
2011-07-27 13:00:00,440.66025
2011-07-27 14:00:00,407.03574
2011-07-27 15:00:00,413.03607
2011-07-27 16:00:00,390.2816
2011-07-27 17:00:00,402.17618
2011-07-27 18:00:00,377.26852
2011-07-27 19:00:00,372.62665
2011-07-27 20:00:00,373.7241
2011-07-27 21:00:00,325.38272
2011-07-27 22:00:00,294.01273
2011-07-27 23:00:00,332.99945
2011-07-28 00:00:00,311.5702
2011-07-28 01:00:00,284.69794
2011-07-28 02:00:00,300.69156
2011-07-28 03:00:00,275.39874
2011-07-28 04:00:00,273.36023
2011-07-28 05:00:00,260.9613
2011-07-28 06:00:00,241.85632
2011-07-28 07:00:00,267.17245
2011-07-28 08:00:00,285.20462
2011-07-28 09:00:00,326.99817
2011-07-28 10:00:00,368.27795
2011-07-28 11:00:00,380.12726
2011-07-28 12:00:00,382.18933
2011-07-28 13:00:00,409.55713
2011-07-28 14:00:00,409.477
2011-07-28 15:00:00,384.4224
2011-07-28 16:00:00,386.51022
2011-07-28 17:00:00,366.8162
2011-07-28 18:00:00,364.75415
2011-07-28 19:00:00,341.51865
2011-07-28 20:00:00,323.49722
2011-07-28 21:00:00,328.62427
2011-07-28 22:00:00,295.90176
2011-07-28 23:00:00,267.6632
2011-07-29 00:00:00,226.95697
2011-07-29 01:00:00,226.0374
2011-07-29 02:00:00,206.79274
2011-07-29 03:00:00,206.79274
2011-07-29 04:00:00,195.26518
2011-07-29 05:00:00,187.51923
2011-07-29 06:00:00,199.53365
2011-07-29 07:00:00,239.5076
2011-07-29 08:00:00,235.75223
2011-07-29 09:00:00,409.55713
2011-07-29 10:00:00,450.33215
2011-07-29 11:00:00,465.67328
2011-07-29 12:00:00,448.61032
2011-07-29 13:00:00,381.58212
2011-07-29 14:00:00,433.50534
2011-07-29 15:00:00,440.078
2011-07-29 16:00:00,469.7212
2011-07-29 17:00:00,449.95908
2011-07-29 18:00:00,465.49585
2011-07-29 19:00:00,434.959
2011-07-29 20:00:00,450.01907
2011-07-29 21:00:00,376.35303
2011-07-29 22:00:00,374.11987
2011-07-29 23:00:00,324.08636
2011-07-30 00:00:00,361.6557
2011-07-30 01:00:00,334.77197
2011-07-30 02:00:00,338.60883
2011-07-30 03:00:00,321.29105
2011-07-30 04:00:00,291.53915
2011-07-30 05:00:00,270.08734
2011-07-30 06:00:00,270.5455
2011-07-30 07:00:00,316.785
2011-07-30 08:00:00,363.59824
2011-07-30 09:00:00,443.0537
2011-07-30 10:00:00,457.6591
2011-07-30 11:00:00,427.16696
2011-07-30 12:00:00,411.81415
2011-07-30 13:00:00,376.13843
2011-07-30 14:00:00,380.39008
2011-07-30 15:00:00,415.02475
2011-07-30 16:00:00,426.14935
2011-07-30 17:00:00,403.5633
2011-07-30 18:00:00,417.21295
2011-07-30 19:00:00,410.5622
2011-07-30 20:00:00,410.50787
2011-07-30 21:00:00,390.86432
2011-07-30 22:00:00,356.20395
2011-07-30 23:00:00,334.77197
2011-07-31 00:00:00,334.77197
2011-07-31 01:00:00,305.35654
2011-07-31 02:00:00,294.5954
2011-07-31 03:00:00,272.9089
2011-07-31 04:00:00,254.87675
2011-07-31 05:00:00,257.97647
2011-07-31 06:00:00,260.50998
2011-07-31 07:00:00,328.67627
2011-07-31 08:00:00,369.35513
2011-07-31 09:00:00,348.58173
2011-07-31 10:00:00,420.55872
2011-07-31 11:00:00,407.31485
2011-07-31 12:00:00,414.65933
2011-07-31 13:00:00,399.47498
2011-07-31 14:00:00,406.1054
2011-07-31 15:00:00,426.5345
2011-07-31 16:00:00,421.28467
2011-07-31 17:00:00,392.86157
2011-07-31 18:00:00,461.86572
2011-07-31 19:00:00,411.93185
2011-07-31 20:00:00,411.93185
2011-07-31 21:00:00,376.41028
2011-07-31 22:00:00,280.20898
2011-07-31 23:00:00,303.0387
2011-08-20 00:00:00,122.198364
2011-08-20 01:00:00,145.1247
2011-08-20 02:00:00,164.2963
2011-08-20 03:00:00,164.2963
2011-08-20 04:00:00,130.5119
2011-08-20 05:00:00,139.3708
2011-08-20 06:00:00,155.72537
2011-08-20 07:00:00,145.12468
2011-08-20 08:00:00,233.68666
2011-08-20 09:00:00,263.11517
2011-08-20 10:00:00,304.9674
2011-08-20 11:00:00,290.44653
2011-08-20 12:00:00,328.67627
2011-08-20 13:00:00,346.2825
2011-08-20 14:00:00,398.53802
2011-08-20 15:00:00,419.7643
2011-08-20 16:00:00,408.31064
2011-08-20 17:00:00,398.53802
2011-08-20 18:00:00,366.31802
2011-08-20 19:00:00,322.20752
2011-08-20 20:00:00,323.12708
2011-08-20 21:00:00,268.25122
2011-08-20 22:00:00,247.4223
2011-08-20 23:00:00,230.74141
2011-08-21 00:00:00,232.57744
2011-08-21 01:00:00,193.88707
2011-08-21 02:00:00,192.16255
2011-08-21 03:00:00,169.16397
2011-08-21 04:00:00,178.96948
2011-08-21 05:00:00,152.69656
2011-08-21 06:00:00,151.8613
2011-08-21 07:00:00,183.2722
2011-08-21 08:00:00,204.1867
2011-08-21 09:00:00,248.16289
2011-08-21 10:00:00,258.70975
2011-08-21 11:00:00,368.1054
2011-08-21 12:00:00,394.63867
2011-08-21 13:00:00,396.4248
2011-08-21 14:00:00,236.83179
2011-08-21 15:00:00,188.98303
2011-08-21 16:00:00,214.92195
2011-08-21 17:00:00,214.00241
2011-08-21 18:00:00,217.67445
2011-08-21 19:00:00,269.16776
2011-08-21 20:00:00,205.90547
2011-08-21 21:00:00,205.90547
2011-08-21 22:00:00,216.01746
2011-08-21 23:00:00,231.66098
2011-08-22 00:00:00,191.5476
2011-08-22 01:00:00,187.24496
2011-08-22 02:00:00,273.19632
2011-08-22 03:00:00,292.644
2011-08-22 04:00:00,276.8451
2011-08-22 05:00:00,272.2314
2011-08-22 06:00:00,295.51932
2011-08-22 07:00:00,296.43887
2011-08-22 08:00:00,296.43887
2011-08-22 09:00:00,325.54767
2011-08-22 10:00:00,360.88898
2011-08-22 11:00:00,423.12512
2011-08-22 12:00:00,440.6059
2011-08-22 13:00:00,447.37198
2011-08-22 14:00:00,430.9027
2011-08-22 15:00:00,411.03357
2011-08-22 16:00:00,430.9027
2011-08-22 17:00:00,411.827
2011-08-22 18:00:00,404.82056
2011-08-22 19:00:00,402.12436
2011-08-22 20:00:00,378.72144
2011-08-22 21:00:00,359.125
2011-08-22 22:00:00,386.14166
2011-08-22 23:00:00,358.6995
2011-08-23 00:00:00,331.23004
2011-08-23 01:00:00,296.82504
2011-08-23 02:00:00,281.89258
2011-08-23 03:00:00,298.33636
2011-08-23 04:00:00,256.65848
2011-08-23 05:00:00,260.82657
2011-08-23 06:00:00,235.7026
2011-08-23 07:00:00,308.97708
2011-08-23 08:00:00,275.13818
2011-08-23 09:00:00,304.43518
2011-08-23 10:00:00,327.8367
2011-08-23 11:00:00,366.20422
2011-08-23 12:00:00,343.43405
2011-08-23 13:00:00,365.6917
2011-08-23 14:00:00,362.3876
2011-08-23 15:00:00,399.9518
2011-08-23 16:00:00,376.19135
2011-08-23 17:00:00,399.9518
2011-08-23 18:00:00,393.3214
2011-08-23 19:00:00,325.58597
2011-08-23 20:00:00,319.01868
2011-08-23 21:00:00,241.12433
2011-08-23 22:00:00,273.72513
2011-08-23 23:00:00,259.6992
2011-08-24 00:00:00,273.72513
2011-08-24 01:00:00,251.59076
2011-08-24 02:00:00,202.9126
2011-08-24 03:00:00,202.9126
2011-08-24 04:00:00,166.17809
2011-08-24 05:00:00,166.17809
2011-08-24 06:00:00,160.15091
2011-08-24 07:00:00,235.58553
2011-08-24 08:00:00,225.96336
2011-08-24 09:00:00,234.26337
2011-08-24 10:00:00,326.00812
2011-08-24 11:00:00,347.97125
2011-08-24 12:00:00,357.99435
2011-08-24 13:00:00,412.22684
2011-08-24 14:00:00,412.22684
2011-08-24 15:00:00,419.92627
2011-08-24 16:00:00,398.6475
2011-08-24 17:00:00,383.27426
2011-08-24 18:00:00,350.29492
2011-08-24 19:00:00,350.29492
2011-08-24 20:00:00,335.2477
2011-08-24 21:00:00,316.6492
2011-08-24 22:00:00,291.52524
2011-08-24 23:00:00,254.93494
2011-08-25 00:00:00,223.53001
2011-08-25 01:00:00,257.69052
2011-08-25 02:00:00,257.69052
2011-08-25 03:00:00,214.7861
2011-08-25 04:00:00,197.89116
2011-08-25 05:00:00,181.3171
2011-08-25 06:00:00,176.30003
2011-08-25 07:00:00,211.53104
2011-08-25 08:00:00,253.04085
2011-08-25 09:00:00,287.7951
2011-08-25 10:00:00,322.58246
2011-08-25 11:00:00,218.38005
2011-08-25 12:00:00,218.38005
2011-08-25 13:00:00,200.82474
2011-08-25 14:00:00,228.90395
2011-08-25 15:00:00,245.29839
2011-08-25 16:00:00,187.51923
2011-08-25 17:00:00,187.51923
2011-08-25 18:00:00,205.77812
2011-08-25 19:00:00,204.96082
2011-08-25 20:00:00,189.3568
2011-08-25 21:00:00,185.05414
2011-08-25 22:00:00,146.40283
2011-08-25 23:00:00,151.4255
2011-08-26 00:00:00,153.93123
2011-08-26 01:00:00,146.40283
2011-08-26 02:00:00,136.22655
2011-08-26 03:00:00,129.56636
2011-08-26 04:00:00,128.92549
2011-08-26 05:00:00,137.52432
2011-08-26 06:00:00,128.92549
2011-08-26 07:00:00,149.17491
2011-08-26 08:00:00,163.74892
2011-08-26 09:00:00,209.40866
2011-08-26 10:00:00,267.1487
2011-08-26 11:00:00,275.71863
2011-08-26 12:00:00,290.25034
2011-08-26 13:00:00,317.5709
2011-08-26 14:00:00,287.30334
2011-08-26 15:00:00,346.4934
2011-08-26 16:00:00,296.0367
2011-08-26 17:00:00,261.11435
2011-08-26 18:00:00,267.0319
2011-08-26 19:00:00,215.49059
2011-08-26 20:00:00,215.03235
2011-08-26 21:00:00,217.32663
2011-08-26 22:00:00,215.49057
2011-08-26 23:00:00,178.8976
2011-08-27 00:00:00,178.65315
2011-08-27 01:00:00,182.09648
2011-08-27 02:00:00,183.8152
2011-08-27 03:00:00,196.05269
2011-08-27 04:00:00,196.05269
2011-08-27 05:00:00,200.35538
2011-08-27 06:00:00,200.35538
2011-08-27 07:00:00,203.79868
2011-08-27 08:00:00,197.77147
2011-08-27 09:00:00,207.24193
2011-08-27 10:00:00,228.47284
2011-08-27 11:00:00,174.73186
2011-08-27 12:00:00,201.38086
2011-08-27 13:00:00,199.16626
2011-08-27 14:00:00,167.71982
2011-08-27 15:00:00,167.71982
2011-08-27 16:00:00,167.3098
2011-08-27 17:00:00,171.3182
2011-08-28 07:00:00,183.84521
2011-08-28 08:00:00,185.04034
2011-08-28 09:00:00,216.91348
2011-08-28 10:00:00,318.09772
2011-08-28 11:00:00,335.1292
2011-08-28 12:00:00,400.523
2011-08-28 13:00:00,440.4249
2011-08-28 14:00:00,469.5864
2011-08-28 15:00:00,454.21332
2011-08-28 16:00:00,463.51038
2011-08-28 17:00:00,444.1411
2011-08-28 18:00:00,411.15387
2011-08-28 19:00:00,353.0398
2011-08-28 20:00:00,362.77493
2011-08-28 21:00:00,288.06482
2011-08-28 22:00:00,227.27014
2011-08-28 23:00:00,192.48277
2011-08-29 00:00:00,194.88742
2011-08-29 01:00:00,215.38339
2011-08-29 02:00:00,218.13591
2011-08-29 03:00:00,215.38339
2011-08-29 04:00:00,193.2491
2011-08-29 05:00:00,167.8969
2011-08-29 06:00:00,167.8969
2011-08-29 07:00:00,280.48996
2011-08-29 08:00:00,302.6243
2011-08-29 09:00:00,315.0232
2011-08-29 10:00:00,337.03958
2011-08-29 11:00:00,321.6664
2011-08-29 12:00:00,352.9698
2011-08-29 13:00:00,333.97476
2011-08-29 14:00:00,308.9186
2011-08-29 15:00:00,351.36896
2011-08-29 16:00:00,357.51044
2011-08-29 17:00:00,361.34988
2011-08-29 18:00:00,344.7133
2011-08-29 19:00:00,344.7133
2011-08-29 20:00:00,297.3564
2011-08-29 21:00:00,304.56912
2011-08-29 22:00:00,273.72513
2011-08-29 23:00:00,247.98442
2011-08-30 00:00:00,167.8969
2011-08-30 01:00:00,192.33263
2011-08-30 02:00:00,159.3914
2011-08-30 03:00:00,164.55347
2011-08-30 04:00:00,144.54443
2011-08-30 05:00:00,140.36264
2011-08-30 06:00:00,159.3914
2011-08-30 07:00:00,193.2491
2011-08-30 08:00:00,273.72513
2011-08-30 09:00:00,325.58597
2011-08-30 10:00:00,378.155
2011-08-30 11:00:00,384.14044
2011-08-30 12:00:00,333.98502
2011-08-30 13:00:00,373.03098
2011-08-30 14:00:00,387.0891
2011-08-30 15:00:00,403.89984
2011-08-30 16:00:00,380.89813
2011-08-30 17:00:00,365.18414
2011-08-30 18:00:00,339.91534
2011-08-30 19:00:00,292.59518
2011-08-30 20:00:00,270.8633
2011-08-30 21:00:00,240.47673
2011-08-30 22:00:00,227.08925
2011-08-30 23:00:00,227.08925
2011-08-31 00:00:00,196.6238
2011-08-31 01:00:00,196.6238
2011-08-31 02:00:00,160.1509
2011-08-31 03:00:00,143.88356
2011-08-31 04:00:00,160.1509
2011-08-31 05:00:00,128.4491
2011-08-31 06:00:00,141.09386
2011-08-31 07:00:00,158.61342
2011-08-31 08:00:00,202.2889
2011-08-31 09:00:00,228.07782
2011-08-31 10:00:00,324.54218
2011-08-31 11:00:00,349.78793
2011-08-31 12:00:00,352.14572
2011-08-31 13:00:00,365.46375
2011-08-31 14:00:00,361.81717
2011-08-31 15:00:00,361.81717
2011-08-31 16:00:00,355.9474
2011-08-31 17:00:00,338.3574
2011-08-31 18:00:00,334.06223
2011-08-31 19:00:00,401.72345
2011-08-31 20:00:00,281.7161
2011-08-31 21:00:00,258.4981
2011-08-31 22:00:00,206.30824
2011-08-31 23:00:00,164.64062
2011-09-20 00:00:00,180.13432
2011-09-20 01:00:00,128.6074
2011-09-20 02:00:00,128.6074
2011-09-20 03:00:00,144.80371
2011-09-20 04:00:00,125.76566
2011-09-20 05:00:00,130.09384
2011-09-20 06:00:00,130.09384
2011-09-20 07:00:00,128.6074
2011-09-20 08:00:00,131.9226
2011-09-20 09:00:00,130.43616
2011-09-20 10:00:00,141.29471
2011-09-20 11:00:00,141.29471
2011-09-20 12:00:00,126.0286
2011-09-20 13:00:00,124.53716
2011-09-20 14:00:00,139.89293
2011-09-20 15:00:00,181.9403
2011-09-20 16:00:00,158.67958
2011-09-20 17:00:00,146.50684
2011-09-20 18:00:00,146.50684
2011-09-20 19:00:00,122.75932
2011-09-20 20:00:00,119.193726
2011-09-20 21:00:00,119.193726
2011-09-20 22:00:00,119.193726
2011-09-20 23:00:00,119.193726
2011-09-21 00:00:00,118.6209
2011-09-21 01:00:00,117.82442
2011-09-21 02:00:00,117.82442
2011-09-21 03:00:00,121.84685
2011-09-21 04:00:00,123.94271
2011-09-21 05:00:00,124.77126
2011-09-21 06:00:00,125.597046
2011-09-21 07:00:00,125.597046
2011-09-21 08:00:00,123.116905
2011-09-21 09:00:00,124.07332
2011-09-21 10:00:00,131.79004
2011-09-21 11:00:00,164.4335
2011-09-21 12:00:00,184.37784
2011-09-21 13:00:00,224.58118
2011-09-21 14:00:00,225.49765
2011-09-21 15:00:00,222.74515
2011-09-21 16:00:00,222.74515
2011-09-21 17:00:00,239.42609
2011-09-21 18:00:00,177.05666
2011-09-21 19:00:00,128.21393
2011-09-21 20:00:00,128.21393
2011-09-21 21:00:00,123.302765
2011-09-21 22:00:00,123.48996
2011-09-21 23:00:00,122.20061
2011-09-22 00:00:00,122.20061
2011-09-22 01:00:00,123.52373
2011-09-22 02:00:00,124.26697
2011-09-22 03:00:00,123.52372
2011-09-22 04:00:00,123.52372
2011-09-22 05:00:00,124.26697
2011-09-22 06:00:00,124.54144
2011-09-22 07:00:00,123.71567
2011-09-22 08:00:00,125.369995
2011-09-22 09:00:00,133.16682
2011-09-22 10:00:00,152.88475
2011-09-22 11:00:00,151.20866
2011-09-22 12:00:00,176.84334
2011-09-22 13:00:00,178.5621
2011-09-22 14:00:00,180.28664
2011-09-22 15:00:00,202.83975
2011-09-22 16:00:00,233.32509
2011-09-22 17:00:00,192.1606
2011-09-22 18:00:00,163.859
2011-09-22 19:00:00,145.35634
2011-09-22 20:00:00,130.18896
2011-09-22 21:00:00,145.35634
2011-09-22 22:00:00,124.677895
2011-09-22 23:00:00,123.48996
2011-09-23 00:00:00,148.2378
2011-09-23 01:00:00,123.49366
2011-09-23 02:00:00,128.7062
2011-09-23 03:00:00,123.49366
2011-09-23 04:00:00,127.82183
2011-09-23 05:00:00,143.2151
2011-09-23 06:00:00,148.2378
2011-09-23 07:00:00,159.56969
2011-09-23 08:00:00,159.56969
2011-09-23 09:00:00,137.42944
2011-09-23 10:00:00,135.94302
2011-09-23 11:00:00,135.94298
2011-09-23 12:00:00,157.89917
2011-09-23 13:00:00,132.29117
2011-09-23 14:00:00,132.29117
2011-09-23 15:00:00,157.89919
2011-09-23 16:00:00,152.04129
2011-09-23 17:00:00,123.49366
2011-09-23 18:00:00,121.91505
2011-09-23 19:00:00,141.91736
2011-09-23 20:00:00,127.11065
2011-09-23 21:00:00,127.35591
2011-09-23 22:00:00,134.87737
2011-09-23 23:00:00,133.42206
2011-09-24 00:00:00,125.43182
2011-09-24 01:00:00,141.41547
2011-09-24 02:00:00,141.41547
2011-09-24 03:00:00,127.56661
2011-09-24 04:00:00,128.74376
2011-09-24 05:00:00,136.4968
2011-09-24 06:00:00,136.4968
2011-09-24 07:00:00,154.16423
2011-09-24 08:00:00,153.19377
2011-09-24 09:00:00,161.855
2011-09-24 10:00:00,161.855
2011-09-24 11:00:00,189.80305
2011-09-24 12:00:00,189.80305
2011-09-24 13:00:00,210.27325
2011-09-24 14:00:00,269.0382
2011-09-24 15:00:00,269.0382
2011-09-24 16:00:00,227.87372
2011-09-24 17:00:00,253.27686
2011-09-24 18:00:00,213.48705
2011-09-24 19:00:00,153.74043
2011-09-24 20:00:00,174.1223
2011-09-24 21:00:00,179.2901
2011-09-24 22:00:00,162.5666
2011-09-24 23:00:00,161.855
2011-09-25 00:00:00,156.83232
2011-09-25 01:00:00,162.69025
2011-09-25 02:00:00,142.04709
2011-09-25 03:00:00,142.04709
2011-09-25 04:00:00,149.57549
2011-09-25 05:00:00,153.02884
2011-09-25 06:00:00,162.69025
2011-09-25 07:00:00,140.74931
2011-09-25 08:00:00,162.5666
2011-09-25 09:00:00,188.71082
2011-09-25 10:00:00,188.71082
2011-09-25 11:00:00,238.91191
2011-09-25 12:00:00,234.7816
2011-09-25 13:00:00,274.5714
2011-09-25 14:00:00,234.7816
2011-09-25 15:00:00,234.7816
2011-09-25 16:00:00,282.41302
2011-09-25 17:00:00,259.72653
2011-09-25 18:00:00,259.72653
2011-09-25 19:00:00,185.16519
2011-09-25 20:00:00,182.58704
2011-09-25 21:00:00,138.13351
2011-09-25 22:00:00,158.76312
2011-09-25 23:00:00,147.7949
2011-09-26 00:00:00,143.2151
2011-09-26 01:00:00,169.70267
2011-09-26 02:00:00,169.70267
2011-09-26 03:00:00,143.2151
2011-09-26 04:00:00,148.23778
2011-09-26 05:00:00,163.84471
2011-09-26 06:00:00,148.2378
2011-09-26 07:00:00,143.2151
2011-09-26 08:00:00,143.2151
2011-09-26 09:00:00,177.84888
2011-09-26 10:00:00,177.84888
2011-09-26 11:00:00,237.61209
2011-09-26 12:00:00,250.62099
2011-09-26 13:00:00,296.1826
2011-09-26 14:00:00,294.70874
2011-09-26 15:00:00,319.52994
2011-09-26 16:00:00,310.20737
2011-09-26 17:00:00,287.47183
2011-09-26 18:00:00,194.84988
2011-09-26 19:00:00,199.97304
2011-09-26 20:00:00,165.35632
2011-09-26 21:00:00,165.35632
2011-09-26 22:00:00,141.91736
2011-09-26 23:00:00,141.91736
2011-09-27 00:00:00,141.91736
2011-09-27 01:00:00,143.59343
2011-09-27 02:00:00,140.24687
2011-09-27 03:00:00,143.2151
2011-09-27 04:00:00,157.06396
2011-09-27 05:00:00,157.06396
2011-09-27 06:00:00,149.07301
2011-09-27 07:00:00,149.07301
2011-09-27 08:00:00,172.68681
2011-09-27 09:00:00,188.36182
2011-09-27 10:00:00,166.98009
2011-09-27 11:00:00,179.47354
2011-09-27 12:00:00,181.1923
2011-09-27 13:00:00,298.52777
2011-09-27 14:00:00,248.78499
2011-09-27 15:00:00,223.2028
2011-09-27 16:00:00,211.74767
2011-09-27 17:00:00,184.6356
2011-09-27 18:00:00,179.57341
2011-09-27 19:00:00,174.40555
2011-09-27 20:00:00,207.65704
2011-09-27 21:00:00,168.41628
2011-09-27 22:00:00,154.30695
2011-09-27 23:00:00,154.30695
2011-09-28 00:00:00,149.28429
2011-09-28 01:00:00,149.28429
2011-09-28 02:00:00,163.50586
2011-09-28 03:00:00,139.52171
2011-09-28 04:00:00,149.28429
2011-09-28 05:00:00,134.49904
2011-09-28 06:00:00,152.5297
2011-09-28 07:00:00,152.5297
2011-09-28 08:00:00,164.59236
2011-09-28 09:00:00,164.59236
2011-09-28 10:00:00,143.2151
2011-09-28 11:00:00,208.9952
2011-09-28 12:00:00,233.68129
2011-09-28 13:00:00,284.5994
2011-09-28 14:00:00,348.42908
2011-09-28 15:00:00,287.47183
2011-09-28 16:00:00,301.9214
2011-09-28 17:00:00,303.77133
2011-09-28 18:00:00,228.42865
2011-09-28 19:00:00,228.42865
2011-09-28 20:00:00,206.65866
2011-09-28 21:00:00,181.938
2011-09-28 22:00:00,154.30695
2011-09-28 23:00:00,133.33649
2011-09-29 00:00:00,136.54787
2011-09-29 01:00:00,133.17053
2011-09-29 02:00:00,133.17053
2011-09-29 03:00:00,145.37402
2011-09-29 04:00:00,168.9854
2011-09-29 05:00:00,163.96835
2011-09-29 06:00:00,163.13313
2011-09-29 07:00:00,156.8127
2011-09-29 08:00:00,168.41628
2011-09-29 09:00:00,215.85231
2011-09-29 10:00:00,300.54184
2011-09-29 11:00:00,308.94534
2011-09-29 12:00:00,311.35052
2011-09-29 13:00:00,314.56775
2011-09-29 14:00:00,387.13586
2011-09-29 15:00:00,433.1157
2011-09-29 16:00:00,440.68774
2011-09-29 17:00:00,396.25473
2011-09-29 18:00:00,395.44806
2011-09-29 19:00:00,322.0869
2011-09-29 20:00:00,306.1728
2011-09-29 21:00:00,262.9684
2011-09-29 22:00:00,220.10965
2011-09-29 23:00:00,169.62672
2011-09-30 00:00:00,149.85088
2011-09-30 01:00:00,168.76736
2011-09-30 02:00:00,149.85088
2011-09-30 03:00:00,149.85085
2011-09-30 04:00:00,154.86792
2011-09-30 05:00:00,154.86794
2011-09-30 06:00:00,156.54405
2011-09-30 07:00:00,156.54405
2011-09-30 08:00:00,178.15535
2011-09-30 09:00:00,211.46147
2011-09-30 10:00:00,248.69557
2011-09-30 11:00:00,301.69812
2011-09-30 12:00:00,340.40317
2011-09-30 13:00:00,417.65134
2011-09-30 14:00:00,405.49136
2011-09-30 15:00:00,376.50372
2011-09-30 16:00:00,345.21643
2011-09-30 17:00:00,337.517
2011-09-30 18:00:00,377.72287
2011-09-30 19:00:00,334.7651
2011-09-30 20:00:00,334.7651
2011-09-30 21:00:00,296.13422
2011-09-30 22:00:00,309.35867
2011-09-30 23:00:00,309.35867
2011-10-20 00:00:00,140.41267
2011-10-20 01:00:00,160.83774
2011-10-20 02:00:00,165.86044
2011-10-20 03:00:00,167.12103
2011-10-20 04:00:00,167.12103
2011-10-20 05:00:00,155.52882
2011-10-20 06:00:00,147.38387
2011-10-20 07:00:00,157.63457
2011-10-20 08:00:00,201.95456
2011-10-20 09:00:00,202.3931
2011-10-20 10:00:00,258.94955
2011-10-20 11:00:00,296.0312
2011-10-20 12:00:00,345.09634
2011-10-20 13:00:00,379.04184
2011-10-20 14:00:00,362.62695
2011-10-20 15:00:00,337.3261
2011-10-20 16:00:00,337.3261
2011-10-20 17:00:00,356.4887
2011-10-20 18:00:00,321.39044
2011-10-20 19:00:00,307.20755
2011-10-20 20:00:00,322.50882
2011-10-20 21:00:00,294.97537
2011-10-20 22:00:00,295.89496
2011-10-20 23:00:00,239.96724
2011-10-21 00:00:00,205.21301
2011-10-21 01:00:00,204.29652
2011-10-21 02:00:00,167.67313
2011-10-21 03:00:00,134.95944
2011-10-21 04:00:00,136.63551
2011-10-21 05:00:00,117.82927
2011-10-21 06:00:00,136.63551
2011-10-21 07:00:00,136.63551
2011-10-21 08:00:00,203.37698
2011-10-21 09:00:00,251.1401
2011-10-21 10:00:00,284.4315
2011-10-21 11:00:00,333.81174
2011-10-21 12:00:00,353.02176
2011-10-21 13:00:00,337.83972
2011-10-21 14:00:00,370.62802
2011-10-21 15:00:00,349.1849
2011-10-21 16:00:00,341.48547
2011-10-21 17:00:00,319.71466
2011-10-21 18:00:00,289.59958
2011-10-21 19:00:00,293.73294
2011-10-21 20:00:00,288.6831
2011-10-21 21:00:00,237.21475
2011-10-21 22:00:00,262.33865
2011-10-21 23:00:00,204.29652
2011-10-22 00:00:00,197.96172
2011-10-22 01:00:00,197.96172
2011-10-22 02:00:00,194.97298
2011-10-22 03:00:00,199.13628
2011-10-22 04:00:00,162.97418
2011-10-22 05:00:00,160.21858
2011-10-22 06:00:00,132.09691
2011-10-22 07:00:00,117.421486
2011-10-22 08:00:00,144.08244
2011-10-22 09:00:00,175.987
2011-10-22 10:00:00,232.35855
2011-10-22 11:00:00,232.35855
2011-10-22 12:00:00,270.65262
2011-10-22 13:00:00,308.00354
2011-10-22 14:00:00,351.36703
2011-10-22 15:00:00,313.55536
2011-10-22 16:00:00,358.15894
2011-10-22 17:00:00,272.02734
2011-10-22 18:00:00,267.30325
2011-10-22 19:00:00,182.89491
2011-10-22 20:00:00,173.2314
2011-10-22 21:00:00,128.86223
2011-10-22 22:00:00,128.86223
2011-10-22 23:00:00,108.348724
2011-10-23 00:00:00,102.78021
2011-10-23 01:00:00,102.78021
2011-10-23 02:00:00,101.201965
2011-10-23 03:00:00,101.215
2011-10-23 04:00:00,101.215
2011-10-23 05:00:00,99.65634
2011-10-23 06:00:00,97.84886
2011-10-23 07:00:00,101.201965
2011-10-23 08:00:00,102.618675
2011-10-23 09:00:00,128.86223
2011-10-23 10:00:00,156.03697
2011-10-23 11:00:00,170.20682
2011-10-23 12:00:00,269.86926
2011-10-23 13:00:00,304.577
2011-10-23 14:00:00,305.69543
2011-10-23 15:00:00,324.85806
2011-10-23 16:00:00,304.577
2011-10-23 17:00:00,241.07333
2011-10-23 18:00:00,240.15683
2011-10-23 19:00:00,143.14012
2011-10-23 20:00:00,159.11739
2011-10-23 21:00:00,159.11739
2011-10-23 22:00:00,137.50987
2011-10-23 23:00:00,139.78006
2011-10-24 00:00:00,132.93007
2011-10-24 01:00:00,120.00135
2011-10-24 02:00:00,113.33784
2011-10-24 03:00:00,117.78132
2011-10-24 04:00:00,113.62767
2011-10-24 05:00:00,108.475555
2011-10-24 06:00:00,113.33784
2011-10-24 07:00:00,113.82717
2011-10-24 08:00:00,122.629524
2011-10-24 09:00:00,141.99179
2011-10-24 10:00:00,152.74316
2011-10-24 11:00:00,202.7136
2011-10-24 12:00:00,235.6649
2011-10-24 13:00:00,274.1244
2011-10-24 14:00:00,273.20483
2011-10-24 15:00:00,284.6786
2011-10-24 16:00:00,258.35995
2011-10-24 17:00:00,221.73653
2011-10-24 18:00:00,261.00018
2011-10-24 19:00:00,153.10165
2011-10-24 20:00:00,141.30724
2011-10-24 21:00:00,122.04347
2011-10-24 22:00:00,166.93228
2011-10-24 23:00:00,149.44096
2011-10-25 00:00:00,146.21239
2011-10-25 01:00:00,146.21239
2011-10-25 02:00:00,125.73561
2011-10-25 03:00:00,109.85066
2011-10-25 04:00:00,112.19712
2011-10-25 05:00:00,112.19712
2011-10-25 06:00:00,114.993645
2011-10-25 07:00:00,141.01537
2011-10-25 08:00:00,155.0534
2011-10-25 09:00:00,286.85107
2011-10-25 10:00:00,318.57825
2011-10-25 11:00:00,343.88394
2011-10-25 12:00:00,403.58856
2011-10-25 13:00:00,425.03427
2011-10-25 14:00:00,378.93658
2011-10-25 15:00:00,351.7143
2011-10-25 16:00:00,374.853
2011-10-25 17:00:00,351.7143
2011-10-25 18:00:00,320.4884
2011-10-25 19:00:00,210.55972
2011-10-25 20:00:00,198.14372
2011-10-25 21:00:00,162.79935
2011-10-25 22:00:00,200.89627
2011-10-25 23:00:00,162.79935
2011-10-26 00:00:00,166.24266
2011-10-26 01:00:00,193.10191
2011-10-26 02:00:00,190.34943
2011-10-26 03:00:00,192.18546
2011-10-26 04:00:00,166.60553
2011-10-26 05:00:00,164.88675
2011-10-26 06:00:00,164.88675
2011-10-26 07:00:00,161.44348
2011-10-26 08:00:00,206.1108
2011-10-26 09:00:00,251.4481
2011-10-26 10:00:00,277.9394
2011-10-26 11:00:00,284.23474
2011-10-26 12:00:00,355.26248
2011-10-26 13:00:00,294.69904
2011-10-26 14:00:00,175.92233
2011-10-26 15:00:00,175.92233
2011-10-26 16:00:00,179.2803
2011-10-26 17:00:00,180.1397
2011-10-26 18:00:00,173.07004
2011-10-26 19:00:00,141.1836
2011-10-26 20:00:00,123.73053
2011-10-26 21:00:00,175.92233
2011-10-26 22:00:00,131.63075
2011-10-26 23:00:00,131.63075
2011-10-27 00:00:00,114.96447
2011-10-27 01:00:00,114.96447
2011-10-27 02:00:00,119.097084
2011-10-27 03:00:00,119.09707
2011-10-27 04:00:00,135.43423
2011-10-27 05:00:00,140.45691
2011-10-27 06:00:00,159.16864
2011-10-27 07:00:00,119.23823
2011-10-27 08:00:00,146.30925
2011-10-27 09:00:00,159.21428
2011-10-27 10:00:00,152.0435
2011-10-27 11:00:00,148.69691
2011-10-27 12:00:00,148.69691
2011-10-27 13:00:00,141.54686
2011-10-27 14:00:00,152.81914
2011-10-27 15:00:00,158.67705
2011-10-27 16:00:00,225.38991
2011-10-27 17:00:00,212.6366
2011-10-27 18:00:00,233.66827
2011-10-27 19:00:00,214.37445
2011-10-27 20:00:00,193.82933
2011-10-27 21:00:00,207.8238
2011-10-27 22:00:00,154.58443
2011-10-27 23:00:00,165.58505
2011-10-28 00:00:00,147.65938
2011-10-28 01:00:00,141.90547
2011-10-28 02:00:00,143.43005
2011-10-28 03:00:00,124.05581
2011-10-28 04:00:00,139.56126
2011-10-28 05:00:00,163.13026
2011-10-28 06:00:00,132.59503
2011-10-28 07:00:00,132.59503
2011-10-28 08:00:00,153.69414
2011-10-28 09:00:00,182.04033
2011-10-28 10:00:00,191.70381
2011-10-28 11:00:00,250.33652
2011-10-28 12:00:00,314.1125
2011-10-28 13:00:00,321.97964
2011-10-28 14:00:00,289.58295
2011-10-28 15:00:00,309.45706
2011-10-28 16:00:00,281.87863
2011-10-28 17:00:00,261.08984
2011-10-28 18:00:00,244.5025
2011-10-28 19:00:00,261.08984
2011-10-28 20:00:00,196.26965
2011-10-28 21:00:00,145.74426
2011-10-28 22:00:00,124.76739
2011-10-28 23:00:00,115.58759
2011-10-29 00:00:00,76.79208
2011-10-29 01:00:00,83.98993
2011-10-29 02:00:00,83.98993
2011-10-29 03:00:00,97.63534
2011-10-29 04:00:00,97.63534
2011-10-29 05:00:00,46.692635
2011-10-29 06:00:00,62.941162
2011-10-29 07:00:00,62.941162
2011-10-29 08:00:00,74.884026
2011-10-29 09:00:00,74.884026
2011-10-29 10:00:00,48.453213
2011-10-29 11:00:00,44.926205
2011-10-29 12:00:00,48.39147
2011-10-29 13:00:00,49.1817
2011-10-29 14:00:00,48.13462
2011-10-29 15:00:00,45.218224
2011-10-29 16:00:00,40.213314
2011-10-29 17:00:00,40.213314
2011-10-29 18:00:00,40.213314
2011-10-29 19:00:00,41.703873
2011-10-29 20:00:00,41.703873
2011-10-29 21:00:00,41.703876
2011-10-29 22:00:00,47.978607
2011-10-29 23:00:00,54.0741
2011-10-30 00:00:00,47.978607
2011-10-30 01:00:00,46.218052
2011-10-30 02:00:00,44.45161
2011-10-30 03:00:00,74.55578
2011-10-30 04:00:00,53.759098
2011-10-30 05:00:00,76.46387
2011-10-30 06:00:00,82.64076
2011-10-30 07:00:00,93.68126
2011-10-30 08:00:00,103.950035
2011-10-30 09:00:00,122.35577
2011-10-30 10:00:00,156.99443
2011-10-30 11:00:00,217.60695
2011-10-30 12:00:00,265.02478
2011-10-30 13:00:00,327.05658
2011-10-30 14:00:00,353.59705
2011-10-30 15:00:00,342.70926
2011-10-30 16:00:00,330.48422
2011-10-30 17:00:00,321.68903
2011-10-30 18:00:00,312.95786
2011-10-30 19:00:00,371.94507
2011-10-30 20:00:00,197.45361
2011-10-30 21:00:00,135.5363
2011-10-30 22:00:00,103.30849
2011-10-30 23:00:00,90.4143
2011-10-31 00:00:00,99.56359
2011-10-31 01:00:00,99.305336
2011-10-31 02:00:00,98.00495
2011-10-31 03:00:00,95.10584
2011-10-31 04:00:00,98.00495
2011-10-31 05:00:00,90.799286
2011-10-31 06:00:00,98.00495
2011-10-31 07:00:00,94.10687
2011-10-31 08:00:00,102.90585
2011-10-31 09:00:00,119.250656
2011-10-31 10:00:00,219.37859
2011-10-31 11:00:00,263.37628
2011-10-31 12:00:00,313.0149
2011-10-31 13:00:00,332.87973
2011-10-31 14:00:00,321.43753
2011-10-31 15:00:00,292.36725
2011-10-31 16:00:00,262.33865
2011-10-31 17:00:00,256.63037
2011-10-31 18:00:00,175.04233
2011-10-31 19:00:00,175.04233
2011-10-31 20:00:00,175.04233
2011-10-31 21:00:00,132.40933
2011-10-31 22:00:00,132.40933
2011-10-31 23:00:00,132.40933
2011-11-20 00:00:00,163.51355
2011-11-20 01:00:00,194.97298
2011-11-20 02:00:00,193.42902
2011-11-20 03:00:00,182.01047
2011-11-20 04:00:00,162.74411
2011-11-20 05:00:00,186.11856
2011-11-20 06:00:00,187.65851
2011-11-20 07:00:00,175.89279
2011-11-20 08:00:00,170.69025
2011-11-20 09:00:00,163.42004
2011-11-20 10:00:00,170.48973
2011-11-20 11:00:00,255.00172
2011-11-20 12:00:00,255.91821
2011-11-20 13:00:00,295.9241
2011-11-20 14:00:00,254.4088
2011-11-20 15:00:00,236.01279
2011-11-20 16:00:00,265.58167
2011-11-20 17:00:00,267.4177
2011-11-20 18:00:00,270.8002
2011-11-20 19:00:00,198.47289
2011-11-20 20:00:00,233.2603
2011-11-20 21:00:00,164.57993
2011-11-20 22:00:00,133.42487
2011-11-20 23:00:00,133.42487
2011-11-21 00:00:00,116.50398
2011-11-21 01:00:00,128.77394
2011-11-21 02:00:00,122.907295
2011-11-21 03:00:00,121.252945
2011-11-21 04:00:00,121.252945
2011-11-21 05:00:00,115.96091
2011-11-21 06:00:00,114.39569
2011-11-21 07:00:00,122.959335
2011-11-21 08:00:00,116.50398
2011-11-21 09:00:00,122.89007
2011-11-21 10:00:00,152.81914
2011-11-21 11:00:00,158.67705
2011-11-21 12:00:00,175.04865
2011-11-21 13:00:00,175.04865
2011-11-21 14:00:00,155.15047
2011-11-21 15:00:00,127.36689
2011-11-21 16:00:00,127.36689
2011-11-21 17:00:00,128.1341
2011-11-21 18:00:00,129.1573
2011-11-21 19:00:00,120.06831
2011-11-21 20:00:00,128.54285
2011-11-21 21:00:00,124.98594
2011-11-21 22:00:00,123.48064
2011-11-21 23:00:00,124.98594
2011-11-22 00:00:00,115.45042
2011-11-22 01:00:00,117.65132
2011-11-22 02:00:00,115.86247
2011-11-22 03:00:00,115.86247
2011-11-22 04:00:00,117.10477
2011-11-22 05:00:00,117.10477
2011-11-22 06:00:00,113.82717
2011-11-22 07:00:00,118.759094
2011-11-22 08:00:00,118.759094
2011-11-22 09:00:00,113.92974
2011-11-22 10:00:00,113.92974
2011-11-22 11:00:00,117.65132
2011-11-22 12:00:00,117.02653
2011-11-22 13:00:00,118.58517
2011-11-22 14:00:00,118.58517
2011-11-22 15:00:00,116.67418
2011-11-22 16:00:00,116.67418
2011-11-22 17:00:00,120.014275
2011-11-22 18:00:00,117.531364
2011-11-22 19:00:00,124.30963
2011-11-22 20:00:00,123.54798
2011-11-22 21:00:00,124.35034
2011-11-22 22:00:00,130.2529
2011-11-22 23:00:00,130.33228
2011-11-23 00:00:00,130.33228
2011-11-23 01:00:00,132.56696
2011-11-23 02:00:00,144.48685
2011-11-23 03:00:00,144.48685
2011-11-23 04:00:00,167.00188
2011-11-23 05:00:00,124.44578
2011-11-23 06:00:00,115.96091
2011-11-23 07:00:00,119.844055
2011-11-23 08:00:00,122.89007
2011-11-23 09:00:00,133.16153
2011-11-23 10:00:00,133.16153
2011-11-23 11:00:00,210.51593
2011-11-23 12:00:00,292.81735
2011-11-23 13:00:00,296.94373
2011-11-23 14:00:00,271.5188
2011-11-23 15:00:00,285.90546
2011-11-23 16:00:00,224.43283
2011-11-23 17:00:00,181.41539
2011-11-23 18:00:00,247.28366
2011-11-23 19:00:00,224.80682
2011-11-23 20:00:00,174.28954
2011-11-23 21:00:00,191.82181
2011-11-23 22:00:00,165.70024
2011-11-23 23:00:00,165.2572
2011-11-24 00:00:00,153.64687
2011-11-24 01:00:00,149.54347
2011-11-24 02:00:00,131.2362
2011-11-24 03:00:00,112.723526
2011-11-24 04:00:00,139.50406
2011-11-24 05:00:00,139.5615
2011-11-24 06:00:00,139.50406
2011-11-24 07:00:00,94.24638
2011-11-24 08:00:00,124.09099
2011-11-24 09:00:00,162.45111
2011-11-24 10:00:00,205.89784
2011-11-24 11:00:00,339.4673
2011-11-24 12:00:00,369.1038
2011-11-24 13:00:00,369.60873
2011-11-24 14:00:00,391.32666
2011-11-24 15:00:00,379.4332
2011-11-24 16:00:00,391.6987
2011-11-24 17:00:00,337.82678
2011-11-24 18:00:00,284.5512
2011-11-24 19:00:00,243.6811
2011-11-24 20:00:00,112.04077
2011-11-24 21:00:00,121.59719
2011-11-24 22:00:00,121.59719
2011-11-24 23:00:00,108.588135
2011-11-25 00:00:00,116.15877
2011-11-25 01:00:00,112.89827
2011-11-25 02:00:00,101.69397
2011-11-25 03:00:00,103.80715
2011-11-25 04:00:00,108.24268
2011-11-25 05:00:00,101.65857
2011-11-25 06:00:00,100.12876
2011-11-25 07:00:00,99.305336
2011-11-25 08:00:00,100.931114
2011-11-25 09:00:00,107.72835
2011-11-25 10:00:00,136.63551
2011-11-25 11:00:00,175.50055
2011-11-25 12:00:00,269.9819
2011-11-25 13:00:00,333.81174
2011-11-25 14:00:00,362.7081
2011-11-25 15:00:00,366.32877
2011-11-25 16:00:00,341.1142
2011-11-25 17:00:00,340.22418
2011-11-25 18:00:00,290.6017
2011-11-25 19:00:00,175.57097
2011-11-25 20:00:00,225.22559
2011-11-25 21:00:00,133.37502
2011-11-25 22:00:00,129.68161
2011-11-25 23:00:00,115.79401
2011-11-26 00:00:00,111.604385
2011-11-26 01:00:00,106.84231
2011-11-26 02:00:00,99.48463
2011-11-26 03:00:00,97.832855
2011-11-26 04:00:00,97.832855
2011-11-26 05:00:00,105.12568
2011-11-26 06:00:00,109.34103
2011-11-26 07:00:00,75.61096
2011-11-26 08:00:00,106.84231
2011-11-26 09:00:00,111.26042
2011-11-26 10:00:00,106.363106
2011-11-26 11:00:00,198.21982
2011-11-26 12:00:00,266.84567
2011-11-26 13:00:00,305.63882
2011-11-26 14:00:00,338.9306
2011-11-26 15:00:00,358.77527
2011-11-26 16:00:00,336.55478
2011-11-26 17:00:00,336.55478
2011-11-26 18:00:00,224.43861
2011-11-26 19:00:00,159.76321
2011-11-26 20:00:00,244.60516
2011-11-26 21:00:00,114.267044
2011-11-26 22:00:00,131.93451
2011-11-26 23:00:00,106.363106
2011-11-27 00:00:00,106.363106
2011-11-27 01:00:00,106.363106
2011-11-27 02:00:00,103.446045
2011-11-27 03:00:00,101.215
2011-11-27 04:00:00,101.33036
2011-11-27 05:00:00,102.3651
2011-11-27 06:00:00,115.32952
2011-11-27 07:00:00,112.76204
2011-11-27 08:00:00,123.33031
2011-11-27 09:00:00,172.91647
2011-11-27 10:00:00,172.91647
2011-11-27 11:00:00,240.19847
2011-11-27 12:00:00,311.1477
2011-11-27 13:00:00,281.0792
2011-11-27 14:00:00,467.5236
2011-11-27 15:00:00,430.88593
2011-11-27 16:00:00,348.8736
2011-11-27 17:00:00,307.7962
2011-11-27 18:00:00,241.99286
2011-11-27 19:00:00,209.0746
2011-11-27 20:00:00,244.74538
2011-11-27 21:00:00,206.72894
2011-11-27 22:00:00,180.55066
2011-11-27 23:00:00,180.55066
2011-11-28 00:00:00,160.31595
2011-11-28 01:00:00,161.15117
2011-11-28 03:00:00,124.18784
2011-11-28 04:00:00,128.9838
2011-11-28 05:00:00,109.85066
2011-11-28 06:00:00,123.22988
2011-11-28 07:00:00,111.36285
2011-11-28 08:00:00,113.759544
2011-11-28 09:00:00,128.51602
2011-11-28 10:00:00,168.2619
2011-11-28 11:00:00,235.665
2011-11-28 12:00:00,270.22903
2011-11-28 13:00:00,275.2034
2011-11-28 14:00:00,275.12042
2011-11-28 15:00:00,290.31186
2011-11-28 16:00:00,291.8913
2011-11-28 17:00:00,309.92346
2011-11-28 18:00:00,268.90985
2011-11-28 19:00:00,202.7507
2011-11-28 20:00:00,218.51208
2011-11-28 21:00:00,193.83612
2011-11-28 22:00:00,158.67705
2011-11-28 23:00:00,160.34753
2011-11-29 00:00:00,143.99295
2011-11-29 01:00:00,149.01561
2011-11-29 02:00:00,132.34236
2011-11-29 03:00:00,132.34236
2011-11-29 04:00:00,171.22813
2011-11-29 05:00:00,139.41385
2011-11-29 06:00:00,159.89061
2011-11-29 07:00:00,176.51335
2011-11-29 08:00:00,186.76645
2011-11-29 09:00:00,248.03711
2011-11-29 10:00:00,248.03711
2011-11-29 11:00:00,157.90141
2011-11-29 12:00:00,158.24463
2011-11-29 13:00:00,166.97957
2011-11-29 14:00:00,120.0683
2011-11-29 15:00:00,134.66151
2011-11-29 16:00:00,128.54285
2011-11-29 17:00:00,127.28554
2011-11-29 18:00:00,138.03201
2011-11-29 19:00:00,139.7081
2011-11-29 20:00:00,122.199615
2011-11-29 21:00:00,122.199615
2011-11-29 22:00:00,124.80814
2011-11-29 23:00:00,127.8876
2011-11-30 00:00:00,174.53423
2011-11-30 01:00:00,145.98112
2011-11-30 02:00:00,128.0919
2011-11-30 03:00:00,128.0919
2011-11-30 04:00:00,110.92699
2011-11-30 05:00:00,103.10536
2011-11-30 06:00:00,98.398994
2011-11-30 07:00:00,100.12876
2011-11-30 08:00:00,103.10536
2011-11-30 09:00:00,113.236946
2011-11-30 10:00:00,145.98889
2011-11-30 11:00:00,247.17516
2011-11-30 12:00:00,243.139
2011-11-30 13:00:00,339.3433
2011-11-30 14:00:00,339.3433
2011-11-30 15:00:00,274.43954
2011-11-30 16:00:00,272.7638
2011-11-30 17:00:00,252.63474
2011-11-30 18:00:00,239.01447
2011-11-30 19:00:00,198.72127
2011-11-30 20:00:00,198.72127
2011-11-30 21:00:00,198.80603
2011-11-30 22:00:00,172.51599
2011-11-30 23:00:00,187.73674
2011-12-20 00:00:00,207.70003
2011-12-20 01:00:00,210.01346
2011-12-20 02:00:00,189.33975
2011-12-20 03:00:00,189.33975
2011-12-20 04:00:00,246.1592
2011-12-20 05:00:00,209.9269
2011-12-20 06:00:00,209.92688
2011-12-20 07:00:00,192.73453
2011-12-20 08:00:00,258.04575
2011-12-20 09:00:00,167.83783
2011-12-20 10:00:00,252.97614
2011-12-20 11:00:00,217.30542
2011-12-20 12:00:00,274.50793
2011-12-20 13:00:00,274.50793
2011-12-20 14:00:00,254.89632
2011-12-20 15:00:00,241.8657
2011-12-20 16:00:00,229.55219
2011-12-20 17:00:00,202.4605
2011-12-20 18:00:00,168.58961
2011-12-20 19:00:00,162.60504
2011-12-20 20:00:00,152.99292
2011-12-20 21:00:00,151.89159
2011-12-20 22:00:00,167.83783
2011-12-20 23:00:00,200.08092
2011-12-21 00:00:00,98.39763
2011-12-21 01:00:00,99.7556
2011-12-21 02:00:00,97.88607
2011-12-21 03:00:00,97.88607
2011-12-21 04:00:00,97.88607
2011-12-21 05:00:00,103.0036
2011-12-21 06:00:00,95.16507
2011-12-21 07:00:00,93.35032
2011-12-21 08:00:00,93.73699
2011-12-21 09:00:00,102.58434
2011-12-21 10:00:00,119.43397
2011-12-21 11:00:00,119.43397
2011-12-21 12:00:00,115.81381
2011-12-21 13:00:00,104.11666
2011-12-21 14:00:00,115.44413
2011-12-21 15:00:00,115.55347
2011-12-21 16:00:00,90.94444
2011-12-21 17:00:00,90.94444
2011-12-21 18:00:00,86.891014
2011-12-21 19:00:00,113.63232
2011-12-21 20:00:00,112.91055
2011-12-21 21:00:00,114.89664
2011-12-21 22:00:00,114.78732
2011-12-21 23:00:00,113.44544
2011-12-22 00:00:00,112.525696
2011-12-22 01:00:00,99.29748
2011-12-22 02:00:00,109.21876
2011-12-22 03:00:00,106.3838
2011-12-22 04:00:00,99.5446
2011-12-22 05:00:00,98.08646
2011-12-22 06:00:00,91.597115
2011-12-22 07:00:00,84.2133
2011-12-22 08:00:00,95.16507
2011-12-22 09:00:00,98.78578
2011-12-22 10:00:00,104.34687
2011-12-22 11:00:00,104.48478
2011-12-22 12:00:00,145.1274
2011-12-22 13:00:00,115.19738
2011-12-22 14:00:00,115.19738
2011-12-22 15:00:00,132.5155
2011-12-22 16:00:00,115.19738
2011-12-22 17:00:00,110.34795
2011-12-22 18:00:00,117.74016
2011-12-22 19:00:00,112.38646
2011-12-22 20:00:00,103.869255
2011-12-22 21:00:00,103.869255
2011-12-22 22:00:00,88.53712
2011-12-22 23:00:00,103.73174
2011-12-23 00:00:00,106.04299
2011-12-23 01:00:00,106.04299
2011-12-23 02:00:00,94.959206
2011-12-23 03:00:00,94.959206
2011-12-23 04:00:00,87.52077
2011-12-23 05:00:00,68.92633
2011-12-23 06:00:00,99.98109
2011-12-23 07:00:00,99.87215
2011-12-23 08:00:00,106.729904
2011-12-23 09:00:00,107.824524
2011-12-23 10:00:00,114.453964
2011-12-23 11:00:00,129.28362
2011-12-23 12:00:00,145.24371
2011-12-23 13:00:00,154.30223
2011-12-23 14:00:00,139.38577
2011-12-23 15:00:00,130.2853
2011-12-23 16:00:00,138.717
2011-12-23 17:00:00,114.023186
2011-12-23 18:00:00,121.545586
2011-12-23 19:00:00,106.593185
2011-12-23 20:00:00,98.85921
2011-12-23 21:00:00,96.04558
2011-12-23 22:00:00,96.45414
2011-12-23 23:00:00,95.83855
2011-12-24 00:00:00,83.995544
2011-12-24 01:00:00,90.40162
2011-12-24 02:00:00,91.8157
2011-12-24 03:00:00,89.49708
2011-12-24 04:00:00,90.89316
2011-12-24 05:00:00,90.89316
2011-12-24 06:00:00,68.16901
2011-12-24 07:00:00,52.513184
2011-12-24 08:00:00,60.554367
2011-12-24 09:00:00,110.47673
2011-12-24 10:00:00,116.92884
2011-12-24 11:00:00,137.89545
2011-12-24 12:00:00,156.70291
2011-12-24 13:00:00,148.68495
2011-12-24 14:00:00,148.68495
2011-12-24 15:00:00,148.32664
2011-12-24 16:00:00,134.62262
2011-12-24 17:00:00,108.30256
2011-12-24 18:00:00,126.78393
2011-12-24 19:00:00,93.81142
2011-12-24 20:00:00,85.13086
2011-12-24 21:00:00,82.991974
2011-12-24 22:00:00,81.59599
2011-12-24 23:00:00,79.82935
2011-12-25 00:00:00,63.980858
2011-12-25 01:00:00,48.140102
2011-12-25 02:00:00,47.605064
2011-12-25 03:00:00,62.112293
2011-12-25 05:00:00,42.42187
2011-12-25 06:00:00,42.42187
2011-12-25 07:00:00,44.12267
2011-12-25 08:00:00,44.38171
2011-12-25 09:00:00,45.948956
2011-12-25 10:00:00,38.98784
2011-12-25 11:00:00,72.604095
2011-12-25 12:00:00,46.20229
2011-12-25 13:00:00,68.97609
2011-12-25 14:00:00,93.65814
2011-12-25 15:00:00,93.56032
2011-12-25 16:00:00,97.549965
2011-12-25 17:00:00,91.59381
2011-12-25 18:00:00,76.83215
2011-12-25 19:00:00,93.048416
2011-12-25 20:00:00,108.46892
2011-12-25 21:00:00,89.42384
2011-12-25 22:00:00,80.023125
2011-12-25 23:00:00,72.259735
2011-12-26 00:00:00,39.52115
2011-12-26 01:00:00,80.65131
2011-12-26 02:00:00,116.9951
2011-12-26 04:00:00,112.16668
2011-12-26 05:00:00,127.791214
2011-12-26 06:00:00,112.77733
2011-12-26 07:00:00,117.662384
2011-12-26 08:00:00,122.21401
2011-12-26 09:00:00,112.16668
2011-12-26 10:00:00,125.7791
2011-12-26 11:00:00,108.61059
2011-12-26 12:00:00,132.20367
2011-12-26 13:00:00,183.04771
2011-12-26 14:00:00,181.42052
2011-12-26 15:00:00,185.33318
2011-12-26 16:00:00,136.36452
2011-12-26 17:00:00,116.9951
2011-12-26 18:00:00,107.92997
2011-12-26 19:00:00,81.278694
2011-12-26 20:00:00,88.20974
2011-12-26 21:00:00,68.712845
2011-12-26 22:00:00,68.712845
2011-12-26 23:00:00,54.28274
2011-12-27 00:00:00,82.24042
2011-12-27 01:00:00,85.355286
2011-12-27 02:00:00,85.355286
2011-12-27 03:00:00,96.26395
2011-12-27 04:00:00,96.43612
2011-12-27 05:00:00,96.68674
2011-12-27 06:00:00,97.27414
2011-12-27 07:00:00,98.043526
2011-12-27 08:00:00,95.82053
2011-12-27 09:00:00,98.550674
2011-12-27 10:00:00,96.3781
2011-12-27 11:00:00,98.550674
2011-12-27 12:00:00,91.96592
2011-12-27 13:00:00,77.33116
2011-12-27 14:00:00,114.209076
2011-12-27 15:00:00,114.209076
2011-12-27 16:00:00,112.302414
2011-12-27 17:00:00,105.824745
2011-12-27 18:00:00,90.06419
2011-12-27 19:00:00,76.30516
2011-12-27 20:00:00,71.484604
2011-12-27 21:00:00,78.32592
2011-12-27 22:00:00,78.32592
2011-12-27 23:00:00,62.970882
2011-12-28 00:00:00,70.54367
2011-12-28 01:00:00,90.37692
2011-12-28 02:00:00,96.847916
2011-12-28 03:00:00,96.847916
2011-12-28 05:00:00,100.94208
2011-12-28 06:00:00,97.590614
2011-12-28 07:00:00,97.5906
2011-12-28 08:00:00,100.942085
2011-12-28 09:00:00,101.12285
2011-12-28 10:00:00,99.01277
2011-12-28 11:00:00,139.18178
2011-12-28 12:00:00,132.87804
2011-12-28 13:00:00,158.72389
2011-12-28 14:00:00,151.80168
2011-12-28 15:00:00,171.5611
2011-12-28 16:00:00,161.89763
2011-12-28 17:00:00,139.65785
2011-12-28 18:00:00,126.4132
2011-12-28 19:00:00,110.619965
2011-12-28 20:00:00,108.94944
2011-12-28 21:00:00,92.32096
2011-12-28 22:00:00,93.44421
2011-12-28 23:00:00,95.8677
2011-12-29 00:00:00,95.66
2011-12-29 01:00:00,89.01121
2011-12-29 02:00:00,83.73034
2011-12-29 03:00:00,83.7906
2011-12-29 04:00:00,84.80829
2011-12-29 05:00:00,83.92044
2011-12-29 06:00:00,82.698265
2011-12-29 07:00:00,76.9864
2011-12-29 08:00:00,84.84375
2011-12-29 09:00:00,81.82858
2011-12-29 10:00:00,85.24551
2011-12-29 11:00:00,88.76298
2011-12-29 12:00:00,90.523964
2011-12-29 13:00:00,96.17953
2011-12-29 14:00:00,101.325615
2011-12-29 15:00:00,104.005226
2011-12-29 16:00:00,96.9137
2011-12-29 17:00:00,93.87133
2011-12-29 18:00:00,92.61782
2011-12-29 19:00:00,92.51645
2011-12-29 20:00:00,90.7505
2011-12-29 21:00:00,93.28466
2011-12-29 22:00:00,91.6798
2011-12-29 23:00:00,94.0435
2011-12-30 00:00:00,88.662895
2011-12-30 01:00:00,89.65981
2011-12-30 02:00:00,81.95321
2011-12-30 03:00:00,81.95321
2011-12-30 04:00:00,81.898735
2011-12-30 05:00:00,72.829765
2011-12-30 06:00:00,81.898735
2011-12-30 07:00:00,74.525734
2011-12-30 08:00:00,80.06883
2011-12-30 09:00:00,84.98859
2011-12-30 10:00:00,94.373566
2011-12-30 11:00:00,96.45414
2011-12-30 12:00:00,95.01165
2011-12-30 13:00:00,117.82669
2011-12-30 14:00:00,165.36208
2011-12-30 15:00:00,149.92981
2011-12-30 16:00:00,163.8783
2011-12-30 17:00:00,119.4103
2011-12-30 18:00:00,97.594536
2011-12-30 19:00:00,133.80473
2011-12-30 20:00:00,98.37844
2011-12-30 21:00:00,99.7556
2011-12-30 22:00:00,99.20267
2011-12-30 23:00:00,101.96404
2011-12-31 00:00:00,112.233505
2011-12-31 01:00:00,115.65443
2011-12-31 02:00:00,115.65443
2011-12-31 03:00:00,115.65443
2011-12-31 04:00:00,97.678116
2011-12-31 05:00:00,80.61176
2011-12-31 06:00:00,99.27704
2011-12-31 07:00:00,97.291626
2011-12-31 08:00:00,64.38907
2011-12-31 09:00:00,92.696205
2011-12-31 10:00:00,96.60408
2011-12-31 11:00:00,101.06726
2011-12-31 12:00:00,263.1864
2011-12-31 13:00:00,239.2272
2011-12-31 14:00:00,162.10632
2011-12-31 15:00:00,183.98459
2011-12-31 16:00:00,158.76291
2011-12-31 17:00:00,131.29086
2011-12-31 18:00:00,127.944275
2011-12-31 19:00:00,132.96696
2011-12-31 20:00:00,132.96696
2011-12-31 21:00:00,113.77828
2011-12-31 22:00:00,98.91596
2011-12-31 23:00:00,91.748474
2012-01-20 00:00:00,103.86783
2012-01-20 01:00:00,94.99306
2012-01-20 02:00:00,94.99306
2012-01-20 03:00:00,86.86808
2012-01-20 04:00:00,85.743546
2012-01-20 05:00:00,85.743546
2012-01-20 06:00:00,81.81617
2012-01-20 07:00:00,65.570816
2012-01-20 08:00:00,73.82156
2012-01-20 09:00:00,94.50343
2012-01-20 10:00:00,106.41611
2012-01-20 11:00:00,144.24104
2012-01-20 12:00:00,132.83284
2012-01-20 13:00:00,144.76184
2012-01-20 14:00:00,140.76382
2012-01-20 15:00:00,142.58551
2012-01-20 16:00:00,119.58131
2012-01-20 17:00:00,163.05725
2012-01-20 18:00:00,140.30493
2012-01-20 19:00:00,122.233635
2012-01-20 20:00:00,140.30493
2012-01-20 21:00:00,121.6776
2012-01-20 22:00:00,118.06573
2012-01-20 23:00:00,64.748764
2012-01-21 00:00:00,40.40798
2012-01-21 01:00:00,45.6397
2012-01-21 02:00:00,57.763947
2012-01-21 03:00:00,57.75016
2012-01-21 04:00:00,47.70083
2012-01-21 05:00:00,47.897743
2012-01-21 06:00:00,51.408623
2012-01-21 07:00:00,51.408623
2012-01-21 08:00:00,51.80089
2012-01-21 09:00:00,51.80089
2012-01-21 10:00:00,49.12667
2012-01-21 11:00:00,48.20473
2012-01-21 12:00:00,42.100006
2012-01-21 13:00:00,40.148945
2012-01-21 14:00:00,39.58292
2012-01-21 15:00:00,39.582928
2012-01-21 16:00:00,39.486584
2012-01-21 17:00:00,36.91164
2012-01-21 18:00:00,38.101124
2012-01-21 19:00:00,38.886353
2012-01-21 20:00:00,40.836185
2012-01-21 21:00:00,39.22325
2012-01-21 22:00:00,37.745335
2012-01-21 23:00:00,43.47735
2012-01-22 00:00:00,45.092575
2012-01-22 01:00:00,37.745335
2012-01-22 02:00:00,37.748432
2012-01-22 03:00:00,39.0645
2012-01-22 04:00:00,40.957394
2012-01-22 05:00:00,38.391598
2012-01-22 06:00:00,40.67329
2012-01-22 07:00:00,40.67329
2012-01-22 08:00:00,40.67329
2012-01-22 09:00:00,40.67329
2012-01-22 10:00:00,39.57863
2012-01-22 11:00:00,41.19566
2012-01-22 12:00:00,44.333748
2012-01-22 13:00:00,45.662567
2012-01-22 14:00:00,45.424305
2012-01-22 15:00:00,45.193016
2012-01-22 16:00:00,45.193016
2012-01-22 17:00:00,46.518967
2012-01-22 18:00:00,47.897743
2012-01-22 19:00:00,47.897743
2012-01-22 20:00:00,46.803078
2012-01-22 21:00:00,47.897743
2012-01-22 22:00:00,61.780052
2012-01-22 23:00:00,60.66979
2012-01-23 00:00:00,76.672455
2012-01-23 01:00:00,60.478245
2012-01-23 02:00:00,60.478245
2012-01-23 03:00:00,76.67247
2012-01-23 04:00:00,75.23701
2012-01-23 05:00:00,76.53553
2012-01-23 06:00:00,76.53553
2012-01-23 07:00:00,73.3806
2012-01-23 08:00:00,53.208645
2012-01-23 09:00:00,62.364357
2012-01-23 10:00:00,79.56094
2012-01-23 11:00:00,66.171364
2012-01-23 12:00:00,79.30413
2012-01-23 13:00:00,62.60708
2012-01-23 14:00:00,48.1734
2012-01-23 15:00:00,62.811512
2012-01-23 16:00:00,53.775463
2012-01-23 17:00:00,64.09876
2012-01-23 18:00:00,57.83509
2012-01-23 19:00:00,54.22336
2012-01-23 20:00:00,60.126667
2012-01-23 21:00:00,49.98031
2012-01-23 22:00:00,49.98031
2012-01-23 23:00:00,41.919582
2012-01-24 00:00:00,45.67401
2012-01-24 01:00:00,55.85273
2012-01-24 02:00:00,57.33743
2012-01-24 03:00:00,69.95944
2012-01-24 04:00:00,68.31915
2012-01-24 05:00:00,68.31915
2012-01-24 06:00:00,62.919537
2012-01-24 07:00:00,69.95944
2012-01-24 08:00:00,69.95944
2012-01-24 09:00:00,83.86902
2012-01-24 10:00:00,71.484604
2012-01-24 11:00:00,77.79485
2012-01-24 12:00:00,76.30516
2012-01-24 13:00:00,76.30516
2012-01-24 14:00:00,90.801704
2012-01-24 15:00:00,105.75034
2012-01-24 16:00:00,103.29989
2012-01-24 17:00:00,102.89826
2012-01-24 18:00:00,100.981735
2012-01-24 19:00:00,144.83647
2012-01-24 20:00:00,93.03842
2012-01-24 21:00:00,95.97821
2012-01-24 22:00:00,89.992386
2012-01-24 23:00:00,93.03842
2012-01-25 00:00:00,82.50843
2012-01-25 01:00:00,90.10129
2012-01-25 02:00:00,86.51716
2012-01-25 03:00:00,71.02027
2012-01-25 04:00:00,72.19922
2012-01-25 05:00:00,72.19922
2012-01-25 06:00:00,63.57085
2012-01-25 07:00:00,59.67666
2012-01-25 08:00:00,67.92744
2012-01-25 09:00:00,67.92744
2012-01-25 10:00:00,71.25276
2012-01-25 11:00:00,97.27414
2012-01-25 12:00:00,100.474495
2012-01-25 13:00:00,115.02487
2012-01-25 14:00:00,115.260895
2012-01-25 15:00:00,126.7561
2012-01-25 16:00:00,104.92269
2012-01-25 17:00:00,110.67659
2012-01-25 18:00:00,95.83855
2012-01-25 19:00:00,109.86431
2012-01-25 20:00:00,96.2389
2012-01-25 21:00:00,90.923706
2012-01-25 22:00:00,92.83722
2012-01-25 23:00:00,91.24609
2012-01-26 00:00:00,87.95854
2012-01-26 01:00:00,91.46377
2012-01-26 02:00:00,83.80955
2012-01-26 03:00:00,90.08639
2012-01-26 04:00:00,88.04776
2012-01-26 05:00:00,93.44849
2012-01-26 06:00:00,86.959595
2012-01-26 07:00:00,84.00168
2012-01-26 08:00:00,84.00168
2012-01-26 09:00:00,90.25273
2012-01-26 10:00:00,83.47058
2012-01-26 11:00:00,77.365204
2012-01-26 12:00:00,92.965355
2012-01-26 13:00:00,99.40091
2012-01-26 14:00:00,104.09599
2012-01-26 15:00:00,105.46532
2012-01-26 16:00:00,103.68312
2012-01-26 17:00:00,102.19888
2012-01-26 18:00:00,102.19888
2012-01-26 19:00:00,104.48978
2012-01-26 20:00:00,105.55041
2012-01-26 21:00:00,104.48978
2012-01-26 22:00:00,99.435646
2012-01-26 23:00:00,101.58625
2012-01-27 00:00:00,106.85666
2012-01-27 01:00:00,102.58434
2012-01-27 02:00:00,95.42289
2012-01-27 03:00:00,93.52753
2012-01-27 04:00:00,75.34117
2012-01-27 05:00:00,91.29548
2012-01-27 06:00:00,79.61296
2012-01-27 07:00:00,81.10264
2012-01-27 08:00:00,119.41194
2012-01-27 09:00:00,119.41194
2012-01-27 10:00:00,108.31083
2012-01-27 11:00:00,109.62958
2012-01-27 12:00:00,114.420105
2012-01-27 13:00:00,155.88495
2012-01-27 14:00:00,174.79712
2012-01-27 15:00:00,171.84505
2012-01-27 16:00:00,169.33142
2012-01-27 17:00:00,167.97552
2012-01-27 18:00:00,156.02098
2012-01-27 19:00:00,129.0796
2012-01-27 20:00:00,109.64492
2012-01-27 21:00:00,113.9252
2012-01-27 22:00:00,123.29004
2012-01-27 23:00:00,119.01011
2012-01-28 00:00:00,97.138855
2012-01-28 01:00:00,95.22615
2012-01-28 02:00:00,83.561676
2012-01-28 03:00:00,84.36194
2012-01-28 04:00:00,76.030594
2012-01-28 05:00:00,49.264614
2012-01-28 06:00:00,71.79485
2012-01-28 07:00:00,56.78201
2012-01-28 08:00:00,45.90045
2012-01-28 09:00:00,54.55645
2012-01-28 10:00:00,62.421818
2012-01-28 11:00:00,89.42384
2012-01-28 12:00:00,78.95774
2012-01-28 13:00:00,97.760414
2012-01-28 14:00:00,138.96307
2012-01-28 15:00:00,156.64061
2012-01-28 16:00:00,185.36642
2012-01-28 17:00:00,185.98167
2012-01-28 18:00:00,200.07907
2012-01-28 19:00:00,210.20695
2012-01-28 20:00:00,232.756
2012-01-28 21:00:00,229.83305
2012-01-28 22:00:00,194.50082
2012-01-28 23:00:00,203.71336
2012-01-29 00:00:00,175.7213
2012-01-29 01:00:00,193.68034
2012-01-29 02:00:00,196.78798
2012-01-29 03:00:00,186.7415
2012-01-29 04:00:00,164.5305
2012-01-29 05:00:00,76.88174
2012-01-29 06:00:00,98.26063
2012-01-29 07:00:00,103.06395
2012-01-29 08:00:00,86.54781
2012-01-29 09:00:00,81.092606
2012-01-29 10:00:00,133.09956
2012-01-29 11:00:00,196.60933
2012-01-29 12:00:00,232.92575
2012-01-29 13:00:00,232.92575
2012-01-29 14:00:00,232.83101
2012-01-29 15:00:00,262.95853
2012-01-29 16:00:00,183.37527
2012-01-29 17:00:00,183.37527
2012-01-29 18:00:00,230.97949
2012-01-29 19:00:00,211.43372
2012-01-29 20:00:00,136.96196
2012-01-29 21:00:00,172.5759
2012-01-29 22:00:00,206.7267
2012-01-29 23:00:00,162.93076
2012-01-30 00:00:00,172.11252
2012-01-30 01:00:00,83.765205
2012-01-30 02:00:00,95.68405
2012-01-30 03:00:00,89.64639
2012-01-30 04:00:00,83.70948
2012-01-30 05:00:00,83.70948
2012-01-30 06:00:00,95.8677
2012-01-30 07:00:00,97.46589
2012-01-30 08:00:00,86.06468
2012-01-30 09:00:00,86.06468
2012-01-30 10:00:00,106.501114
2012-01-30 11:00:00,118.33701
2012-01-30 12:00:00,142.9659
2012-01-30 13:00:00,190.95181
2012-01-30 14:00:00,214.73523
2012-01-30 15:00:00,227.6556
2012-01-30 16:00:00,230.20985
2012-01-30 17:00:00,250.63669
2012-01-30 18:00:00,229.20564
2012-01-30 19:00:00,116.34873
2012-01-30 20:00:00,145.10052
2012-01-30 21:00:00,126.44733
2012-01-30 22:00:00,102.78782
2012-01-30 23:00:00,90.51495
2012-01-31 00:00:00,96.28071
2012-01-31 01:00:00,127.40921
2012-01-31 02:00:00,126.20918
2012-01-31 03:00:00,117.37546
2012-01-31 04:00:00,103.9211
2012-01-31 05:00:00,103.9211
2012-01-31 06:00:00,91.88358
2012-01-31 07:00:00,90.51495
2012-01-31 08:00:00,88.92096
2012-01-31 09:00:00,96.27865
2012-01-31 10:00:00,100.47794
2012-01-31 11:00:00,219.81332
2012-01-31 12:00:00,182.58568
2012-01-31 13:00:00,240.63802
2012-01-31 14:00:00,301.5701
2012-01-31 15:00:00,310.0585
2012-01-31 16:00:00,310.0585
2012-01-31 17:00:00,321.06357
2012-01-31 18:00:00,331.96188
2012-01-31 19:00:00,289.98782
2012-01-31 20:00:00,110.039345
2012-01-31 21:00:00,268.1262
2012-01-31 22:00:00,251.97823
2012-01-31 23:00:00,231.679
2012-02-20 00:00:00,44.729538
2012-02-20 01:00:00,44.729538
2012-02-20 02:00:00,44.729538
2012-02-20 03:00:00,39.314938
2012-02-20 05:00:00,47.916298
2012-02-20 06:00:00,56.53677
2012-02-20 07:00:00,56.222282
2012-02-20 08:00:00,40.87099
2012-02-20 09:00:00,40.87099
2012-02-20 10:00:00,48.244225
2012-02-20 11:00:00,82.02881
2012-02-20 12:00:00,99.732605
2012-02-20 13:00:00,116.347176
2012-02-20 14:00:00,165.82976
2012-02-20 15:00:00,181.45406
2012-02-20 16:00:00,242.73083
2012-02-20 17:00:00,273.46005
2012-02-20 18:00:00,181.45406
2012-02-20 19:00:00,181.45406
2012-02-20 20:00:00,190.14886
2012-02-20 21:00:00,136.5187
2012-02-20 22:00:00,113.97398
2012-02-20 23:00:00,146.3776
2012-02-21 00:00:00,87.7463
2012-02-21 01:00:00,87.12645
2012-02-21 02:00:00,85.923195
2012-02-21 04:00:00,84.52136
2012-02-21 05:00:00,79.976685
2012-02-21 06:00:00,76.620316
2012-02-21 07:00:00,84.52136
2012-02-21 08:00:00,74.658394
2012-02-21 09:00:00,63.473595
2012-02-21 10:00:00,70.90181
2012-02-21 11:00:00,77.7423
2012-02-21 12:00:00,104.614845
2012-02-21 13:00:00,124.882835
2012-02-21 14:00:00,114.32056
2012-02-21 15:00:00,124.882835
2012-02-21 16:00:00,142.52837
2012-02-21 17:00:00,196.35677
2012-02-21 18:00:00,196.35677
2012-02-21 19:00:00,135.8352
2012-02-21 20:00:00,106.97756
2012-02-21 21:00:00,96.905136
2012-02-21 22:00:00,100.00502
2012-02-21 23:00:00,96.26079
2012-02-22 00:00:00,96.26079
2012-02-22 01:00:00,96.01072
2012-02-22 02:00:00,99.43341
2012-02-22 03:00:00,99.437294
2012-02-22 04:00:00,97.42564
2012-02-22 05:00:00,95.1407
2012-02-22 06:00:00,90.37692
2012-02-22 07:00:00,92.28654
2012-02-22 08:00:00,89.82604
2012-02-22 09:00:00,94.66033
2012-02-22 10:00:00,96.29979
2012-02-22 11:00:00,98.77564
2012-02-22 12:00:00,110.73285
2012-02-22 13:00:00,138.42691
2012-02-22 14:00:00,145.85692
2012-02-22 15:00:00,312.15103
2012-02-22 16:00:00,309.7524
2012-02-22 17:00:00,311.81317
2012-02-22 18:00:00,249.49973
2012-02-22 19:00:00,219.61552
2012-02-22 20:00:00,188.38669
2012-02-22 21:00:00,282.4721
2012-02-22 22:00:00,190.2227
2012-02-22 23:00:00,238.4585
2012-02-23 00:00:00,190.2227
2012-02-23 01:00:00,140.39345
2012-02-23 02:00:00,125.268616
2012-02-23 03:00:00,117.695786
2012-02-23 04:00:00,105.92756
2012-02-23 05:00:00,105.92756
2012-02-23 06:00:00,80.60886
2012-02-23 07:00:00,90.801704
2012-02-23 08:00:00,74.820465
2012-02-23 09:00:00,85.22459
2012-02-23 10:00:00,105.834465
2012-02-23 11:00:00,189.31021
2012-02-23 12:00:00,235.5888
2012-02-23 13:00:00,241.0325
2012-02-23 14:00:00,267.45297
2012-02-23 15:00:00,250.74257
2012-02-23 16:00:00,226.75356
2012-02-23 17:00:00,261.13248
2012-02-23 18:00:00,238.3424
2012-02-23 19:00:00,209.91393
2012-02-23 20:00:00,193.99252
2012-02-23 21:00:00,150.3962
2012-02-23 22:00:00,141.66948
2012-02-23 23:00:00,126.668144
2012-02-24 00:00:00,129.51845
2012-02-24 01:00:00,114.76632
2012-02-24 02:00:00,112.690704
2012-02-24 03:00:00,105.332016
2012-02-24 04:00:00,98.68883
2012-02-24 05:00:00,102.47503
2012-02-24 06:00:00,102.36609
2012-02-24 07:00:00,107.70458
2012-02-24 08:00:00,108.81816
2012-02-24 09:00:00,96.31079
2012-02-24 10:00:00,99.95022
2012-02-24 11:00:00,98.34635
2012-02-24 12:00:00,105.29214
2012-02-24 13:00:00,105.46532
2012-02-24 14:00:00,111.20615
2012-02-24 15:00:00,106.04299
2012-02-24 16:00:00,106.04299
2012-02-24 17:00:00,103.18023
2012-02-24 18:00:00,99.230255
2012-02-24 19:00:00,107.91589
2012-02-24 20:00:00,127.31742
2012-02-24 21:00:00,77.053314
2012-02-24 22:00:00,188.69835
2012-02-24 23:00:00,87.41292
2012-02-25 00:00:00,143.3729
2012-02-25 01:00:00,134.28177
2012-02-25 02:00:00,120.200424
2012-02-25 03:00:00,108.38372
2012-02-25 04:00:00,118.242516
2012-02-25 05:00:00,127.86875
2012-02-25 06:00:00,127.86875
2012-02-25 07:00:00,99.82469
2012-02-25 08:00:00,90.40693
2012-02-25 09:00:00,39.409344
2012-02-25 10:00:00,55.93971
2012-02-25 11:00:00,87.24309
2012-02-25 12:00:00,74.29688
2012-02-25 13:00:00,140.76358
2012-02-25 14:00:00,87.40563
2012-02-25 15:00:00,195.46718
2012-02-25 16:00:00,79.9686
2012-02-25 17:00:00,161.30904
2012-02-25 18:00:00,78.21637
2012-02-25 19:00:00,127.723656
2012-02-25 20:00:00,75.3629
2012-02-25 21:00:00,116.461784
2012-02-25 22:00:00,102.98862
2012-02-25 23:00:00,93.46443
2012-02-26 00:00:00,98.68399
2012-02-26 01:00:00,92.47721
2012-02-26 02:00:00,92.47721
2012-02-26 03:00:00,99.9996
2012-02-26 04:00:00,99.9996
2012-02-26 05:00:00,87.86277
2012-02-26 06:00:00,86.85227
2012-02-26 07:00:00,61.8311
2012-02-26 08:00:00,68.00801
2012-02-26 09:00:00,85.04226
2012-02-26 10:00:00,111.75968
2012-02-26 11:00:00,113.97701
2012-02-26 12:00:00,141.96605
2012-02-26 13:00:00,170.55975
2012-02-26 14:00:00,193.55278
2012-02-26 15:00:00,203.77222
2012-02-26 16:00:00,213.52673
2012-02-26 17:00:00,217.64578
2012-02-26 18:00:00,176.12569
2012-02-26 19:00:00,193.58432
2012-02-26 20:00:00,133.70615
2012-02-26 21:00:00,114.036865
2012-02-26 22:00:00,122.72291
2012-02-26 23:00:00,82.991974
2012-02-27 00:00:00,89.7394
2012-02-27 01:00:00,87.66388
2012-02-27 02:00:00,67.39134
2012-02-27 03:00:00,66.71657
2012-02-27 04:00:00,57.679268
2012-02-27 05:00:00,57.679268
2012-02-27 06:00:00,67.92744
2012-02-27 07:00:00,86.33731
2012-02-27 08:00:00,82.98484
2012-02-27 09:00:00,90.51495
2012-02-27 10:00:00,124.78024
2012-02-27 11:00:00,146.84062
2012-02-27 12:00:00,220.27155
2012-02-27 13:00:00,182.12743
2012-02-27 14:00:00,254.78429
2012-02-27 15:00:00,309.0272
2012-02-27 16:00:00,310.0585
2012-02-27 17:00:00,299.04575
2012-02-27 18:00:00,319.56555
2012-02-27 19:00:00,317.0045
2012-02-27 20:00:00,285.7995
2012-02-27 21:00:00,254.78429
2012-02-27 22:00:00,194.22072
2012-02-27 23:00:00,144.11888
2012-02-28 00:00:00,129.2224
2012-02-28 01:00:00,101.868454
2012-02-28 02:00:00,121.781105
2012-02-28 03:00:00,253.51248
2012-02-28 04:00:00,136.91165
2012-02-28 05:00:00,136.91165
2012-02-28 06:00:00,120.25158
2012-02-28 07:00:00,112.84119
2012-02-28 08:00:00,97.42017
2012-02-28 09:00:00,116.10032
2012-02-28 10:00:00,127.40921
2012-02-28 11:00:00,181.17712
2012-02-28 12:00:00,193.41925
2012-02-28 13:00:00,193.9888
2012-02-28 14:00:00,219.35411
2012-02-28 15:00:00,227.57574
2012-02-28 16:00:00,221.37564
2012-02-28 17:00:00,227.57574
2012-02-28 18:00:00,239.56366
2012-02-28 19:00:00,205.73059
2012-02-28 20:00:00,220.41948
2012-02-28 21:00:00,124.88744
2012-02-28 22:00:00,124.88744
2012-02-28 23:00:00,99.81979
2012-02-29 00:00:00,98.804016
2012-02-29 01:00:00,110.46693
2012-02-29 02:00:00,94.22486
2012-02-29 03:00:00,90.63954
2012-02-29 05:00:00,83.225296
2012-02-29 06:00:00,90.08639
2012-02-29 07:00:00,71.920715
2012-02-29 08:00:00,87.95854
2012-02-29 09:00:00,87.52399
2012-02-29 10:00:00,87.52399
2012-02-29 11:00:00,70.29128
2012-02-29 12:00:00,57.6741
2012-02-29 13:00:00,62.19617
2012-02-29 14:00:00,62.19617
2012-02-29 15:00:00,106.96596
2012-02-29 16:00:00,109.739876
2012-02-29 17:00:00,102.36609
2012-02-29 18:00:00,103.73174
2012-02-29 19:00:00,102.14784
2012-02-29 20:00:00,108.394516
2012-02-29 21:00:00,108.394516
2012-02-29 22:00:00,100.560295
2012-02-29 23:00:00,100.560295
2012-03-20 00:00:00,115.6609
2012-03-20 01:00:00,111.087715
2012-03-20 02:00:00,113.76495
2012-03-20 03:00:00,112.99558
2012-03-20 04:00:00,115.180305
2012-03-20 05:00:00,111.68878
2012-03-20 06:00:00,116.24359
2012-03-20 07:00:00,119.628006
2012-03-20 08:00:00,114.37793
2012-03-20 09:00:00,117.55057
2012-03-20 10:00:00,116.57589
2012-03-20 11:00:00,117.44951
2012-03-20 12:00:00,125.2079
2012-03-20 13:00:00,122.23001
2012-03-20 14:00:00,141.42848
2012-03-20 15:00:00,155.61407
2012-03-20 16:00:00,162.65404
2012-03-20 17:00:00,134.27281
2012-03-20 18:00:00,149.39767
2012-03-20 19:00:00,120.68675
2012-03-20 20:00:00,131.46506
2012-03-20 21:00:00,111.06862
2012-03-20 22:00:00,109.81221
2012-03-20 23:00:00,109.258156
2012-03-21 00:00:00,112.95739
2012-03-21 01:00:00,114.72597
2012-03-21 02:00:00,115.21398
2012-03-21 03:00:00,118.49772
2012-03-21 04:00:00,116.843376
2012-03-21 05:00:00,116.843376
2012-03-21 06:00:00,118.10307
2012-03-21 07:00:00,119.07505
2012-03-21 08:00:00,116.66529
2012-03-21 09:00:00,117.671936
2012-03-21 10:00:00,118.80963
2012-03-21 11:00:00,118.80963
2012-03-21 12:00:00,123.599625
2012-03-21 13:00:00,115.157715
2012-03-21 14:00:00,126.389336
2012-03-21 15:00:00,126.389336
2012-03-21 16:00:00,138.03993
2012-03-21 17:00:00,168.87285
2012-03-21 18:00:00,161.82846
2012-03-21 19:00:00,178.78386
2012-03-21 20:00:00,123.10561
2012-03-21 21:00:00,116.51399
2012-03-21 22:00:00,116.793205
2012-03-21 23:00:00,116.57249
2012-03-22 00:00:00,114.72597
2012-03-22 01:00:00,114.72597
2012-03-22 02:00:00,114.72597
2012-03-22 03:00:00,114.72597
2012-03-22 04:00:00,113.57283
2012-03-22 05:00:00,113.57283
2012-03-22 06:00:00,113.57283
2012-03-22 07:00:00,113.57283
2012-03-22 08:00:00,116.04574
2012-03-22 09:00:00,116.04574
2012-03-22 10:00:00,116.30399
2012-03-22 11:00:00,115.19852
2012-03-22 12:00:00,121.24794
2012-03-22 13:00:00,128.33974
2012-03-22 14:00:00,155.57614
2012-03-22 15:00:00,181.70412
2012-03-22 16:00:00,209.77002
2012-03-22 17:00:00,218.48387
2012-03-22 18:00:00,218.48387
2012-03-22 19:00:00,201.77695
2012-03-22 20:00:00,168.44139
2012-03-22 21:00:00,132.52156
2012-03-22 22:00:00,121.77502
2012-03-22 23:00:00,117.47042
2012-03-23 00:00:00,114.9875
2012-03-23 01:00:00,114.33252
2012-03-23 02:00:00,116.81542
2012-03-23 03:00:00,115.85318
2012-03-23 04:00:00,116.44692
2012-03-23 05:00:00,113.63328
2012-03-23 06:00:00,113.1218
2012-03-23 07:00:00,117.20623
2012-03-23 08:00:00,117.24926
2012-03-23 09:00:00,117.26555
2012-03-23 10:00:00,120.137146
2012-03-23 11:00:00,168.6245
2012-03-23 12:00:00,260.2887
2012-03-23 13:00:00,265.71048
2012-03-23 14:00:00,315.82925
2012-03-23 15:00:00,323.503
2012-03-23 16:00:00,331.20245
2012-03-23 17:00:00,331.20245
2012-03-23 18:00:00,300.98193
2012-03-23 19:00:00,283.06723
2012-03-23 20:00:00,277.91687
2012-03-23 21:00:00,244.01648
2012-03-23 22:00:00,209.55067
2012-03-23 23:00:00,178.33757
2012-03-24 00:00:00,152.54114
2012-03-24 01:00:00,136.03056
2012-03-24 02:00:00,119.35326
2012-03-24 03:00:00,119.35326
2012-03-24 04:00:00,110.56374
2012-03-24 05:00:00,117.37722
2012-03-24 06:00:00,117.37722
2012-03-24 07:00:00,112.39466
2012-03-24 08:00:00,110.89026
2012-03-24 09:00:00,115.88579
2012-03-24 10:00:00,115.567276
2012-03-24 11:00:00,110.89026
2012-03-24 12:00:00,117.875114
2012-03-24 13:00:00,117.98405
2012-03-24 14:00:00,125.76269
2012-03-24 15:00:00,104.53194
2012-03-24 16:00:00,111.58597
2012-03-24 17:00:00,117.043976
2012-03-24 18:00:00,103.97875
2012-03-24 19:00:00,107.6392
2012-03-24 20:00:00,88.02445
2012-03-24 21:00:00,88.02445
2012-03-24 22:00:00,84.51835
2012-03-24 23:00:00,89.154526
2012-03-25 00:00:00,89.154526
2012-03-25 01:00:00,73.12691
2012-03-25 02:00:00,75.88301
2012-03-25 03:00:00,87.68849
2012-03-25 04:00:00,80.519226
2012-03-25 05:00:00,67.16682
2012-03-25 06:00:00,67.16682
2012-03-25 07:00:00,74.5591
2012-03-25 08:00:00,74.5591
2012-03-25 09:00:00,78.97227
2012-03-25 10:00:00,88.33216
2012-03-25 11:00:00,78.97227
2012-03-25 12:00:00,80.7328
2012-03-25 13:00:00,101.542694
2012-03-25 14:00:00,105.883415
2012-03-25 15:00:00,105.84639
2012-03-25 16:00:00,104.52883
2012-03-25 17:00:00,121.733025
2012-03-25 18:00:00,121.733025
2012-03-25 19:00:00,130.93193
2012-03-25 20:00:00,115.54801
2012-03-25 21:00:00,112.71926
2012-03-25 22:00:00,107.23549
2012-03-25 23:00:00,108.80071
2012-03-26 00:00:00,115.44543
2012-03-26 01:00:00,116.38604
2012-03-26 02:00:00,114.50255
2012-03-26 03:00:00,113.356575
2012-03-26 04:00:00,111.07823
2012-03-26 05:00:00,110.44716
2012-03-26 06:00:00,110.31537
2012-03-26 07:00:00,114.395386
2012-03-26 08:00:00,142.76282
2012-03-26 09:00:00,233.70894
2012-03-26 10:00:00,312.07123
2012-03-26 11:00:00,273.3569
2012-03-26 12:00:00,330.14062
2012-03-26 13:00:00,152.82039
2012-03-26 14:00:00,342.22083
2012-03-26 15:00:00,233.66252
2012-03-26 16:00:00,133.85168
2012-03-26 17:00:00,318.18506
2012-03-26 18:00:00,332.05286
2012-03-26 19:00:00,343.32544
2012-03-26 20:00:00,248.5506
2012-03-26 21:00:00,257.93686
2012-03-26 22:00:00,316.19965
2012-03-26 23:00:00,156.42667
2012-03-27 00:00:00,159.1809
2012-03-27 01:00:00,204.08754
2012-03-27 02:00:00,219.39647
2012-03-27 03:00:00,220.31604
2012-03-27 04:00:00,196.71848
2012-03-27 05:00:00,160.67995
2012-03-27 06:00:00,162.9599
2012-03-27 07:00:00,162.9599
2012-03-27 08:00:00,161.13818
2012-03-27 09:00:00,161.30687
2012-03-27 10:00:00,195.73209
2012-03-27 11:00:00,228.01065
2012-03-27 12:00:00,233.67574
2012-03-27 13:00:00,217.72334
2012-03-27 14:00:00,278.3013
2012-03-27 15:00:00,250.416
2012-03-27 16:00:00,250.416
2012-03-27 17:00:00,247.13437
2012-03-27 18:00:00,267.15695
2012-03-27 19:00:00,244.94618
2012-03-27 20:00:00,267.15695
2012-03-27 21:00:00,226.39485
2012-03-27 22:00:00,219.10501
2012-03-27 23:00:00,233.66032
2012-03-28 00:00:00,214.38434
2012-03-28 01:00:00,177.15672
2012-03-28 02:00:00,146.11206
2012-03-28 03:00:00,188.5343
2012-03-28 04:00:00,195.99968
2012-03-28 05:00:00,195.99968
2012-03-28 06:00:00,178.99275
2012-03-28 07:00:00,178.07628
2012-03-28 08:00:00,203.69655
2012-03-28 09:00:00,234.95854
2012-03-28 10:00:00,275.52512
2012-03-28 11:00:00,287.62146
2012-03-28 12:00:00,337.29428
2012-03-28 13:00:00,307.52338
2012-03-28 14:00:00,357.05737
2012-03-28 15:00:00,343.9278
2012-03-28 16:00:00,296.19595
2012-03-28 17:00:00,232.83856
2012-03-28 18:00:00,232.83856
2012-03-28 19:00:00,252.48242
2012-03-28 20:00:00,265.2592
2012-03-28 21:00:00,209.05124
2012-03-28 22:00:00,170.59178
2012-03-28 23:00:00,148.803
2012-03-29 00:00:00,152.14958
2012-03-29 01:00:00,195.71568
2012-03-29 02:00:00,373.409
2012-03-29 03:00:00,350.61188
2012-03-29 04:00:00,301.87564
2012-03-29 05:00:00,259.04288
2012-03-29 06:00:00,161.0293
2012-03-29 07:00:00,210.87933
2012-03-29 08:00:00,237.83928
2012-03-29 09:00:00,241.22171
2012-03-29 10:00:00,238.75885
2012-03-29 11:00:00,269.69504
2012-03-29 12:00:00,290.83224
2012-03-29 13:00:00,253.92967
2012-03-29 14:00:00,286.7019
2012-03-29 15:00:00,316.7456
2012-03-29 16:00:00,321.18808
2012-03-29 17:00:00,324.99594
2012-03-29 18:00:00,295.9187
2012-03-29 19:00:00,286.54416
2012-03-29 20:00:00,287.61185
2012-03-29 21:00:00,242.92151
2012-03-29 22:00:00,233.25806
2012-03-29 23:00:00,214.87335
2012-03-30 00:00:00,205.24301
2012-03-30 01:00:00,176.27835
2012-03-30 02:00:00,141.54362
2012-03-30 03:00:00,106.01044
2012-03-30 04:00:00,130.04308
2012-03-30 05:00:00,101.3278
2012-03-30 06:00:00,115.01663
2012-03-30 07:00:00,113.73052
2012-03-30 08:00:00,98.88484
2012-03-30 09:00:00,119.46482
2012-03-30 10:00:00,133.6605
2012-03-30 11:00:00,152.35527
2012-03-30 12:00:00,154.90947
2012-03-30 13:00:00,185.28831
2012-03-30 14:00:00,172.88814
2012-03-30 15:00:00,178.54242
2012-03-30 16:00:00,152.27356
2012-03-30 17:00:00,140.1008
2012-03-30 18:00:00,167.69266
2012-03-30 19:00:00,131.27464
2012-03-30 20:00:00,127.928055
2012-03-30 21:00:00,109.16078
2012-03-30 22:00:00,102.34359
2012-03-30 23:00:00,99.26779
2012-03-31 00:00:00,94.6476
2012-03-31 01:00:00,107.55743
2012-03-31 02:00:00,112.25039
2012-03-31 03:00:00,97.18041
2012-03-31 04:00:00,108.6936
2012-03-31 05:00:00,98.94095
2012-03-31 06:00:00,77.45454
2012-03-31 07:00:00,77.45454
2012-03-31 08:00:00,75.69397
2012-03-31 09:00:00,107.55743
2012-03-31 10:00:00,104.74881
2012-03-31 11:00:00,113.09771
2012-03-31 12:00:00,125.69894
2012-03-31 13:00:00,183.68066
2012-03-31 14:00:00,169.1174
2012-03-31 15:00:00,199.73471
2012-03-31 16:00:00,171.70131
2012-03-31 17:00:00,144.62282
2012-03-31 18:00:00,127.9381
2012-03-31 19:00:00,120.69095
2012-03-31 20:00:00,117.37153
2012-03-31 21:00:00,117.37153
2012-03-31 22:00:00,111.500534
2012-03-31 23:00:00,88.107544
2012-04-20 00:00:00,132.83499
2012-04-20 01:00:00,113.356575
2012-04-20 02:00:00,112.138855
2012-04-20 03:00:00,109.729095
2012-04-20 04:00:00,105.14702
2012-04-20 05:00:00,104.764984
2012-04-20 06:00:00,105.22361
2012-04-20 07:00:00,104.764984
2012-04-20 08:00:00,107.10071
2012-04-20 09:00:00,110.88657
2012-04-20 10:00:00,118.53659
2012-04-20 11:00:00,150.4791
2012-04-20 12:00:00,249.60228
2012-04-20 13:00:00,296.7744
2012-04-20 14:00:00,304.907
2012-04-20 15:00:00,288.37094
2012-04-20 16:00:00,301.6656
2012-04-20 17:00:00,310.05743
2012-04-20 18:00:00,296.76276
2012-04-20 19:00:00,261.78168
2012-04-20 20:00:00,231.3801
2012-04-20 21:00:00,154.5811
2012-04-20 22:00:00,155.49619
2012-04-20 23:00:00,131.27083
2012-04-21 00:00:00,121.5368
2012-04-21 01:00:00,121.5368
2012-04-21 02:00:00,117.03496
2012-04-21 03:00:00,113.91886
2012-04-21 04:00:00,115.320816
2012-04-21 05:00:00,115.320816
2012-04-21 06:00:00,113.91887
2012-04-21 07:00:00,116.727486
2012-04-21 08:00:00,119.19294
2012-04-21 09:00:00,122.699844
2012-04-21 10:00:00,207.14604
2012-04-21 11:00:00,231.99469
2012-04-21 12:00:00,263.53513
2012-04-21 13:00:00,287.006
2012-04-21 14:00:00,362.7741
2012-04-21 15:00:00,384.106
2012-04-21 16:00:00,385.76404
2012-04-21 17:00:00,434.44357
2012-04-21 18:00:00,370.05276
2012-04-21 19:00:00,171.02655
2012-04-21 20:00:00,126.04436
2012-04-21 21:00:00,129.27057
2012-04-21 22:00:00,114.48196
2012-04-21 23:00:00,115.00887
2012-04-22 00:00:00,110.91666
2012-04-22 01:00:00,116.609795
2012-04-22 02:00:00,121.69425
2012-04-22 03:00:00,108.25891
2012-04-22 04:00:00,111.14385
2012-04-22 05:00:00,113.95247
2012-04-22 06:00:00,124.83779
2012-04-22 07:00:00,121.18967
2012-04-22 08:00:00,107.80581
2012-04-22 09:00:00,107.80581
2012-04-22 10:00:00,98.65545
2012-04-22 11:00:00,89.51285
2012-04-22 12:00:00,87.74639
2012-04-22 13:00:00,97.702995
2012-04-22 14:00:00,87.74639
2012-04-22 15:00:00,84.21941
2012-04-22 16:00:00,80.69238
2012-04-22 17:00:00,45.667534
2012-04-22 18:00:00,45.667534
2012-04-22 19:00:00,53.065735
2012-04-22 20:00:00,51.73455
2012-04-22 21:00:00,65.30058
2012-04-22 22:00:00,42.776573
2012-04-22 23:00:00,71.15789
2012-04-23 00:00:00,103.17103
2012-04-23 01:00:00,84.60336
2012-04-23 02:00:00,79.28572
2012-04-23 03:00:00,93.2003
2012-04-23 04:00:00,92.98192
2012-04-23 05:00:00,92.98192
2012-04-23 06:00:00,82.58427
2012-04-23 07:00:00,94.47163
2012-04-23 08:00:00,92.623314
2012-04-23 09:00:00,89.09633
2012-04-23 10:00:00,104.91383
2012-04-23 11:00:00,104.553764
2012-04-23 12:00:00,110.93939
2012-04-23 13:00:00,117.29534
2012-04-23 14:00:00,134.42238
2012-04-23 15:00:00,128.76727
2012-04-23 16:00:00,84.460106
2012-04-23 17:00:00,84.25308
2012-04-23 18:00:00,103.41419
2012-04-23 19:00:00,103.40942
2012-04-23 20:00:00,101.23518
2012-04-23 21:00:00,96.1747
2012-04-23 22:00:00,99.58855
2012-04-23 23:00:00,99.458145
2012-04-24 00:00:00,101.42197
2012-04-24 01:00:00,100.95722
2012-04-24 02:00:00,95.42519
2012-04-24 03:00:00,90.6316
2012-04-24 04:00:00,97.445206
2012-04-24 05:00:00,97.445206
2012-04-24 06:00:00,98.25025
2012-04-24 07:00:00,102.158775
2012-04-24 08:00:00,109.74142
2012-04-24 09:00:00,207.07904
2012-04-24 10:00:00,214.87335
2012-04-24 11:00:00,337.0733
2012-04-24 12:00:00,350.8
2012-04-24 13:00:00,356.94833
2012-04-24 14:00:00,364.5579
2012-04-24 15:00:00,330.55496
2012-04-24 16:00:00,319.9753
2012-04-24 17:00:00,335.5332
2012-04-24 18:00:00,262.79398
2012-04-24 19:00:00,323.9318
2012-04-24 20:00:00,340.3362
2012-04-24 21:00:00,304.24387
2012-04-24 22:00:00,243.95906
2012-04-24 23:00:00,225.3611
2012-04-25 00:00:00,209.18108
2012-04-25 01:00:00,194.21584
2012-04-25 02:00:00,107.00892
2012-04-25 03:00:00,98.18313
2012-04-25 04:00:00,99.06857
2012-04-25 05:00:00,97.12923
2012-04-25 06:00:00,97.12923
2012-04-25 07:00:00,97.86595
2012-04-25 08:00:00,101.56526
2012-04-25 09:00:00,153.91527
2012-04-25 10:00:00,244.21997
2012-04-25 11:00:00,286.14127
2012-04-25 12:00:00,346.0342
2012-04-25 13:00:00,343.17877
2012-04-25 14:00:00,355.16052
2012-04-25 15:00:00,319.16705
2012-04-25 16:00:00,356.34177
2012-04-25 17:00:00,356.87537
2012-04-25 18:00:00,353.57123
2012-04-25 19:00:00,333.65677
2012-04-25 20:00:00,304.3214
2012-04-25 21:00:00,221.16255
2012-04-25 22:00:00,185.85416
2012-04-25 23:00:00,220.01286
2012-04-26 00:00:00,148.69868
2012-04-26 01:00:00,223.6587
2012-04-26 02:00:00,202.27142
2012-04-26 03:00:00,201.71538
2012-04-26 04:00:00,176.8789
2012-04-26 05:00:00,156.54791
2012-04-26 06:00:00,163.4345
2012-04-26 07:00:00,125.01181
2012-04-26 08:00:00,116.8214
2012-04-26 09:00:00,116.44922
2012-04-26 10:00:00,114.93043
2012-04-26 11:00:00,115.75223
2012-04-26 12:00:00,117.50417
2012-04-26 13:00:00,116.814766
2012-04-26 14:00:00,134.47461
2012-04-26 15:00:00,127.000046
2012-04-26 16:00:00,121.78751
2012-04-26 17:00:00,124.18447
2012-04-26 18:00:00,134.47461
2012-04-26 19:00:00,136.15073
2012-04-26 20:00:00,125.64845
2012-04-26 21:00:00,118.447556
2012-04-26 22:00:00,116.793205
2012-04-26 23:00:00,116.01901
2012-04-27 00:00:00,172.22906
2012-04-27 01:00:00,185.82088
2012-04-27 02:00:00,177.30963
2012-04-27 03:00:00,230.50314
2012-04-27 04:00:00,232.3385
2012-04-27 05:00:00,235.55232
2012-04-27 06:00:00,228.98914
2012-04-27 07:00:00,176.27835
2012-04-27 08:00:00,160.66118
2012-04-27 09:00:00,239.6826
2012-04-27 10:00:00,284.77512
2012-04-27 11:00:00,281.9852
2012-04-27 12:00:00,307.12253
2012-04-27 13:00:00,329.50604
2012-04-27 14:00:00,314.07162
2012-04-27 15:00:00,358.75266
2012-04-27 16:00:00,328.36096
2012-04-27 17:00:00,361.42752
2012-04-27 18:00:00,364.76596
2012-04-27 19:00:00,364.51556
2012-04-27 20:00:00,310.05658
2012-04-27 21:00:00,300.19318
2012-04-27 22:00:00,265.36987
2012-04-27 23:00:00,247.76166
2012-04-28 00:00:00,214.16847
2012-04-28 01:00:00,145.18233
2012-04-28 02:00:00,194.50021
2012-04-28 03:00:00,140.80199
2012-04-28 04:00:00,147.15088
2012-04-28 05:00:00,165.07426
2012-04-28 06:00:00,146.99275
2012-04-28 07:00:00,147.15088
2012-04-28 08:00:00,232.09187
2012-04-28 09:00:00,235.20627
2012-04-28 10:00:00,247.85632
2012-04-28 11:00:00,245.87605
2012-04-28 12:00:00,216.60603
2012-04-28 13:00:00,241.32623
2012-04-28 14:00:00,257.00235
2012-04-28 15:00:00,247.86032
2012-04-28 16:00:00,293.7868
2012-04-28 17:00:00,259.94962
2012-04-28 18:00:00,222.18452
2012-04-28 19:00:00,104.428825
2012-04-28 20:00:00,108.739395
2012-04-28 21:00:00,106.56219
2012-04-28 22:00:00,100.24507
2012-04-28 23:00:00,101.302986
2012-04-29 00:00:00,96.4293
2012-04-29 01:00:00,91.02646
2012-04-29 02:00:00,85.06041
2012-04-29 03:00:00,75.694
2012-04-29 04:00:00,79.220955
2012-04-29 05:00:00,83.02779
2012-04-29 06:00:00,67.829544
2012-04-29 07:00:00,73.23237
2012-04-29 08:00:00,100.729485
2012-04-29 09:00:00,105.01652
2012-04-29 10:00:00,113.479515
2012-04-29 11:00:00,197.16196
2012-04-29 12:00:00,254.12946
2012-04-29 13:00:00,257.49152
2012-04-29 14:00:00,282.05466
2012-04-29 15:00:00,311.57312
2012-04-29 16:00:00,360.26346
2012-04-29 17:00:00,384.01938
2012-04-29 18:00:00,376.4479
2012-04-29 19:00:00,319.14035
2012-04-29 20:00:00,318.85623
2012-04-29 21:00:00,249.38896
2012-04-29 22:00:00,232.05048
2012-04-29 23:00:00,156.87408
2012-04-30 00:00:00,109.93107
2012-04-30 01:00:00,107.00479
2012-04-30 02:00:00,109.42176
2012-04-30 03:00:00,107.55985
2012-04-30 04:00:00,127.19121
2012-04-30 05:00:00,127.19121
2012-04-30 06:00:00,202.02922
2012-04-30 07:00:00,183.18625
2012-04-30 08:00:00,226.9064
2012-04-30 09:00:00,241.77063
2012-04-30 10:00:00,246.56258
2012-04-30 11:00:00,228.37227
2012-04-30 12:00:00,226.3376
2012-04-30 13:00:00,214.3586
2012-04-30 14:00:00,212.95471
2012-04-30 15:00:00,216.91052
2012-04-30 16:00:00,197.55171
2012-04-30 17:00:00,196.63525
2012-04-30 18:00:00,213.31616
2012-04-30 19:00:00,180.1115
2012-04-30 20:00:00,199.3838
2012-04-30 21:00:00,199.3838
2012-04-30 22:00:00,223.59125
2012-04-30 23:00:00,225.42729
2012-05-20 00:00:00,246.0249
2012-05-20 01:00:00,227.33467
2012-05-20 02:00:00,227.33467
2012-05-20 03:00:00,207.4299
2012-05-20 04:00:00,139.26524
2012-05-20 05:00:00,122.5683
2012-05-20 06:00:00,151.71785
2012-05-20 07:00:00,145.11755
2012-05-20 08:00:00,219.35449
2012-05-20 09:00:00,384.775
2012-05-20 10:00:00,397.83655
2012-05-20 11:00:00,397.99945
2012-05-20 12:00:00,404.1589
2012-05-20 13:00:00,393.25507
2012-05-20 14:00:00,418.7323
2012-05-20 15:00:00,429.437
2012-05-20 16:00:00,399.5792
2012-05-20 17:00:00,377.19852
2012-05-20 18:00:00,329.28763
2012-05-20 19:00:00,249.00548
2012-05-20 20:00:00,249.00546
2012-05-20 21:00:00,195.0922
2012-05-20 22:00:00,169.9215
2012-05-20 23:00:00,168.48688
2012-05-21 00:00:00,133.9881
2012-05-21 01:00:00,136.966
2012-05-21 02:00:00,126.66833
2012-05-21 03:00:00,126.7513
2012-05-21 04:00:00,131.07948
2012-05-21 05:00:00,131.07948
2012-05-21 06:00:00,131.07948
2012-05-21 07:00:00,131.07948
2012-05-21 08:00:00,128.84479
2012-05-21 09:00:00,127.358376
2012-05-21 10:00:00,133.24487
2012-05-21 11:00:00,132.35916
2012-05-21 12:00:00,137.37624
2012-05-21 13:00:00,146.20242
2012-05-21 14:00:00,142.85582
2012-05-21 15:00:00,180.59639
2012-05-21 16:00:00,184.03972
2012-05-21 17:00:00,210.95734
2012-05-21 18:00:00,164.92137
2012-05-21 19:00:00,191.06564
2012-05-21 20:00:00,182.81006
2012-05-21 21:00:00,176.80742
2012-05-21 22:00:00,172.0678
2012-05-21 23:00:00,168.44139
2012-05-22 00:00:00,127.66151
2012-05-22 01:00:00,126.51267
2012-05-22 02:00:00,125.13123
2012-05-22 03:00:00,125.13123
2012-05-22 04:00:00,121.79149
2012-05-22 05:00:00,125.866936
2012-05-22 06:00:00,121.67667
2012-05-22 07:00:00,121.67667
2012-05-22 08:00:00,120.96293
2012-05-22 09:00:00,129.33476
2012-05-22 10:00:00,145.882
2012-05-22 11:00:00,140.85934
2012-05-22 12:00:00,152.45154
2012-05-22 13:00:00,169.28073
2012-05-22 14:00:00,175.43436
2012-05-22 15:00:00,234.94148
2012-05-22 16:00:00,232.91995
2012-05-22 17:00:00,240.46176
2012-05-22 18:00:00,240.15385
2012-05-22 19:00:00,195.19594
2012-05-22 20:00:00,173.52675
2012-05-22 21:00:00,145.29585
2012-05-22 22:00:00,157.51299
2012-05-22 23:00:00,158.34824
2012-05-23 00:00:00,145.29585
2012-05-23 01:00:00,126.095695
2012-05-23 02:00:00,132.35916
2012-05-23 03:00:00,137.89108
2012-05-23 04:00:00,137.12154
2012-05-23 05:00:00,128.84479
2012-05-23 06:00:00,118.59762
2012-05-23 07:00:00,116.36264
2012-05-23 08:00:00,116.36264
2012-05-23 09:00:00,146.59361
2012-05-23 10:00:00,142.79012
2012-05-23 11:00:00,158.74843
2012-05-23 12:00:00,205.91058
2012-05-23 13:00:00,181.93497
2012-05-23 14:00:00,227.22778
2012-05-23 15:00:00,225.4099
2012-05-23 16:00:00,259.42737
2012-05-23 17:00:00,211.58336
2012-05-23 18:00:00,211.58336
2012-05-23 19:00:00,138.11307
2012-05-23 20:00:00,133.93127
2012-05-23 21:00:00,128.90858
2012-05-23 22:00:00,138.11307
2012-05-23 23:00:00,124.604256
2012-05-24 00:00:00,122.40709
2012-05-24 01:00:00,120.05333
2012-05-24 02:00:00,117.57041
2012-05-24 03:00:00,122.00573
2012-05-24 04:00:00,124.33251
2012-05-24 05:00:00,124.33251
2012-05-24 06:00:00,124.33251
2012-05-24 07:00:00,123.11781
2012-05-24 08:00:00,160.01869
2012-05-24 09:00:00,161.69482
2012-05-24 10:00:00,207.93404
2012-05-24 11:00:00,217.56429
2012-05-24 12:00:00,247.86288
2012-05-24 13:00:00,280.34464
2012-05-24 14:00:00,297.31696
2012-05-24 15:00:00,304.52963
2012-05-24 16:00:00,325.84766
2012-05-24 17:00:00,311.7665
2012-05-24 18:00:00,320.087
2012-05-24 19:00:00,267.03192
2012-05-24 20:00:00,211.87683
2012-05-24 21:00:00,167.39641
2012-05-24 22:00:00,155.22366
2012-05-24 23:00:00,156.89412
2012-05-25 00:00:00,128.69765
2012-05-25 01:00:00,126.62548
2012-05-25 02:00:00,128.90858
2012-05-25 03:00:00,124.25313
2012-05-25 04:00:00,120.47925
2012-05-25 05:00:00,123.50991
2012-05-25 06:00:00,124.25313
2012-05-25 07:00:00,127.23102
2012-05-25 08:00:00,126.24886
2012-05-25 09:00:00,127.73531
2012-05-25 10:00:00,161.2695
2012-05-25 11:00:00,159.5934
2012-05-25 12:00:00,230.32526
2012-05-25 13:00:00,253.93236
2012-05-25 14:00:00,266.33127
2012-05-25 15:00:00,275.64215
2012-05-25 16:00:00,317.87186
2012-05-25 17:00:00,294.25235
2012-05-25 18:00:00,275.64215
2012-05-25 19:00:00,278.66696
2012-05-25 20:00:00,237.77773
2012-05-25 21:00:00,233.37746
2012-05-25 22:00:00,167.9787
2012-05-25 23:00:00,158.84454
2012-05-26 00:00:00,130.78088
2012-05-26 01:00:00,129.10478
2012-05-26 02:00:00,121.97477
2012-05-26 03:00:00,118.49256
2012-05-26 04:00:00,119.97903
2012-05-26 05:00:00,133.35289
2012-05-26 06:00:00,122.95691
2012-05-26 07:00:00,125.79864
2012-05-26 08:00:00,146.78983
2012-05-26 09:00:00,132.45137
2012-05-26 10:00:00,163.33795
2012-05-26 11:00:00,189.14642
2012-05-26 12:00:00,255.25739
2012-05-26 13:00:00,269.00375
2012-05-26 14:00:00,269.92328
2012-05-26 15:00:00,271.7593
2012-05-26 16:00:00,344.5585
2012-05-26 17:00:00,368.31592
2012-05-26 18:00:00,346.80127
2012-05-26 19:00:00,270.1023
2012-05-26 20:00:00,329.76175
2012-05-26 21:00:00,284.64325
2012-05-26 22:00:00,192.5897
2012-05-26 23:00:00,192.5897
2012-05-27 00:00:00,215.46364
2012-05-27 01:00:00,173.76146
2012-05-27 02:00:00,170.70413
2012-05-27 03:00:00,167.26088
2012-05-27 04:00:00,129.796
2012-05-27 05:00:00,129.796
2012-05-27 06:00:00,128.02051
2012-05-27 07:00:00,121.47046
2012-05-27 08:00:00,132.45137
2012-05-27 09:00:00,142.84357
2012-05-27 10:00:00,182.29004
2012-05-27 11:00:00,245.59393
2012-05-27 12:00:00,256.17383
2012-05-27 13:00:00,314.21606
2012-05-27 14:00:00,316.0521
2012-05-27 15:00:00,361.8155
2012-05-27 16:00:00,361.8155
2012-05-27 17:00:00,377.60873
2012-05-27 18:00:00,317.42987
2012-05-27 19:00:00,314.21606
2012-05-27 20:00:00,310.31406
2012-05-27 21:00:00,228.44746
2012-05-27 22:00:00,136.45662
2012-05-27 23:00:00,143.985
2012-05-28 00:00:00,131.46735
2012-05-28 01:00:00,161.50948
2012-05-28 02:00:00,127.07004
2012-05-28 03:00:00,159.918
2012-05-28 04:00:00,137.74452
2012-05-28 05:00:00,137.74452
2012-05-28 06:00:00,159.918
2012-05-28 07:00:00,141.80833
2012-05-28 08:00:00,184.6862
2012-05-28 09:00:00,249.86569
2012-05-28 10:00:00,249.86569
2012-05-28 11:00:00,241.61913
2012-05-28 12:00:00,286.03683
2012-05-28 13:00:00,318.71475
2012-05-28 14:00:00,318.71475
2012-05-28 15:00:00,370.08002
2012-05-28 16:00:00,371.19846
2012-05-28 17:00:00,370.08002
2012-05-28 18:00:00,339.2614
2012-05-28 19:00:00,361.66354
2012-05-28 20:00:00,305.75256
2012-05-28 21:00:00,270.54007
2012-05-28 22:00:00,227.07825
2012-05-28 23:00:00,197.32637
2012-05-29 00:00:00,171.65607
2012-05-29 01:00:00,171.65607
2012-05-29 02:00:00,147.8151
2012-05-29 03:00:00,167.96265
2012-05-29 04:00:00,158.84454
2012-05-29 05:00:00,158.84454
2012-05-29 06:00:00,158.84454
2012-05-29 07:00:00,158.84454
2012-05-29 08:00:00,190.25026
2012-05-29 09:00:00,223.79115
2012-05-29 10:00:00,234.83244
2012-05-29 11:00:00,294.71063
2012-05-29 12:00:00,342.76346
2012-05-29 13:00:00,372.7773
2012-05-29 14:00:00,380.45102
2012-05-29 15:00:00,384.231
2012-05-29 16:00:00,411.11465
2012-05-29 17:00:00,401.67734
2012-05-29 18:00:00,403.28104
2012-05-29 19:00:00,350.37735
2012-05-29 20:00:00,303.6076
2012-05-29 21:00:00,142.8069
2012-05-29 22:00:00,123.50991
2012-05-29 23:00:00,122.00011
2012-05-30 00:00:00,130.8082
2012-05-30 01:00:00,135.04137
2012-05-30 02:00:00,124.48302
2012-05-30 03:00:00,130.06775
2012-05-30 04:00:00,125.73957
2012-05-30 05:00:00,154.12202
2012-05-30 06:00:00,146.71725
2012-05-30 07:00:00,160.5605
2012-05-30 08:00:00,168.77089
2012-05-30 09:00:00,194.86302
2012-05-30 10:00:00,197.6186
2012-05-30 11:00:00,234.24524
2012-05-30 12:00:00,234.79668
2012-05-30 13:00:00,244.09677
2012-05-30 14:00:00,309.80585
2012-05-30 15:00:00,282.40695
2012-05-30 16:00:00,289.64377
2012-05-30 17:00:00,284.88257
2012-05-30 18:00:00,302.93848
2012-05-30 19:00:00,280.34464
2012-05-30 20:00:00,200.93025
2012-05-30 21:00:00,245.32011
2012-05-30 22:00:00,191.5239
2012-05-30 23:00:00,214.85468
2012-05-31 00:00:00,182.81006
2012-05-31 01:00:00,181.43533
2012-05-31 02:00:00,205.56769
2012-05-31 03:00:00,176.80742
2012-05-31 04:00:00,167.30302
2012-05-31 05:00:00,185.14738
2012-05-31 06:00:00,162.26929
2012-05-31 07:00:00,209.55067
2012-05-31 08:00:00,262.22833
2012-05-31 09:00:00,306.816
2012-05-31 10:00:00,380.47318
2012-05-31 11:00:00,367.341
2012-05-31 12:00:00,344.19666
2012-05-31 13:00:00,340.79147
2012-05-31 14:00:00,377.51984
2012-05-31 15:00:00,396.9693
2012-05-31 16:00:00,393.11716
2012-05-31 17:00:00,369.81552
2012-05-31 18:00:00,373.27032
2012-05-31 19:00:00,347.84323
2012-05-31 20:00:00,300.08618
2012-05-31 21:00:00,300.08618
2012-05-31 22:00:00,275.85455
2012-05-31 23:00:00,277.9052
2012-06-20 00:00:00,171.65607
2012-06-20 01:00:00,162.93997
2012-06-20 02:00:00,140.77512
2012-06-20 03:00:00,139.09901
2012-06-20 04:00:00,136.59326
2012-06-20 05:00:00,136.59326
2012-06-20 06:00:00,125.505646
2012-06-20 07:00:00,123.93482
2012-06-20 08:00:00,176.9542
2012-06-20 09:00:00,194.05511
2012-06-20 10:00:00,310.70587
2012-06-20 11:00:00,340.40158
2012-06-20 12:00:00,346.5051
2012-06-20 13:00:00,340.90457
2012-06-20 14:00:00,389.1823
2012-06-20 15:00:00,360.38297
2012-06-20 16:00:00,387.39966
2012-06-20 17:00:00,352.8157
2012-06-20 18:00:00,352.81577
2012-06-20 19:00:00,410.51022
2012-06-20 20:00:00,389.04807
2012-06-20 21:00:00,329.23407
2012-06-20 22:00:00,320.97464
2012-06-20 23:00:00,270.53934
2012-06-21 00:00:00,254.74979
2012-06-21 01:00:00,216.40704
2012-06-21 02:00:00,215.49059
2012-06-21 03:00:00,216.66891
2012-06-21 04:00:00,178.89761
2012-06-21 05:00:00,179.75694
2012-06-21 06:00:00,189.41054
2012-06-21 07:00:00,189.41054
2012-06-21 08:00:00,233.06334
2012-06-21 09:00:00,345.20535
2012-06-21 10:00:00,357.35983
2012-06-21 11:00:00,400.03702
2012-06-21 12:00:00,426.7799
2012-06-21 13:00:00,383.75974
2012-06-21 14:00:00,419.81143
2012-06-21 15:00:00,419.56378
2012-06-21 16:00:00,413.54123
2012-06-21 17:00:00,383.39948
2012-06-21 18:00:00,415.41016
2012-06-21 19:00:00,436.8869
2012-06-21 20:00:00,403.95654
2012-06-21 21:00:00,362.8004
2012-06-21 22:00:00,316.28455
2012-06-21 23:00:00,308.9898
2012-06-22 00:00:00,277.85138
2012-06-22 01:00:00,266.19427
2012-06-22 02:00:00,206.79272
2012-06-22 03:00:00,206.79272
2012-06-22 04:00:00,264.95752
2012-06-22 05:00:00,279.38373
2012-06-22 06:00:00,257.69727
2012-06-22 07:00:00,308.3647
2012-06-22 08:00:00,316.06027
2012-06-22 09:00:00,330.0745
2012-06-22 10:00:00,397.24942
2012-06-22 11:00:00,358.7467
2012-06-22 12:00:00,365.03354
2012-06-22 13:00:00,436.8869
2012-06-22 14:00:00,436.8869
2012-06-22 15:00:00,463.0172
2012-06-22 16:00:00,424.6595
2012-06-22 17:00:00,417.1329
2012-06-22 18:00:00,358.90244
2012-06-22 19:00:00,407.96307
2012-06-22 20:00:00,407.96307
2012-06-22 21:00:00,309.29047
2012-06-22 22:00:00,249.8851
2012-06-22 23:00:00,208.75018
2012-06-23 00:00:00,147.8968
2012-06-23 01:00:00,182.14905
2012-06-23 02:00:00,167.59798
2012-06-23 03:00:00,161.74564
2012-06-23 04:00:00,165.92747
2012-06-23 05:00:00,167.59798
2012-06-23 06:00:00,152.91948
2012-06-23 07:00:00,157.1013
2012-06-23 08:00:00,250.23604
2012-06-23 09:00:00,317.5796
2012-06-23 10:00:00,355.50308
2012-06-23 11:00:00,394.3881
2012-06-23 12:00:00,419.7643
2012-06-23 13:00:00,419.9921
2012-06-23 14:00:00,423.74368
2012-06-23 15:00:00,444.29803
2012-06-23 16:00:00,428.95337
2012-06-23 17:00:00,416.6972
2012-06-23 18:00:00,426.63177
2012-06-23 19:00:00,402.1207
2012-06-23 20:00:00,406.61365
2012-06-23 21:00:00,392.80008
2012-06-23 22:00:00,388.6368
2012-06-23 23:00:00,339.54187
2012-06-24 00:00:00,308.52408
2012-06-24 01:00:00,327.69867
2012-06-24 02:00:00,316.07965
2012-06-24 03:00:00,276.41107
2012-06-24 04:00:00,264.09445
2012-06-24 05:00:00,223.55872
2012-06-24 06:00:00,254.2301
2012-06-24 07:00:00,227.27014
2012-06-24 08:00:00,284.81326
2012-06-24 09:00:00,314.67667
2012-06-24 10:00:00,366.98416
2012-06-24 11:00:00,401.70514
2012-06-24 12:00:00,420.42523
2012-06-24 13:00:00,433.6639
2012-06-24 14:00:00,437.70328
2012-06-24 15:00:00,420.55356
2012-06-24 16:00:00,427.76978
2012-06-24 17:00:00,431.6611
2012-06-24 18:00:00,433.23083
2012-06-24 19:00:00,447.62332
2012-06-24 20:00:00,415.85016
2012-06-24 21:00:00,369.35513
2012-06-24 22:00:00,332.45618
2012-06-24 23:00:00,321.36176
2012-06-25 00:00:00,313.63257
2012-06-25 01:00:00,287.395
2012-06-25 02:00:00,255.99008
2012-06-25 03:00:00,253.55716
2012-06-25 04:00:00,190.13943
2012-06-25 05:00:00,209.73631
2012-06-25 06:00:00,178.16754
2012-06-25 07:00:00,211.57233
2012-06-25 08:00:00,242.05766
2012-06-25 09:00:00,282.62354
2012-06-25 10:00:00,323.29712
2012-06-25 11:00:00,422.25558
2012-06-25 12:00:00,406.63126
2012-06-25 13:00:00,359.42487
2012-06-25 14:00:00,395.1862
2012-06-25 15:00:00,466.40237
2012-06-25 16:00:00,442.65906
2012-06-25 17:00:00,408.54318
2012-06-25 18:00:00,441.54282
2012-06-25 19:00:00,431.899
2012-06-25 20:00:00,441.77527
2012-06-25 21:00:00,408.76913
2012-06-25 22:00:00,417.7405
2012-06-25 23:00:00,409.9629
2012-06-26 00:00:00,407.64127
2012-06-26 01:00:00,411.7331
2012-06-26 02:00:00,335.2623
2012-06-26 03:00:00,321.48505
2012-06-26 04:00:00,325.3219
2012-06-26 05:00:00,307.3803
2012-06-26 06:00:00,279.50082
2012-06-26 07:00:00,281.33682
2012-06-26 08:00:00,318.55713
2012-06-26 09:00:00,353.60605
2012-06-26 10:00:00,385.6089
2012-06-26 11:00:00,424.53192
2012-06-26 12:00:00,440.68158
2012-06-26 13:00:00,441.79803
2012-06-26 14:00:00,441.79803
2012-06-26 15:00:00,440.85153
2012-06-26 16:00:00,404.93503
2012-06-26 17:00:00,431.29794
2012-06-26 18:00:00,418.05927
2012-06-26 19:00:00,388.27774
2012-06-26 20:00:00,402.12436
2012-06-26 21:00:00,384.88095
2012-06-26 22:00:00,394.15585
2012-06-26 23:00:00,327.87772
2012-06-27 00:00:00,343.31213
2012-06-27 01:00:00,323.55634
2012-06-27 02:00:00,276.74222
2012-06-27 03:00:00,280.835
2012-06-27 04:00:00,358.05682
2012-06-27 05:00:00,354.30267
2012-06-27 06:00:00,329.9613
2012-06-27 07:00:00,373.51266
2012-06-27 08:00:00,370.29953
2012-06-27 09:00:00,394.5299
2012-06-27 10:00:00,393.42654
2012-06-27 11:00:00,417.664
2012-06-27 12:00:00,412.37772
2012-06-27 13:00:00,421.69006
2012-06-27 14:00:00,421.49307
2012-06-27 15:00:00,432.48462
2012-06-27 16:00:00,418.4729
2012-06-27 17:00:00,431.40668
2012-06-27 18:00:00,421.69006
2012-06-27 19:00:00,422.29163
2012-06-27 20:00:00,393.0958
2012-06-27 21:00:00,380.73523
2012-06-27 22:00:00,349.58234
2012-06-27 23:00:00,320.1196
2012-06-28 00:00:00,296.20148
2012-06-28 01:00:00,258.46313
2012-06-28 02:00:00,292.59518
2012-06-28 03:00:00,292.59518
2012-06-28 04:00:00,252.48653
2012-06-28 05:00:00,262.9061
2012-06-28 06:00:00,262.9061
2012-06-28 07:00:00,252.48653
2012-06-28 08:00:00,303.41415
2012-06-28 09:00:00,309.50787
2012-06-28 10:00:00,348.42957
2012-06-28 11:00:00,399.6691
2012-06-28 12:00:00,415.41492
2012-06-28 13:00:00,406.4278
2012-06-28 14:00:00,426.69357
2012-06-28 15:00:00,426.69357
2012-06-28 16:00:00,396.28198
2012-06-28 17:00:00,394.33627
2012-06-28 18:00:00,403.52032
2012-06-28 19:00:00,427.46988
2012-06-28 20:00:00,409.75775
2012-06-28 21:00:00,330.50983
2012-06-28 22:00:00,333.318
2012-06-28 23:00:00,333.0564
2012-06-29 00:00:00,333.0564
2012-06-29 01:00:00,329.30222
2012-06-29 02:00:00,309.9549
2012-06-29 03:00:00,309.9549
2012-06-29 04:00:00,275.41083
2012-06-29 05:00:00,273.36023
2012-06-29 06:00:00,300.0448
2012-06-29 07:00:00,273.36023
2012-06-29 08:00:00,315.44934
2012-06-29 09:00:00,323.29712
2012-06-29 10:00:00,458.5531
2012-06-29 11:00:00,464.0293
2012-06-29 12:00:00,463.65396
2012-06-29 13:00:00,441.06006
2012-06-29 14:00:00,448.00278
2012-06-29 15:00:00,398.4603
2012-06-29 16:00:00,398.4603
2012-06-29 17:00:00,440.79654
2012-06-29 18:00:00,385.83374
2012-06-29 19:00:00,411.54337
2012-06-29 20:00:00,452.14734
2012-06-29 21:00:00,388.34695
2012-06-29 22:00:00,356.85455
2012-06-29 23:00:00,356.85455
2012-06-30 00:00:00,157.0862
2012-06-30 01:00:00,160.43277
2012-06-30 02:00:00,139.05553
2012-06-30 03:00:00,139.05553
2012-06-30 04:00:00,122.05758
2012-06-30 05:00:00,139.43385
2012-06-30 06:00:00,139.43385
2012-06-30 07:00:00,139.43385
2012-06-30 08:00:00,139.43385
2012-06-30 09:00:00,139.43385
2012-06-30 10:00:00,435.3048
2012-06-30 11:00:00,435.3048
2012-06-30 12:00:00,435.3048
2012-06-30 13:00:00,435.3048
2012-06-30 14:00:00,435.3048
2012-06-30 15:00:00,435.3048
2012-06-30 16:00:00,416.80203
2012-06-30 17:00:00,412.71878
2012-06-30 18:00:00,389.74252
2012-06-30 19:00:00,443.61368
2012-06-30 20:00:00,387.2443
2012-06-30 21:00:00,387.2443
2012-06-30 22:00:00,337.93295
2012-06-30 23:00:00,319.87704
2012-07-20 00:00:00,159.91678
2012-07-20 01:00:00,144.77017
2012-07-20 02:00:00,151.0906
2012-07-20 03:00:00,151.92587
2012-07-20 04:00:00,155.2724
2012-07-20 05:00:00,153.59634
2012-07-20 06:00:00,155.2724
2012-07-20 07:00:00,156.94292
2012-07-20 08:00:00,187.14297
2012-07-20 09:00:00,216.58607
2012-07-20 10:00:00,217.50565
2012-07-20 11:00:00,279.33777
2012-07-20 12:00:00,197.65596
2012-07-20 13:00:00,194.21268
2012-07-20 14:00:00,204.2262
2012-07-20 15:00:00,201.45915
2012-07-20 16:00:00,196.6135
2012-07-20 17:00:00,169.49402
2012-07-20 18:00:00,204.96082
2012-07-20 19:00:00,173.89874
2012-07-20 20:00:00,189.97046
2012-07-20 21:00:00,183.23027
2012-07-20 22:00:00,166.10399
2012-07-20 23:00:00,171.12666
2012-07-21 00:00:00,179.5425
2012-07-21 01:00:00,168.17245
2012-07-21 02:00:00,155.23573
2012-07-21 03:00:00,153.55963
2012-07-21 04:00:00,152.46365
2012-07-21 05:00:00,150.78755
2012-07-21 06:00:00,150.78755
2012-07-21 07:00:00,141.96136
2012-07-21 08:00:00,156.68423
2012-07-21 09:00:00,153.33766
2012-07-21 10:00:00,150.78755
2012-07-21 11:00:00,162.41855
2012-07-21 12:00:00,169.57422
2012-07-21 13:00:00,166.22763
2012-07-21 14:00:00,144.73346
2012-07-21 15:00:00,153.55963
2012-07-21 16:00:00,150.21307
2012-07-21 17:00:00,148.54257
2012-07-21 18:00:00,141.38692
2012-07-21 19:00:00,139.71643
2012-07-21 20:00:00,148.54257
2012-07-21 21:00:00,139.7164
2012-07-21 22:00:00,136.36983
2012-07-21 23:00:00,130.5119
2012-07-22 00:00:00,136.36983
2012-07-22 01:00:00,139.7164
2012-07-22 02:00:00,136.36983
2012-07-22 03:00:00,136.36983
2012-07-22 04:00:00,122.198364
2012-07-22 05:00:00,122.198364
2012-07-22 06:00:00,158.97354
2012-07-22 07:00:00,153.95087
2012-07-22 08:00:00,178.10617
2012-07-22 09:00:00,248.53159
2012-07-22 10:00:00,217.12666
2012-07-22 11:00:00,217.12666
2012-07-22 12:00:00,264.75827
2012-07-22 13:00:00,295.70493
2012-07-22 14:00:00,289.70312
2012-07-22 15:00:00,289.70312
2012-07-22 16:00:00,298.20172
2012-07-22 17:00:00,303.0387
2012-07-22 18:00:00,301.20264
2012-07-22 19:00:00,266.41525
2012-07-22 20:00:00,231.66098
2012-07-22 21:00:00,198.42004
2012-07-22 22:00:00,232.57744
2012-07-22 23:00:00,190.4438
2012-07-23 00:00:00,142.26442
2012-07-23 01:00:00,148.11676
2012-07-23 02:00:00,136.7935
2012-07-23 03:00:00,136.7935
2012-07-23 04:00:00,138.87349
2012-07-23 05:00:00,138.87349
2012-07-23 06:00:00,162.78853
2012-07-23 07:00:00,181.47575
2012-07-23 08:00:00,215.49059
2012-07-23 09:00:00,267.0319
2012-07-23 10:00:00,282.97885
2012-07-23 11:00:00,360.99023
2012-07-23 12:00:00,360.99023
2012-07-23 13:00:00,345.6171
2012-07-23 14:00:00,332.02048
2012-07-23 15:00:00,345.20535
2012-07-23 16:00:00,347.42728
2012-07-23 17:00:00,347.42728
2012-07-23 18:00:00,360.97986
2012-07-23 19:00:00,370.33997
2012-07-23 20:00:00,303.22604
2012-07-23 21:00:00,310.4387
2012-07-23 22:00:00,303.17844
2012-07-23 23:00:00,279.57135
2012-07-24 00:00:00,233.14609
2012-07-24 01:00:00,191.5476
2012-07-24 02:00:00,167.09552
2012-07-24 03:00:00,167.09552
2012-07-24 04:00:00,162.91368
2012-07-24 05:00:00,163.74892
2012-07-24 06:00:00,165.41943
2012-07-24 07:00:00,234.06566
2012-07-24 08:00:00,279.3998
2012-07-24 09:00:00,317.15747
2012-07-24 10:00:00,376.13046
2012-07-24 11:00:00,415.12225
2012-07-24 12:00:00,370.61765
2012-07-24 13:00:00,407.4228
2012-07-24 14:00:00,388.21283
2012-07-24 15:00:00,401.16348
2012-07-24 16:00:00,372.1148
2012-07-24 17:00:00,389.57574
2012-07-24 18:00:00,342.96835
2012-07-24 19:00:00,303.22604
2012-07-24 20:00:00,285.20462
2012-07-24 21:00:00,299.6542
2012-07-24 22:00:00,306.3598
2012-07-24 23:00:00,348.1071
2012-07-25 00:00:00,335.2477
2012-07-25 01:00:00,304.3217
2012-07-25 02:00:00,296.63687
2012-07-25 03:00:00,268.10114
2012-07-25 04:00:00,258.4708
2012-07-25 05:00:00,256.63477
2012-07-25 06:00:00,257.55124
2012-07-25 07:00:00,352.49545
2012-07-25 08:00:00,374.41583
2012-07-25 09:00:00,411.15717
2012-07-25 10:00:00,338.44702
2012-07-25 11:00:00,353.28296
2012-07-25 12:00:00,353.28296
2012-07-25 13:00:00,389.771
2012-07-25 14:00:00,382.53903
2012-07-25 15:00:00,373.2282
2012-07-25 16:00:00,389.16946
2012-07-25 17:00:00,356.50278
2012-07-25 18:00:00,378.64764
2012-07-25 19:00:00,383.7485
2012-07-25 20:00:00,369.54733
2012-07-25 21:00:00,338.3574
2012-07-25 22:00:00,289.87207
2012-07-25 23:00:00,327.09167
2012-07-26 00:00:00,267.18155
2012-07-26 01:00:00,268.10114
2012-07-26 02:00:00,243.89368
2012-07-26 03:00:00,242.97719
2012-07-26 04:00:00,210.65276
2012-07-26 05:00:00,210.65276
2012-07-26 06:00:00,190.13943
2012-07-26 07:00:00,236.81816
2012-07-26 08:00:00,251.66309
2012-07-26 09:00:00,272.17056
2012-07-26 10:00:00,280.31937
2012-07-26 11:00:00,323.06195
2012-07-26 12:00:00,372.42786
2012-07-26 13:00:00,401.5593
2012-07-26 14:00:00,426.91647
2012-07-26 15:00:00,463.68362
2012-07-26 16:00:00,483.8707
2012-07-26 17:00:00,475.1427
2012-07-26 18:00:00,478.8407
2012-07-26 19:00:00,452.09592
2012-07-26 20:00:00,399.79553
2012-07-26 21:00:00,463.55136
2012-07-26 22:00:00,463.55136
2012-07-26 23:00:00,259.93555
2012-07-27 00:00:00,227.43004
2012-07-27 01:00:00,252.72285
2012-07-27 02:00:00,201.74118
2012-07-27 03:00:00,234.06567
2012-07-27 04:00:00,193.91005
2012-07-27 05:00:00,173.72975
2012-07-27 06:00:00,193.91005
2012-07-27 07:00:00,269.7364
2012-07-27 08:00:00,274.40894
2012-07-27 09:00:00,397.32663
2012-07-27 10:00:00,336.39398
2012-07-27 11:00:00,420.95923
2012-07-27 12:00:00,422.6893
2012-07-27 13:00:00,409.42294
2012-07-27 14:00:00,421.09338
2012-07-27 15:00:00,423.10962
2012-07-27 16:00:00,394.04974
2012-07-27 17:00:00,438.4828
2012-07-27 18:00:00,376.35303
2012-07-27 19:00:00,362.8004
2012-07-27 20:00:00,305.3359
2012-07-27 21:00:00,305.3359
2012-07-27 22:00:00,312.54855
2012-07-27 23:00:00,252.72252
2012-07-28 00:00:00,316.17557
2012-07-28 01:00:00,264.121
2012-07-28 02:00:00,254.87675
2012-07-28 03:00:00,254.87675
2012-07-28 04:00:00,202.46219
2012-07-28 05:00:00,190.4438
2012-07-28 06:00:00,249.91336
2012-07-28 07:00:00,265.4957
2012-07-28 08:00:00,301.20264
2012-07-28 09:00:00,332.85193
2012-07-28 10:00:00,402.61746
2012-07-28 11:00:00,439.63443
2012-07-28 12:00:00,444.47516
2012-07-28 13:00:00,461.86572
2012-07-28 14:00:00,450.43634
2012-07-28 15:00:00,445.77863
2012-07-28 16:00:00,443.86362
2012-07-28 17:00:00,416.1443
2012-07-28 18:00:00,448.97836
2012-07-28 19:00:00,166.05568
2012-07-28 20:00:00,169.16397
2012-07-28 21:00:00,179.57089
2012-07-28 22:00:00,179.57089
2012-07-28 23:00:00,161.63556
2012-07-29 00:00:00,143.49207
2012-07-29 01:00:00,162.4708
2012-07-29 02:00:00,206.41205
2012-07-29 03:00:00,240.57254
2012-07-29 04:00:00,230.02263
2012-07-29 05:00:00,175.4856
2012-07-29 06:00:00,203.98225
2012-07-29 07:00:00,241.48901
2012-07-29 08:00:00,284.99033
2012-07-29 09:00:00,319.4156
2012-07-29 10:00:00,283.67007
2012-07-29 11:00:00,369.35513
2012-07-29 12:00:00,385.3106
2012-07-29 13:00:00,406.23746
2012-07-29 14:00:00,408.31064
2012-07-29 15:00:00,404.3596
2012-07-29 16:00:00,404.3596
2012-07-29 17:00:00,425.80524
2012-07-29 18:00:00,452.6173
2012-07-29 19:00:00,353.9819
2012-07-29 20:00:00,298.20172
2012-07-29 21:00:00,265.4957
2012-07-29 22:00:00,249.91336
2012-07-29 23:00:00,246.69952
2012-07-30 00:00:00,231.09515
2012-07-30 01:00:00,209.40866
2012-07-30 02:00:00,202.12741
2012-07-30 03:00:00,157.891
2012-07-30 04:00:00,157.891
2012-07-30 05:00:00,163.74892
2012-07-30 06:00:00,167.09552
2012-07-30 07:00:00,200.3665
2012-07-30 08:00:00,254.19673
2012-07-30 09:00:00,245.29832
2012-07-30 10:00:00,311.8892
2012-07-30 11:00:00,335.6957
2012-07-30 12:00:00,313.41037
2012-07-30 13:00:00,358.7467
2012-07-30 14:00:00,374.11987
2012-07-30 15:00:00,381.79355
2012-07-30 16:00:00,389.49304
2012-07-30 17:00:00,364.14694
2012-07-30 18:00:00,371.43973
2012-07-30 19:00:00,355.12674
2012-07-30 20:00:00,270.6559
2012-07-30 21:00:00,269.7364
2012-07-30 22:00:00,250.74655
2012-07-30 23:00:00,234.98213
2012-07-31 00:00:00,189.82307
2012-07-31 01:00:00,165.41943
2012-07-31 02:00:00,165.41942
2012-07-31 03:00:00,162.91371
2012-07-31 04:00:00,162.91368
2012-07-31 05:00:00,167.09552
2012-07-31 06:00:00,140.712
2012-07-31 07:00:00,180.07333
2012-07-31 08:00:00,201.74118
2012-07-31 09:00:00,252.72285
2012-07-31 10:00:00,239.82898
2012-07-31 11:00:00,275.88254
2012-07-31 12:00:00,326.23676
2012-07-31 13:00:00,368.27795
2012-07-31 14:00:00,368.27795
2012-07-31 15:00:00,295.98907
2012-07-31 16:00:00,330.0745
2012-07-31 17:00:00,354.83264
2012-07-31 18:00:00,352.61063
2012-07-31 19:00:00,359.35178
2012-07-31 20:00:00,284.76028
2012-07-31 21:00:00,193.2664
2012-07-31 22:00:00,222.1523
2012-07-31 23:00:00,176.84334
2012-08-20 00:00:00,155.33301
2012-08-20 01:00:00,149.85344
2012-08-20 02:00:00,149.85344
2012-08-20 03:00:00,129.56636
2012-08-20 04:00:00,154.49776
2012-08-20 05:00:00,149.4751
2012-08-20 06:00:00,176.87234
2012-08-20 07:00:00,183.65903
2012-08-20 08:00:00,209.73232
2012-08-20 09:00:00,218.62181
2012-08-20 10:00:00,240.31285
2012-08-20 11:00:00,249.70557
2012-08-20 12:00:00,274.3395
2012-08-20 13:00:00,289.87207
2012-08-20 14:00:00,315.14114
2012-08-20 15:00:00,336.80338
2012-08-20 16:00:00,336.80338
2012-08-20 17:00:00,326.00812
2012-08-20 18:00:00,190.54562
2012-08-20 19:00:00,187.10233
2012-08-20 20:00:00,171.12666
2012-08-20 21:00:00,140.64893
2012-08-20 22:00:00,149.4751
2012-08-20 23:00:00,149.4751
2012-08-21 00:00:00,154.49776
2012-08-21 01:00:00,157.0035
2012-08-21 02:00:00,144.9156
2012-08-21 03:00:00,118.9873
2012-08-21 04:00:00,118.9873
2012-08-21 05:00:00,134.18341
2012-08-21 06:00:00,135.01863
2012-08-21 07:00:00,164.64062
2012-08-21 08:00:00,166.35939
2012-08-21 09:00:00,206.30824
2012-08-21 10:00:00,262.10443
2012-08-21 11:00:00,269.7655
2012-08-21 12:00:00,303.71606
2012-08-21 13:00:00,327.0962
2012-08-21 14:00:00,367.77112
2012-08-21 15:00:00,344.6065
2012-08-21 16:00:00,344.6065
2012-08-21 17:00:00,360.04855
2012-08-21 18:00:00,329.5907
2012-08-21 19:00:00,224.57726
2012-08-21 20:00:00,193.90808
2012-08-21 21:00:00,193.90808
2012-08-21 22:00:00,168.69707
2012-08-21 23:00:00,146.40283
2012-08-22 00:00:00,152.26076
2012-08-22 01:00:00,165.40013
2012-08-22 02:00:00,165.40013
2012-08-22 03:00:00,165.40013
2012-08-22 04:00:00,140.77255
2012-08-22 05:00:00,158.61342
2012-08-22 06:00:00,188.243
2012-08-22 07:00:00,165.40013
2012-08-22 08:00:00,204.09271
2012-08-22 09:00:00,230.0278
2012-08-22 10:00:00,269.75385
2012-08-22 11:00:00,284.6863
2012-08-22 12:00:00,288.69342
2012-08-22 13:00:00,331.52417
2012-08-22 14:00:00,342.97778
2012-08-22 15:00:00,339.1979
2012-08-22 16:00:00,358.47916
2012-08-22 17:00:00,358.47916
2012-08-22 18:00:00,315.47366
2012-08-22 19:00:00,208.75018
2012-08-22 20:00:00,207.30344
2012-08-22 21:00:00,193.90808
2012-08-22 22:00:00,193.90808
2012-08-22 23:00:00,149.17491
2012-08-23 00:00:00,168.69707
2012-08-23 01:00:00,146.40283
2012-08-23 02:00:00,146.40282
2012-08-23 03:00:00,151.4255
2012-08-23 04:00:00,146.40283
2012-08-23 05:00:00,146.40283
2012-08-23 06:00:00,136.8127
2012-08-23 07:00:00,160.25168
2012-08-23 08:00:00,222.28694
2012-08-23 09:00:00,232.40483
2012-08-23 10:00:00,290.30878
2012-08-23 11:00:00,327.68735
2012-08-23 12:00:00,346.97122
2012-08-23 13:00:00,384.14105
2012-08-23 14:00:00,376.05887
2012-08-23 15:00:00,352.98624
2012-08-23 16:00:00,346.89734
2012-08-23 17:00:00,373.7241
2012-08-23 18:00:00,356.129
2012-08-23 19:00:00,306.3844
2012-08-23 20:00:00,273.36023
2012-08-23 21:00:00,280.5729
2012-08-23 22:00:00,279.97272
2012-08-23 23:00:00,224.24887
2012-08-24 00:00:00,224.24887
2012-08-24 01:00:00,206.22166
2012-08-24 02:00:00,211.96248
2012-08-24 03:00:00,193.90808
2012-08-24 04:00:00,206.22166
2012-08-24 05:00:00,168.69707
2012-08-24 06:00:00,155.22899
2012-08-24 07:00:00,179.74156
2012-08-24 08:00:00,208.75018
2012-08-24 09:00:00,275.23483
2012-08-24 10:00:00,318.3119
2012-08-24 11:00:00,345.22134
2012-08-24 12:00:00,352.8381
2012-08-24 13:00:00,384.1882
2012-08-24 14:00:00,356.7662
2012-08-24 15:00:00,352.89505
2012-08-24 16:00:00,352.89505
2012-08-24 17:00:00,358.3725
2012-08-24 18:00:00,311.418
2012-08-24 19:00:00,314.97726
2012-08-24 20:00:00,302.09546
2012-08-24 21:00:00,300.0448
2012-08-24 22:00:00,260.3024
2012-08-24 23:00:00,251.56857
2012-08-25 00:00:00,287.74915
2012-08-25 01:00:00,257.32877
2012-08-25 02:00:00,219.88222
2012-08-25 03:00:00,236.44223
2012-08-25 04:00:00,251.74538
2012-08-25 05:00:00,218.82715
2012-08-25 06:00:00,187.57668
2012-08-25 07:00:00,189.29544
2012-08-25 08:00:00,224.92902
2012-08-25 09:00:00,266.91693
2012-08-25 10:00:00,302.1295
2012-08-25 11:00:00,335.18002
2012-08-25 12:00:00,406.83984
2012-08-25 13:00:00,410.70114
2012-08-25 14:00:00,296.3028
2012-08-25 15:00:00,223.87697
2012-08-25 16:00:00,226.3068
2012-08-25 17:00:00,227.22636
2012-08-25 18:00:00,262.76154
2012-08-25 19:00:00,195.32266
2012-08-25 20:00:00,177.818
2012-08-25 21:00:00,165.2042
2012-08-25 22:00:00,165.2042
2012-08-25 23:00:00,168.17245
2012-08-26 00:00:00,144.45091
2012-08-26 01:00:00,141.10434
2012-08-26 02:00:00,151.60661
2012-08-26 03:00:00,153.27707
2012-08-26 04:00:00,149.9305
2012-08-26 05:00:00,141.10434
2012-08-26 06:00:00,144.12689
2012-08-26 07:00:00,141.10434
2012-08-26 08:00:00,197.3304
2012-08-26 09:00:00,195.60585
2012-08-26 10:00:00,308.08847
2012-08-26 11:00:00,307.16895
2012-08-26 12:00:00,281.98297
2012-08-26 13:00:00,219.53203
2012-08-26 14:00:00,136.08728
2012-08-26 15:00:00,163.77936
2012-08-26 16:00:00,163.77936
2012-08-26 17:00:00,142.78043
2012-08-26 18:00:00,144.0782
2012-08-26 19:00:00,148.26003
2012-08-26 20:00:00,139.43385
2012-08-26 21:00:00,155.4252
2012-08-26 22:00:00,132.4427
2012-08-26 23:00:00,150.14737
2012-08-27 00:00:00,146.40283
2012-08-27 01:00:00,133.72084
2012-08-27 02:00:00,136.22656
2012-08-27 03:00:00,133.72084
2012-08-27 04:00:00,146.40283
2012-08-27 05:00:00,128.92549
2012-08-27 06:00:00,128.92549
2012-08-27 07:00:00,157.891
2012-08-27 08:00:00,162.91368
2012-08-27 09:00:00,163.74892
2012-08-27 10:00:00,247.81195
2012-08-27 11:00:00,292.4173
2012-08-27 12:00:00,263.4836
2012-08-27 13:00:00,318.7247
2012-08-27 14:00:00,339.53668
2012-08-27 15:00:00,372.1148
2012-08-27 16:00:00,360.57852
2012-08-27 17:00:00,383.89255
2012-08-27 18:00:00,362.50635
2012-08-27 19:00:00,280.31937
2012-08-27 20:00:00,279.3998
2012-08-27 21:00:00,249.64801
2012-08-27 22:00:00,184.919
2012-08-27 23:00:00,183.20027
2012-08-28 00:00:00,188.3623
2012-08-28 01:00:00,159.81467
2012-08-28 02:00:00,181.7921
2012-08-28 03:00:00,144.77017
2012-08-28 04:00:00,165.41943
2012-08-28 05:00:00,172.54068
2012-08-28 06:00:00,151.92587
2012-08-28 07:00:00,173.40004
2012-08-28 08:00:00,169.64813
2012-08-28 09:00:00,217.50565
2012-08-28 10:00:00,317.62805
2012-08-28 11:00:00,352.7448
2012-08-28 12:00:00,389.49304
2012-08-28 13:00:00,420.69766
2012-08-28 14:00:00,450.54108
2012-08-28 15:00:00,432.93106
2012-08-28 16:00:00,436.63034
2012-08-28 17:00:00,450.40927
2012-08-28 18:00:00,406.63983
2012-08-28 19:00:00,352.20947
2012-08-28 20:00:00,320.92215
2012-08-28 21:00:00,317.08533
2012-08-28 22:00:00,269.7655
2012-08-28 23:00:00,254.82812
2012-08-29 00:00:00,211.96248
2012-08-29 01:00:00,230.59131
2012-08-29 02:00:00,195.80388
2012-08-29 03:00:00,194.88742
2012-08-29 04:00:00,193.93155
2012-08-29 05:00:00,193.01201
2012-08-29 06:00:00,193.01201
2012-08-29 07:00:00,240.47673
2012-08-29 08:00:00,276.55405
2012-08-29 09:00:00,326.36276
2012-08-29 10:00:00,336.29532
2012-08-29 11:00:00,303.71606
2012-08-29 12:00:00,334.94193
2012-08-29 13:00:00,321.22644
2012-08-29 14:00:00,358.10654
2012-08-29 15:00:00,385.09738
2012-08-29 16:00:00,379.3275
2012-08-29 17:00:00,410.79242
2012-08-29 18:00:00,363.6631
2012-08-29 19:00:00,316.72058
2012-08-29 20:00:00,254.82812
2012-08-29 21:00:00,283.80258
2012-08-29 22:00:00,258.46313
2012-08-29 23:00:00,249.16306
2012-08-30 00:00:00,206.30824
2012-08-30 01:00:00,218.7084
2012-08-30 02:00:00,188.243
2012-08-30 03:00:00,188.243
2012-08-30 04:00:00,188.243
2012-08-30 05:00:00,188.243
2012-08-30 06:00:00,149.85344
2012-08-30 07:00:00,193.90808
2012-08-30 08:00:00,224.36269
2012-08-30 09:00:00,257.36655
2012-08-30 10:00:00,275.39874
2012-08-30 11:00:00,358.10654
2012-08-30 12:00:00,350.6515
2012-08-30 13:00:00,331.52417
2012-08-30 14:00:00,339.1979
2012-08-30 15:00:00,368.51938
2012-08-30 16:00:00,379.973
2012-08-30 17:00:00,416.38818
2012-08-30 18:00:00,389.53796
2012-08-30 19:00:00,339.1979
2012-08-30 20:00:00,308.3647
2012-08-30 21:00:00,272.33444
2012-08-30 22:00:00,220.16983
2012-08-30 23:00:00,232.22961
2012-08-31 00:00:00,176.63004
2012-08-31 01:00:00,176.63004
2012-08-31 02:00:00,144.77019
2012-08-31 03:00:00,143.0997
2012-08-31 04:00:00,139.0359
2012-08-31 05:00:00,140.712
2012-08-31 06:00:00,149.53816
2012-08-31 07:00:00,145.35634
2012-08-31 08:00:00,221.64368
2012-08-31 09:00:00,233.06334
2012-08-31 10:00:00,285.1701
2012-08-31 11:00:00,426.862
2012-08-31 12:00:00,413.03607
2012-08-31 13:00:00,434.80844
2012-08-31 14:00:00,411.0554
2012-08-31 15:00:00,432.43677
2012-08-31 16:00:00,422.5232
2012-08-31 17:00:00,409.11487
2012-08-31 18:00:00,433.4601
2012-08-31 19:00:00,351.04724
2012-08-31 20:00:00,351.04724
2012-08-31 21:00:00,322.8376
2012-08-31 22:00:00,322.8376
2012-08-31 23:00:00,281.51617
2012-09-20 00:00:00,183.63954
2012-09-20 01:00:00,138.67863
2012-09-20 02:00:00,137.8434
2012-09-20 03:00:00,113.34015
2012-09-20 04:00:00,118.2215
2012-09-20 05:00:00,118.2215
2012-09-20 06:00:00,113.34015
2012-09-20 07:00:00,115.154305
2012-09-20 08:00:00,163.55934
2012-09-20 09:00:00,231.76929
2012-09-20 10:00:00,259.13467
2012-09-20 11:00:00,285.58948
2012-09-20 12:00:00,320.31046
2012-09-20 13:00:00,320.96005
2012-09-20 14:00:00,324.8796
2012-09-20 15:00:00,329.34012
2012-09-20 16:00:00,317.2059
2012-09-20 17:00:00,321.12543
2012-09-20 18:00:00,301.72852
2012-09-20 19:00:00,255.91602
2012-09-20 20:00:00,218.37305
2012-09-20 21:00:00,220.20908
2012-09-20 22:00:00,159.3914
2012-09-20 23:00:00,182.70229
2012-09-21 00:00:00,179.24387
2012-09-21 01:00:00,150.28372
2012-09-21 02:00:00,150.28372
2012-09-21 03:00:00,134.60873
2012-09-21 04:00:00,129.58606
2012-09-21 05:00:00,116.84518
2012-09-21 06:00:00,134.60873
2012-09-21 07:00:00,135.33995
2012-09-21 08:00:00,161.11017
2012-09-21 09:00:00,202.9126
2012-09-21 10:00:00,278.96677
2012-09-21 11:00:00,303.40253
2012-09-21 12:00:00,294.58624
2012-09-21 13:00:00,309.50787
2012-09-21 14:00:00,342.01337
2012-09-21 15:00:00,323.9575
2012-09-21 16:00:00,316.72058
2012-09-21 17:00:00,323.48538
2012-09-21 18:00:00,294.1416
2012-09-21 19:00:00,259.3873
2012-09-21 20:00:00,227.79938
2012-09-21 21:00:00,195.38274
2012-09-21 22:00:00,193.01201
2012-09-21 23:00:00,199.6912
2012-09-22 00:00:00,196.00342
2012-09-22 01:00:00,150.3694
2012-09-22 02:00:00,130.07025
2012-09-22 03:00:00,143.78027
2012-09-22 04:00:00,143.78027
2012-09-22 05:00:00,146.20872
2012-09-22 06:00:00,144.61058
2012-09-22 07:00:00,162.58095
2012-09-22 08:00:00,196.86284
2012-09-22 09:00:00,231.8587
2012-09-22 10:00:00,268.91028
2012-09-22 11:00:00,331.22037
2012-09-22 12:00:00,370.65643
2012-09-22 13:00:00,399.4046
2012-09-22 14:00:00,409.76123
2012-09-22 15:00:00,421.9188
2012-09-22 16:00:00,398.28992
2012-09-22 17:00:00,398.28992
2012-09-22 18:00:00,370.09912
2012-09-22 19:00:00,328.03763
2012-09-22 20:00:00,358.62958
2012-09-22 21:00:00,312.23288
2012-09-22 22:00:00,305.76892
2012-09-22 23:00:00,341.08307
2012-09-23 00:00:00,421.63705
2012-09-23 01:00:00,339.95294
2012-09-23 02:00:00,356.73346
2012-09-23 03:00:00,284.27432
2012-09-23 04:00:00,274.78293
2012-09-23 05:00:00,248.49356
2012-09-23 06:00:00,217.74911
2012-09-23 07:00:00,249.65898
2012-09-23 08:00:00,281.22858
2012-09-23 09:00:00,324.27377
2012-09-23 10:00:00,385.90833
2012-09-23 11:00:00,388.232
2012-09-23 12:00:00,361.05475
2012-09-23 13:00:00,397.44727
2012-09-23 14:00:00,404.7171
2012-09-23 15:00:00,403.164
2012-09-23 16:00:00,428.65714
2012-09-23 17:00:00,410.52963
2012-09-23 18:00:00,382.2347
2012-09-23 19:00:00,367.96497
2012-09-23 20:00:00,367.96497
2012-09-23 21:00:00,343.53418
2012-09-23 22:00:00,302.81213
2012-09-23 23:00:00,280.1256
2012-09-24 00:00:00,226.02019
2012-09-24 01:00:00,199.06024
2012-09-24 02:00:00,239.02905
2012-09-24 03:00:00,225.10374
2012-09-24 04:00:00,188.51335
2012-09-24 05:00:00,207.30605
2012-09-24 06:00:00,219.7062
2012-09-24 07:00:00,199.06024
2012-09-24 08:00:00,290.50095
2012-09-24 09:00:00,305.5399
2012-09-24 10:00:00,330.84555
2012-09-24 11:00:00,374.85297
2012-09-24 12:00:00,404.2129
2012-09-24 13:00:00,409.38785
2012-09-24 14:00:00,331.1609
2012-09-24 15:00:00,338.22406
2012-09-24 16:00:00,388.40787
2012-09-24 17:00:00,326.00534
2012-09-24 18:00:00,361.0004
2012-09-24 19:00:00,339.54355
2012-09-24 20:00:00,283.77112
2012-09-24 21:00:00,288.45032
2012-09-24 22:00:00,310.90454
2012-09-24 23:00:00,224.18417
2012-09-25 00:00:00,199.97981
2012-09-25 01:00:00,162.79935
2012-09-25 02:00:00,140.45848
2012-09-25 03:00:00,157.1408
2012-09-25 04:00:00,159.71892
2012-09-25 05:00:00,137.95276
2012-09-25 06:00:00,151.23508
2012-09-25 07:00:00,149.55896
2012-09-25 08:00:00,210.55978
2012-09-25 09:00:00,310.44382
2012-09-25 10:00:00,344.74347
2012-09-25 11:00:00,386.6911
2012-09-25 12:00:00,398.76834
2012-09-25 13:00:00,380.25793
2012-09-25 14:00:00,434.49402
2012-09-25 15:00:00,432.71152
2012-09-25 16:00:00,426.7639
2012-09-25 17:00:00,422.9117
2012-09-25 18:00:00,395.4481
2012-09-25 19:00:00,364.34378
2012-09-25 20:00:00,348.51236
2012-09-25 21:00:00,348.51236
2012-09-25 22:00:00,344.67548
2012-09-25 23:00:00,356.21176
2012-09-26 00:00:00,280.8676
2012-09-26 01:00:00,281.78717
2012-09-26 02:00:00,295.25424
2012-09-26 03:00:00,295.25424
2012-09-26 04:00:00,213.29747
2012-09-26 05:00:00,212.38101
2012-09-26 06:00:00,201.83115
2012-09-26 07:00:00,178.15535
2012-09-26 08:00:00,214.67532
2012-09-26 09:00:00,295.65063
2012-09-26 10:00:00,243.54883
2012-09-26 11:00:00,329.01736
2012-09-26 12:00:00,331.43338
2012-09-26 13:00:00,347.34225
2012-09-26 14:00:00,411.5074
2012-09-26 15:00:00,415.34418
2012-09-26 16:00:00,422.961
2012-09-26 17:00:00,415.34418
2012-09-26 18:00:00,396.13416
2012-09-26 19:00:00,347.24063
2012-09-26 20:00:00,289.83887
2012-09-26 21:00:00,306.16434
2012-09-26 22:00:00,305.27042
2012-09-26 23:00:00,221.06686
2012-09-27 00:00:00,201.17523
2012-09-27 01:00:00,201.17523
2012-09-27 02:00:00,201.1752
2012-09-27 03:00:00,198.41963
2012-09-27 04:00:00,131.6626
2012-09-27 05:00:00,161.62956
2012-09-27 06:00:00,145.78094
2012-09-27 07:00:00,198.41962
2012-09-27 08:00:00,252.67941
2012-09-27 09:00:00,259.20923
2012-09-27 10:00:00,403.13766
2012-09-27 11:00:00,378.54398
2012-09-27 12:00:00,386.75867
2012-09-27 13:00:00,352.17383
2012-09-27 14:00:00,392.83755
2012-09-27 15:00:00,369.67297
2012-09-27 16:00:00,394.10147
2012-09-27 17:00:00,307.8976
2012-09-27 18:00:00,305.60333
2012-09-27 19:00:00,291.71478
2012-09-27 20:00:00,295.973
2012-09-27 21:00:00,213.46846
2012-09-27 22:00:00,213.46846
2012-09-27 23:00:00,206.3823
2012-09-28 00:00:00,176.77594
2012-09-28 01:00:00,167.30542
2012-09-28 02:00:00,184.52188
2012-09-28 03:00:00,186.67517
2012-09-28 04:00:00,164.26852
2012-09-28 05:00:00,140.75824
2012-09-28 06:00:00,136.93971
2012-09-28 07:00:00,131.91699
2012-09-28 08:00:00,173.58409
2012-09-28 09:00:00,191.76627
2012-09-28 10:00:00,231.6531
2012-09-28 11:00:00,259.04535
2012-09-28 12:00:00,383.98462
2012-09-28 13:00:00,395.43826
2012-09-28 14:00:00,383.98462
2012-09-28 15:00:00,385.54254
2012-09-28 16:00:00,379.2882
2012-09-28 17:00:00,383.2267
2012-09-28 18:00:00,374.82773
2012-09-28 19:00:00,391.7381
2012-09-28 20:00:00,352.77707
2012-09-28 21:00:00,360.45074
2012-09-28 22:00:00,341.56534
2012-09-28 23:00:00,316.52524
2012-09-29 00:00:00,281.99875
2012-09-29 01:00:00,281.99875
2012-09-29 02:00:00,325.33054
2012-09-29 03:00:00,292.54166
2012-09-29 04:00:00,279.53275
2012-09-29 05:00:00,242.90932
2012-09-29 06:00:00,244.74538
2012-09-29 07:00:00,206.72894
2012-09-29 08:00:00,211.63373
2012-09-29 09:00:00,242.90932
2012-09-29 10:00:00,310.02924
2012-09-29 11:00:00,349.992
2012-09-29 12:00:00,437.84747
2012-09-29 13:00:00,437.84747
2012-09-29 14:00:00,422.82
2012-09-29 15:00:00,418.70328
2012-09-29 16:00:00,426.67398
2012-09-29 17:00:00,444.74594
2012-09-29 18:00:00,372.84262
2012-09-29 19:00:00,303.4623
2012-09-29 20:00:00,304.577
2012-09-29 21:00:00,302.3439
2012-09-29 22:00:00,240.15683
2012-09-29 23:00:00,264.8225
2012-09-30 00:00:00,258.59366
2012-09-30 01:00:00,258.59366
2012-09-30 02:00:00,227.31268
2012-09-30 03:00:00,195.28085
2012-09-30 04:00:00,195.28085
2012-09-30 05:00:00,153.94957
2012-09-30 06:00:00,159.11739
2012-09-30 07:00:00,137.40584
2012-09-30 08:00:00,205.40254
2012-09-30 09:00:00,249.82028
2012-09-30 10:00:00,371.29782
2012-09-30 11:00:00,410.99896
2012-09-30 12:00:00,437.84747
2012-09-30 13:00:00,426.67398
2012-09-30 14:00:00,426.67398
2012-09-30 15:00:00,420.45416
2012-09-30 16:00:00,413.18433
2012-09-30 17:00:00,423.6229
2012-09-30 18:00:00,272.83374
2012-09-30 19:00:00,214.23425
2012-09-30 20:00:00,214.23425
2012-09-30 21:00:00,205.5381
2012-09-30 22:00:00,170.78383
2012-09-30 23:00:00,173.53943
2012-10-20 00:00:00,135.94571
2012-10-20 01:00:00,168.4823
2012-10-20 02:00:00,143.26378
2012-10-20 03:00:00,139.18036
2012-10-20 04:00:00,153.94957
2012-10-20 05:00:00,111.34808
2012-10-20 06:00:00,150.86914
2012-10-20 07:00:00,111.34808
2012-10-20 08:00:00,196.65555
2012-10-20 09:00:00,266.1972
2012-10-20 10:00:00,322.2843
2012-10-20 11:00:00,337.44223
2012-10-20 12:00:00,349.7039
2012-10-20 13:00:00,376.48917
2012-10-20 14:00:00,338.42725
2012-10-20 15:00:00,334.03802
2012-10-20 16:00:00,404.99332
2012-10-20 17:00:00,390.1664
2012-10-20 18:00:00,387.6749
2012-10-20 19:00:00,342.7245
2012-10-20 20:00:00,382.64188
2012-10-20 21:00:00,331.7319
2012-10-20 22:00:00,288.42133
2012-10-20 23:00:00,229.76024
2012-10-21 00:00:00,269.5975
2012-10-21 01:00:00,233.66914
2012-10-21 02:00:00,199.45361
2012-10-21 03:00:00,162.97418
2012-10-21 04:00:00,128.3714
2012-10-21 05:00:00,162.97418
2012-10-21 06:00:00,195.006
2012-10-21 07:00:00,195.006
2012-10-21 08:00:00,173.2314
2012-10-21 09:00:00,272.9469
2012-10-21 10:00:00,347.78223
2012-10-21 11:00:00,387.831
2012-10-21 12:00:00,420.7949
2012-10-21 13:00:00,402.80728
2012-10-21 14:00:00,384.0346
2012-10-21 15:00:00,417.8238
2012-10-21 16:00:00,390.1664
2012-10-21 17:00:00,395.68768
2012-10-21 18:00:00,379.63528
2012-10-21 19:00:00,361.80548
2012-10-21 20:00:00,355.7942
2012-10-21 21:00:00,259.93402
2012-10-21 22:00:00,251.4831
2012-10-21 23:00:00,257.14822
2012-10-22 00:00:00,193.43246
2012-10-22 01:00:00,145.18625
2012-10-22 02:00:00,139.10931
2012-10-22 03:00:00,193.43246
2012-10-22 04:00:00,162.60504
2012-10-22 05:00:00,129.40913
2012-10-22 06:00:00,120.69304
2012-10-22 07:00:00,165.37886
2012-10-22 08:00:00,185.17491
2012-10-22 09:00:00,222.80945
2012-10-22 10:00:00,243.42578
2012-10-22 11:00:00,367.1487
2012-10-22 12:00:00,332.94373
2012-10-22 13:00:00,377.56146
2012-10-22 14:00:00,379.68765
2012-10-22 15:00:00,379.91745
2012-10-22 16:00:00,384.63928
2012-10-22 17:00:00,370.0753
2012-10-22 18:00:00,252.2076
2012-10-22 19:00:00,283.77112
2012-10-22 20:00:00,256.4398
2012-10-22 21:00:00,207.349
2012-10-22 22:00:00,137.22382
2012-10-22 23:00:00,135.55334
2012-10-23 00:00:00,124.10846
2012-10-23 01:00:00,153.62277
2012-10-23 02:00:00,119.71853
2012-10-23 03:00:00,146.21239
2012-10-23 04:00:00,138.78798
2012-10-23 05:00:00,143.70667
2012-10-23 06:00:00,117.78132
2012-10-23 07:00:00,153.36807
2012-10-23 08:00:00,181.1255
2012-10-23 09:00:00,200.87756
2012-10-23 10:00:00,239.25574
2012-10-23 11:00:00,284.4196
2012-10-23 12:00:00,351.0523
2012-10-23 13:00:00,339.91696
2012-10-23 14:00:00,390.63513
2012-10-23 15:00:00,406.0696
2012-10-23 16:00:00,359.9977
2012-10-23 17:00:00,348.18405
2012-10-23 18:00:00,310.6333
2012-10-23 19:00:00,297.7026
2012-10-23 20:00:00,270.67606
2012-10-23 21:00:00,220.10965
2012-10-23 22:00:00,240.11388
2012-10-23 23:00:00,199.07861
2012-10-24 00:00:00,198.62042
2012-10-24 01:00:00,214.4554
2012-10-24 02:00:00,214.45537
2012-10-24 03:00:00,161.95752
2012-10-24 04:00:00,161.95752
2012-10-24 05:00:00,141.1836
2012-10-24 06:00:00,141.30724
2012-10-24 07:00:00,128.53885
2012-10-24 08:00:00,158.67705
2012-10-24 09:00:00,179.2803
2012-10-24 10:00:00,210.7097
2012-10-24 11:00:00,238.17052
2012-10-24 12:00:00,283.6767
2012-10-24 13:00:00,293.3063
2012-10-24 14:00:00,415.689
2012-10-24 15:00:00,387.22992
2012-10-24 16:00:00,394.70105
2012-10-24 17:00:00,319.3228
2012-10-24 18:00:00,330.67368
2012-10-24 19:00:00,328.79095
2012-10-24 20:00:00,295.9117
2012-10-24 21:00:00,299.51807
2012-10-24 22:00:00,293.4361
2012-10-24 23:00:00,259.6931
2012-10-25 00:00:00,286.22342
2012-10-25 01:00:00,225.77165
2012-10-25 02:00:00,170.74089
2012-10-25 03:00:00,145.62465
2012-10-25 04:00:00,143.95418
2012-10-25 05:00:00,147.30077
2012-10-25 06:00:00,148.97124
2012-10-25 07:00:00,148.97124
2012-10-25 08:00:00,162.02362
2012-10-25 09:00:00,163.69412
2012-10-25 10:00:00,166.29193
2012-10-25 11:00:00,164.57317
2012-10-25 12:00:00,192.14897
2012-10-25 13:00:00,188.93513
2012-10-25 14:00:00,238.95723
2012-10-25 15:00:00,282.0968
2012-10-25 16:00:00,265.00067
2012-10-25 17:00:00,265.00067
2012-10-25 18:00:00,161.33905
2012-10-25 19:00:00,160.62183
2012-10-25 20:00:00,145.62465
2012-10-25 21:00:00,145.62465
2012-10-25 22:00:00,163.71376
2012-10-25 23:00:00,166.29193
2012-10-26 00:00:00,185.58578
2012-10-26 01:00:00,143.11891
2012-10-26 02:00:00,143.95418
2012-10-26 03:00:00,147.30077
2012-10-26 04:00:00,147.30077
2012-10-26 05:00:00,143.95418
2012-10-26 06:00:00,143.11891
2012-10-26 07:00:00,143.95418
2012-10-26 08:00:00,151.3786
2012-10-26 09:00:00,151.3786
2012-10-26 10:00:00,149.7081
2012-10-26 11:00:00,193.98502
2012-10-26 12:00:00,235.9699
2012-10-26 13:00:00,265.53873
2012-10-26 14:00:00,293.4361
2012-10-26 15:00:00,299.51807
2012-10-26 16:00:00,235.05339
2012-10-26 17:00:00,207.46341
2012-10-26 18:00:00,193.06543
2012-10-26 19:00:00,168.01645
2012-10-26 20:00:00,168.01645
2012-10-26 21:00:00,189.7161
2012-10-26 22:00:00,160.34753
2012-10-26 23:00:00,153.19746
2012-10-27 00:00:00,129.76646
2012-10-27 01:00:00,138.59264
2012-10-27 02:00:00,141.80888
2012-10-27 03:00:00,131.43785
2012-10-27 04:00:00,140.26874
2012-10-27 05:00:00,159.60663
2012-10-27 06:00:00,159.60663
2012-10-27 07:00:00,142.10164
2012-10-27 08:00:00,169.20442
2012-10-27 09:00:00,169.20442
2012-10-27 10:00:00,202.15714
2012-10-27 11:00:00,268.3412
2012-10-27 12:00:00,380.54727
2012-10-27 13:00:00,418.70328
2012-10-27 14:00:00,407.27234
2012-10-27 15:00:00,309.35263
2012-10-27 16:00:00,283.1861
2012-10-27 17:00:00,283.1861
2012-10-27 18:00:00,283.1861
2012-10-27 19:00:00,211.80843
2012-10-27 20:00:00,211.80843
2012-10-27 21:00:00,211.80843
2012-10-27 22:00:00,212.32281
2012-10-27 23:00:00,231.41257
2012-10-28 00:00:00,249.53976
2012-10-28 01:00:00,199.41444
2012-10-28 02:00:00,224.50809
2012-10-28 03:00:00,255.31065
2012-10-28 04:00:00,253.8188
2012-10-28 05:00:00,256.80753
2012-10-28 06:00:00,281.15027
2012-10-28 07:00:00,282.64713
2012-10-28 08:00:00,269.24057
2012-10-28 09:00:00,305.3183
2012-10-28 10:00:00,322.2931
2012-10-28 11:00:00,336.2282
2012-10-28 12:00:00,261.0269
2012-10-28 13:00:00,265.08664
2012-10-28 14:00:00,274.9221
2012-10-28 15:00:00,246.59238
2012-10-28 16:00:00,224.45282
2012-10-28 17:00:00,174.1566
2012-10-28 18:00:00,119.615814
2012-10-28 19:00:00,122.69128
2012-10-28 20:00:00,120.56823
2012-10-28 21:00:00,136.61996
2012-10-28 22:00:00,134.48662
2012-10-28 23:00:00,122.69128
2012-10-29 00:00:00,144.02289
2012-10-30 13:00:00,116.65246
2012-10-30 14:00:00,116.65246
2012-10-30 15:00:00,109.159546
2012-10-30 16:00:00,109.159546
2012-10-30 17:00:00,108.53261
2012-10-30 18:00:00,107.8673
2012-10-30 19:00:00,228.75401
2012-10-30 20:00:00,108.33748
2012-10-30 21:00:00,106.286316
2012-10-30 22:00:00,104.054985
2012-10-30 23:00:00,104.054985
2012-10-31 00:00:00,107.093544
2012-10-31 01:00:00,106.35031
2012-10-31 02:00:00,107.042946
2012-10-31 03:00:00,107.093544
2012-10-31 04:00:00,106.705864
2012-10-31 05:00:00,107.042946
2012-10-31 06:00:00,104.86004
2012-10-31 07:00:00,106.09029
2012-10-31 08:00:00,107.15032
2012-10-31 09:00:00,114.48268
2012-10-31 10:00:00,140.3469
2012-10-31 11:00:00,166.66069
2012-10-31 12:00:00,228.5009
2012-10-31 13:00:00,289.2986
2012-10-31 14:00:00,303.83124
2012-10-31 15:00:00,262.33865
2012-10-31 16:00:00,279.01965
2012-10-31 17:00:00,242.42935
2012-10-31 18:00:00,242.42935
2012-10-31 19:00:00,290.10074
2012-10-31 20:00:00,290.10074
2012-10-31 21:00:00,290.10074
2012-10-31 22:00:00,203.61409
2012-10-31 23:00:00,207.2418
2012-11-20 00:00:00,129.37802
2012-11-20 01:00:00,145.96422
2012-11-20 02:00:00,118.031006
2012-11-20 03:00:00,139.34302
2012-11-20 04:00:00,158.12634
2012-11-20 05:00:00,154.68304
2012-11-20 06:00:00,139.70781
2012-11-20 07:00:00,109.62625
2012-11-20 08:00:00,129.20555
2012-11-20 09:00:00,142.2012
2012-11-20 10:00:00,189.88719
2012-11-20 11:00:00,193.23657
2012-11-20 12:00:00,190.43524
2012-11-20 13:00:00,229.46553
2012-11-20 14:00:00,254.89632
2012-11-20 15:00:00,269.818
2012-11-20 16:00:00,224.64148
2012-11-20 17:00:00,165.16971
2012-11-20 18:00:00,189.88719
2012-11-20 19:00:00,155.72675
2012-11-20 20:00:00,133.21265
2012-11-20 21:00:00,133.37502
2012-11-20 22:00:00,133.37502
2012-11-20 23:00:00,105.66386
2012-11-21 00:00:00,104.88687
2012-11-21 01:00:00,105.66386
2012-11-21 02:00:00,101.7066
2012-11-21 03:00:00,101.7066
2012-11-21 04:00:00,101.7066
2012-11-21 05:00:00,101.7066
2012-11-21 06:00:00,102.54287
2012-11-21 07:00:00,100.54128
2012-11-21 08:00:00,103.90094
2012-11-21 09:00:00,109.62627
2012-11-21 10:00:00,177.8703
2012-11-21 11:00:00,277.86566
2012-11-21 12:00:00,322.7951
2012-11-21 13:00:00,353.22693
2012-11-21 14:00:00,353.8566
2012-11-21 15:00:00,320.87067
2012-11-21 16:00:00,333.0606
2012-11-21 17:00:00,306.56665
2012-11-21 18:00:00,304.84775
2012-11-21 19:00:00,296.76062
2012-11-21 20:00:00,172.94574
2012-11-21 21:00:00,219.3136
2012-11-21 22:00:00,216.74852
2012-11-21 23:00:00,164.9043
2012-11-22 00:00:00,128.18388
2012-11-22 01:00:00,116.227066
2012-11-22 02:00:00,88.86319
2012-11-22 03:00:00,88.58723
2012-11-22 04:00:00,61.474545
2012-11-22 05:00:00,88.58723
2012-11-22 06:00:00,99.56506
2012-11-22 07:00:00,75.69191
2012-11-22 08:00:00,82.889755
2012-11-22 09:00:00,128.37126
2012-11-22 10:00:00,194.42386
2012-11-22 11:00:00,327.19028
2012-11-22 12:00:00,303.28378
2012-11-22 13:00:00,302.33887
2012-11-22 14:00:00,304.27722
2012-11-22 15:00:00,304.27722
2012-11-22 16:00:00,305.20572
2012-11-22 17:00:00,303.28378
2012-11-22 18:00:00,291.81256
2012-11-22 19:00:00,115.05262
2012-11-22 20:00:00,123.449745
2012-11-22 21:00:00,157.9495
2012-11-22 22:00:00,158.1412
2012-11-22 23:00:00,112.52084
2012-11-23 00:00:00,128.06606
2012-11-23 01:00:00,102.28462
2012-11-23 02:00:00,101.69233
2012-11-23 03:00:00,107.58931
2012-11-23 04:00:00,98.29684
2012-11-23 05:00:00,97.74668
2012-11-23 06:00:00,97.74668
2012-11-23 07:00:00,97.74668
2012-11-23 08:00:00,95.05137
2012-11-23 09:00:00,103.80715
2012-11-23 10:00:00,169.74628
2012-11-23 11:00:00,277.86566
2012-11-23 12:00:00,349.58035
2012-11-23 13:00:00,363.45883
2012-11-23 14:00:00,375.60373
2012-11-23 15:00:00,350.53732
2012-11-23 16:00:00,325.66953
2012-11-23 17:00:00,329.38458
2012-11-23 18:00:00,281.1425
2012-11-23 19:00:00,312.20587
2012-11-23 20:00:00,301.95258
2012-11-23 21:00:00,321.55563
2012-11-23 22:00:00,426.19406
2012-11-23 23:00:00,382.60617
2012-11-24 00:00:00,360.45297
2012-11-24 01:00:00,245.01286
2012-11-24 02:00:00,248.01422
2012-11-24 03:00:00,230.38928
2012-11-24 04:00:00,197.97327
2012-11-24 05:00:00,212.1672
2012-11-24 06:00:00,182.13474
2012-11-24 07:00:00,227.17618
2012-11-24 08:00:00,190.28925
2012-11-24 09:00:00,212.98225
2012-11-24 10:00:00,206.8856
2012-11-24 11:00:00,248.70248
2012-11-24 12:00:00,226.57707
2012-11-24 13:00:00,300.7716
2012-11-24 14:00:00,304.44632
2012-11-24 15:00:00,273.4672
2012-11-24 16:00:00,239.79013
2012-11-24 17:00:00,208.86307
2012-11-24 18:00:00,230.80844
2012-11-24 19:00:00,223.83723
2012-11-24 20:00:00,182.13475
2012-11-24 21:00:00,194.21786
2012-11-24 22:00:00,190.96896
2012-11-24 23:00:00,194.21786
2012-11-25 00:00:00,160.0362
2012-11-25 01:00:00,189.915
2012-11-25 02:00:00,166.6124
2012-11-25 03:00:00,220.92719
2012-11-25 04:00:00,220.92719
2012-11-25 05:00:00,185.71223
2012-11-25 06:00:00,196.12082
2012-11-25 07:00:00,170.22374
2012-11-25 08:00:00,158.19342
2012-11-25 09:00:00,180.29198
2012-11-25 10:00:00,165.07195
2012-11-25 11:00:00,248.08119
2012-11-25 12:00:00,248.08119
2012-11-25 13:00:00,251.38531
2012-11-25 14:00:00,263.7383
2012-11-25 15:00:00,248.7293
2012-11-25 16:00:00,272.32404
2012-11-25 17:00:00,248.66219
2012-11-25 18:00:00,214.50928
2012-11-25 19:00:00,248.04135
2012-11-25 20:00:00,130.16653
2012-11-25 21:00:00,215.26581
2012-11-25 22:00:00,130.16653
2012-11-25 23:00:00,97.45251
2012-11-26 00:00:00,99.43472
2012-11-26 01:00:00,95.52163
2012-11-26 02:00:00,95.52163
2012-11-26 03:00:00,95.52163
2012-11-26 04:00:00,99.43472
2012-11-26 05:00:00,101.80217
2012-11-26 06:00:00,99.43472
2012-11-26 07:00:00,116.577866
2012-11-26 08:00:00,116.577866
2012-11-26 09:00:00,174.9351
2012-11-26 10:00:00,211.09427
2012-11-26 11:00:00,352.6385
2012-11-26 12:00:00,316.0855
2012-11-26 13:00:00,316.0855
2012-11-26 14:00:00,288.55438
2012-11-26 15:00:00,312.16003
2012-11-26 16:00:00,295.60904
2012-11-26 17:00:00,292.1498
2012-11-26 18:00:00,248.5005
2012-11-26 19:00:00,204.34836
2012-11-26 20:00:00,216.74852
2012-11-26 21:00:00,216.74852
2012-11-26 22:00:00,164.90428
2012-11-26 23:00:00,149.66736
2012-11-27 00:00:00,148.80797
2012-11-27 01:00:00,138.20421
2012-11-27 02:00:00,136.91809
2012-11-27 03:00:00,147.03035
2012-11-27 04:00:00,112.64543
2012-11-27 05:00:00,109.599106
2012-11-27 06:00:00,108.51824
2012-11-27 07:00:00,111.37114
2012-11-27 08:00:00,115.7712
2012-11-27 09:00:00,111.47851
2012-11-27 10:00:00,117.18514
2012-11-27 11:00:00,107.26899
2012-11-27 12:00:00,97.207436
2012-11-27 13:00:00,106.19227
2012-11-27 14:00:00,98.163055
2012-11-27 15:00:00,116.02358
2012-11-27 16:00:00,116.02358
2012-11-27 17:00:00,119.225395
2012-11-27 18:00:00,87.602295
2012-11-27 19:00:00,109.25885
2012-11-27 20:00:00,104.69468
2012-11-27 21:00:00,85.742134
2012-11-27 22:00:00,98.0944
2012-11-27 23:00:00,102.39078
2012-11-28 00:00:00,108.031815
2012-11-28 01:00:00,108.849266
2012-11-28 02:00:00,108.849266
2012-11-28 03:00:00,118.1327
2012-11-28 04:00:00,118.24563
2012-11-28 05:00:00,117.99989
2012-11-28 06:00:00,133.63441
2012-11-28 07:00:00,173.32248
2012-11-28 08:00:00,125.01422
2012-11-28 09:00:00,193.23186
2012-11-28 10:00:00,228.7759
2012-11-28 11:00:00,260.24692
2012-11-28 12:00:00,284.52283
2012-11-28 13:00:00,284.85263
2012-11-28 14:00:00,316.11264
2012-11-28 15:00:00,358.0516
2012-11-28 16:00:00,335.55408
2012-11-28 17:00:00,302.67273
2012-11-28 18:00:00,334.16327
2012-11-28 19:00:00,293.70172
2012-11-28 20:00:00,287.65787
2012-11-28 21:00:00,276.19138
2012-11-28 22:00:00,236.28223
2012-11-28 23:00:00,211.89182
2012-11-29 00:00:00,150.63889
2012-11-29 01:00:00,115.82904
2012-11-29 02:00:00,113.768555
2012-11-29 04:00:00,94.78678
2012-11-29 05:00:00,95.52163
2012-11-29 06:00:00,99.43472
2012-11-29 07:00:00,108.034256
2012-11-29 08:00:00,97.629745
2012-11-29 09:00:00,132.7632
2012-11-29 10:00:00,130.10693
2012-11-29 11:00:00,317.66034
2012-11-29 12:00:00,290.87506
2012-11-29 13:00:00,318.0562
2012-11-29 14:00:00,294.95862
2012-11-29 15:00:00,294.15955
2012-11-29 16:00:00,306.30945
2012-11-29 17:00:00,296.20346
2012-11-29 18:00:00,235.48767
2012-11-29 19:00:00,202.89532
2012-11-29 20:00:00,206.98125
2012-11-29 21:00:00,123.89659
2012-11-29 22:00:00,109.6498
2012-11-29 23:00:00,145.72919
2012-11-30 00:00:00,107.80477
2012-11-30 01:00:00,101.821236
2012-11-30 02:00:00,97.15855
2012-11-30 03:00:00,97.15855
2012-11-30 04:00:00,95.78342
2012-11-30 05:00:00,94.57977
2012-11-30 06:00:00,93.33483
2012-11-30 07:00:00,96.13841
2012-11-30 08:00:00,99.33609
2012-11-30 09:00:00,97.88395
2012-11-30 10:00:00,145.16151
2012-11-30 11:00:00,236.87213
2012-11-30 12:00:00,249.68156
2012-11-30 13:00:00,320.27194
2012-11-30 14:00:00,304.83752
2012-11-30 15:00:00,318.55304
2012-11-30 16:00:00,287.48566
2012-11-30 17:00:00,249.417
2012-11-30 18:00:00,189.33975
2012-11-30 19:00:00,136.64012
2012-11-30 20:00:00,136.64012
2012-11-30 21:00:00,107.49947
2012-11-30 22:00:00,105.33405
2012-11-30 23:00:00,115.241295
2012-12-20 00:00:00,164.19875
2012-12-20 01:00:00,136.64012
2012-12-20 02:00:00,136.64012
2012-12-20 03:00:00,129.96416
2012-12-20 04:00:00,129.96416
2012-12-20 05:00:00,130.7994
2012-12-20 06:00:00,145.16151
2012-12-20 07:00:00,127.90368
2012-12-20 08:00:00,127.90368
2012-12-20 09:00:00,127.90368
2012-12-20 10:00:00,143.64015
2012-12-20 11:00:00,206.5487
2012-12-20 12:00:00,244.5025
2012-12-20 13:00:00,220.29507
2012-12-20 14:00:00,245.41898
2012-12-20 15:00:00,210.63159
2012-12-20 16:00:00,226.79517
2012-12-20 17:00:00,158.12634
2012-12-20 18:00:00,141.37828
2012-12-20 19:00:00,150.58885
2012-12-20 20:00:00,133.8111
2012-12-20 21:00:00,133.8111
2012-12-20 22:00:00,114.64085
2012-12-20 23:00:00,146.8582
2012-12-21 00:00:00,108.88549
2012-12-21 01:00:00,111.33512
2012-12-21 02:00:00,105.41406
2012-12-21 03:00:00,105.41406
2012-12-21 04:00:00,93.776985
2012-12-21 05:00:00,82.35775
2012-12-21 06:00:00,114.77758
2012-12-21 07:00:00,100.47794
2012-12-21 08:00:00,103.32316
2012-12-21 09:00:00,137.28444
2012-12-21 10:00:00,142.93886
2012-12-21 11:00:00,150.8679
2012-12-21 12:00:00,165.72705
2012-12-21 13:00:00,167.56306
2012-12-21 14:00:00,168.48262
2012-12-21 15:00:00,142.33931
2012-12-21 16:00:00,155.14708
2012-12-21 17:00:00,94.32
2012-12-21 18:00:00,92.94324
2012-12-21 19:00:00,112.84119
2012-12-21 20:00:00,125.07034
2012-12-21 21:00:00,120.61414
2012-12-21 22:00:00,106.96455
2012-12-21 23:00:00,109.19662
2012-12-22 00:00:00,90.04966
2012-12-22 01:00:00,92.450615
2012-12-22 02:00:00,91.240395
2012-12-22 03:00:00,82.70102
2012-12-22 04:00:00,91.53424
2012-12-22 05:00:00,88.401665
2012-12-22 06:00:00,96.6748
2012-12-22 07:00:00,96.6748
2012-12-22 08:00:00,89.097206
2012-12-22 09:00:00,88.95337
2012-12-22 10:00:00,89.92187
2012-12-22 11:00:00,114.26445
2012-12-22 12:00:00,74.290504
2012-12-22 13:00:00,149.80048
2012-12-22 14:00:00,149.8579
2012-12-22 15:00:00,84.858086
2012-12-22 16:00:00,130.26237
2012-12-22 17:00:00,114.034424
2012-12-22 18:00:00,92.2089
2012-12-22 19:00:00,83.080696
2012-12-22 20:00:00,87.04034
2012-12-22 21:00:00,74.25017
2012-12-22 22:00:00,74.25017
2012-12-22 23:00:00,81.82666
2012-12-23 00:00:00,85.139915
2012-12-23 01:00:00,85.85614
2012-12-23 02:00:00,75.80149
2012-12-23 03:00:00,76.88174
2012-12-23 04:00:00,80.521164
2012-12-23 05:00:00,78.37106
2012-12-23 06:00:00,47.010563
2012-12-23 07:00:00,47.010563
2012-12-23 08:00:00,43.4394
2012-12-23 09:00:00,67.916885
2012-12-23 10:00:00,54.451015
2012-12-23 11:00:00,81.43269
2012-12-23 12:00:00,122.64614
2012-12-23 13:00:00,148.32664
2012-12-23 14:00:00,200.47903
2012-12-23 15:00:00,192.62737
2012-12-23 16:00:00,194.50082
2012-12-23 17:00:00,111.23605
2012-12-23 18:00:00,115.712944
2012-12-23 19:00:00,128.66759
2012-12-23 20:00:00,82.05333
2012-12-23 21:00:00,71.79485
2012-12-23 22:00:00,77.89803
2012-12-23 23:00:00,81.976204
2012-12-24 00:00:00,83.02277
2012-12-24 01:00:00,83.02278
2012-12-24 02:00:00,76.620316
2012-12-24 03:00:00,76.620316
2012-12-24 05:00:00,56.45633
2012-12-24 06:00:00,76.620316
2012-12-24 07:00:00,79.976685
2012-12-24 08:00:00,83.02278
2012-12-24 09:00:00,89.48097
2012-12-24 10:00:00,89.65417
2012-12-24 11:00:00,91.48963
2012-12-24 12:00:00,92.292885
2012-12-24 13:00:00,73.18706
2012-12-24 14:00:00,63.25127
2012-12-24 15:00:00,48.575996
2012-12-24 16:00:00,48.575996
2012-12-24 17:00:00,51.61438
2012-12-24 18:00:00,60.03787
2012-12-24 19:00:00,57.83509
2012-12-24 20:00:00,55.00996
2012-12-24 21:00:00,61.72998
2012-12-24 22:00:00,79.08159
2012-12-24 23:00:00,75.635086
2012-12-25 00:00:00,46.108315
2012-12-25 01:00:00,41.85709
2012-12-25 02:00:00,41.85709
2012-12-25 04:00:00,44.729538
2012-12-25 05:00:00,49.08012
2012-12-25 06:00:00,49.08012
2012-12-25 07:00:00,48.22085
2012-12-25 08:00:00,46.59252
2012-12-25 09:00:00,47.680656
2012-12-25 10:00:00,53.08329
2012-12-25 11:00:00,61.602882
2012-12-25 12:00:00,65.59542
2012-12-25 13:00:00,140.10559
2012-12-25 14:00:00,147.4252
2012-12-25 15:00:00,111.42972
2012-12-25 16:00:00,119.51277
2012-12-25 17:00:00,96.447685
2012-12-25 18:00:00,72.34962
2012-12-25 19:00:00,74.11016
2012-12-25 20:00:00,71.151596
2012-12-25 21:00:00,71.88409
2012-12-25 22:00:00,68.10727
2012-12-25 23:00:00,62.368446
2012-12-26 00:00:00,94.63392
2012-12-26 01:00:00,82.66989
2012-12-26 02:00:00,82.66989
2012-12-26 03:00:00,63.503635
2012-12-26 04:00:00,54.108276
2012-12-26 05:00:00,68.13951
2012-12-26 06:00:00,71.11389
2012-12-26 07:00:00,41.39906
2012-12-26 08:00:00,41.39906
2012-12-26 09:00:00,41.39906
2012-12-26 10:00:00,42.258316
2012-12-26 11:00:00,38.160515
2012-12-26 12:00:00,40.65542
2012-12-26 13:00:00,40.65542
2012-12-26 14:00:00,45.841633
2012-12-26 15:00:00,41.446186
2012-12-26 16:00:00,41.446186
2012-12-26 17:00:00,40.75619
2012-12-26 18:00:00,44.095543
2012-12-26 19:00:00,70.29128
2012-12-26 20:00:00,61.395794
2012-12-26 21:00:00,55.449318
2012-12-26 22:00:00,40.15597
2012-12-26 23:00:00,44.97318
2012-12-27 00:00:00,44.97318
2012-12-27 01:00:00,40.15597
2012-12-27 02:00:00,38.7772
2012-12-27 03:00:00,47.085384
2012-12-27 04:00:00,41.58753
2012-12-27 05:00:00,66.71657
2012-12-27 06:00:00,45.865955
2012-12-27 07:00:00,69.41212
2012-12-27 08:00:00,73.92731
2012-12-27 09:00:00,71.50187
2012-12-27 10:00:00,87.54266
2012-12-27 11:00:00,101.891914
2012-12-27 12:00:00,114.085945
2012-12-27 13:00:00,114.085945
2012-12-27 14:00:00,88.353386
2012-12-27 15:00:00,90.73773
2012-12-27 16:00:00,97.455605
2012-12-27 17:00:00,97.455605
2012-12-27 18:00:00,90.014206
2012-12-27 19:00:00,81.81617
2012-12-27 20:00:00,88.14738
2012-12-27 21:00:00,90.014206
2012-12-27 22:00:00,87.35928
2012-12-27 23:00:00,90.014206
2012-12-28 00:00:00,89.9244
2012-12-28 01:00:00,86.228
2012-12-28 02:00:00,86.44624
2012-12-28 03:00:00,89.9244
2012-12-28 04:00:00,89.24335
2012-12-28 05:00:00,88.76298
2012-12-28 06:00:00,72.331856
2012-12-28 07:00:00,81.67756
2012-12-28 08:00:00,89.119354
2012-12-28 09:00:00,87.35928
2012-12-28 10:00:00,92.72883
2012-12-28 11:00:00,99.83572
2012-12-28 12:00:00,112.36288
2012-12-28 13:00:00,112.36288
2012-12-28 14:00:00,112.36288
2012-12-28 15:00:00,107.10811
2012-12-28 16:00:00,103.5367
2012-12-28 17:00:00,87.31461
2012-12-28 18:00:00,87.31461
2012-12-28 19:00:00,85.6326
2012-12-28 20:00:00,89.48097
2012-12-28 21:00:00,83.43331
2012-12-28 22:00:00,85.466675
2012-12-28 23:00:00,89.0006
2012-12-29 00:00:00,65.08759
2012-12-29 01:00:00,50.338394
2012-12-29 02:00:00,65.08759
2012-12-29 03:00:00,55.352154
2012-12-29 04:00:00,50.338394
2012-12-29 05:00:00,50.338394
2012-12-29 06:00:00,60.955566
2012-12-29 07:00:00,59.195038
2012-12-29 08:00:00,49.308292
2012-12-29 09:00:00,49.308292
2012-12-29 10:00:00,42.95447
2012-12-29 11:00:00,48.74
2012-12-29 12:00:00,69.71835
2012-12-29 13:00:00,69.71835
2012-12-29 14:00:00,45.811123
2012-12-29 15:00:00,53.649532
2012-12-29 16:00:00,49.033943
2012-12-29 17:00:00,42.055412
2012-12-29 18:00:00,53.584293
2012-12-29 19:00:00,73.53789
2012-12-29 20:00:00,78.54876
2012-12-29 21:00:00,77.97282
2012-12-29 22:00:00,64.800156
2012-12-29 23:00:00,81.02643
2012-12-30 00:00:00,81.43342
2012-12-30 01:00:00,73.15927
2012-12-30 02:00:00,82.1655
2012-12-30 03:00:00,73.15927
2012-12-30 04:00:00,88.79575
2012-12-30 05:00:00,95.42536
2012-12-30 06:00:00,72.857506
2012-12-30 07:00:00,59.798595
2012-12-30 08:00:00,63.3859
2012-12-30 09:00:00,70.48398
2012-12-30 10:00:00,97.26908
2012-12-30 11:00:00,105.342354
2012-12-30 12:00:00,75.82471
2012-12-30 13:00:00,74.290504
2012-12-30 14:00:00,141.87961
2012-12-30 15:00:00,125.709465
2012-12-30 16:00:00,121.17126
2012-12-30 17:00:00,103.276245
2012-12-30 18:00:00,97.32891
2012-12-30 19:00:00,89.94625
2012-12-30 20:00:00,79.74559
2012-12-30 21:00:00,75.80149
2012-12-30 22:00:00,61.87004
2012-12-30 23:00:00,68.960434
2012-12-31 00:00:00,80.483
2012-12-31 01:00:00,80.483
2012-12-31 02:00:00,70.704735
2012-12-31 03:00:00,75.714294
2012-12-31 04:00:00,57.27146
2012-12-31 05:00:00,55.392162
2012-12-31 06:00:00,60.969296
2012-12-31 07:00:00,66.52448
2012-12-31 08:00:00,52.243534
2012-12-31 09:00:00,80.60882
2012-12-31 10:00:00,73.88199
2012-12-31 11:00:00,88.68513
2012-12-31 12:00:00,89.562775
2012-12-31 13:00:00,114.311424
2012-12-31 14:00:00,120.44773
2012-12-31 15:00:00,118.40685
2012-12-31 16:00:00,104.20362
2012-12-31 17:00:00,104.184845
2012-12-31 18:00:00,103.81922
2012-12-31 19:00:00,91.48963
2012-12-31 20:00:00,91.48963
2012-12-31 21:00:00,89.7126
2012-12-31 22:00:00,89.6916
2012-12-31 23:00:00,89.51865
