datetime,count
2011-01-20 00:00:00,544.7657
2011-01-20 01:00:00,521.6244
2011-01-20 02:00:00,521.6244
2011-01-20 03:00:00,528.41
2011-01-20 04:00:00,528.41
2011-01-20 05:00:00,580.8604
2011-01-20 06:00:00,585.44574
2011-01-20 07:00:00,537.4855
2011-01-20 08:00:00,535.93646
2011-01-20 09:00:00,503.4929
2011-01-20 10:00:00,470.35422
2011-01-20 11:00:00,417.75418
2011-01-20 12:00:00,355.44205
2011-01-20 13:00:00,408.18408
2011-01-20 14:00:00,402.89874
2011-01-20 15:00:00,396.7644
2011-01-20 16:00:00,441.26688
2011-01-20 17:00:00,430.9209
2011-01-20 18:00:00,527.00555
2011-01-20 19:00:00,546.31476
2011-01-20 20:00:00,574.168
2011-01-20 21:00:00,579.456
2011-01-20 22:00:00,637.7596
2011-01-20 23:00:00,636.59717
2011-01-21 00:00:00,675.37646
2011-01-21 01:00:00,675.37646
2011-01-21 02:00:00,713.9817
2011-01-21 03:00:00,774.08844
2011-01-21 04:00:00,813.9999
2011-01-21 05:00:00,597.9919
2011-01-21 06:00:00,536.7123
2011-01-21 07:00:00,513.1996
2011-01-21 08:00:00,473.66904
2011-01-21 09:00:00,511.26398
2011-01-21 10:00:00,481.23044
2011-01-21 11:00:00,419.1661
2011-01-21 12:00:00,552.10767
2011-01-21 13:00:00,588.4696
2011-01-21 14:00:00,514.2086
2011-01-21 15:00:00,424.72183
2011-01-21 16:00:00,347.04163
2011-01-21 17:00:00,322.30984
2011-01-21 18:00:00,330.7374
2011-01-21 19:00:00,339.84525
2011-01-21 20:00:00,381.93045
2011-01-21 21:00:00,426.8414
2011-01-21 22:00:00,479.65656
2011-01-21 23:00:00,441.3103
2011-01-22 00:00:00,482.86185
2011-01-22 01:00:00,462.54044
2011-01-22 02:00:00,443.8625
2011-01-22 03:00:00,443.08673
2011-01-22 04:00:00,514.35645
2011-01-22 06:00:00,466.87796
2011-01-22 07:00:00,477.00616
2011-01-22 08:00:00,486.96292
2011-01-22 09:00:00,444.49374
2011-01-22 10:00:00,424.0195
2011-01-22 11:00:00,391.43396
2011-01-22 12:00:00,370.04193
2011-01-22 13:00:00,306.81198
2011-01-22 14:00:00,313.61557
2011-01-22 15:00:00,263.85474
2011-01-22 16:00:00,269.86707
2011-01-22 17:00:00,230.57022
2011-01-22 18:00:00,357.2279
2011-01-22 19:00:00,347.65775
2011-01-22 20:00:00,458.4337
2011-01-22 21:00:00,399.8359
2011-01-22 22:00:00,445.68576
2011-01-22 23:00:00,568.5532
2011-01-23 00:00:00,568.5532
2011-01-23 01:00:00,568.5532
2011-01-23 02:00:00,620.32544
2011-01-23 03:00:00,620.32544
2011-01-23 05:00:00,567.922
2011-01-23 06:00:00,567.922
2011-01-23 07:00:00,567.4988
2011-01-23 08:00:00,621.4984
2011-01-23 09:00:00,552.7961
2011-01-23 10:00:00,466.1866
2011-01-23 11:00:00,419.50574
2011-01-23 12:00:00,373.4105
2011-01-23 13:00:00,341.49008
2011-01-23 14:00:00,306.65518
2011-01-23 15:00:00,306.65518
2011-01-23 16:00:00,294.94632
2011-01-23 17:00:00,335.81384
2011-01-23 18:00:00,298.62125
2011-01-23 19:00:00,297.84546
2011-01-23 20:00:00,360.68564
2011-01-23 21:00:00,362.2347
2011-01-23 22:00:00,386.004
2011-01-23 23:00:00,429.63565
2011-01-24 00:00:00,462.52762
2011-01-24 01:00:00,505.40793
2011-01-24 03:00:00,514.978
2011-01-24 04:00:00,518.1531
2011-01-24 05:00:00,518.1531
2011-01-24 06:00:00,508.19373
2011-01-24 07:00:00,477.3073
2011-01-24 08:00:00,482.3141
2011-01-24 09:00:00,401.06564
2011-01-24 10:00:00,434.77158
2011-01-24 11:00:00,480.77423
2011-01-24 12:00:00,435.64047
2011-01-24 13:00:00,450.99066
2011-01-24 14:00:00,479.76678
2011-01-24 15:00:00,408.76352
2011-01-24 16:00:00,484.7047
2011-01-24 17:00:00,529.1121
2011-01-24 18:00:00,605.87036
2011-01-24 19:00:00,547.6373
2011-01-24 20:00:00,605.87036
2011-01-24 21:00:00,633.9657
2011-01-24 22:00:00,642.8315
2011-01-24 23:00:00,647.1381
2011-01-25 00:00:00,705.3685
2011-01-25 01:00:00,686.30145
2011-01-25 02:00:00,696.50287
2011-01-25 04:00:00,729.908
2011-01-25 05:00:00,748.97516
2011-01-25 06:00:00,725.3958
2011-01-25 07:00:00,744.463
2011-01-25 08:00:00,723.99146
2011-01-25 09:00:00,609.0142
2011-01-25 10:00:00,565.74725
2011-01-25 11:00:00,571.508
2011-01-25 12:00:00,507.54916
2011-01-25 13:00:00,517.5085
2011-01-25 14:00:00,384.21817
2011-01-25 15:00:00,350.85675
2011-01-25 16:00:00,350.85675
2011-01-25 17:00:00,384.84937
2011-01-25 18:00:00,431.30753
2011-01-25 19:00:00,614.1071
2011-01-25 20:00:00,629.59644
2011-01-25 21:00:00,629.59644
2011-01-25 22:00:00,614.2437
2011-01-25 23:00:00,613.6125
2011-01-26 00:00:00,662.3485
2011-01-26 01:00:00,619.4682
2011-01-26 02:00:00,660.16815
2011-01-26 05:00:00,847.6586
2011-01-26 06:00:00,847.6586
2011-01-26 07:00:00,841.2328
2011-01-26 08:00:00,841.2328
2011-01-26 09:00:00,841.2328
2011-01-26 10:00:00,899.1717
2011-01-26 11:00:00,909.05524
2011-01-26 12:00:00,909.05524
2011-01-26 13:00:00,909.05524
2011-01-26 14:00:00,908.282
2011-01-26 15:00:00,916.6897
2011-01-26 16:00:00,908.42395
2011-01-26 17:00:00,912.8674
2011-01-27 16:00:00,527.14215
2011-01-27 17:00:00,518.4184
2011-01-27 18:00:00,657.60565
2011-01-27 19:00:00,657.60565
2011-01-27 20:00:00,710.1511
2011-01-27 21:00:00,710.1511
2011-01-27 22:00:00,710.1511
2011-01-27 23:00:00,776.8138
2011-01-28 00:00:00,724.4861
2011-01-28 01:00:00,724.4861
2011-01-28 02:00:00,723.7102
2011-01-28 03:00:00,714.14014
2011-01-28 05:00:00,766.68555
2011-01-28 06:00:00,776.9583
2011-01-28 07:00:00,829.1366
2011-01-28 08:00:00,829.1366
2011-01-28 09:00:00,823.99304
2011-01-28 10:00:00,823.60657
2011-01-28 11:00:00,890.75085
2011-01-28 12:00:00,890.75085
2011-01-28 13:00:00,890.75085
2011-01-28 14:00:00,737.5031
2011-01-28 15:00:00,800.1988
2011-01-28 16:00:00,738.76556
2011-01-28 17:00:00,716.0199
2011-01-28 18:00:00,725.51685
2011-01-28 19:00:00,715.3886
2011-01-28 20:00:00,676.9255
2011-01-28 21:00:00,719.90076
2011-01-28 22:00:00,636.4552
2011-01-28 23:00:00,580.8604
2011-01-29 00:00:00,599.25903
2011-01-29 01:00:00,581.3543
2011-01-29 02:00:00,582.12756
2011-01-29 03:00:00,587.4886
2011-01-29 04:00:00,645.3195
2011-01-29 06:00:00,596.58606
2011-01-29 07:00:00,549.399
2011-01-29 08:00:00,504.8966
2011-01-29 09:00:00,534.15436
2011-01-29 10:00:00,581.09674
2011-01-29 11:00:00,591.3695
2011-01-29 12:00:00,548.3942
2011-01-29 13:00:00,495.16797
2011-01-29 14:00:00,543.90405
2011-01-29 15:00:00,638.88477
2011-01-29 16:00:00,539.24725
2011-01-29 17:00:00,510.22336
2011-01-29 18:00:00,630.8635
2011-01-29 19:00:00,638.2534
2011-01-29 20:00:00,678.03503
2011-01-29 21:00:00,678.03503
2011-01-29 22:00:00,740.0993
2011-01-29 23:00:00,740.0993
2011-01-30 00:00:00,750.832
2011-01-30 01:00:00,724.84424
2011-01-30 02:00:00,720.259
2011-01-30 03:00:00,849.5408
2011-01-30 04:00:00,849.5408
2011-01-30 05:00:00,782.3964
2011-01-30 07:00:00,782.3964
2011-01-30 08:00:00,781.76526
2011-01-30 09:00:00,719.6277
2011-01-30 10:00:00,715.11554
2011-01-30 11:00:00,658.6893
2011-01-30 12:00:00,428.2121
2011-01-30 13:00:00,530.1717
2011-01-30 14:00:00,519.5123
2011-01-30 15:00:00,458.24567
2011-01-30 16:00:00,458.24567
2011-01-30 17:00:00,486.42325
2011-01-30 18:00:00,582.6222
2011-01-30 19:00:00,581.84894
2011-01-30 20:00:00,572.49396
2011-01-30 21:00:00,634.5364
2011-01-30 22:00:00,644.8092
2011-01-30 23:00:00,605.6433
2011-01-31 00:00:00,628.1894
2011-01-31 01:00:00,623.0407
2011-01-31 02:00:00,613.4705
2011-01-31 03:00:00,613.4705
2011-01-31 04:00:00,580.3657
2011-01-31 05:00:00,642.4083
2011-01-31 06:00:00,704.83734
2011-01-31 07:00:00,657.4083
2011-01-31 08:00:00,609.4482
2011-01-31 09:00:00,609.0616
2011-01-31 10:00:00,600.727
2011-01-31 11:00:00,600.727
2011-01-31 12:00:00,526.88446
2011-01-31 13:00:00,550.31104
2011-01-31 14:00:00,537.1573
2011-01-31 15:00:00,580.11084
2011-01-31 16:00:00,549.78564
2011-01-31 17:00:00,600.727
2011-01-31 18:00:00,561.583
2011-01-31 19:00:00,546.6565
2011-01-31 20:00:00,589.74976
2011-01-31 21:00:00,569.52026
2011-01-31 22:00:00,580.8841
2011-01-31 23:00:00,618.1116
2011-02-20 00:00:00,408.27756
2011-02-20 01:00:00,382.4646
2011-02-20 02:00:00,440.3033
2011-02-20 03:00:00,414.20676
2011-02-20 04:00:00,414.20676
2011-02-20 06:00:00,442.32874
2011-02-20 07:00:00,486.37143
2011-02-20 08:00:00,452.44617
2011-02-20 09:00:00,427.08405
2011-02-20 10:00:00,351.00882
2011-02-20 11:00:00,254.90228
2011-02-20 12:00:00,245.96336
2011-02-20 13:00:00,212.32838
2011-02-20 14:00:00,268.1282
2011-02-20 15:00:00,207.31842
2011-02-20 16:00:00,203.47679
2011-02-20 17:00:00,235.31691
2011-02-20 18:00:00,275.35678
2011-02-20 19:00:00,275.35678
2011-02-20 20:00:00,314.2285
2011-02-20 21:00:00,424.25305
2011-02-20 22:00:00,490.0961
2011-02-20 23:00:00,523.4794
2011-02-21 00:00:00,328.3984
2011-02-21 01:00:00,328.3984
2011-02-21 02:00:00,328.3984
2011-02-21 03:00:00,329.17422
2011-02-21 04:00:00,344.41318
2011-02-21 05:00:00,235.03671
2011-02-21 06:00:00,358.035
2011-02-21 07:00:00,344.7541
2011-02-21 08:00:00,466.5209
2011-02-21 09:00:00,466.9075
2011-02-21 10:00:00,467.68335
2011-02-21 11:00:00,449.38937
2011-02-21 12:00:00,544.4416
2011-02-21 13:00:00,710.95416
2011-02-21 14:00:00,649.93207
2011-02-21 15:00:00,602.9748
2011-02-21 16:00:00,666.7109
2011-02-21 17:00:00,656.99615
2011-02-21 18:00:00,793.0932
2011-02-21 19:00:00,793.0932
2011-02-21 20:00:00,734.1339
2011-02-21 21:00:00,679.5446
2011-02-21 22:00:00,695.9518
2011-02-21 23:00:00,695.9518
2011-02-22 06:00:00,808.93243
2011-02-22 07:00:00,808.93243
2011-02-22 08:00:00,809.70825
2011-02-22 09:00:00,758.68994
2011-02-22 10:00:00,680.1472
2011-02-22 11:00:00,598.90247
2011-02-22 12:00:00,561.29865
2011-02-22 13:00:00,527.9154
2011-02-22 14:00:00,527.14215
2011-02-22 15:00:00,466.53177
2011-02-22 16:00:00,489.54724
2011-02-22 17:00:00,499.1174
2011-02-22 18:00:00,451.9549
2011-02-22 19:00:00,474.83148
2011-02-22 20:00:00,465.26135
2011-02-22 21:00:00,464.48813
2011-02-22 22:00:00,446.3366
2011-02-22 23:00:00,446.3366
2011-02-23 00:00:00,519.542
2011-02-23 01:00:00,470.901
2011-02-23 02:00:00,503.51114
2011-02-23 03:00:00,513.78125
2011-02-23 05:00:00,504.28427
2011-02-23 06:00:00,504.28427
2011-02-23 07:00:00,541.8792
2011-02-23 08:00:00,547.6373
2011-02-23 09:00:00,489.5342
2011-02-23 10:00:00,359.5961
2011-02-23 11:00:00,379.54453
2011-02-23 12:00:00,306.7476
2011-02-23 13:00:00,230.50589
2011-02-23 14:00:00,235.19919
2011-02-23 15:00:00,231.44337
2011-02-23 16:00:00,183.91116
2011-02-23 17:00:00,231.44337
2011-02-23 18:00:00,219.12468
2011-02-23 19:00:00,269.7449
2011-02-23 20:00:00,571.3634
2011-02-23 21:00:00,427.23505
2011-02-23 22:00:00,427.23505
2011-02-23 23:00:00,507.68582
2011-02-24 00:00:00,507.68582
2011-02-24 01:00:00,555.646
2011-02-24 02:00:00,609.64545
2011-02-24 03:00:00,619.60486
2011-02-24 05:00:00,667.56494
2011-02-24 06:00:00,677.0621
2011-02-24 07:00:00,705.83813
2011-02-24 08:00:00,676.78094
2011-02-24 09:00:00,733.29333
2011-02-24 10:00:00,670.0885
2011-02-24 11:00:00,528.99774
2011-02-24 12:00:00,471.262
2011-02-24 13:00:00,444.6066
2011-02-24 14:00:00,401.65314
2011-02-24 15:00:00,437.06522
2011-02-24 16:00:00,521.0982
2011-02-24 17:00:00,588.46857
2011-02-24 18:00:00,813.79596
2011-02-24 19:00:00,871.4928
2011-02-24 20:00:00,870.5749
2011-02-24 21:00:00,813.79596
2011-02-24 22:00:00,803.2078
2011-02-24 23:00:00,867.52576
2011-02-25 00:00:00,839.4196
2011-02-25 01:00:00,907.195
2011-02-25 02:00:00,907.195
2011-02-25 03:00:00,848.4585
2011-02-25 05:00:00,848.4585
2011-02-25 06:00:00,843.62866
2011-02-25 07:00:00,920.7323
2011-02-25 08:00:00,849.00275
2011-02-25 09:00:00,869.9436
2011-02-25 10:00:00,817.7838
2011-02-25 11:00:00,630.1033
2011-02-25 12:00:00,460.80423
2011-02-25 13:00:00,460.80423
2011-02-25 14:00:00,582.2358
2011-02-25 15:00:00,767.8179
2011-02-25 16:00:00,450.95706
2011-02-25 17:00:00,620.07367
2011-02-25 18:00:00,450.18387
2011-02-25 19:00:00,484.7051
2011-02-25 20:00:00,504.79996
2011-02-25 21:00:00,452.39807
2011-02-25 22:00:00,477.59955
2011-02-25 23:00:00,469.57837
2011-02-26 00:00:00,472.78378
2011-02-26 01:00:00,481.19153
2011-02-26 02:00:00,560.89087
2011-02-26 03:00:00,496.57495
2011-02-26 04:00:00,522.89856
2011-02-26 05:00:00,571.99927
2011-02-26 06:00:00,514.8086
2011-02-26 07:00:00,523.5298
2011-02-26 08:00:00,509.59213
2011-02-26 09:00:00,495.66257
2011-02-26 10:00:00,409.15073
2011-02-26 11:00:00,352.73325
2011-02-26 12:00:00,365.42142
2011-02-26 13:00:00,340.85703
2011-02-26 14:00:00,340.0432
2011-02-26 15:00:00,316.38498
2011-02-26 16:00:00,374.56845
2011-02-26 17:00:00,336.22226
2011-02-26 18:00:00,370.3594
2011-02-26 19:00:00,413.21777
2011-02-26 20:00:00,476.15036
2011-02-26 21:00:00,575.7878
2011-02-26 22:00:00,672.4813
2011-02-26 23:00:00,681.97845
2011-02-27 00:00:00,801.6683
2011-02-27 01:00:00,792.8739
2011-02-27 02:00:00,783.3768
2011-02-27 03:00:00,773.4175
2011-02-27 04:00:00,799.00824
2011-02-27 06:00:00,769.20844
2011-02-27 07:00:00,799.00824
2011-02-27 08:00:00,764.6962
2011-02-27 09:00:00,768.9054
2011-02-27 10:00:00,715.95135
2011-02-27 11:00:00,520.7958
2011-02-27 12:00:00,413.9567
2011-02-27 13:00:00,344.6251
2011-02-27 14:00:00,337.71503
2011-02-27 15:00:00,303.2669
2011-02-27 16:00:00,297.90582
2011-02-27 17:00:00,406.73566
2011-02-27 18:00:00,411.24777
2011-02-27 19:00:00,412.79684
2011-02-27 20:00:00,413.9567
2011-02-27 21:00:00,493.34256
2011-02-27 22:00:00,494.26035
2011-02-27 23:00:00,519.38873
2011-02-28 00:00:00,580.376
2011-02-28 01:00:00,812.3914
2011-02-28 03:00:00,857.32434
2011-02-28 05:00:00,835.53864
2011-02-28 06:00:00,872.6495
2011-02-28 07:00:00,839.36115
2011-02-28 08:00:00,872.12396
2011-02-28 09:00:00,705.1041
2011-02-28 10:00:00,580.35205
2011-02-28 11:00:00,499.55203
2011-02-28 12:00:00,499.55203
2011-02-28 13:00:00,811.3978
2011-02-28 14:00:00,876.1118
2011-02-28 15:00:00,876.1118
2011-02-28 16:00:00,880.3723
2011-02-28 17:00:00,880.62396
2011-02-28 18:00:00,812.17365
2011-02-28 19:00:00,748.29016
2011-02-28 20:00:00,748.29016
2011-02-28 21:00:00,758.81903
2011-02-28 22:00:00,868.3948
2011-02-28 23:00:00,759.2067
2011-03-20 00:00:00,415.49124
2011-03-20 01:00:00,459.92053
2011-03-20 02:00:00,445.73022
2011-03-20 03:00:00,489.45944
2011-03-20 04:00:00,494.7448
2011-03-20 05:00:00,533.8888
2011-03-20 06:00:00,533.113
2011-03-20 07:00:00,548.74426
2011-03-20 08:00:00,491.78165
2011-03-20 09:00:00,438.55807
2011-03-20 10:00:00,347.5167
2011-03-20 11:00:00,294.4182
2011-03-20 12:00:00,299.4981
2011-03-20 13:00:00,229.02599
2011-03-20 14:00:00,186.07253
2011-03-20 15:00:00,209.7625
2011-03-20 16:00:00,200.74449
2011-03-20 17:00:00,323.02716
2011-03-20 18:00:00,338.07986
2011-03-20 19:00:00,345.7923
2011-03-20 20:00:00,374.56845
2011-03-20 21:00:00,445.59366
2011-03-20 22:00:00,455.55038
2011-03-20 23:00:00,530.1063
2011-03-21 00:00:00,619.9758
2011-03-21 01:00:00,668.5672
2011-03-21 02:00:00,670.11633
2011-03-21 03:00:00,670.11633
2011-03-21 05:00:00,760.9099
2011-03-21 06:00:00,712.8497
2011-03-21 07:00:00,829.7329
2011-03-21 08:00:00,830.3642
2011-03-21 09:00:00,766.03674
2011-03-21 10:00:00,663.0996
2011-03-21 11:00:00,608.3669
2011-03-21 12:00:00,662.4964
2011-03-21 13:00:00,515.3714
2011-03-21 14:00:00,515.7929
2011-03-21 15:00:00,472.91257
2011-03-21 16:00:00,514.24384
2011-03-21 17:00:00,515.01965
2011-03-21 18:00:00,597.1145
2011-03-21 19:00:00,480.16702
2011-03-21 20:00:00,512.6878
2011-03-21 21:00:00,823.2291
2011-03-21 22:00:00,764.901
2011-03-21 23:00:00,768.38574
2011-03-22 00:00:00,765.6768
2011-03-22 01:00:00,891.42786
2011-03-22 02:00:00,830.4501
2011-03-22 03:00:00,711.86084
2011-03-22 04:00:00,717.36395
2011-03-22 05:00:00,770.6121
2011-03-22 06:00:00,768.1453
2011-03-22 07:00:00,665.8728
2011-03-22 08:00:00,488.18243
2011-03-22 09:00:00,483.9219
2011-03-22 10:00:00,440.71695
2011-03-22 11:00:00,411.79623
2011-03-22 12:00:00,370.8542
2011-03-22 13:00:00,356.6309
2011-03-22 14:00:00,437.373
2011-03-22 15:00:00,362.24274
2011-03-22 16:00:00,317.66794
2011-03-22 17:00:00,317.66794
2011-03-22 18:00:00,341.7507
2011-03-22 19:00:00,441.87936
2011-03-22 20:00:00,439.16788
2011-03-22 21:00:00,445.6888
2011-03-22 22:00:00,489.34485
2011-03-22 23:00:00,489.34485
2011-03-23 00:00:00,645.446
2011-03-23 01:00:00,709.0375
2011-03-23 02:00:00,709.0375
2011-03-23 03:00:00,708.89557
2011-03-23 05:00:00,808.7919
2011-03-23 06:00:00,814.408
2011-03-23 07:00:00,877.31885
2011-03-23 08:00:00,809.42316
2011-03-23 09:00:00,761.4411
2011-03-23 10:00:00,756.08
2011-03-23 11:00:00,804.911
2011-03-23 12:00:00,815.18134
2011-03-23 13:00:00,805.82886
2011-03-23 14:00:00,791.602
2011-03-23 15:00:00,724.9124
2011-03-23 16:00:00,662.77484
2011-03-23 17:00:00,662.77484
2011-03-23 18:00:00,723.50793
2011-03-23 19:00:00,723.50793
2011-03-23 20:00:00,821.35986
2011-03-23 21:00:00,949.84424
2011-03-23 22:00:00,867.74866
2011-03-23 23:00:00,831.5557
2011-03-24 00:00:00,877.31885
2011-03-24 01:00:00,948.9751
2011-03-24 02:00:00,948.202
2011-03-24 03:00:00,954.33636
2011-03-24 04:00:00,954.33636
2011-03-24 05:00:00,886.4162
2011-03-24 06:00:00,886.4162
2011-03-24 07:00:00,957.4413
2011-03-24 08:00:00,977.67114
2011-03-24 09:00:00,890.92834
2011-03-24 10:00:00,910.3821
2011-03-24 11:00:00,775.91
2011-03-24 12:00:00,669.6216
2011-03-24 13:00:00,656.70184
2011-03-24 14:00:00,652.4928
2011-03-24 15:00:00,660.4407
2011-03-24 16:00:00,613.25366
2011-03-24 17:00:00,661.2138
2011-03-24 18:00:00,584.06915
2011-03-24 19:00:00,534.4153
2011-03-24 20:00:00,589.5991
2011-03-24 21:00:00,622.9824
2011-03-24 22:00:00,624.53143
2011-03-24 23:00:00,639.38947
2011-03-25 00:00:00,591.4293
2011-03-25 01:00:00,676.5823
2011-03-25 02:00:00,686.0792
2011-03-25 03:00:00,667.01215
2011-03-25 04:00:00,719.5576
2011-03-25 05:00:00,729.0547
2011-03-25 06:00:00,738.6248
2011-03-25 07:00:00,597.79333
2011-03-25 08:00:00,507.36142
2011-03-25 09:00:00,484.73267
2011-03-25 10:00:00,465.72726
2011-03-25 11:00:00,420.49518
2011-03-25 12:00:00,387.98276
2011-03-25 13:00:00,349.63644
2011-03-25 14:00:00,421.5158
2011-03-25 15:00:00,325.21402
2011-03-25 16:00:00,374.61957
2011-03-25 17:00:00,394.41492
2011-03-25 18:00:00,363.71872
2011-03-25 19:00:00,333.5356
2011-03-25 20:00:00,355.13953
2011-03-25 21:00:00,354.3637
2011-03-25 22:00:00,367.18848
2011-03-25 23:00:00,372.93625
2011-03-26 00:00:00,340.82007
2011-03-26 01:00:00,352.11072
2011-03-26 02:00:00,409.65005
2011-03-26 03:00:00,443.71402
2011-03-26 04:00:00,409.65
2011-03-26 05:00:00,482.0822
2011-03-26 06:00:00,525.0356
2011-03-26 07:00:00,482.08218
2011-03-26 08:00:00,400.85568
2011-03-26 09:00:00,367.56735
2011-03-26 10:00:00,362.20627
2011-03-26 11:00:00,328.91806
2011-03-26 12:00:00,304.37552
2011-03-26 13:00:00,281.55902
2011-03-26 14:00:00,314.96945
2011-03-26 15:00:00,282.1819
2011-03-26 16:00:00,313.84262
2011-03-26 17:00:00,327.14532
2011-03-26 18:00:00,278.01093
2011-03-26 19:00:00,393.10886
2011-03-26 20:00:00,393.10886
2011-03-26 21:00:00,389.578
2011-03-26 22:00:00,355.51392
2011-03-26 23:00:00,398.3723
2011-03-27 00:00:00,361.5751
2011-03-27 01:00:00,481.9456
2011-03-27 02:00:00,503.55655
2011-03-27 03:00:00,652.7006
2011-03-27 04:00:00,695.67596
2011-03-27 06:00:00,816.1416
2011-03-27 07:00:00,826.4118
2011-03-27 08:00:00,653.9631
2011-03-27 09:00:00,506.36804
2011-03-27 10:00:00,514.5312
2011-03-27 11:00:00,433.3046
2011-03-27 12:00:00,388.80215
2011-03-27 13:00:00,332.37582
2011-03-27 14:00:00,289.5174
2011-03-27 15:00:00,309.88135
2011-03-27 16:00:00,270.0817
2011-03-27 17:00:00,312.38373
2011-03-27 18:00:00,275.5994
2011-03-27 19:00:00,275.705
2011-03-27 20:00:00,309.73398
2011-03-27 21:00:00,362.20627
2011-03-27 22:00:00,362.20627
2011-03-27 23:00:00,390.20923
2011-03-28 00:00:00,536.9352
2011-03-28 01:00:00,431.4228
2011-03-28 02:00:00,432.196
2011-03-28 03:00:00,432.196
2011-03-28 05:00:00,442.0473
2011-03-28 06:00:00,364.44016
2011-03-28 07:00:00,339.5815
2011-03-28 08:00:00,350.35788
2011-03-28 09:00:00,326.03052
2011-03-28 10:00:00,303.66815
2011-03-28 11:00:00,327.44824
2011-03-28 12:00:00,233.43303
2011-03-28 13:00:00,332.87247
2011-03-28 14:00:00,367.3991
2011-03-28 15:00:00,401.5088
2011-03-28 16:00:00,376.35495
2011-03-28 17:00:00,442.4145
2011-03-28 18:00:00,419.97562
2011-03-28 19:00:00,275.75073
2011-03-28 20:00:00,257.33292
2011-03-28 21:00:00,284.98892
2011-03-28 22:00:00,353.17282
2011-03-28 23:00:00,394.60266
2011-03-29 00:00:00,391.913
2011-03-29 01:00:00,334.1934
2011-03-29 02:00:00,334.1934
2011-03-29 03:00:00,334.1934
2011-03-29 04:00:00,436.78128
2011-03-29 05:00:00,373.8487
2011-03-29 06:00:00,411.05435
2011-03-29 07:00:00,420.5514
2011-03-29 08:00:00,363.03186
2011-03-29 09:00:00,440.6027
2011-03-29 10:00:00,408.82892
2011-03-29 11:00:00,489.81305
2011-03-29 12:00:00,310.85953
2011-03-29 13:00:00,432.01096
2011-03-29 14:00:00,402.39697
2011-03-29 15:00:00,363.16214
2011-03-29 16:00:00,335.4016
2011-03-29 17:00:00,385.1258
2011-03-29 18:00:00,280.04385
2011-03-29 19:00:00,343.69293
2011-03-29 20:00:00,280.04385
2011-03-29 21:00:00,356.76895
2011-03-29 22:00:00,423.91318
2011-03-29 23:00:00,512.93805
2011-03-30 00:00:00,504.53036
2011-03-30 01:00:00,332.50497
2011-03-30 02:00:00,504.53036
2011-03-30 03:00:00,427.79407
2011-03-30 04:00:00,504.53036
2011-03-30 05:00:00,527.70123
2011-03-30 06:00:00,451.05994
2011-03-30 07:00:00,397.83368
2011-03-30 08:00:00,445.69876
2011-03-30 09:00:00,416.90082
2011-03-30 10:00:00,421.90756
2011-03-30 11:00:00,421.13434
2011-03-30 12:00:00,412.41055
2011-03-30 13:00:00,406.27628
2011-03-30 14:00:00,415.4598
2011-03-30 15:00:00,779.79083
2011-03-30 16:00:00,827.4595
2011-03-30 17:00:00,882.3492
2011-03-30 18:00:00,890.92834
2011-03-30 19:00:00,890.92834
2011-03-30 20:00:00,915.112
2011-03-30 21:00:00,905.7864
2011-03-30 22:00:00,905.92834
2011-03-30 23:00:00,915.49866
2011-03-31 00:00:00,905.92834
2011-03-31 01:00:00,906.7042
2011-03-31 02:00:00,906.7042
2011-03-31 03:00:00,905.92834
2011-03-31 04:00:00,905.1552
2011-03-31 05:00:00,905.92834
2011-03-31 06:00:00,915.112
2011-03-31 07:00:00,905.1552
2011-03-31 08:00:00,972.9308
2011-03-31 09:00:00,900.6431
2011-03-31 10:00:00,900.6431
2011-03-31 11:00:00,886.5608
2011-03-31 12:00:00,886.5608
2011-03-31 13:00:00,814.92615
2011-03-31 14:00:00,814.9263
2011-03-31 15:00:00,832.83093
2011-03-31 16:00:00,823.50543
2011-03-31 17:00:00,823.50543
2011-03-31 18:00:00,815.55743
2011-03-31 19:00:00,815.55743
2011-03-31 20:00:00,895.2819
2011-03-31 21:00:00,887.96515
2011-03-31 22:00:00,885.0117
2011-03-31 23:00:00,958.99036
2011-04-20 00:00:00,771.738
2011-04-20 01:00:00,833.09973
2011-04-20 02:00:00,833.09973
2011-04-20 03:00:00,837.36017
2011-04-20 04:00:00,896.71313
2011-04-20 05:00:00,836.8387
2011-04-20 06:00:00,833.09973
2011-04-20 07:00:00,832.77496
2011-04-20 08:00:00,517.82806
2011-04-20 09:00:00,447.7607
2011-04-20 10:00:00,527.5089
2011-04-20 11:00:00,527.5089
2011-04-20 12:00:00,582.5854
2011-04-20 13:00:00,582.5854
2011-04-20 14:00:00,751.7543
2011-04-20 15:00:00,714.31946
2011-04-20 16:00:00,714.31946
2011-04-20 17:00:00,729.3841
2011-04-20 18:00:00,849.56744
2011-04-20 19:00:00,600.3652
2011-04-20 20:00:00,456.84744
2011-04-20 21:00:00,548.0437
2011-04-20 22:00:00,441.2147
2011-04-20 23:00:00,477.51935
2011-04-21 00:00:00,497.35944
2011-04-21 01:00:00,366.8932
2011-04-21 02:00:00,482.19714
2011-04-21 03:00:00,451.73093
2011-04-21 04:00:00,436.84305
2011-04-21 05:00:00,474.47046
2011-04-21 06:00:00,480.82388
2011-04-21 07:00:00,444.40457
2011-04-21 08:00:00,437.11
2011-04-21 09:00:00,378.5445
2011-04-21 10:00:00,393.39288
2011-04-21 11:00:00,367.00082
2011-04-21 12:00:00,315.04376
2011-04-21 13:00:00,470.38998
2011-04-21 14:00:00,524.9497
2011-04-21 15:00:00,610.39746
2011-04-21 16:00:00,577.4651
2011-04-21 17:00:00,382.99353
2011-04-21 18:00:00,513.9259
2011-04-21 19:00:00,453.6909
2011-04-21 20:00:00,312.61148
2011-04-21 21:00:00,381.50058
2011-04-21 22:00:00,297.88113
2011-04-21 23:00:00,349.9668
2011-04-22 00:00:00,561.15594
2011-04-22 01:00:00,484.3978
2011-04-22 02:00:00,483.23535
2011-04-22 03:00:00,483.23535
2011-04-22 04:00:00,488.13406
2011-04-22 05:00:00,489.6831
2011-04-22 06:00:00,488.13406
2011-04-22 07:00:00,487.50287
2011-04-22 08:00:00,488.27863
2011-04-22 09:00:00,574.3405
2011-04-22 10:00:00,560.5248
2011-04-22 11:00:00,602.84686
2011-04-22 12:00:00,700.3164
2011-04-22 13:00:00,804.2798
2011-04-22 14:00:00,813.7768
2011-04-22 15:00:00,804.2798
2011-04-22 16:00:00,805.82886
2011-04-22 17:00:00,876.68756
2011-04-22 18:00:00,876.68756
2011-04-22 19:00:00,876.68756
2011-04-22 20:00:00,819.1353
2011-04-22 21:00:00,871.7026
2011-04-22 22:00:00,939.62274
2011-04-22 23:00:00,857.62036
2011-04-23 00:00:00,902.00354
2011-04-23 01:00:00,902.00354
2011-04-23 02:00:00,891.87524
2011-04-23 03:00:00,893.03503
2011-04-23 04:00:00,879.72864
2011-04-23 05:00:00,879.72864
2011-04-23 06:00:00,898.26465
2011-04-23 07:00:00,897.63336
2011-04-23 08:00:00,902.4763
2011-04-23 09:00:00,805.96497
2011-04-23 10:00:00,741.25104
2011-04-23 11:00:00,732.1535
2011-04-23 12:00:00,666.10815
2011-04-23 13:00:00,666.8815
2011-04-23 14:00:00,606.0144
2011-04-23 15:00:00,530.601
2011-04-23 16:00:00,533.31244
2011-04-23 17:00:00,532.15
2011-04-23 18:00:00,610.2749
2011-04-23 19:00:00,660.49554
2011-04-23 20:00:00,713.1124
2011-04-23 21:00:00,659.8643
2011-04-23 22:00:00,608.0946
2011-04-23 23:00:00,715.4347
2011-04-24 00:00:00,671.14197
2011-04-24 01:00:00,724.46326
2011-04-24 02:00:00,724.46326
2011-04-24 03:00:00,784.7244
2011-04-24 04:00:00,784.7244
2011-04-24 05:00:00,784.7244
2011-04-24 06:00:00,843.9703
2011-04-24 07:00:00,843.9703
2011-04-24 08:00:00,776.6545
2011-04-24 09:00:00,709.23157
2011-04-24 10:00:00,595.4169
2011-04-24 11:00:00,457.88657
2011-04-24 12:00:00,450.20325
2011-04-24 13:00:00,430.09158
2011-04-24 14:00:00,476.5401
2011-04-24 15:00:00,416.42038
2011-04-24 16:00:00,591.4871
2011-04-24 17:00:00,453.6261
2011-04-24 18:00:00,499.9911
2011-04-24 19:00:00,650.13556
2011-04-24 20:00:00,650.13556
2011-04-24 21:00:00,772.3557
2011-04-24 22:00:00,829.9081
2011-04-24 23:00:00,831.8436
2011-04-25 00:00:00,870.87
2011-04-25 01:00:00,865.2222
2011-04-25 02:00:00,865.2222
2011-04-25 03:00:00,873.37494
2011-04-25 04:00:00,871.5012
2011-04-25 05:00:00,885.184
2011-04-25 06:00:00,876.0864
2011-04-25 07:00:00,869.1764
2011-04-25 08:00:00,745.21906
2011-04-25 09:00:00,687.38824
2011-04-25 10:00:00,568.92633
2011-04-25 11:00:00,568.92633
2011-04-25 12:00:00,573.23303
2011-04-25 13:00:00,478.58054
2011-04-25 14:00:00,444.8809
2011-04-25 15:00:00,482.79404
2011-04-25 16:00:00,528.63544
2011-04-25 17:00:00,483.8113
2011-04-25 18:00:00,498.27374
2011-04-25 19:00:00,467.47824
2011-04-25 20:00:00,447.7607
2011-04-25 21:00:00,523.251
2011-04-25 22:00:00,565.0421
2011-04-25 23:00:00,640.06616
2011-04-26 00:00:00,522.47516
2011-04-26 01:00:00,571.9625
2011-04-26 02:00:00,691.4493
2011-04-26 03:00:00,745.08405
2011-04-26 04:00:00,693.3875
2011-04-26 05:00:00,745.8598
2011-04-26 06:00:00,742.1209
2011-04-26 07:00:00,687.6399
2011-04-26 08:00:00,687.63983
2011-04-26 09:00:00,565.4416
2011-04-26 10:00:00,522.56134
2011-04-26 11:00:00,496.8198
2011-04-26 12:00:00,536.1296
2011-04-26 13:00:00,650.24524
2011-04-26 14:00:00,499.22415
2011-04-26 15:00:00,497.59097
2011-04-26 16:00:00,529.75366
2011-04-26 17:00:00,487.20383
2011-04-26 18:00:00,530.6305
2011-04-26 19:00:00,563.8926
2011-04-26 20:00:00,565.4416
2011-04-26 21:00:00,619.9227
2011-04-26 22:00:00,685.2079
2011-04-26 23:00:00,684.43207
2011-04-27 00:00:00,685.0633
2011-04-27 01:00:00,684.2901
2011-04-27 02:00:00,736.7625
2011-04-27 03:00:00,735.3554
2011-04-27 04:00:00,799.6733
2011-04-27 05:00:00,798.2687
2011-04-27 06:00:00,798.9
2011-04-27 07:00:00,735.3554
2011-04-27 08:00:00,734.19305
2011-04-27 09:00:00,738.4046
2011-04-27 10:00:00,678.2977
2011-04-27 11:00:00,625.8255
2011-04-27 12:00:00,620.709
2011-04-27 13:00:00,626.0701
2011-04-27 14:00:00,567.87195
2011-04-27 15:00:00,570.8099
2011-04-27 16:00:00,522.28015
2011-04-27 17:00:00,665.8577
2011-04-27 18:00:00,665.8577
2011-04-27 19:00:00,619.9227
2011-04-27 20:00:00,684.3005
2011-04-27 21:00:00,738.0084
2011-04-27 22:00:00,736.2147
2011-04-27 23:00:00,735.4416
2011-04-28 00:00:00,624.5211
2011-04-28 01:00:00,675.5864
2011-04-28 02:00:00,674.0373
2011-04-28 03:00:00,623.114
2011-04-28 04:00:00,674.81305
2011-04-28 05:00:00,675.5864
2011-04-28 06:00:00,621.17834
2011-04-28 07:00:00,621.56494
2011-04-28 08:00:00,616.9796
2011-04-28 09:00:00,735.5836
2011-04-28 10:00:00,737.3772
2011-04-28 11:00:00,678.2977
2011-04-28 12:00:00,620.06744
2011-04-28 13:00:00,677.9112
2011-04-28 14:00:00,678.54236
2011-04-28 15:00:00,523.3345
2011-04-28 16:00:00,620.69855
2011-04-28 17:00:00,512.5151
2011-04-28 18:00:00,512.5151
2011-04-28 19:00:00,464.2146
2011-04-28 20:00:00,410.82596
2011-04-28 21:00:00,341.5801
2011-04-28 22:00:00,343.34488
2011-04-28 23:00:00,312.08133
2011-04-29 00:00:00,434.02917
2011-04-29 01:00:00,346.8306
2011-04-29 02:00:00,528.1981
2011-04-29 03:00:00,490.21655
2011-04-29 04:00:00,412.32037
2011-04-29 05:00:00,373.95224
2011-04-29 06:00:00,390.53195
2011-04-29 07:00:00,355.54623
2011-04-29 08:00:00,459.42703
2011-04-29 09:00:00,481.72092
2011-04-29 10:00:00,457.34192
2011-04-29 11:00:00,410.00623
2011-04-29 12:00:00,472.9472
2011-04-29 13:00:00,484.05682
2011-04-29 14:00:00,516.48584
2011-04-29 15:00:00,458.66183
2011-04-29 16:00:00,478.51233
2011-04-29 17:00:00,470.66885
2011-04-29 18:00:00,442.045
2011-04-29 19:00:00,445.65225
2011-04-29 20:00:00,376.63412
2011-04-29 21:00:00,410.7714
2011-04-29 22:00:00,487.7863
2011-04-29 23:00:00,446.1373
2011-04-30 00:00:00,409.76318
2011-04-30 01:00:00,412.0854
2011-04-30 02:00:00,410.5364
2011-04-30 03:00:00,415.89746
2011-04-30 04:00:00,415.12167
2011-04-30 05:00:00,411.4924
2011-04-30 06:00:00,457.0841
2011-04-30 07:00:00,416.00452
2011-04-30 08:00:00,418.32935
2011-04-30 09:00:00,378.90683
2011-04-30 10:00:00,427.4475
2011-04-30 11:00:00,430.02664
2011-04-30 12:00:00,466.6209
2011-04-30 13:00:00,429.5768
2011-04-30 14:00:00,373.77884
2011-04-30 15:00:00,331.53384
2011-04-30 16:00:00,390.44757
2011-04-30 17:00:00,309.6483
2011-04-30 18:00:00,299.3279
2011-04-30 19:00:00,299.3279
2011-04-30 20:00:00,490.22876
2011-04-30 21:00:00,490.22876
2011-04-30 22:00:00,538.9622
2011-04-30 23:00:00,538.9622
2011-05-20 00:00:00,825.93805
2011-05-20 01:00:00,885.8151
2011-05-20 02:00:00,888.0024
2011-05-20 03:00:00,890.32733
2011-05-20 04:00:00,830.4501
2011-05-20 05:00:00,830.0635
2011-05-20 06:00:00,767.9992
2011-05-20 07:00:00,651.8402
2011-05-20 08:00:00,560.6018
2011-05-20 09:00:00,554.79224
2011-05-20 10:00:00,512.6878
2011-05-20 11:00:00,469.10312
2011-05-20 12:00:00,380.34335
2011-05-20 13:00:00,378.93625
2011-05-20 14:00:00,377.3755
2011-05-20 15:00:00,381.89236
2011-05-20 16:00:00,353.88947
2011-05-20 17:00:00,365.3151
2011-05-20 18:00:00,383.29688
2011-05-20 19:00:00,510.81137
2011-05-20 20:00:00,510.42477
2011-05-20 21:00:00,515.01
2011-05-20 22:00:00,608.562
2011-05-20 23:00:00,599.29474
2011-05-21 00:00:00,616.6878
2011-05-21 01:00:00,571.4391
2011-05-21 02:00:00,568.72754
2011-05-21 03:00:00,673.74536
2011-05-21 04:00:00,735.10974
2011-05-21 05:00:00,735.8829
2011-05-21 06:00:00,668.46014
2011-05-21 07:00:00,572.9611
2011-05-21 08:00:00,516.61487
2011-05-21 09:00:00,437.414
2011-05-21 10:00:00,418.26987
2011-05-21 11:00:00,336.24817
2011-05-21 12:00:00,317.49072
2011-05-21 13:00:00,301.9464
2011-05-21 14:00:00,318.6649
2011-05-21 15:00:00,492.72433
2011-05-21 16:00:00,522.80804
2011-05-21 17:00:00,431.80756
2011-05-21 18:00:00,401.7642
2011-05-21 19:00:00,376.22177
2011-05-21 20:00:00,420.98135
2011-05-21 21:00:00,418.26987
2011-05-21 22:00:00,498.8182
2011-05-21 23:00:00,612.9838
2011-05-22 00:00:00,716.06586
2011-05-22 01:00:00,778.9794
2011-05-22 02:00:00,779.7525
2011-05-22 03:00:00,841.89
2011-05-22 04:00:00,844.6015
2011-05-22 05:00:00,841.89
2011-05-22 06:00:00,779.7525
2011-05-22 07:00:00,717.615
2011-05-22 08:00:00,538.34625
2011-05-22 09:00:00,495.0062
2011-05-22 10:00:00,462.39865
2011-05-22 11:00:00,386.64346
2011-05-22 12:00:00,396.09842
2011-05-22 13:00:00,371.9378
2011-05-22 14:00:00,491.42142
2011-05-22 15:00:00,418.11142
2011-05-22 16:00:00,414.93314
2011-05-22 17:00:00,413.08752
2011-05-22 18:00:00,417.19357
2011-05-22 19:00:00,417.9694
2011-05-22 20:00:00,461.62292
2011-05-22 21:00:00,542.17126
2011-05-22 22:00:00,655.272
2011-05-22 23:00:00,659.15295
2011-05-23 00:00:00,743.8146
2011-05-23 01:00:00,745.21906
2011-05-23 02:00:00,742.4075
2011-05-23 03:00:00,804.4718
2011-05-23 04:00:00,809.3637
2011-05-23 05:00:00,809.3637
2011-05-23 06:00:00,866.91583
2011-05-23 07:00:00,802.14
2011-05-23 08:00:00,744.8454
2011-05-23 09:00:00,744.0696
2011-05-23 10:00:00,572.07056
2011-05-23 11:00:00,517.2003
2011-05-23 12:00:00,517.2003
2011-05-23 13:00:00,570.96155
2011-05-23 14:00:00,603.3903
2011-05-23 15:00:00,547.3789
2011-05-23 16:00:00,452.388
2011-05-23 17:00:00,505.38638
2011-05-23 18:00:00,552.2406
2011-05-23 19:00:00,553.7897
2011-05-23 20:00:00,687.01196
2011-05-23 21:00:00,744.5642
2011-05-23 22:00:00,808.15576
2011-05-23 23:00:00,739.7021
2011-05-24 00:00:00,823.93164
2011-05-24 01:00:00,824.70496
2011-05-24 02:00:00,823.93164
2011-05-24 03:00:00,797.5548
2011-05-24 04:00:00,747.16754
2011-05-24 05:00:00,793.6836
2011-05-24 06:00:00,795.23254
2011-05-24 07:00:00,627.519
2011-05-24 08:00:00,679.2156
2011-05-24 09:00:00,569.07086
2011-05-24 10:00:00,480.64713
2011-05-24 11:00:00,482.79404
2011-05-24 12:00:00,653.9279
2011-05-24 13:00:00,559.91425
2011-05-24 14:00:00,582.2081
2011-05-24 15:00:00,577.13586
2011-05-24 16:00:00,526.8218
2011-05-24 17:00:00,443.3104
2011-05-24 18:00:00,527.31647
2011-05-24 19:00:00,574.782
2011-05-24 20:00:00,577.4909
2011-05-24 21:00:00,631.49054
2011-05-24 22:00:00,738.295
2011-05-24 23:00:00,574.29285
2011-05-25 00:00:00,683.8009
2011-05-25 01:00:00,689.08875
2011-05-25 02:00:00,804.85156
2011-05-25 03:00:00,864.0625
2011-05-25 04:00:00,864.83563
2011-05-25 05:00:00,745.6057
2011-05-25 06:00:00,803.1579
2011-05-25 07:00:00,575.8364
2011-05-25 08:00:00,530.55817
2011-05-25 09:00:00,486.57733
2011-05-25 10:00:00,443.69702
2011-05-25 11:00:00,393.05057
2011-05-25 12:00:00,402.2793
2011-05-25 13:00:00,402.2793
2011-05-25 14:00:00,419.213
2011-05-25 15:00:00,503.7924
2011-05-25 16:00:00,527.61816
2011-05-25 17:00:00,482.79404
2011-05-25 18:00:00,437.21503
2011-05-25 19:00:00,442.53717
2011-05-25 20:00:00,441.76138
2011-05-25 21:00:00,528.3709
2011-05-25 22:00:00,525.2728
2011-05-25 23:00:00,571.2512
2011-05-26 00:00:00,571.2511
2011-05-26 01:00:00,571.2511
2011-05-26 02:00:00,683.57605
2011-05-26 03:00:00,747.55426
2011-05-26 04:00:00,749.87915
2011-05-26 05:00:00,746.9231
2011-05-26 06:00:00,895.31195
2011-05-26 07:00:00,806.7513
2011-05-26 08:00:00,672.2985
2011-05-26 09:00:00,512.4584
2011-05-26 10:00:00,552.2406
2011-05-26 11:00:00,467.95596
2011-05-26 12:00:00,516.1678
2011-05-26 13:00:00,548.20825
2011-05-26 14:00:00,548.20825
2011-05-26 15:00:00,580.51276
2011-05-26 16:00:00,605.8571
2011-05-26 17:00:00,585.9975
2011-05-26 18:00:00,620.32495
2011-05-26 19:00:00,615.6116
2011-05-26 20:00:00,408.40002
2011-05-26 21:00:00,437.65775
2011-05-26 22:00:00,480.9054
2011-05-26 23:00:00,479.35626
2011-05-27 00:00:00,520.6875
2011-05-27 01:00:00,469.3017
2011-05-27 02:00:00,444.72446
2011-05-27 03:00:00,491.1626
2011-05-27 04:00:00,532.883
2011-05-27 05:00:00,490.64096
2011-05-27 06:00:00,534.04285
2011-05-27 07:00:00,570.4754
2011-05-27 08:00:00,572.4572
2011-05-27 09:00:00,477.03146
2011-05-27 10:00:00,565.3797
2011-05-27 11:00:00,519.7614
2011-05-27 12:00:00,511.60654
2011-05-27 13:00:00,430.6016
2011-05-27 14:00:00,487.7939
2011-05-27 15:00:00,556.2346
2011-05-27 16:00:00,578.88025
2011-05-27 17:00:00,558.4113
2011-05-27 18:00:00,452.388
2011-05-27 19:00:00,623.94824
2011-05-27 20:00:00,572.8804
2011-05-27 21:00:00,688.1614
2011-05-27 22:00:00,628.3088
2011-05-27 23:00:00,739.86053
2011-05-28 00:00:00,707.7443
2011-05-28 01:00:00,706.1953
2011-05-28 02:00:00,768.3329
2011-05-28 03:00:00,710.0047
2011-05-28 04:00:00,709.23157
2011-05-28 05:00:00,710.0047
2011-05-28 06:00:00,656.68616
2011-05-28 07:00:00,652.1739
2011-05-28 08:00:00,590.1314
2011-05-28 09:00:00,536.0369
2011-05-28 10:00:00,446.4644
2011-05-28 11:00:00,446.4644
2011-05-28 12:00:00,423.39508
2011-05-28 13:00:00,402.0569
2011-05-28 14:00:00,416.8135
2011-05-28 15:00:00,422.7271
2011-05-28 16:00:00,480.52267
2011-05-28 17:00:00,477.4154
2011-05-28 18:00:00,407.28143
2011-05-28 19:00:00,447.24014
2011-05-28 20:00:00,446.4644
2011-05-28 21:00:00,539.9544
2011-05-28 22:00:00,591.3043
2011-05-28 23:00:00,655.6716
2011-05-29 00:00:00,654.8958
2011-05-29 01:00:00,708.99023
2011-05-29 02:00:00,710.53937
2011-05-29 03:00:00,710.53937
2011-05-29 04:00:00,715.4382
2011-05-29 05:00:00,793.22003
2011-05-29 06:00:00,707.58594
2011-05-29 07:00:00,706.0369
2011-05-29 08:00:00,706.8102
2011-05-29 09:00:00,774.63525
2011-05-29 10:00:00,638.63324
2011-05-29 11:00:00,637.0842
2011-05-29 12:00:00,521.04224
2011-05-29 13:00:00,477.2441
2011-05-29 14:00:00,472.6589
2011-05-29 15:00:00,472.27228
2011-05-29 16:00:00,472.6589
2011-05-29 17:00:00,472.6589
2011-05-29 18:00:00,504.49313
2011-05-29 19:00:00,505.26895
2011-05-29 20:00:00,570.4094
2011-05-29 21:00:00,625.1822
2011-05-29 22:00:00,710.26086
2011-05-29 23:00:00,709.48505
2011-05-30 00:00:00,750.66376
2011-05-30 01:00:00,752.21265
2011-05-30 02:00:00,750.66376
2011-05-30 03:00:00,750.66376
2011-05-30 04:00:00,755.9492
2011-05-30 05:00:00,756.867
2011-05-30 06:00:00,752.74146
2011-05-30 07:00:00,755.06616
2011-05-30 08:00:00,688.7633
2011-05-30 09:00:00,487.88727
2011-05-30 10:00:00,422.78952
2011-05-30 11:00:00,280.47482
2011-05-30 12:00:00,396.03928
2011-05-30 13:00:00,412.5023
2011-05-30 14:00:00,396.90253
2011-05-30 15:00:00,619.6873
2011-05-30 16:00:00,700.9321
2011-05-30 17:00:00,552.98944
2011-05-30 18:00:00,501.49396
2011-05-30 19:00:00,316.2479
2011-05-30 20:00:00,338.7614
2011-05-30 21:00:00,454.8933
2011-05-30 22:00:00,485.9517
2011-05-30 23:00:00,599.05237
2011-05-31 00:00:00,605.2345
2011-05-31 01:00:00,716.78625
2011-05-31 02:00:00,789.706
2011-05-31 03:00:00,808.8219
2011-05-31 04:00:00,674.8653
2011-05-31 05:00:00,674.8653
2011-05-31 06:00:00,620.86584
2011-05-31 07:00:00,471.05402
2011-05-31 08:00:00,397.98492
2011-05-31 09:00:00,415.95453
2011-05-31 10:00:00,415.7098
2011-05-31 11:00:00,390.90683
2011-05-31 12:00:00,491.28073
2011-05-31 13:00:00,626.90454
2011-05-31 14:00:00,547.63495
2011-05-31 15:00:00,720.8568
2011-05-31 16:00:00,595.36163
2011-05-31 17:00:00,502.28284
2011-05-31 18:00:00,479.86853
2011-05-31 19:00:00,412.54242
2011-05-31 20:00:00,412.54242
2011-05-31 21:00:00,455.42273
2011-05-31 22:00:00,507.87323
2011-05-31 23:00:00,589.6032
2011-06-20 00:00:00,672.9297
2011-06-20 01:00:00,748.0489
2011-06-20 02:00:00,748.0489
2011-06-20 03:00:00,749.11127
2011-06-20 04:00:00,739.844
2011-06-20 05:00:00,681.5404
2011-06-20 06:00:00,627.04626
2011-06-20 07:00:00,741.63434
2011-06-20 08:00:00,693.67395
2011-06-20 09:00:00,624.57947
2011-06-20 10:00:00,624.57947
2011-06-20 11:00:00,628.45074
2011-06-20 12:00:00,526.491
2011-06-20 13:00:00,495.28812
2011-06-20 14:00:00,452.4078
2011-06-20 15:00:00,451.6346
2011-06-20 16:00:00,412.98532
2011-06-20 17:00:00,378.8776
2011-06-20 18:00:00,439.4391
2011-06-20 19:00:00,487.67792
2011-06-20 20:00:00,526.0461
2011-06-20 21:00:00,570.47534
2011-06-20 22:00:00,568.29504
2011-06-20 23:00:00,620.69855
2011-06-21 00:00:00,632.81396
2011-06-21 01:00:00,631.55145
2011-06-21 02:00:00,690.5577
2011-06-21 03:00:00,690.5577
2011-06-21 04:00:00,756.32947
2011-06-21 05:00:00,755.5563
2011-06-21 06:00:00,755.5563
2011-06-21 07:00:00,838.7584
2011-06-21 08:00:00,751.8174
2011-06-21 09:00:00,747.9461
2011-06-21 10:00:00,696.94965
2011-06-21 11:00:00,682.72284
2011-06-21 12:00:00,565.13184
2011-06-21 13:00:00,479.29807
2011-06-21 14:00:00,454.0928
2011-06-21 15:00:00,478.41748
2011-06-21 16:00:00,463.07123
2011-06-21 17:00:00,446.4864
2011-06-21 18:00:00,499.08133
2011-06-21 19:00:00,542.808
2011-06-21 20:00:00,514.8546
2011-06-21 21:00:00,548.72723
2011-06-21 22:00:00,614.641
2011-06-21 23:00:00,566.6807
2011-06-22 00:00:00,633.9894
2011-06-22 01:00:00,635.5384
2011-06-22 02:00:00,639.02295
2011-06-22 03:00:00,635.5384
2011-06-22 04:00:00,702.6145
2011-06-22 05:00:00,760.1669
2011-06-22 06:00:00,686.9833
2011-06-22 07:00:00,617.3524
2011-06-22 08:00:00,551.0495
2011-06-22 09:00:00,597.46063
2011-06-22 10:00:00,515.34393
2011-06-22 11:00:00,517.66614
2011-06-22 12:00:00,451.95013
2011-06-22 13:00:00,501.1463
2011-06-22 14:00:00,555.02783
2011-06-22 15:00:00,523.59595
2011-06-22 16:00:00,530.8963
2011-06-22 17:00:00,603.1129
2011-06-22 18:00:00,470.8532
2011-06-22 19:00:00,528.92737
2011-06-22 20:00:00,545.7641
2011-06-22 21:00:00,592.9485
2011-06-22 22:00:00,596.05615
2011-06-22 23:00:00,595.2804
2011-06-23 00:00:00,595.9116
2011-06-23 01:00:00,547.95135
2011-06-23 02:00:00,547.95135
2011-06-23 03:00:00,548.86926
2011-06-23 04:00:00,613.2365
2011-06-23 05:00:00,549.5005
2011-06-23 06:00:00,549.5004
2011-06-23 07:00:00,549.64496
2011-06-23 08:00:00,516.2617
2011-06-23 09:00:00,517.8108
2011-06-23 10:00:00,463.81125
2011-06-23 11:00:00,460.082
2011-06-23 12:00:00,460.76913
2011-06-23 13:00:00,476.8956
2011-06-23 14:00:00,469.20767
2011-06-23 15:00:00,588.8455
2011-06-23 16:00:00,483.82245
2011-06-23 17:00:00,516.58655
2011-06-23 18:00:00,528.7451
2011-06-23 19:00:00,517.2178
2011-06-23 20:00:00,563.5827
2011-06-23 21:00:00,564.3585
2011-06-23 22:00:00,562.9515
2011-06-23 23:00:00,562.0336
2011-06-24 00:00:00,627.95
2011-06-24 01:00:00,678.4623
2011-06-24 02:00:00,678.4623
2011-06-24 03:00:00,682.72284
2011-06-24 04:00:00,684.6584
2011-06-24 05:00:00,757.8419
2011-06-24 06:00:00,683.4986
2011-06-24 07:00:00,680.5424
2011-06-24 08:00:00,563.5827
2011-06-24 09:00:00,452.82486
2011-06-24 10:00:00,624.5492
2011-06-24 11:00:00,714.3773
2011-06-24 12:00:00,650.6198
2011-06-24 13:00:00,643.10297
2011-06-24 14:00:00,616.16956
2011-06-24 15:00:00,905.30164
2011-06-24 16:00:00,914.70605
2011-06-24 17:00:00,634.11444
2011-06-24 18:00:00,672.05023
2011-06-24 19:00:00,567.56775
2011-06-24 20:00:00,472.31183
2011-06-24 21:00:00,409.16263
2011-06-24 22:00:00,331.1184
2011-06-24 23:00:00,391.0577
2011-06-25 00:00:00,392.8612
2011-06-25 01:00:00,368.9064
2011-06-25 02:00:00,375.11838
2011-06-25 03:00:00,382.86038
2011-06-25 04:00:00,382.86038
2011-06-25 05:00:00,427.28967
2011-06-25 06:00:00,382.08453
2011-06-25 07:00:00,404.56064
2011-06-25 08:00:00,469.09018
2011-06-25 09:00:00,509.33365
2011-06-25 10:00:00,464.82056
2011-06-25 11:00:00,349.59897
2011-06-25 12:00:00,592.1477
2011-06-25 13:00:00,592.1477
2011-06-25 14:00:00,556.89465
2011-06-25 15:00:00,335.24677
2011-06-25 16:00:00,587.3229
2011-06-25 17:00:00,516.8772
2011-06-25 18:00:00,509.33365
2011-06-25 19:00:00,505.58542
2011-06-25 20:00:00,424.26608
2011-06-25 21:00:00,377.36868
2011-06-25 22:00:00,415.23578
2011-06-25 23:00:00,453.57938
2011-06-26 00:00:00,349.52594
2011-06-26 01:00:00,346.81445
2011-06-26 02:00:00,378.6487
2011-06-26 03:00:00,450.30508
2011-06-26 04:00:00,450.69174
2011-06-26 05:00:00,453.01657
2011-06-26 06:00:00,453.01657
2011-06-26 07:00:00,430.77435
2011-06-26 08:00:00,421.22852
2011-06-26 09:00:00,363.32703
2011-06-26 10:00:00,371.362
2011-06-26 11:00:00,420.14142
2011-06-26 12:00:00,493.20438
2011-06-26 13:00:00,370.671
2011-06-26 14:00:00,470.91052
2011-06-26 15:00:00,370.671
2011-06-26 16:00:00,494.58334
2011-06-26 17:00:00,448.41678
2011-06-26 18:00:00,499.54398
2011-06-26 19:00:00,383.9123
2011-06-26 20:00:00,348.44955
2011-06-26 21:00:00,353.2118
2011-06-26 22:00:00,327.77835
2011-06-26 23:00:00,354.22964
2011-06-27 00:00:00,575.90784
2011-06-27 01:00:00,632.9585
2011-06-27 02:00:00,632.32715
2011-06-27 03:00:00,632.32715
2011-06-27 04:00:00,695.7742
2011-06-27 05:00:00,691.18896
2011-06-27 06:00:00,632.1827
2011-06-27 07:00:00,578.0882
2011-06-27 08:00:00,584.57513
2011-06-27 09:00:00,383.45416
2011-06-27 10:00:00,395.14417
2011-06-27 11:00:00,426.40756
2011-06-27 12:00:00,383.45416
2011-06-27 13:00:00,438.5707
2011-06-27 14:00:00,419.49753
2011-06-27 15:00:00,388.53406
2011-06-27 16:00:00,397.76578
2011-06-27 17:00:00,414.64285
2011-06-27 18:00:00,361.8432
2011-06-27 19:00:00,444.7419
2011-06-27 20:00:00,491.4716
2011-06-27 21:00:00,494.18304
2011-06-27 22:00:00,537.0633
2011-06-27 23:00:00,537.0633
2011-06-28 00:00:00,634.9071
2011-06-28 01:00:00,589.6089
2011-06-28 02:00:00,588.9776
2011-06-28 03:00:00,588.9776
2011-06-28 04:00:00,589.6089
2011-06-28 05:00:00,639.02295
2011-06-28 06:00:00,682.72284
2011-06-28 07:00:00,666.3182
2011-06-28 08:00:00,613.0919
2011-06-28 09:00:00,521.92664
2011-06-28 10:00:00,487.55154
2011-06-28 11:00:00,394.55945
2011-06-28 12:00:00,570.9076
2011-06-28 13:00:00,429.92618
2011-06-28 14:00:00,608.18207
2011-06-28 15:00:00,449.33286
2011-06-28 16:00:00,624.11554
2011-06-28 17:00:00,513.77155
2011-06-28 18:00:00,526.335
2011-06-28 19:00:00,621.238
2011-06-28 20:00:00,456.3096
2011-06-28 21:00:00,476.19998
2011-06-28 22:00:00,534.39813
2011-06-28 23:00:00,534.78467
2011-06-29 00:00:00,624.9939
2011-06-29 01:00:00,625.2385
2011-06-29 02:00:00,681.1737
2011-06-29 03:00:00,683.6406
2011-06-29 04:00:00,684.27185
2011-06-29 05:00:00,697.5808
2011-06-29 06:00:00,533.90344
2011-06-29 07:00:00,446.8229
2011-06-29 08:00:00,521.2606
2011-06-29 09:00:00,639.3944
2011-06-29 10:00:00,591.2406
2011-06-29 11:00:00,626.0947
2011-06-29 12:00:00,651.3288
2011-06-29 13:00:00,946.8755
2011-06-29 14:00:00,805.0911
2011-06-29 15:00:00,889.42255
2011-06-29 16:00:00,1157.0616
2011-06-29 17:00:00,1417.7169
2011-06-29 18:00:00,1041.9193
2011-06-29 19:00:00,766.79407
2011-06-29 20:00:00,654.8728
2011-06-29 21:00:00,548.4546
2011-06-29 22:00:00,496.04984
2011-06-29 23:00:00,444.95657
2011-06-30 00:00:00,399.5802
2011-06-30 01:00:00,378.15738
2011-06-30 02:00:00,409.99167
2011-06-30 03:00:00,442.5041
2011-06-30 04:00:00,519.4446
2011-06-30 05:00:00,516.34656
2011-06-30 06:00:00,478.55
2011-06-30 07:00:00,457.08096
2011-06-30 08:00:00,467.40616
2011-06-30 09:00:00,518.34357
2011-06-30 10:00:00,510.27603
2011-06-30 11:00:00,516.366
2011-06-30 12:00:00,575.5417
2011-06-30 13:00:00,617.99036
2011-06-30 14:00:00,752.3997
2011-06-30 15:00:00,1163.2673
2011-06-30 16:00:00,1058.578
2011-06-30 17:00:00,1179.9674
2011-06-30 18:00:00,889.49146
2011-06-30 19:00:00,600.8128
2011-06-30 20:00:00,600.8128
2011-06-30 21:00:00,469.5524
2011-06-30 22:00:00,473.8305
2011-06-30 23:00:00,359.39993
2011-07-20 00:00:00,662.6012
2011-07-20 01:00:00,665.31274
2011-07-20 02:00:00,665.31274
2011-07-20 03:00:00,662.6012
2011-07-20 04:00:00,671.3519
2011-07-20 05:00:00,668.6404
2011-07-20 06:00:00,725.5615
2011-07-20 07:00:00,661.97003
2011-07-20 08:00:00,549.2488
2011-07-20 09:00:00,519.6018
2011-07-20 10:00:00,506.2954
2011-07-20 11:00:00,405.56363
2011-07-20 12:00:00,365.00815
2011-07-20 13:00:00,470.10315
2011-07-20 14:00:00,522.6815
2011-07-20 15:00:00,504.14185
2011-07-20 16:00:00,353.06277
2011-07-20 17:00:00,449.39417
2011-07-20 18:00:00,466.52423
2011-07-20 19:00:00,404.19962
2011-07-20 20:00:00,483.97205
2011-07-20 21:00:00,421.35803
2011-07-20 22:00:00,473.8085
2011-07-20 23:00:00,536.6268
2011-07-21 00:00:00,537.54456
2011-07-21 01:00:00,627.60925
2011-07-21 02:00:00,627.60925
2011-07-21 03:00:00,593.0931
2011-07-21 04:00:00,635.2926
2011-07-21 05:00:00,635.2926
2011-07-21 06:00:00,635.2926
2011-07-21 07:00:00,629.934
2011-07-21 08:00:00,565.5668
2011-07-21 09:00:00,493.61362
2011-07-21 10:00:00,429.34137
2011-07-21 11:00:00,474.51236
2011-07-21 12:00:00,567.97736
2011-07-21 13:00:00,545.68353
2011-07-21 14:00:00,660.56946
2011-07-21 15:00:00,531.6748
2011-07-21 16:00:00,622.9935
2011-07-21 17:00:00,670.23016
2011-07-21 18:00:00,597.3994
2011-07-21 19:00:00,451.74066
2011-07-21 20:00:00,414.3413
2011-07-21 21:00:00,446.1755
2011-07-21 22:00:00,431.52167
2011-07-21 23:00:00,458.19904
2011-07-22 00:00:00,388.49484
2011-07-22 01:00:00,407.8885
2011-07-22 02:00:00,540.2963
2011-07-22 03:00:00,513.7475
2011-07-22 04:00:00,540.49805
2011-07-22 05:00:00,594.49756
2011-07-22 06:00:00,540.88464
2011-07-22 07:00:00,422.27588
2011-07-22 08:00:00,404.68307
2011-07-22 09:00:00,366.2028
2011-07-22 10:00:00,409.24802
2011-07-22 11:00:00,456.83948
2011-07-22 12:00:00,530.26746
2011-07-22 13:00:00,486.7918
2011-07-22 14:00:00,652.92206
2011-07-22 15:00:00,600.5148
2011-07-22 16:00:00,798.5652
2011-07-22 17:00:00,479.02347
2011-07-22 18:00:00,755.0376
2011-07-22 19:00:00,522.64185
2011-07-22 20:00:00,353.06277
2011-07-22 21:00:00,388.05634
2011-07-22 22:00:00,439.967
2011-07-22 23:00:00,429.54446
2011-07-23 00:00:00,320.80878
2011-07-23 01:00:00,400.9647
2011-07-23 02:00:00,337.11905
2011-07-23 03:00:00,417.85486
2011-07-23 04:00:00,433.09958
2011-07-23 05:00:00,405.0774
2011-07-23 06:00:00,419.3826
2011-07-23 07:00:00,397.00803
2011-07-23 08:00:00,542.4362
2011-07-23 09:00:00,475.7039
2011-07-23 10:00:00,609.7176
2011-07-23 11:00:00,759.7844
2011-07-23 12:00:00,783.32715
2011-07-23 13:00:00,835.7053
2011-07-23 14:00:00,427.8571
2011-07-23 15:00:00,662.4835
2011-07-23 16:00:00,804.1624
2011-07-23 17:00:00,804.1624
2011-07-23 18:00:00,752.2579
2011-07-23 19:00:00,371.66992
2011-07-23 20:00:00,434.12402
2011-07-23 21:00:00,434.12402
2011-07-23 22:00:00,415.26743
2011-07-23 23:00:00,364.24106
2011-07-24 00:00:00,364.24106
2011-07-24 01:00:00,417.46823
2011-07-24 02:00:00,373.44745
2011-07-24 03:00:00,373.44745
2011-07-24 04:00:00,417.46823
2011-07-24 05:00:00,417.85486
2011-07-24 06:00:00,372.8161
2011-07-24 07:00:00,381.118
2011-07-24 08:00:00,503.69937
2011-07-24 09:00:00,581.64
2011-07-24 10:00:00,603.08746
2011-07-24 11:00:00,511.26114
2011-07-24 12:00:00,532.6974
2011-07-24 13:00:00,549.2763
2011-07-24 14:00:00,565.1515
2011-07-24 15:00:00,644.79333
2011-07-24 16:00:00,644.79333
2011-07-24 17:00:00,571.4146
2011-07-24 18:00:00,558.93726
2011-07-24 19:00:00,500.3336
2011-07-24 20:00:00,475.7039
2011-07-24 21:00:00,372.28757
2011-07-24 22:00:00,420.17975
2011-07-24 23:00:00,471.223
2011-07-25 00:00:00,505.66412
2011-07-25 01:00:00,540.2534
2011-07-25 02:00:00,594.2529
2011-07-25 03:00:00,597.209
2011-07-25 04:00:00,636.3104
2011-07-25 05:00:00,636.3104
2011-07-25 06:00:00,635.6792
2011-07-25 07:00:00,596.5778
2011-07-25 08:00:00,542.57837
2011-07-25 09:00:00,425.61853
2011-07-25 10:00:00,365.00815
2011-07-25 11:00:00,438.27304
2011-07-25 12:00:00,438.27304
2011-07-25 13:00:00,545.1328
2011-07-25 14:00:00,596.0561
2011-07-25 15:00:00,655.2427
2011-07-25 16:00:00,659.5031
2011-07-25 17:00:00,553.7609
2011-07-25 18:00:00,546.92395
2011-07-25 19:00:00,519.6018
2011-07-25 20:00:00,550.2763
2011-07-25 21:00:00,665.31274
2011-07-25 22:00:00,665.31274
2011-07-25 23:00:00,662.9878
2011-07-26 00:00:00,614.6409
2011-07-26 01:00:00,614.6409
2011-07-26 02:00:00,726.1927
2011-07-26 03:00:00,725.41943
2011-07-26 04:00:00,715.0516
2011-07-26 05:00:00,753.3299
2011-07-26 06:00:00,665.54236
2011-07-26 07:00:00,480.7853
2011-07-26 08:00:00,448.64642
2011-07-26 09:00:00,574.26074
2011-07-26 10:00:00,836.63385
2011-07-26 11:00:00,716.2006
2011-07-26 12:00:00,895.47906
2011-07-26 13:00:00,957.2058
2011-07-26 14:00:00,1120.5493
2011-07-26 15:00:00,1350.8768
2011-07-26 16:00:00,773.6395
2011-07-26 17:00:00,852.33813
2011-07-26 18:00:00,791.1332
2011-07-26 19:00:00,654.40204
2011-07-26 20:00:00,580.3129
2011-07-26 21:00:00,528.3308
2011-07-26 22:00:00,424.90527
2011-07-26 23:00:00,399.59866
2011-07-27 00:00:00,457.77194
2011-07-27 01:00:00,505.96933
2011-07-27 02:00:00,554.0687
2011-07-27 03:00:00,418.19305
2011-07-27 04:00:00,452.28293
2011-07-27 05:00:00,489.2635
2011-07-27 06:00:00,446.8229
2011-07-27 07:00:00,513.1055
2011-07-27 08:00:00,568.9468
2011-07-27 09:00:00,651.3288
2011-07-27 10:00:00,470.95023
2011-07-27 11:00:00,600.4319
2011-07-27 12:00:00,1015.3827
2011-07-27 13:00:00,1146.7728
2011-07-27 14:00:00,1131.681
2011-07-27 15:00:00,1346.0199
2011-07-27 16:00:00,1280.4618
2011-07-27 17:00:00,1226.5472
2011-07-27 18:00:00,953.02905
2011-07-27 19:00:00,821.5415
2011-07-27 20:00:00,545.3483
2011-07-27 21:00:00,425.78378
2011-07-27 22:00:00,341.06885
2011-07-27 23:00:00,430.59503
2011-07-28 00:00:00,401.40366
2011-07-28 01:00:00,355.3093
2011-07-28 02:00:00,389.275
2011-07-28 03:00:00,384.08542
2011-07-28 04:00:00,453.10345
2011-07-28 05:00:00,491.4716
2011-07-28 06:00:00,539.81836
2011-07-28 07:00:00,522.25146
2011-07-28 08:00:00,479.29807
2011-07-28 09:00:00,444.21466
2011-07-28 10:00:00,534.7964
2011-07-28 11:00:00,537.36316
2011-07-28 12:00:00,541.1113
2011-07-28 13:00:00,598.79663
2011-07-28 14:00:00,562.4968
2011-07-28 15:00:00,526.36096
2011-07-28 16:00:00,530.18384
2011-07-28 17:00:00,496.50803
2011-07-28 18:00:00,492.5528
2011-07-28 19:00:00,447.6676
2011-07-28 20:00:00,429.54453
2011-07-28 21:00:00,473.28876
2011-07-28 22:00:00,499.71262
2011-07-28 23:00:00,538.17584
2011-07-29 00:00:00,592.9485
2011-07-29 01:00:00,593.7243
2011-07-29 02:00:00,597.209
2011-07-29 03:00:00,597.209
2011-07-29 04:00:00,635.15063
2011-07-29 05:00:00,638.63525
2011-07-29 06:00:00,638.0041
2011-07-29 07:00:00,594.2529
2011-07-29 08:00:00,539.59717
2011-07-29 09:00:00,598.79663
2011-07-29 10:00:00,692.709
2011-07-29 11:00:00,857.6473
2011-07-29 12:00:00,1420.8474
2011-07-29 13:00:00,1033.8925
2011-07-29 14:00:00,1420.9476
2011-07-29 15:00:00,1453.4529
2011-07-29 16:00:00,1600.0543
2011-07-29 17:00:00,1502.32
2011-07-29 18:00:00,1046.2198
2011-07-29 19:00:00,642.1562
2011-07-29 20:00:00,722.4927
2011-07-29 21:00:00,517.36993
2011-07-29 22:00:00,532.1203
2011-07-29 23:00:00,424.20908
2011-07-30 00:00:00,429.88846
2011-07-30 01:00:00,368.8475
2011-07-30 02:00:00,377.28607
2011-07-30 03:00:00,419.93292
2011-07-30 04:00:00,451.76715
2011-07-30 05:00:00,487.0372
2011-07-30 06:00:00,486.65063
2011-07-30 07:00:00,430.77728
2011-07-30 08:00:00,430.671
2011-07-30 09:00:00,595.4381
2011-07-30 10:00:00,647.33044
2011-07-30 11:00:00,630.5891
2011-07-30 12:00:00,788.83655
2011-07-30 13:00:00,910.6617
2011-07-30 14:00:00,1009.35315
2011-07-30 15:00:00,1043.7141
2011-07-30 16:00:00,1367.6025
2011-07-30 17:00:00,1106.9233
2011-07-30 18:00:00,1182.8009
2011-07-30 19:00:00,603.516
2011-07-30 20:00:00,491.26794
2011-07-30 21:00:00,457.75693
2011-07-30 22:00:00,393.53537
2011-07-30 23:00:00,368.84756
2011-07-31 00:00:00,368.8475
2011-07-31 01:00:00,421.8685
2011-07-31 02:00:00,449.11755
2011-07-31 03:00:00,451.4424
2011-07-31 04:00:00,494.39584
2011-07-31 05:00:00,484.80374
2011-07-31 06:00:00,489.81058
2011-07-31 07:00:00,382.34055
2011-07-31 08:00:00,452.3381
2011-07-31 09:00:00,341.3062
2011-07-31 10:00:00,604.02747
2011-07-31 11:00:00,1096.4808
2011-07-31 12:00:00,1432.0552
2011-07-31 13:00:00,1452.8606
2011-07-31 14:00:00,1477.8356
2011-07-31 15:00:00,2094.5498
2011-07-31 16:00:00,2164.1677
2011-07-31 17:00:00,2146.4375
2011-07-31 18:00:00,660.27045
2011-07-31 19:00:00,538.53925
2011-07-31 20:00:00,538.53925
2011-07-31 21:00:00,480.63687
2011-07-31 22:00:00,482.06534
2011-07-31 23:00:00,445.63284
2011-08-20 00:00:00,727.556
2011-08-20 01:00:00,663.96454
2011-08-20 02:00:00,604.95825
2011-08-20 03:00:00,604.95825
2011-08-20 04:00:00,726.92487
2011-08-20 05:00:00,668.5498
2011-08-20 06:00:00,664.43384
2011-08-20 07:00:00,663.9645
2011-08-20 08:00:00,509.5325
2011-08-20 09:00:00,462.06693
2011-08-20 10:00:00,414.94803
2011-08-20 11:00:00,390.3374
2011-08-20 12:00:00,382.34055
2011-08-20 13:00:00,394.20337
2011-08-20 14:00:00,479.9761
2011-08-20 15:00:00,524.39124
2011-08-20 16:00:00,505.94955
2011-08-20 17:00:00,479.9761
2011-08-20 18:00:00,448.37613
2011-08-20 19:00:00,419.15964
2011-08-20 20:00:00,421.8388
2011-08-20 21:00:00,488.58627
2011-08-20 22:00:00,531.6111
2011-08-20 23:00:00,533.7914
2011-08-21 00:00:00,532.2423
2011-08-21 01:00:00,595.058
2011-08-21 02:00:00,595.8338
2011-08-21 03:00:00,649.0576
2011-08-21 04:00:00,633.42633
2011-08-21 05:00:00,715.79333
2011-08-21 06:00:00,716.17993
2011-08-21 07:00:00,631.49054
2011-08-21 08:00:00,579.42676
2011-08-21 09:00:00,515.8352
2011-08-21 10:00:00,510.54993
2011-08-21 11:00:00,449.95084
2011-08-21 12:00:00,477.36295
2011-08-21 13:00:00,574.09644
2011-08-21 14:00:00,573.9039
2011-08-21 15:00:00,625.8378
2011-08-21 16:00:00,565.3444
2011-08-21 17:00:00,566.12024
2011-08-21 18:00:00,563.02216
2011-08-21 19:00:00,487.81308
2011-08-21 20:00:00,578.65356
2011-08-21 21:00:00,578.65356
2011-08-21 22:00:00,579.57135
2011-08-21 23:00:00,533.01556
2011-08-22 00:00:00,628.72327
2011-08-22 01:00:00,630.65894
2011-08-22 02:00:00,490.84033
2011-08-22 03:00:00,489.4359
2011-08-22 04:00:00,493.66147
2011-08-22 05:00:00,493.98624
2011-08-22 06:00:00,457.16714
2011-08-22 07:00:00,472.428
2011-08-22 08:00:00,472.428
2011-08-22 09:00:00,453.40445
2011-08-22 10:00:00,521.2606
2011-08-22 11:00:00,679.97955
2011-08-22 12:00:00,748.109
2011-08-22 13:00:00,993.99005
2011-08-22 14:00:00,915.29126
2011-08-22 15:00:00,820.76825
2011-08-22 16:00:00,915.29126
2011-08-22 17:00:00,1042.1912
2011-08-22 18:00:00,927.5144
2011-08-22 19:00:00,732.7335
2011-08-22 20:00:00,505.72488
2011-08-22 21:00:00,453.5104
2011-08-22 22:00:00,533.75116
2011-08-22 23:00:00,457.824
2011-08-23 00:00:00,377.89038
2011-08-23 01:00:00,385.8503
2011-08-23 02:00:00,407.3764
2011-08-23 03:00:00,420.84393
2011-08-23 04:00:00,451.0299
2011-08-23 05:00:00,450.25665
2011-08-23 06:00:00,488.6248
2011-08-23 07:00:00,361.05228
2011-08-23 08:00:00,345.70084
2011-08-23 09:00:00,306.53372
2011-08-23 10:00:00,377.32635
2011-08-23 11:00:00,473.14908
2011-08-23 12:00:00,433.81308
2011-08-23 13:00:00,596.2682
2011-08-23 14:00:00,580.5495
2011-08-23 15:00:00,591.4908
2011-08-23 16:00:00,532.83344
2011-08-23 17:00:00,591.4908
2011-08-23 18:00:00,566.172
2011-08-23 19:00:00,437.11307
2011-08-23 20:00:00,425.74387
2011-08-23 21:00:00,413.47635
2011-08-23 22:00:00,409.99167
2011-08-23 23:00:00,459.40588
2011-08-24 00:00:00,409.99167
2011-08-24 01:00:00,444.05307
2011-08-24 02:00:00,557.81274
2011-08-24 03:00:00,557.81274
2011-08-24 04:00:00,611.1315
2011-08-24 05:00:00,611.1315
2011-08-24 06:00:00,613.84296
2011-08-24 07:00:00,482.80792
2011-08-24 08:00:00,536.1421
2011-08-24 09:00:00,539.578
2011-08-24 10:00:00,473.141
2011-08-24 11:00:00,514.74536
2011-08-24 12:00:00,546.22516
2011-08-24 13:00:00,674.39215
2011-08-24 14:00:00,674.39215
2011-08-24 15:00:00,696.68604
2011-08-24 16:00:00,643.1483
2011-08-24 17:00:00,598.63525
2011-08-24 18:00:00,523.7756
2011-08-24 19:00:00,523.7756
2011-08-24 20:00:00,493.41406
2011-08-24 21:00:00,509.9666
2011-08-24 22:00:00,502.56992
2011-08-24 23:00:00,529.3181
2011-08-25 00:00:00,577.2784
2011-08-25 01:00:00,526.9932
2011-08-25 02:00:00,526.9932
2011-08-25 03:00:00,581.0878
2011-08-25 04:00:00,628.95306
2011-08-25 05:00:00,676.13995
2011-08-25 06:00:00,678.4623
2011-08-25 07:00:00,623.8315
2011-08-25 08:00:00,561.01587
2011-08-25 09:00:00,518.13556
2011-08-25 10:00:00,475.1821
2011-08-25 11:00:00,616.08997
2011-08-25 12:00:00,616.08997
2011-08-25 13:00:00,614.6409
2011-08-25 14:00:00,553.1297
2011-08-25 15:00:00,521.2955
2011-08-25 16:00:00,638.63525
2011-08-25 17:00:00,638.63525
2011-08-25 18:00:00,634.51935
2011-08-25 19:00:00,629.8708
2011-08-25 20:00:00,634.3141
2011-08-25 21:00:00,636.2498
2011-08-25 22:00:00,696.0806
2011-08-25 23:00:00,693.75574
2011-08-26 00:00:00,692.59595
2011-08-26 01:00:00,696.0806
2011-08-26 02:00:00,751.67535
2011-08-26 03:00:00,756.9607
2011-08-26 04:00:00,755.16003
2011-08-26 05:00:00,754.5289
2011-08-26 06:00:00,755.16003
2011-08-26 07:00:00,702.6145
2011-08-26 08:00:00,684.27185
2011-08-26 09:00:00,569.3923
2011-08-26 10:00:00,481.2337
2011-08-26 11:00:00,440.04703
2011-08-26 12:00:00,464.58447
2011-08-26 13:00:00,392.9281
2011-08-26 14:00:00,380.63953
2011-08-26 15:00:00,434.82007
2011-08-26 16:00:00,422.33545
2011-08-26 17:00:00,542.666
2011-08-26 18:00:00,545.1328
2011-08-26 19:00:00,599.0097
2011-08-26 20:00:00,599.3963
2011-08-26 21:00:00,597.46063
2011-08-26 22:00:00,599.0097
2011-08-26 23:00:00,662.98785
2011-08-27 00:00:00,630.485
2011-08-27 01:00:00,628.9361
2011-08-27 02:00:00,628.1627
2011-08-27 03:00:00,626.7557
2011-08-27 04:00:00,626.7557
2011-08-27 05:00:00,624.82007
2011-08-27 06:00:00,624.82007
2011-08-27 07:00:00,623.27106
2011-08-27 08:00:00,625.9825
2011-08-27 09:00:00,621.722
2011-08-27 10:00:00,572.59937
2011-08-27 11:00:00,711.43274
2011-08-27 12:00:00,640.8257
2011-08-27 13:00:00,643.53455
2011-08-27 14:00:00,712.4602
2011-08-27 15:00:00,712.4602
2011-08-27 16:00:00,713.23334
2011-08-27 17:00:00,705.1016
2011-08-28 07:00:00,653.4078
2011-08-28 08:00:00,651.8587
2011-08-28 09:00:00,546.64935
2011-08-28 10:00:00,668.5899
2011-08-28 11:00:00,516.6724
2011-08-28 12:00:00,592.49115
2011-08-28 13:00:00,620.6613
2011-08-28 14:00:00,705.60626
2011-08-28 15:00:00,655.05334
2011-08-28 16:00:00,766.176
2011-08-28 17:00:00,613.14453
2011-08-28 18:00:00,516.8772
2011-08-28 19:00:00,371.36203
2011-08-28 20:00:00,397.76688
2011-08-28 21:00:00,429.3115
2011-08-28 22:00:00,511.33313
2011-08-28 23:00:00,554.28656
2011-08-29 00:00:00,586.4027
2011-08-29 01:00:00,541.5006
2011-08-29 02:00:00,539.17834
2011-08-29 03:00:00,541.5006
2011-08-29 04:00:00,562.398
2011-08-29 05:00:00,610.35815
2011-08-29 06:00:00,610.35815
2011-08-29 07:00:00,440.955
2011-08-29 08:00:00,406.89362
2011-08-29 09:00:00,406.61603
2011-08-29 10:00:00,453.1116
2011-08-29 11:00:00,408.28745
2011-08-29 12:00:00,428.75626
2011-08-29 13:00:00,356.83633
2011-08-29 14:00:00,350.90936
2011-08-29 15:00:00,473.8305
2011-08-29 16:00:00,488.05676
2011-08-29 17:00:00,482.28293
2011-08-29 18:00:00,475.4861
2011-08-29 19:00:00,475.4861
2011-08-29 20:00:00,377.38156
2011-08-29 21:00:00,391.8762
2011-08-29 22:00:00,409.99167
2011-08-29 23:00:00,444.4397
2011-08-30 00:00:00,610.35815
2011-08-30 01:00:00,563.17126
2011-08-30 02:00:00,615.6436
2011-08-30 03:00:00,613.3214
2011-08-30 04:00:00,657.048
2011-08-30 05:00:00,658.9836
2011-08-30 06:00:00,615.6436
2011-08-30 07:00:00,562.398
2011-08-30 08:00:00,409.99167
2011-08-30 09:00:00,437.11307
2011-08-30 10:00:00,533.94885
2011-08-30 11:00:00,540.3502
2011-08-30 12:00:00,391.63586
2011-08-30 13:00:00,507.81128
2011-08-30 14:00:00,575.5787
2011-08-30 15:00:00,608.9172
2011-08-30 16:00:00,541.1497
2011-08-30 17:00:00,510.27603
2011-08-30 18:00:00,457.9488
2011-08-30 19:00:00,357.3093
2011-08-30 20:00:00,359.39993
2011-08-30 21:00:00,505.46777
2011-08-30 22:00:00,462.8905
2011-08-30 23:00:00,462.8905
2011-08-31 00:00:00,544.2121
2011-08-31 01:00:00,544.2121
2011-08-31 02:00:00,613.8429
2011-08-31 03:00:00,661.80316
2011-08-31 04:00:00,613.8429
2011-08-31 05:00:00,711.9507
2011-08-31 06:00:00,656.72327
2011-08-31 07:00:00,641.58655
2011-08-31 08:00:00,539.6269
2011-08-31 09:00:00,543.83594
2011-08-31 10:00:00,413.1246
2011-08-31 11:00:00,465.76285
2011-08-31 12:00:00,474.71872
2011-08-31 13:00:00,494.1468
2011-08-31 14:00:00,500.7608
2011-08-31 15:00:00,500.7608
2011-08-31 16:00:00,479.9205
2011-08-31 17:00:00,449.8622
2011-08-31 18:00:00,460.43793
2011-08-31 19:00:00,593.12683
2011-08-31 20:00:00,423.0595
2011-08-31 21:00:00,462.58746
2011-08-31 22:00:00,546.16077
2011-08-31 23:00:00,638.875
2011-09-20 00:00:00,608.9512
2011-09-20 01:00:00,757.3439
2011-09-20 02:00:00,757.3439
2011-09-20 03:00:00,707.8347
2011-09-20 04:00:00,757.2019
2011-09-20 05:00:00,756.5707
2011-09-20 06:00:00,756.5707
2011-09-20 07:00:00,757.3439
2011-09-20 08:00:00,811.9427
2011-09-20 09:00:00,812.7159
2011-09-20 10:00:00,752.2006
2011-09-20 11:00:00,752.2006
2011-09-20 12:00:00,810.38403
2011-09-20 13:00:00,811.15985
2011-09-20 14:00:00,747.47327
2011-09-20 15:00:00,633.7316
2011-09-20 16:00:00,695.7742
2011-09-20 17:00:00,697.9544
2011-09-20 18:00:00,697.9544
2011-09-20 19:00:00,753.13837
2011-09-20 20:00:00,815.27576
2011-09-20 21:00:00,815.27576
2011-09-20 22:00:00,815.27576
2011-09-20 23:00:00,815.27576
2011-09-21 00:00:00,877.3402
2011-09-21 01:00:00,819.7879
2011-09-21 02:00:00,819.7879
2011-09-21 03:00:00,816.8318
2011-09-21 04:00:00,873.22424
2011-09-21 05:00:00,872.44855
2011-09-21 06:00:00,871.67523
2011-09-21 07:00:00,871.67523
2011-09-21 08:00:00,873.9975
2011-09-21 09:00:00,869.8718
2011-09-21 10:00:00,759.04095
2011-09-21 11:00:00,691.18896
2011-09-21 12:00:00,640.6521
2011-09-21 13:00:00,584.71716
2011-09-21 14:00:00,583.94385
2011-09-21 15:00:00,586.2661
2011-09-21 16:00:00,586.2661
2011-09-21 17:00:00,584.0859
2011-09-21 18:00:00,697.0916
2011-09-21 19:00:00,822.4959
2011-09-21 20:00:00,822.4959
2011-09-21 21:00:00,905.10504
2011-09-21 22:00:00,823.1272
2011-09-21 23:00:00,836.67816
2011-09-22 00:00:00,836.67816
2011-09-22 01:00:00,836.4336
2011-09-22 02:00:00,836.047
2011-09-22 03:00:00,836.43353
2011-09-22 04:00:00,836.43353
2011-09-22 05:00:00,836.047
2011-09-22 06:00:00,903.94525
2011-09-22 07:00:00,904.7184
2011-09-22 08:00:00,903.16943
2011-09-22 09:00:00,818.09344
2011-09-22 10:00:00,753.726
2011-09-22 11:00:00,754.50183
2011-09-22 12:00:00,682.0917
2011-09-22 13:00:00,681.3183
2011-09-22 14:00:00,680.5424
2011-09-22 15:00:00,628.09204
2011-09-22 16:00:00,580.9077
2011-09-22 17:00:00,636.0669
2011-09-22 18:00:00,699.2719
2011-09-22 19:00:00,757.2107
2011-09-22 20:00:00,819.6425
2011-09-22 21:00:00,757.2107
2011-09-22 22:00:00,900.5198
2011-09-22 23:00:00,823.1272
2011-09-23 00:00:00,830.5954
2011-09-23 01:00:00,917.223
2011-09-23 02:00:00,914.51154
2011-09-23 03:00:00,917.223
2011-09-23 04:00:00,916.5918
2011-09-23 05:00:00,832.9203
2011-09-23 06:00:00,830.5954
2011-09-23 07:00:00,828.8044
2011-09-23 08:00:00,828.8044
2011-09-23 09:00:00,908.5218
2011-09-23 10:00:00,909.295
2011-09-23 11:00:00,909.295
2011-09-23 12:00:00,829.57745
2011-09-23 13:00:00,914.2669
2011-09-23 14:00:00,914.2669
2011-09-23 15:00:00,829.5775
2011-09-23 16:00:00,832.28906
2011-09-23 17:00:00,917.223
2011-09-23 18:00:00,917.85425
2011-09-23 19:00:00,830.0669
2011-09-23 20:00:00,849.18274
2011-09-23 21:00:00,913.59375
2011-09-23 22:00:00,844.92224
2011-09-23 23:00:00,873.9199
2011-09-24 00:00:00,843.59485
2011-09-24 01:00:00,785.4113
2011-09-24 02:00:00,785.4113
2011-09-24 03:00:00,788.36743
2011-09-24 04:00:00,790.2413
2011-09-24 05:00:00,789.6099
2011-09-24 06:00:00,789.6099
2011-09-24 07:00:00,732.0577
2011-09-24 08:00:00,747.0432
2011-09-24 09:00:00,734.39294
2011-09-24 10:00:00,734.39294
2011-09-24 11:00:00,670.8015
2011-09-24 12:00:00,670.8015
2011-09-24 13:00:00,621.28516
2011-09-24 14:00:00,563.1698
2011-09-24 15:00:00,563.1698
2011-09-24 16:00:00,618.32916
2011-09-24 17:00:00,564.5742
2011-09-24 18:00:00,618.5737
2011-09-24 19:00:00,732.8369
2011-09-24 20:00:00,673.7576
2011-09-24 21:00:00,671.4327
2011-09-24 22:00:00,732.2058
2011-09-24 23:00:00,734.39294
2011-09-25 00:00:00,736.71783
2011-09-25 01:00:00,734.00635
2011-09-25 02:00:00,815.80414
2011-09-25 03:00:00,815.80414
2011-09-25 04:00:00,812.31946
2011-09-25 05:00:00,735.0243
2011-09-25 06:00:00,734.00635
2011-09-25 07:00:00,812.95074
2011-09-25 08:00:00,732.2058
2011-09-25 09:00:00,679.66034
2011-09-25 10:00:00,679.66034
2011-09-25 11:00:00,612.584
2011-09-25 12:00:00,616.0686
2011-09-25 13:00:00,562.0692
2011-09-25 14:00:00,616.0686
2011-09-25 15:00:00,616.0686
2011-09-25 16:00:00,519.8202
2011-09-25 17:00:00,562.70044
2011-09-25 18:00:00,562.70044
2011-09-25 19:00:00,676.80676
2011-09-25 20:00:00,677.96655
2011-09-25 21:00:00,799.1104
2011-09-25 22:00:00,730.5121
2011-09-25 23:00:00,798.09265
2011-09-26 00:00:00,832.9203
2011-09-26 01:00:00,761.6105
2011-09-26 02:00:00,761.6105
2011-09-26 03:00:00,832.9202
2011-09-26 04:00:00,830.5952
2011-09-26 05:00:00,764.32196
2011-09-26 06:00:00,830.5954
2011-09-26 07:00:00,832.9203
2011-09-26 08:00:00,832.9203
2011-09-26 09:00:00,764.2949
2011-09-26 10:00:00,764.2949
2011-09-26 11:00:00,636.9672
2011-09-26 12:00:00,637.88513
2011-09-26 13:00:00,574.2936
2011-09-26 14:00:00,547.6758
2011-09-26 15:00:00,456.08398
2011-09-26 16:00:00,499.71564
2011-09-26 17:00:00,548.4516
2011-09-26 18:00:00,694.0649
2011-09-26 19:00:00,684.85944
2011-09-26 20:00:00,766.4751
2011-09-26 21:00:00,766.4751
2011-09-26 22:00:00,830.0669
2011-09-26 23:00:00,830.0669
2011-09-27 00:00:00,830.0669
2011-09-27 01:00:00,829.291
2011-09-27 02:00:00,830.84
2011-09-27 03:00:00,832.9203
2011-09-27 04:00:00,829.9641
2011-09-27 05:00:00,829.9641
2011-09-27 06:00:00,830.2088
2011-09-27 07:00:00,830.2088
2011-09-27 08:00:00,766.6171
2011-09-27 09:00:00,763.6636
2011-09-27 10:00:00,823.5163
2011-09-27 11:00:00,762.10504
2011-09-27 12:00:00,761.3319
2011-09-27 13:00:00,572.7445
2011-09-27 14:00:00,639.4341
2011-09-27 15:00:00,678.18884
2011-09-27 16:00:00,691.11127
2011-09-27 17:00:00,759.7827
2011-09-27 18:00:00,763.5191
2011-09-27 19:00:00,765.8439
2011-09-27 20:00:00,646.86743
2011-09-27 21:00:00,710.45905
2011-09-27 22:00:00,767.1404
2011-09-27 23:00:00,767.1404
2011-09-28 00:00:00,769.4653
2011-09-28 01:00:00,769.4653
2011-09-28 02:00:00,762.88245
2011-09-28 03:00:00,846.22675
2011-09-28 04:00:00,769.4653
2011-09-28 05:00:00,848.5515
2011-09-28 06:00:00,843.6598
2011-09-28 07:00:00,843.6598
2011-09-28 08:00:00,826.4795
2011-09-28 09:00:00,826.4795
2011-09-28 10:00:00,832.9203
2011-09-28 11:00:00,693.4336
2011-09-28 12:00:00,642.1456
2011-09-28 13:00:00,572.6026
2011-09-28 14:00:00,462.75064
2011-09-28 15:00:00,548.4516
2011-09-28 16:00:00,546.9026
2011-09-28 17:00:00,546.1268
2011-09-28 18:00:00,688.93097
2011-09-28 19:00:00,688.931
2011-09-28 20:00:00,701.45135
2011-09-28 21:00:00,761.62
2011-09-28 22:00:00,767.1404
2011-09-28 23:00:00,845.6981
2011-09-29 00:00:00,844.149
2011-09-29 01:00:00,912.1893
2011-09-29 02:00:00,912.1893
2011-09-29 03:00:00,843.5178
2011-09-29 04:00:00,763.8003
2011-09-29 05:00:00,766.12256
2011-09-29 06:00:00,766.5091
2011-09-29 07:00:00,765.9806
2011-09-29 08:00:00,710.45905
2011-09-29 09:00:00,640.28467
2011-09-29 10:00:00,512.5519
2011-09-29 11:00:00,467.6498
2011-09-29 12:00:00,470.4449
2011-09-29 13:00:00,463.13773
2011-09-29 14:00:00,518.7256
2011-09-29 15:00:00,617.1829
2011-09-29 16:00:00,618.03204
2011-09-29 17:00:00,525.76245
2011-09-29 18:00:00,476.8083
2011-09-29 19:00:00,353.80026
2011-09-29 20:00:00,376.0424
2011-09-29 21:00:00,455.98602
2011-09-29 22:00:00,575.6757
2011-09-29 23:00:00,668.39
2011-09-30 00:00:00,725.9423
2011-09-30 01:00:00,668.7767
2011-09-30 02:00:00,725.9423
2011-09-30 03:00:00,725.9423
2011-09-30 04:00:00,723.6201
2011-09-30 05:00:00,723.6201
2011-09-30 06:00:00,722.8443
2011-09-30 07:00:00,722.8443
2011-09-30 08:00:00,663.03156
2011-09-30 09:00:00,618.60223
2011-09-30 10:00:00,494.92578
2011-09-30 11:00:00,427.47845
2011-09-30 12:00:00,424.13834
2011-09-30 13:00:00,538.31903
2011-09-30 14:00:00,491.2372
2011-09-30 15:00:00,473.87564
2011-09-30 16:00:00,402.10254
2011-09-30 17:00:00,385.16885
2011-09-30 18:00:00,512.9435
2011-09-30 19:00:00,422.8871
2011-09-30 20:00:00,422.8871
2011-09-30 21:00:00,455.0429
2011-09-30 22:00:00,451.55563
2011-09-30 23:00:00,451.55563
2011-10-20 00:00:00,817.3237
2011-10-20 01:00:00,758.2224
2011-10-20 02:00:00,755.89746
2011-10-20 03:00:00,711.64136
2011-10-20 04:00:00,711.64136
2011-10-20 05:00:00,718.8649
2011-10-20 06:00:00,726.4132
2011-10-20 07:00:00,682.2625
2011-10-20 08:00:00,579.8212
2011-10-20 09:00:00,578.27216
2011-10-20 10:00:00,500.50842
2011-10-20 11:00:00,532.62164
2011-10-20 12:00:00,569.9515
2011-10-20 13:00:00,644.5759
2011-10-20 14:00:00,582.50165
2011-10-20 15:00:00,488.11728
2011-10-20 16:00:00,488.11728
2011-10-20 17:00:00,459.2916
2011-10-20 18:00:00,427.01477
2011-10-20 19:00:00,426.09695
2011-10-20 20:00:00,426.23895
2011-10-20 21:00:00,432.15814
2011-10-20 22:00:00,431.38235
2011-10-20 23:00:00,505.05014
2011-10-21 00:00:00,547.93036
2011-10-21 01:00:00,548.70355
2011-10-21 02:00:00,593.20605
2011-10-21 03:00:00,668.61945
2011-10-21 04:00:00,667.8436
2011-10-21 05:00:00,719.61584
2011-10-21 06:00:00,667.8436
2011-10-21 07:00:00,667.8436
2011-10-21 08:00:00,549.4794
2011-10-21 09:00:00,507.517
2011-10-21 10:00:00,431.13074
2011-10-21 11:00:00,381.35794
2011-10-21 12:00:00,432.20377
2011-10-21 13:00:00,424.7322
2011-10-21 14:00:00,462.49686
2011-10-21 15:00:00,421.0165
2011-10-21 16:00:00,398.63324
2011-10-21 17:00:00,428.17722
2011-10-21 18:00:00,461.46542
2011-10-21 19:00:00,457.97824
2011-10-21 20:00:00,462.2387
2011-10-21 21:00:00,507.3724
2011-10-21 22:00:00,469.0042
2011-10-21 23:00:00,548.70355
2011-10-22 00:00:00,517.3632
2011-10-22 01:00:00,517.3632
2011-10-22 02:00:00,515.81415
2011-10-22 03:00:00,518.91223
2011-10-22 04:00:00,563.0256
2011-10-22 05:00:00,565.3504
2011-10-22 06:00:00,617.8227
2011-10-22 07:00:00,674.1907
2011-10-22 08:00:00,608.72534
2011-10-22 09:00:00,563.52014
2011-10-22 10:00:00,509.95685
2011-10-22 11:00:00,509.95685
2011-10-22 12:00:00,439.3183
2011-10-22 13:00:00,336.6254
2011-10-22 14:00:00,363.47287
2011-10-22 15:00:00,392.8802
2011-10-22 16:00:00,333.68216
2011-10-22 17:00:00,438.15848
2011-10-22 18:00:00,434.2384
2011-10-22 19:00:00,561.2598
2011-10-22 20:00:00,565.84503
2011-10-22 21:00:00,656.6856
2011-10-22 22:00:00,656.6856
2011-10-22 23:00:00,718.82306
2011-10-23 00:00:00,771.29535
2011-10-23 01:00:00,771.29535
2011-10-23 02:00:00,784.6019
2011-10-23 03:00:00,775.8806
2011-10-23 04:00:00,775.8806
2011-10-23 05:00:00,780.3928
2011-10-23 06:00:00,788.80054
2011-10-23 07:00:00,784.6019
2011-10-23 08:00:00,789.976
2011-10-23 09:00:00,656.6856
2011-10-23 10:00:00,601.88837
2011-10-23 11:00:00,600.4473
2011-10-23 12:00:00,464.3312
2011-10-23 13:00:00,422.92682
2011-10-23 14:00:00,422.15097
2011-10-23 15:00:00,394.92386
2011-10-23 16:00:00,422.92682
2011-10-23 17:00:00,505.79745
2011-10-23 18:00:00,506.5706
2011-10-23 19:00:00,652.6681
2011-10-23 20:00:00,606.89514
2011-10-23 21:00:00,606.89514
2011-10-23 22:00:00,659.05396
2011-10-23 23:00:00,657.5049
2011-10-24 00:00:00,693.88153
2011-10-24 01:00:00,742.8692
2011-10-24 02:00:00,791.6028
2011-10-24 03:00:00,744.0292
2011-10-24 04:00:00,746.3539
2011-10-24 05:00:00,798.8994
2011-10-24 06:00:00,791.6028
2011-10-24 07:00:00,862.701
2011-10-24 08:00:00,794.5024
2011-10-24 09:00:00,732.36487
2011-10-24 10:00:00,725.5305
2011-10-24 11:00:00,622.83484
2011-10-24 12:00:00,581.4305
2011-10-24 13:00:00,535.3789
2011-10-24 14:00:00,536.1547
2011-10-24 15:00:00,494.67892
2011-10-24 16:00:00,536.78595
2011-10-24 17:00:00,581.28845
2011-10-24 18:00:00,501.12665
2011-10-24 19:00:00,726.8967
2011-10-24 20:00:00,725.44763
2011-10-24 21:00:00,777.9932
2011-10-24 22:00:00,656.75433
2011-10-24 23:00:00,682.45935
2011-10-25 00:00:00,685.81165
2011-10-25 01:00:00,685.81165
2011-10-25 02:00:00,738.3571
2011-10-25 03:00:00,794.3142
2011-10-25 04:00:00,795.4147
2011-10-25 05:00:00,795.4147
2011-10-25 06:00:00,748.22784
2011-10-25 07:00:00,683.7679
2011-10-25 08:00:00,641.3362
2011-10-25 09:00:00,463.36453
2011-10-25 10:00:00,419.71103
2011-10-25 11:00:00,419.9427
2011-10-25 12:00:00,537.1586
2011-10-25 13:00:00,584.0823
2011-10-25 14:00:00,468.18335
2011-10-25 15:00:00,372.15903
2011-10-25 16:00:00,439.3577
2011-10-25 17:00:00,372.15903
2011-10-25 18:00:00,332.66867
2011-10-25 19:00:00,579.2448
2011-10-25 20:00:00,586.1524
2011-10-25 21:00:00,637.8515
2011-10-25 22:00:00,583.83
2011-10-25 23:00:00,637.8515
2011-10-26 00:00:00,636.30237
2011-10-26 01:00:00,586.7932
2011-10-26 02:00:00,589.1155
2011-10-26 03:00:00,587.5664
2011-10-26 04:00:00,629.7466
2011-10-26 05:00:00,630.5198
2011-10-26 06:00:00,630.5198
2011-10-26 07:00:00,632.06885
2011-10-26 08:00:00,587.71094
2011-10-26 09:00:00,539.4696
2011-10-26 10:00:00,520.0069
2011-10-26 11:00:00,489.92383
2011-10-26 12:00:00,420.13794
2011-10-26 13:00:00,494.96548
2011-10-26 14:00:00,670.4703
2011-10-26 15:00:00,670.4703
2011-10-26 16:00:00,668.1453
2011-10-26 17:00:00,667.7588
2011-10-26 18:00:00,666.84106
2011-10-26 19:00:00,723.64703
2011-10-26 20:00:00,781.1993
2011-10-26 21:00:00,670.4703
2011-10-26 22:00:00,782.7554
2011-10-26 23:00:00,782.7554
2011-10-27 00:00:00,847.84894
2011-10-27 01:00:00,847.84894
2011-10-27 02:00:00,846.5864
2011-10-27 03:00:00,846.5864
2011-10-27 04:00:00,784.44885
2011-10-27 05:00:00,782.12415
2011-10-27 06:00:00,722.3846
2011-10-27 07:00:00,844.8928
2011-10-27 08:00:00,779.4153
2011-10-27 09:00:00,718.7554
2011-10-27 10:00:00,774.9031
2011-10-27 11:00:00,776.4521
2011-10-27 12:00:00,776.4521
2011-10-27 13:00:00,776.30743
2011-10-27 14:00:00,728.0226
2011-10-27 15:00:00,725.3111
2011-10-27 16:00:00,618.7442
2011-10-27 17:00:00,615.08966
2011-10-27 18:00:00,571.64154
2011-10-27 19:00:00,580.73895
2011-10-27 20:00:00,585.18225
2011-10-27 21:00:00,540.9584
2011-10-27 22:00:00,633.5303
2011-10-27 23:00:00,592.091
2011-10-28 00:00:00,633.1925
2011-10-28 01:00:00,637.7777
2011-10-28 02:00:00,637.0021
2011-10-28 03:00:00,679.8822
2011-10-28 04:00:00,631.92206
2011-10-28 05:00:00,593.69855
2011-10-28 06:00:00,637.2831
2011-10-28 07:00:00,637.2831
2011-10-28 08:00:00,593.55396
2011-10-28 09:00:00,552.2226
2011-10-28 10:00:00,547.6373
2011-10-28 11:00:00,464.86172
2011-10-28 12:00:00,343.18182
2011-10-28 13:00:00,360.81686
2011-10-28 14:00:00,426.6382
2011-10-28 15:00:00,407.43228
2011-10-28 16:00:00,427.41138
2011-10-28 17:00:00,466.5554
2011-10-28 18:00:00,494.5557
2011-10-28 19:00:00,466.5554
2011-10-28 20:00:00,584.743
2011-10-28 21:00:00,666.08655
2011-10-28 22:00:00,726.57996
2011-10-28 23:00:00,794.089
2011-10-29 00:00:00,824.813
2011-10-29 01:00:00,820.30096
2011-10-29 02:00:00,820.30096
2011-10-29 03:00:00,759.6506
2011-10-29 04:00:00,759.6506
2011-10-29 05:00:00,896.4476
2011-10-29 06:00:00,838.8954
2011-10-29 07:00:00,838.8954
2011-10-29 08:00:00,823.26416
2011-10-29 09:00:00,823.26416
2011-10-29 10:00:00,897.2207
2011-10-29 11:00:00,895.6718
2011-10-29 12:00:00,851.04193
2011-10-29 13:00:00,850.2662
2011-10-29 14:00:00,852.20184
2011-10-29 15:00:00,897.21045
2011-10-29 16:00:00,906.3182
2011-10-29 17:00:00,906.3182
2011-10-29 18:00:00,906.3182
2011-10-29 19:00:00,844.74304
2011-10-29 20:00:00,844.74304
2011-10-29 21:00:00,844.7431
2011-10-29 22:00:00,841.69385
2011-10-29 23:00:00,831.35046
2011-10-30 00:00:00,841.69385
2011-10-30 01:00:00,840.9206
2011-10-30 02:00:00,840.1448
2011-10-30 03:00:00,729.63855
2011-10-30 04:00:00,782.88416
2011-10-30 05:00:00,731.1876
2011-10-30 06:00:00,721.2309
2011-10-30 07:00:00,683.48315
2011-10-30 08:00:00,658.4125
2011-10-30 09:00:00,600.58167
2011-10-30 10:00:00,539.794
2011-10-30 11:00:00,461.5217
2011-10-30 12:00:00,406.8441
2011-10-30 13:00:00,334.3387
2011-10-30 14:00:00,305.323
2011-10-30 15:00:00,297.66043
2011-10-30 16:00:00,291.2093
2011-10-30 17:00:00,260.70047
2011-10-30 18:00:00,339.15012
2011-10-30 19:00:00,424.10397
2011-10-30 20:00:00,488.11948
2011-10-30 21:00:00,578.9599
2011-10-30 22:00:00,669.8736
2011-10-30 23:00:00,794.0755
2011-10-31 00:00:00,826.19165
2011-10-31 01:00:00,768.63934
2011-10-31 02:00:00,830.70386
2011-10-31 03:00:00,850.1576
2011-10-31 04:00:00,830.70386
2011-10-31 05:00:00,892.8413
2011-10-31 06:00:00,830.70386
2011-10-31 07:00:00,888.2561
2011-10-31 08:00:00,820.9751
2011-10-31 09:00:00,724.27
2011-10-31 10:00:00,532.9238
2011-10-31 11:00:00,435.92398
2011-10-31 12:00:00,371.53473
2011-10-31 13:00:00,366.3182
2011-10-31 14:00:00,395.0944
2011-10-31 15:00:00,397.2747
2011-10-31 16:00:00,469.0042
2011-10-31 17:00:00,469.78003
2011-10-31 18:00:00,590.5564
2011-10-31 19:00:00,590.5564
2011-10-31 20:00:00,590.5564
2011-10-31 21:00:00,714.3994
2011-10-31 22:00:00,714.3994
2011-10-31 23:00:00,714.3994
2011-11-20 00:00:00,561.0899
2011-11-20 01:00:00,515.81415
2011-11-20 02:00:00,515.0383
2011-11-20 03:00:00,552.7753
2011-11-20 04:00:00,600.7355
2011-11-20 05:00:00,557.8552
2011-11-20 06:00:00,558.63104
2011-11-20 07:00:00,560.03546
2011-11-20 08:00:00,596.2233
2011-11-20 09:00:00,604.9595
2011-11-20 10:00:00,605.8772
2011-11-20 11:00:00,505.93936
2011-11-20 12:00:00,505.16617
2011-11-20 13:00:00,465.67044
2011-11-20 14:00:00,498.1141
2011-11-20 15:00:00,546.99194
2011-11-20 16:00:00,500.5809
2011-11-20 17:00:00,499.0318
2011-11-20 18:00:00,504.0386
2011-11-20 19:00:00,592.2677
2011-11-20 20:00:00,549.3142
2011-11-20 21:00:00,645.1266
2011-11-20 22:00:00,754.5932
2011-11-20 23:00:00,754.5932
2011-11-21 00:00:00,847.21765
2011-11-21 01:00:00,841.55273
2011-11-21 02:00:00,903.6172
2011-11-21 03:00:00,905.1662
2011-11-21 04:00:00,905.1662
2011-11-21 05:00:00,909.2821
2011-11-21 06:00:00,913.8673
2011-11-21 07:00:00,842.95715
2011-11-21 08:00:00,847.21765
2011-11-21 09:00:00,839.92096
2011-11-21 10:00:00,728.0226
2011-11-21 11:00:00,725.3111
2011-11-21 12:00:00,671.571
2011-11-21 13:00:00,671.571
2011-11-21 14:00:00,722.49414
2011-11-21 15:00:00,845.28906
2011-11-21 16:00:00,845.28906
2011-11-21 17:00:00,847.93866
2011-11-21 18:00:00,793.0979
2011-11-21 19:00:00,855.1621
2011-11-21 20:00:00,787.2422
2011-11-21 21:00:00,788.79126
2011-11-21 22:00:00,789.5671
2011-11-21 23:00:00,788.79126
2011-11-22 00:00:00,862.06976
2011-11-22 01:00:00,856.7113
2011-11-22 02:00:00,919.6221
2011-11-22 03:00:00,919.6221
2011-11-22 04:00:00,860.52075
2011-11-22 05:00:00,860.52075
2011-11-22 06:00:00,862.701
2011-11-22 07:00:00,858.9718
2011-11-22 08:00:00,858.9718
2011-11-22 09:00:00,860.1959
2011-11-22 10:00:00,860.1959
2011-11-22 11:00:00,856.7113
2011-11-22 12:00:00,915.4234
2011-11-22 13:00:00,910.91125
2011-11-22 14:00:00,910.91125
2011-11-22 15:00:00,851.09863
2011-11-22 16:00:00,851.09863
2011-11-22 17:00:00,906.32605
2011-11-22 18:00:00,908.6509
2011-11-22 19:00:00,843.875
2011-11-22 20:00:00,898.96045
2011-11-22 21:00:00,898.1871
2011-11-22 22:00:00,833.0865
2011-11-22 23:00:00,836.0496
2011-11-23 00:00:00,836.0496
2011-11-23 01:00:00,834.88727
2011-11-23 02:00:00,828.19476
2011-11-23 03:00:00,828.1948
2011-11-23 04:00:00,766.0572
2011-11-23 05:00:00,842.18396
2011-11-23 06:00:00,909.2821
2011-11-23 07:00:00,902.445
2011-11-23 08:00:00,839.92096
2011-11-23 09:00:00,828.5013
2011-11-23 10:00:00,828.5013
2011-11-23 11:00:00,616.252
2011-11-23 12:00:00,462.61374
2011-11-23 13:00:00,477.35025
2011-11-23 14:00:00,461.259
2011-11-23 15:00:00,461.01443
2011-11-23 16:00:00,541.87616
2011-11-23 17:00:00,634.09424
2011-11-23 18:00:00,501.95898
2011-11-23 19:00:00,510.6602
2011-11-23 20:00:00,586.8249
2011-11-23 21:00:00,547.9751
2011-11-23 22:00:00,591.3151
2011-11-23 23:00:00,593.64
2011-11-24 00:00:00,498.467
2011-11-24 01:00:00,504.47928
2011-11-24 02:00:00,539.7982
2011-11-24 03:00:00,575.5063
2011-11-24 04:00:00,522.6666
2011-11-24 05:00:00,522.28
2011-11-24 06:00:00,522.6666
2011-11-24 07:00:00,676.7853
2011-11-24 08:00:00,561.0348
2011-11-24 09:00:00,515.8942
2011-11-24 10:00:00,461.8946
2011-11-24 11:00:00,323.30188
2011-11-24 12:00:00,322.61237
2011-11-24 13:00:00,352.66974
2011-11-24 14:00:00,441.95804
2011-11-24 15:00:00,404.0222
2011-11-24 16:00:00,406.2073
2011-11-24 17:00:00,263.25723
2011-11-24 18:00:00,378.816
2011-11-24 19:00:00,421.30963
2011-11-24 20:00:00,662.0481
2011-11-24 21:00:00,614.088
2011-11-24 22:00:00,614.088
2011-11-24 23:00:00,657.06323
2011-11-25 00:00:00,720.3891
2011-11-25 01:00:00,702.4844
2011-11-25 02:00:00,783.50793
2011-11-25 03:00:00,725.9557
2011-11-25 04:00:00,710.3243
2011-11-25 05:00:00,706.5019
2011-11-25 06:00:00,788.09314
2011-11-25 07:00:00,768.63934
2011-11-25 08:00:00,787.3199
2011-11-25 09:00:00,706.9965
2011-11-25 10:00:00,667.8436
2011-11-25 11:00:00,590.16986
2011-11-25 12:00:00,432.67978
2011-11-25 13:00:00,381.35794
2011-11-25 14:00:00,422.48404
2011-11-25 15:00:00,416.03287
2011-11-25 16:00:00,363.36526
2011-11-25 17:00:00,345.2053
2011-11-25 18:00:00,365.92206
2011-11-25 19:00:00,597.9613
2011-11-25 20:00:00,513.8201
2011-11-25 21:00:00,649.9388
2011-11-25 22:00:00,663.24536
2011-11-25 23:00:00,710.8189
2011-11-26 00:00:00,678.7028
2011-11-26 01:00:00,683.6747
2011-11-26 02:00:00,735.7604
2011-11-26 03:00:00,727.4258
2011-11-26 04:00:00,727.4258
2011-11-26 05:00:00,678.2082
2011-11-26 06:00:00,677.9635
2011-11-26 07:00:00,813.5293
2011-11-26 08:00:00,683.6747
2011-11-26 09:00:00,679.08936
2011-11-26 10:00:00,713.74304
2011-11-26 11:00:00,519.6854
2011-11-26 12:00:00,407.7872
2011-11-26 13:00:00,331.54547
2011-11-26 14:00:00,365.7977
2011-11-26 15:00:00,304.50653
2011-11-26 16:00:00,360.7909
2011-11-26 17:00:00,360.7909
2011-11-26 18:00:00,512.9931
2011-11-26 19:00:00,605.7692
2011-11-26 20:00:00,478.8854
2011-11-26 21:00:00,718.19183
2011-11-26 22:00:00,660.6395
2011-11-26 23:00:00,713.74304
2011-11-27 00:00:00,713.74304
2011-11-27 01:00:00,713.74304
2011-11-27 02:00:00,718.3284
2011-11-27 03:00:00,775.8806
2011-11-27 04:00:00,784.2152
2011-11-27 05:00:00,788.42694
2011-11-27 06:00:00,714.56256
2011-11-27 07:00:00,760.97375
2011-11-27 08:00:00,706.4926
2011-11-27 09:00:00,597.34924
2011-11-27 10:00:00,597.34924
2011-11-27 11:00:00,499.98788
2011-11-27 12:00:00,425.6087
2011-11-27 13:00:00,466.30167
2011-11-27 14:00:00,595.7754
2011-11-27 15:00:00,456.47324
2011-11-27 16:00:00,385.53168
2011-11-27 17:00:00,427.93356
2011-11-27 18:00:00,505.02158
2011-11-27 19:00:00,546.3528
2011-11-27 20:00:00,502.69937
2011-11-27 21:00:00,544.8037
2011-11-27 22:00:00,593.5398
2011-11-27 23:00:00,593.5398
2011-11-28 00:00:00,677.42554
2011-11-28 01:00:00,677.039
2011-11-28 03:00:00,788.9992
2011-11-28 04:00:00,734.93176
2011-11-28 05:00:00,794.3142
2011-11-28 06:00:00,739.51697
2011-11-28 07:00:00,799.39404
2011-11-28 08:00:00,856.31506
2011-11-28 09:00:00,788.368
2011-11-28 10:00:00,676.083
2011-11-28 11:00:00,581.4305
2011-11-28 12:00:00,496.22806
2011-11-28 13:00:00,455.35483
2011-11-28 14:00:00,407.14346
2011-11-28 15:00:00,490.09372
2011-11-28 16:00:00,493.90567
2011-11-28 17:00:00,450.9523
2011-11-28 18:00:00,531.49805
2011-11-28 19:00:00,622.3385
2011-11-28 20:00:00,620.9341
2011-11-28 21:00:00,660.07544
2011-11-28 22:00:00,725.3111
2011-11-28 23:00:00,724.53796
2011-11-29 00:00:00,728.6538
2011-11-29 01:00:00,726.329
2011-11-29 02:00:00,780.56805
2011-11-29 03:00:00,780.56805
2011-11-29 04:00:00,719.5015
2011-11-29 05:00:00,773.8407
2011-11-29 06:00:00,721.29517
2011-11-29 07:00:00,665.292
2011-11-29 08:00:00,659.15765
2011-11-29 09:00:00,611.5302
2011-11-29 10:00:00,611.5302
2011-11-29 11:00:00,772.19165
2011-11-29 12:00:00,729.73615
2011-11-29 13:00:00,685.2606
2011-11-29 14:00:00,855.1623
2011-11-29 15:00:00,784.53064
2011-11-29 16:00:00,787.2422
2011-11-29 17:00:00,785.93774
2011-11-29 18:00:00,737.97754
2011-11-29 19:00:00,737.20166
2011-11-29 20:00:00,791.6854
2011-11-29 21:00:00,791.6854
2011-11-29 22:00:00,743.1941
2011-11-29 23:00:00,721.11365
2011-11-30 00:00:00,586.05164
2011-11-30 01:00:00,642.3735
2011-11-30 02:00:00,667.349
2011-11-30 03:00:00,667.349
2011-11-30 04:00:00,729.39154
2011-11-30 05:00:00,792.30493
2011-11-30 06:00:00,845.6454
2011-11-30 07:00:00,788.09314
2011-11-30 08:00:00,792.30493
2011-11-30 09:00:00,727.8425
2011-11-30 10:00:00,633.96576
2011-11-30 11:00:00,474.6169
2011-11-30 12:00:00,502.57675
2011-11-30 13:00:00,392.0037
2011-11-30 14:00:00,392.0037
2011-11-30 15:00:00,434.9014
2011-11-30 16:00:00,436.06375
2011-11-30 17:00:00,478.67758
2011-11-30 18:00:00,479.30878
2011-11-30 19:00:00,550.04236
2011-11-30 20:00:00,550.04236
2011-11-30 21:00:00,520.63995
2011-11-30 22:00:00,556.32623
2011-11-30 23:00:00,522.8568
2011-12-20 00:00:00,524.05804
2011-12-20 01:00:00,477.28217
2011-12-20 02:00:00,557.97253
2011-12-20 03:00:00,557.97253
2011-12-20 04:00:00,485.05872
2011-12-20 05:00:00,515.0191
2011-12-20 06:00:00,515.01904
2011-12-20 07:00:00,562.97925
2011-12-20 08:00:00,470.30865
2011-12-20 09:00:00,601.3475
2011-12-20 10:00:00,505.9679
2011-12-20 11:00:00,549.62134
2011-12-20 12:00:00,464.56354
2011-12-20 13:00:00,464.56354
2011-12-20 14:00:00,503.70493
2011-12-20 15:00:00,468.04822
2011-12-20 16:00:00,468.67953
2011-12-20 17:00:00,550.2526
2011-12-20 18:00:00,592.43274
2011-12-20 19:00:00,597.46655
2011-12-20 20:00:00,601.9787
2011-12-20 21:00:00,610.773
2011-12-20 22:00:00,601.3475
2011-12-20 23:00:00,558.4671
2011-12-21 00:00:00,643.19434
2011-12-21 01:00:00,580.376
2011-12-21 02:00:00,619.9285
2011-12-21 03:00:00,619.9285
2011-12-21 04:00:00,619.9285
2011-12-21 05:00:00,718.2174
2011-12-21 06:00:00,773.4012
2011-12-21 07:00:00,781.80896
2011-12-21 08:00:00,830.32227
2011-12-21 09:00:00,758.49426
2011-12-21 10:00:00,687.30536
2011-12-21 11:00:00,687.30536
2011-12-21 12:00:00,749.585
2011-12-21 13:00:00,813.9742
2011-12-21 14:00:00,746.4067
2011-12-21 15:00:00,745.63086
2011-12-21 16:00:00,870.7507
2011-12-21 17:00:00,870.7507
2011-12-21 18:00:00,872.1577
2011-12-21 19:00:00,800.2201
2011-12-21 20:00:00,799.44696
2011-12-21 21:00:00,744.46155
2011-12-21 22:00:00,745.2374
2011-12-21 23:00:00,746.7864
2011-12-22 00:00:00,690.9251
2011-12-22 01:00:00,820.6571
2011-12-22 02:00:00,696.0686
2011-12-22 03:00:00,559.7363
2011-12-22 04:00:00,718.0754
2011-12-22 05:00:00,721.5601
2011-12-22 06:00:00,774.0324
2011-12-22 07:00:00,836.1699
2011-12-22 08:00:00,773.4012
2011-12-22 09:00:00,766.5643
2011-12-22 10:00:00,714.01874
2011-12-22 11:00:00,659.28595
2011-12-22 12:00:00,439.16367
2011-12-22 13:00:00,520.4853
2011-12-22 14:00:00,520.4853
2011-12-22 15:00:00,477.53177
2011-12-22 16:00:00,520.4853
2011-12-22 17:00:00,559.10504
2011-12-22 18:00:00,513.0805
2011-12-22 19:00:00,515.4053
2011-12-22 20:00:00,605.68774
2011-12-22 21:00:00,605.68774
2011-12-22 22:00:00,838.72986
2011-12-22 23:00:00,763.67255
2011-12-23 00:00:00,758.6389
2011-12-23 01:00:00,758.6389
2011-12-23 02:00:00,831.91736
2011-12-23 03:00:00,831.91736
2011-12-23 04:00:00,828.04346
2011-12-23 05:00:00,848.7162
2011-12-23 06:00:00,714.9774
2011-12-23 07:00:00,715.7505
2011-12-23 08:00:00,652.8398
2011-12-23 09:00:00,555.75696
2011-12-23 10:00:00,515.8398
2011-12-23 11:00:00,475.14676
2011-12-23 12:00:00,445.37015
2011-12-23 13:00:00,418.87726
2011-12-23 14:00:00,437.55444
2011-12-23 15:00:00,443.6888
2011-12-23 16:00:00,406.8696
2011-12-23 17:00:00,464.25882
2011-12-23 18:00:00,445.82867
2011-12-23 19:00:00,469.61984
2011-12-23 20:00:00,558.5002
2011-12-23 21:00:00,561.2117
2011-12-23 22:00:00,598.8285
2011-12-23 23:00:00,589.3314
2011-12-24 00:00:00,605.2224
2011-12-24 01:00:00,548.9495
2011-12-24 02:00:00,557.74384
2011-12-24 03:00:00,596.11194
2011-12-24 04:00:00,566.85425
2011-12-24 05:00:00,566.85425
2011-12-24 06:00:00,657.7679
2011-12-24 07:00:00,627.5705
2011-12-24 08:00:00,625.2971
2011-12-24 09:00:00,386.22043
2011-12-24 10:00:00,422.76077
2011-12-24 11:00:00,343.02924
2011-12-24 12:00:00,311.93634
2011-12-24 13:00:00,322.66888
2011-12-24 14:00:00,322.66888
2011-12-24 15:00:00,318.07062
2011-12-24 16:00:00,336.50336
2011-12-24 17:00:00,375.92587
2011-12-24 18:00:00,332.6783
2011-12-24 19:00:00,428.59875
2011-12-24 20:00:00,486.0236
2011-12-24 21:00:00,496.29382
2011-12-24 22:00:00,433.48712
2011-12-24 23:00:00,494.02042
2011-12-25 00:00:00,549.52
2011-12-25 01:00:00,630.8635
2011-12-25 02:00:00,667.4104
2011-12-25 03:00:00,629.9131
2011-12-25 05:00:00,682.65515
2011-12-25 06:00:00,682.65515
2011-12-25 07:00:00,726.10315
2011-12-25 08:00:00,740.1855
2011-12-25 09:00:00,798.2324
2011-12-25 10:00:00,744.89185
2011-12-25 11:00:00,610.4389
2011-12-25 12:00:00,677.0797
2011-12-25 13:00:00,614.65063
2011-12-25 14:00:00,523.73694
2011-12-25 15:00:00,514.23987
2011-12-25 16:00:00,462.56277
2011-12-25 17:00:00,515.78894
2011-12-25 18:00:00,605.08044
2011-12-25 19:00:00,470.88687
2011-12-25 20:00:00,395.31042
2011-12-25 21:00:00,476.9262
2011-12-25 22:00:00,539.7419
2011-12-25 23:00:00,572.3519
2011-12-26 00:00:00,666.0005
2011-12-26 01:00:00,469.369
2011-12-26 02:00:00,358.99008
2011-12-26 04:00:00,368.17368
2011-12-26 05:00:00,327.48062
2011-12-26 06:00:00,352.43433
2011-12-26 07:00:00,343.63992
2011-12-26 08:00:00,334.14294
2011-12-26 09:00:00,368.17368
2011-12-26 10:00:00,430.67105
2011-12-26 11:00:00,454.16385
2011-12-26 12:00:00,384.47086
2011-12-26 13:00:00,259.07675
2011-12-26 14:00:00,276.01047
2011-12-26 15:00:00,258.35596
2011-12-26 16:00:00,324.15283
2011-12-26 17:00:00,358.99008
2011-12-26 18:00:00,373.67093
2011-12-26 19:00:00,531.6557
2011-12-26 20:00:00,445.32736
2011-12-26 21:00:00,579.9921
2011-12-26 22:00:00,579.9921
2011-12-26 23:00:00,599.44586
2011-12-27 00:00:00,662.69867
2011-12-27 01:00:00,652.4282
2011-12-27 02:00:00,652.4282
2011-12-27 03:00:00,565.09247
2011-12-27 04:00:00,603.4607
2011-12-27 05:00:00,603.43884
2011-12-27 06:00:00,574.27606
2011-12-27 07:00:00,601.9117
2011-12-27 08:00:00,593.9636
2011-12-27 09:00:00,588.8422
2011-12-27 10:00:00,589.86
2011-12-27 11:00:00,588.8422
2011-12-27 12:00:00,737.6216
2011-12-27 13:00:00,805.13324
2011-12-27 14:00:00,701.13025
2011-12-27 15:00:00,701.13025
2011-12-27 16:00:00,755.6462
2011-12-27 17:00:00,760.18787
2011-12-27 18:00:00,762.16174
2011-12-27 19:00:00,796.52246
2011-12-27 20:00:00,849.4763
2011-12-27 21:00:00,791.9241
2011-12-27 22:00:00,791.9241
2011-12-27 23:00:00,863.94794
2011-12-28 00:00:00,801.0346
2011-12-28 01:00:00,695.5221
2011-12-28 02:00:00,560.43835
2011-12-28 03:00:00,560.43835
2011-12-28 05:00:00,530.4048
2011-12-28 06:00:00,522.07025
2011-12-28 07:00:00,522.07025
2011-12-28 08:00:00,530.4048
2011-12-28 09:00:00,520.132
2011-12-28 10:00:00,518.2582
2011-12-28 11:00:00,404.749
2011-12-28 12:00:00,504.63202
2011-12-28 13:00:00,474.7632
2011-12-28 14:00:00,394.0508
2011-12-28 15:00:00,432.42386
2011-12-28 16:00:00,418.1293
2011-12-28 17:00:00,348.91895
2011-12-28 18:00:00,373.65805
2011-12-28 19:00:00,397.83853
2011-12-28 20:00:00,398.61172
2011-12-28 21:00:00,423.17874
2011-12-28 22:00:00,412.9059
2011-12-28 23:00:00,431.1999
2011-12-29 00:00:00,449.7746
2011-12-29 01:00:00,460.74927
2011-12-29 02:00:00,484.56235
2011-12-29 03:00:00,542.77344
2011-12-29 04:00:00,532.5006
2011-12-29 05:00:00,522.9304
2011-12-29 06:00:00,541.84485
2011-12-29 07:00:00,614.2307
2011-12-29 08:00:00,589.1738
2011-12-29 09:00:00,618.9736
2011-12-29 10:00:00,613.6125
2011-12-29 11:00:00,561.54865
2011-12-29 12:00:00,518.28174
2011-12-29 13:00:00,475.32834
2011-12-29 14:00:00,451.36246
2011-12-29 15:00:00,460.08365
2011-12-29 16:00:00,469.8984
2011-12-29 17:00:00,556.22675
2011-12-29 18:00:00,509.04236
2011-12-29 19:00:00,498.69647
2011-12-29 20:00:00,600.65607
2011-12-29 21:00:00,560.8834
2011-12-29 22:00:00,599.88293
2011-12-29 23:00:00,594.59485
2011-12-30 00:00:00,647.843
2011-12-30 01:00:00,594.5088
2011-12-30 02:00:00,657.71375
2011-12-30 03:00:00,657.71375
2011-12-30 04:00:00,658.10034
2011-12-30 05:00:00,699.52655
2011-12-30 06:00:00,658.10034
2011-12-30 07:00:00,706.0605
2011-12-30 08:00:00,705.4293
2011-12-30 09:00:00,681.708
2011-12-30 10:00:00,603.3187
2011-12-30 11:00:00,598.8285
2011-12-30 12:00:00,503.00305
2011-12-30 13:00:00,465.95242
2011-12-30 14:00:00,378.29733
2011-12-30 15:00:00,347.96515
2011-12-30 16:00:00,371.70755
2011-12-30 17:00:00,448.7225
2011-12-30 18:00:00,552.912
2011-12-30 19:00:00,446.97623
2011-12-30 20:00:00,584.8881
2011-12-30 21:00:00,580.376
2011-12-30 22:00:00,642.4185
2011-12-30 23:00:00,598.6699
2011-12-31 00:00:00,488.45084
2011-12-31 01:00:00,485.02795
2011-12-31 02:00:00,485.02795
2011-12-31 03:00:00,485.02795
2011-12-31 04:00:00,578.1219
2011-12-31 05:00:00,652.12823
2011-12-31 06:00:00,576.3901
2011-12-31 07:00:00,630.6292
2011-12-31 08:00:00,707.6298
2011-12-31 09:00:00,631.89166
2011-12-31 10:00:00,623.04596
2011-12-31 11:00:00,570.5736
2011-12-31 12:00:00,398.81
2011-12-31 13:00:00,513.6961
2011-12-31 14:00:00,365.37485
2011-12-31 15:00:00,458.9009
2011-12-31 16:00:00,368.33795
2011-12-31 17:00:00,406.73566
2011-12-31 18:00:00,408.28476
2011-12-31 19:00:00,405.9599
2011-12-31 20:00:00,405.9599
2011-12-31 21:00:00,449.61597
2011-12-31 22:00:00,494.11838
2011-12-31 23:00:00,540.48334
2012-01-20 00:00:00,469.72305
2012-01-20 01:00:00,441.40347
2012-01-20 02:00:00,441.40347
2012-01-20 03:00:00,485.05698
2012-01-20 04:00:00,566.37854
2012-01-20 05:00:00,566.37854
2012-01-20 06:00:00,590.4306
2012-01-20 07:00:00,671.7741
2012-01-20 08:00:00,623.0407
2012-01-20 09:00:00,467.53476
2012-01-20 10:00:00,429.79288
2012-01-20 11:00:00,329.7279
2012-01-20 12:00:00,348.3413
2012-01-20 13:00:00,314.93298
2012-01-20 14:00:00,343.07782
2012-01-20 15:00:00,334.67017
2012-01-20 16:00:00,359.21268
2012-01-20 17:00:00,286.43765
2012-01-20 18:00:00,321.25308
2012-01-20 19:00:00,349.6426
2012-01-20 20:00:00,321.25308
2012-01-20 21:00:00,350.02917
2012-01-20 22:00:00,368.70972
2012-01-20 23:00:00,647.28015
2012-01-21 00:00:00,615.164
2012-01-21 01:00:00,830.8456
2012-01-21 02:00:00,781.1341
2012-01-21 03:00:00,868.1187
2012-01-21 04:00:00,796.3891
2012-01-21 05:00:00,807.1217
2012-01-21 06:00:00,883.76306
2012-01-21 07:00:00,883.76306
2012-01-21 08:00:00,893.19116
2012-01-21 09:00:00,893.19116
2012-01-21 10:00:00,892.55994
2012-01-21 11:00:00,792.1217
2012-01-21 12:00:00,739.55414
2012-01-21 13:00:00,748.278
2012-01-21 14:00:00,749.1958
2012-01-21 15:00:00,749.1958
2012-01-21 16:00:00,758.2348
2012-01-21 17:00:00,755.9099
2012-01-21 18:00:00,707.94977
2012-01-21 19:00:00,771.54126
2012-01-21 20:00:00,762.74695
2012-01-21 21:00:00,716.1694
2012-01-21 22:00:00,705.1947
2012-01-21 23:00:00,768.4947
2012-01-22 00:00:00,779.0095
2012-01-22 01:00:00,705.1947
2012-01-22 02:00:00,705.5813
2012-01-22 03:00:00,657.62103
2012-01-22 04:00:00,778.1336
2012-01-22 05:00:00,711.08435
2012-01-22 06:00:00,711.71564
2012-01-22 07:00:00,711.71564
2012-01-22 08:00:00,711.71564
2012-01-22 09:00:00,711.71564
2012-01-22 10:00:00,721.2126
2012-01-22 11:00:00,767.8634
2012-01-22 12:00:00,769.2678
2012-01-22 13:00:00,749.4274
2012-01-22 14:00:00,759.69775
2012-01-22 15:00:00,770.0437
2012-01-22 16:00:00,770.0437
2012-01-22 17:00:00,750.2007
2012-01-22 18:00:00,807.1217
2012-01-22 19:00:00,807.1217
2012-01-22 20:00:00,816.6188
2012-01-22 21:00:00,807.1217
2012-01-22 22:00:00,864.1647
2012-01-22 23:00:00,874.8972
2012-01-23 00:00:00,804.78406
2012-01-23 01:00:00,824.23773
2012-01-23 02:00:00,824.23773
2012-01-23 03:00:00,804.784
2012-01-23 04:00:00,742.6465
2012-01-23 05:00:00,800.1988
2012-01-23 06:00:00,800.1988
2012-01-23 07:00:00,799.56744
2012-01-23 08:00:00,829.3671
2012-01-23 09:00:00,820.0392
2012-01-23 10:00:00,867.34314
2012-01-23 11:00:00,887.18335
2012-01-23 12:00:00,862.83105
2012-01-23 13:00:00,870.9209
2012-01-23 14:00:00,890.3772
2012-01-23 15:00:00,968.4962
2012-01-23 16:00:00,887.26953
2012-01-23 17:00:00,906.4756
2012-01-23 18:00:00,888.04535
2012-01-23 19:00:00,882.68427
2012-01-23 20:00:00,949.8286
2012-01-23 21:00:00,957.84973
2012-01-23 22:00:00,957.84973
2012-01-23 23:00:00,884.95764
2012-01-24 00:00:00,937.63306
2012-01-24 01:00:00,866.7525
2012-01-24 02:00:00,867.52576
2012-01-24 03:00:00,847.6853
2012-01-24 04:00:00,920.5015
2012-01-24 05:00:00,920.5015
2012-01-24 06:00:00,857.1824
2012-01-24 07:00:00,847.6853
2012-01-24 08:00:00,847.6853
2012-01-24 09:00:00,791.29297
2012-01-24 10:00:00,849.4763
2012-01-24 11:00:00,797.2982
2012-01-24 12:00:00,796.52246
2012-01-24 13:00:00,796.52246
2012-01-24 14:00:00,732.836
2012-01-24 15:00:00,606.5706
2012-01-24 16:00:00,607.97766
2012-01-24 17:00:00,566.2572
2012-01-24 18:00:00,522.80914
2012-01-24 19:00:00,408.19937
2012-01-24 20:00:00,677.6174
2012-01-24 21:00:00,620.55975
2012-01-24 22:00:00,725.5776
2012-01-24 23:00:00,677.6174
2012-01-25 00:00:00,854.3647
2012-01-25 01:00:00,652.0521
2012-01-25 02:00:00,657.4132
2012-01-25 03:00:00,709.8855
2012-01-25 04:00:00,670.7197
2012-01-25 05:00:00,670.7197
2012-01-25 06:00:00,705.55695
2012-01-25 07:00:00,724.7411
2012-01-25 08:00:00,676.0076
2012-01-25 09:00:00,676.0076
2012-01-25 10:00:00,679.972
2012-01-25 11:00:00,574.27606
2012-01-25 12:00:00,464.63492
2012-01-25 13:00:00,432.80072
2012-01-25 14:00:00,422.8414
2012-01-25 15:00:00,380.75876
2012-01-25 16:00:00,470.39304
2012-01-25 17:00:00,465.80783
2012-01-25 18:00:00,589.3314
2012-01-25 19:00:00,451.85715
2012-01-25 20:00:00,550.86835
2012-01-25 21:00:00,576.6902
2012-01-25 22:00:00,585.4114
2012-01-25 23:00:00,580.5711
2012-01-26 00:00:00,695.94525
2012-01-26 01:00:00,676.49146
2012-01-26 02:00:00,705.5154
2012-01-26 03:00:00,685.2859
2012-01-26 04:00:00,677.1228
2012-01-26 05:00:00,680.3139
2012-01-26 06:00:00,734.04376
2012-01-26 07:00:00,742.8381
2012-01-26 08:00:00,742.8381
2012-01-26 09:00:00,729.5316
2012-01-26 10:00:00,748.2122
2012-01-26 11:00:00,795.41846
2012-01-26 12:00:00,739.1148
2012-01-26 13:00:00,615.4164
2012-01-26 14:00:00,608.1196
2012-01-26 15:00:00,603.60754
2012-01-26 16:00:00,608.5062
2012-01-26 17:00:00,606.319
2012-01-26 18:00:00,606.319
2012-01-26 19:00:00,656.07983
2012-01-26 20:00:00,712.8589
2012-01-26 21:00:00,656.07983
2012-01-26 22:00:00,718.84863
2012-01-26 23:00:00,716.34357
2012-01-27 00:00:00,709.76074
2012-01-27 01:00:00,758.49426
2012-01-27 02:00:00,824.0825
2012-01-27 03:00:00,819.57733
2012-01-27 04:00:00,881.2551
2012-01-27 05:00:00,818.415
2012-01-27 06:00:00,875.9672
2012-01-27 07:00:00,876.74304
2012-01-27 08:00:00,743.1991
2012-01-27 09:00:00,743.1991
2012-01-27 10:00:00,865.9138
2012-01-27 11:00:00,809.76855
2012-01-27 12:00:00,746.92834
2012-01-27 13:00:00,461.64523
2012-01-27 14:00:00,519.4407
2012-01-27 15:00:00,392.90573
2012-01-27 16:00:00,497.75143
2012-01-27 17:00:00,511.2391
2012-01-27 18:00:00,435.75433
2012-01-27 19:00:00,442.34134
2012-01-27 20:00:00,487.5246
2012-01-27 21:00:00,494.31012
2012-01-27 22:00:00,448.38058
2012-01-27 23:00:00,452.1195
2012-01-28 00:00:00,445.73022
2012-01-28 01:00:00,437.78226
2012-01-28 02:00:00,505.71124
2012-01-28 03:00:00,514.43243
2012-01-28 04:00:00,534.66205
2012-01-28 05:00:00,673.9444
2012-01-28 06:00:00,606.1437
2012-01-28 07:00:00,658.6893
2012-01-28 08:00:00,731.0019
2012-01-28 09:00:00,706.6495
2012-01-28 10:00:00,620.3122
2012-01-28 11:00:00,476.9262
2012-01-28 12:00:00,532.0586
2012-01-28 13:00:00,485.36877
2012-01-28 14:00:00,372.42856
2012-01-28 15:00:00,340.6162
2012-01-28 16:00:00,350.34348
2012-01-28 17:00:00,367.85574
2012-01-28 18:00:00,281.26334
2012-01-28 19:00:00,496.8536
2012-01-28 20:00:00,401.27243
2012-01-28 21:00:00,413.0471
2012-01-28 22:00:00,255.25488
2012-01-28 23:00:00,247.1121
2012-01-29 00:00:00,265.0305
2012-01-29 01:00:00,386.0755
2012-01-29 02:00:00,360.03348
2012-01-29 03:00:00,230.50607
2012-01-29 04:00:00,244.62743
2012-01-29 05:00:00,462.79208
2012-01-29 06:00:00,346.93375
2012-01-29 07:00:00,328.50363
2012-01-29 08:00:00,361.7918
2012-01-29 09:00:00,390.56793
2012-01-29 10:00:00,300.2221
2012-01-29 11:00:00,260.71048
2012-01-29 12:00:00,300.03387
2012-01-29 13:00:00,300.03387
2012-01-29 14:00:00,322.3519
2012-01-29 15:00:00,379.33533
2012-01-29 16:00:00,532.72095
2012-01-29 17:00:00,532.721
2012-01-29 18:00:00,451.34012
2012-01-29 19:00:00,306.40988
2012-01-29 20:00:00,322.58276
2012-01-29 21:00:00,293.1651
2012-01-29 22:00:00,433.60144
2012-01-29 23:00:00,337.2083
2012-01-30 00:00:00,475.21024
2012-01-30 01:00:00,583.90967
2012-01-30 02:00:00,473.39044
2012-01-30 03:00:00,466.53177
2012-01-30 04:00:00,494.9083
2012-01-30 05:00:00,494.9083
2012-01-30 06:00:00,431.1999
2012-01-30 07:00:00,430.4241
2012-01-30 08:00:00,465.26135
2012-01-30 09:00:00,465.26135
2012-01-30 10:00:00,401.64798
2012-01-30 11:00:00,360.01385
2012-01-30 12:00:00,382.76782
2012-01-30 13:00:00,278.73837
2012-01-30 14:00:00,252.40225
2012-01-30 15:00:00,307.56436
2012-01-30 16:00:00,316.59457
2012-01-30 17:00:00,353.32266
2012-01-30 18:00:00,304.86438
2012-01-30 19:00:00,393.18402
2012-01-30 20:00:00,345.2019
2012-01-30 21:00:00,373.97803
2012-01-30 22:00:00,445.61255
2012-01-30 23:00:00,566.00494
2012-01-31 00:00:00,483.2075
2012-01-31 01:00:00,392.65857
2012-01-31 02:00:00,383.47504
2012-01-31 03:00:00,412.25116
2012-01-31 04:00:00,451.39508
2012-01-31 05:00:00,451.39508
2012-01-31 06:00:00,485.52975
2012-01-31 07:00:00,566.00494
2012-01-31 08:00:00,557.2811
2012-01-31 09:00:00,480.1712
2012-01-31 10:00:00,511.86893
2012-01-31 11:00:00,342.0823
2012-01-31 12:00:00,338.68985
2012-01-31 13:00:00,345.6118
2012-01-31 14:00:00,501.09436
2012-01-31 15:00:00,677.1142
2012-01-31 16:00:00,677.1142
2012-01-31 17:00:00,645.2669
2012-01-31 18:00:00,702.1645
2012-01-31 19:00:00,463.15848
2012-01-31 20:00:00,484.0544
2012-01-31 21:00:00,417.32935
2012-01-31 22:00:00,392.59302
2012-01-31 23:00:00,343.40875
2012-02-20 00:00:00,766.7781
2012-02-20 01:00:00,766.7781
2012-02-20 02:00:00,766.7781
2012-02-20 03:00:00,728.68225
2012-02-20 05:00:00,534.10803
2012-02-20 06:00:00,467.5
2012-02-20 07:00:00,491.4331
2012-02-20 08:00:00,534.2446
2012-02-20 09:00:00,534.2446
2012-02-20 10:00:00,488.96625
2012-02-20 11:00:00,415.04956
2012-02-20 12:00:00,363.0807
2012-02-20 13:00:00,328.17032
2012-02-20 14:00:00,257.3116
2012-02-20 15:00:00,243.8856
2012-02-20 16:00:00,161.2269
2012-02-20 17:00:00,286.19562
2012-02-20 18:00:00,243.8856
2012-02-20 19:00:00,243.8856
2012-02-20 20:00:00,233.6154
2012-02-20 21:00:00,291.44623
2012-02-20 22:00:00,339.81494
2012-02-20 23:00:00,273.54147
2012-02-21 00:00:00,585.7876
2012-02-21 01:00:00,499.45926
2012-02-21 02:00:00,542.3395
2012-02-21 04:00:00,585.29297
2012-02-21 05:00:00,637.76526
2012-02-21 06:00:00,695.31757
2012-02-21 07:00:00,585.29297
2012-02-21 08:00:00,657.60565
2012-02-21 09:00:00,714.7714
2012-02-21 10:00:00,677.55664
2012-02-21 11:00:00,670.0885
2012-02-21 12:00:00,523.991
2012-02-21 13:00:00,447.60742
2012-02-21 14:00:00,490.62964
2012-02-21 15:00:00,447.60742
2012-02-21 16:00:00,406.60797
2012-02-21 17:00:00,435.0743
2012-02-21 18:00:00,435.0743
2012-02-21 19:00:00,406.298
2012-02-21 20:00:00,479.11685
2012-02-21 21:00:00,547.12933
2012-02-21 22:00:00,641.6453
2012-02-21 23:00:00,609.1719
2012-02-22 00:00:00,609.1719
2012-02-22 01:00:00,627.69965
2012-02-22 02:00:00,603.0375
2012-02-22 03:00:00,651.9156
2012-02-22 04:00:00,643.0498
2012-02-22 05:00:00,628.47284
2012-02-22 06:00:00,695.5221
2012-02-22 07:00:00,686.4117
2012-02-22 08:00:00,681.3318
2012-02-22 09:00:00,628.8595
2012-02-22 10:00:00,633.8663
2012-02-22 11:00:00,590.50433
2012-02-22 12:00:00,517.7754
2012-02-22 13:00:00,436.14035
2012-02-22 14:00:00,430.77927
2012-02-22 15:00:00,559.66693
2012-02-22 16:00:00,633.16174
2012-02-22 17:00:00,543.0032
2012-02-22 18:00:00,401.87885
2012-02-22 19:00:00,348.31696
2012-02-22 20:00:00,366.49106
2012-02-22 21:00:00,410.5875
2012-02-22 22:00:00,364.94205
2012-02-22 23:00:00,353.99518
2012-02-23 00:00:00,364.94205
2012-02-23 01:00:00,469.67862
2012-02-23 02:00:00,509.59586
2012-02-23 03:00:00,557.70056
2012-02-23 04:00:00,653.61304
2012-02-23 05:00:00,653.61304
2012-02-23 06:00:00,791.16394
2012-02-23 07:00:00,732.836
2012-02-23 08:00:00,795.7492
2012-02-23 09:00:00,743.1818
2012-02-23 10:00:00,563.5483
2012-02-23 11:00:00,365.29208
2012-02-23 12:00:00,366.93982
2012-02-23 13:00:00,350.11594
2012-02-23 14:00:00,419.81778
2012-02-23 15:00:00,351.58344
2012-02-23 16:00:00,272.66235
2012-02-23 17:00:00,379.09418
2012-02-23 18:00:00,330.25208
2012-02-23 19:00:00,279.48532
2012-02-23 20:00:00,335.38312
2012-02-23 21:00:00,404.71466
2012-02-23 22:00:00,432.71756
2012-02-23 23:00:00,439.3003
2012-02-24 00:00:00,474.7123
2012-02-24 01:00:00,511.0028
2012-02-24 02:00:00,655.8814
2012-02-24 03:00:00,708.978
2012-02-24 04:00:00,761.4504
2012-02-24 05:00:00,759.2701
2012-02-24 06:00:00,760.0432
2012-02-24 07:00:00,652.98175
2012-02-24 08:00:00,654.8556
2012-02-24 09:00:00,741.9194
2012-02-24 10:00:00,733.1225
2012-02-24 11:00:00,724.2567
2012-02-24 12:00:00,655.30664
2012-02-24 13:00:00,603.60754
2012-02-24 14:00:00,556.14197
2012-02-24 15:00:00,758.6389
2012-02-24 16:00:00,758.6389
2012-02-24 17:00:00,823.5933
2012-02-24 18:00:00,826.93604
2012-02-24 19:00:00,762.087
2012-02-24 20:00:00,505.1933
2012-02-24 21:00:00,785.0478
2012-02-24 22:00:00,565.36816
2012-02-24 23:00:00,632.3141
2012-02-25 00:00:00,364.4772
2012-02-25 01:00:00,349.89597
2012-02-25 02:00:00,374.8496
2012-02-25 03:00:00,389.3185
2012-02-25 04:00:00,359.7666
2012-02-25 05:00:00,359.9112
2012-02-25 06:00:00,359.9112
2012-02-25 07:00:00,401.07596
2012-02-25 08:00:00,438.23807
2012-02-25 09:00:00,704.28235
2012-02-25 10:00:00,551.7935
2012-02-25 11:00:00,528.3865
2012-02-25 12:00:00,644.0817
2012-02-25 13:00:00,484.76376
2012-02-25 14:00:00,555.5929
2012-02-25 15:00:00,439.54446
2012-02-25 16:00:00,606.73334
2012-02-25 17:00:00,359.5829
2012-02-25 18:00:00,572.2832
2012-02-25 19:00:00,418.94318
2012-02-25 20:00:00,512.7422
2012-02-25 21:00:00,317.35107
2012-02-25 22:00:00,389.1032
2012-02-25 23:00:00,383.62704
2012-02-26 00:00:00,374.13007
2012-02-26 01:00:00,403.67935
2012-02-26 02:00:00,403.67935
2012-02-26 03:00:00,367.27133
2012-02-26 04:00:00,367.27133
2012-02-26 05:00:00,399.85693
2012-02-26 06:00:00,408.19153
2012-02-26 07:00:00,480.69687
2012-02-26 08:00:00,470.74005
2012-02-26 09:00:00,428.6331
2012-02-26 10:00:00,352.4133
2012-02-26 11:00:00,355.84915
2012-02-26 12:00:00,313.86157
2012-02-26 13:00:00,272.9388
2012-02-26 14:00:00,220.3933
2012-02-26 15:00:00,207.74315
2012-02-26 16:00:00,319.0691
2012-02-26 17:00:00,286.28818
2012-02-26 18:00:00,307.78018
2012-02-26 19:00:00,256.02814
2012-02-26 20:00:00,337.27655
2012-02-26 21:00:00,371.4138
2012-02-26 22:00:00,351.35886
2012-02-26 23:00:00,496.29382
2012-02-27 00:00:00,575.5751
2012-02-27 01:00:00,613.1894
2012-02-27 02:00:00,681.3791
2012-02-27 03:00:00,715.24396
2012-02-27 04:00:00,768.4922
2012-02-27 05:00:00,768.4922
2012-02-27 06:00:00,676.0076
2012-02-27 07:00:00,580.8604
2012-02-27 08:00:00,575.62396
2012-02-27 09:00:00,566.00494
2012-02-27 10:00:00,406.96585
2012-02-27 11:00:00,378.6843
2012-02-27 12:00:00,353.26956
2012-02-27 13:00:00,335.52664
2012-02-27 14:00:00,390.43594
2012-02-27 15:00:00,653.28906
2012-02-27 16:00:00,677.1142
2012-02-27 17:00:00,796.68726
2012-02-27 18:00:00,614.6299
2012-02-27 19:00:00,551.64734
2012-02-27 20:00:00,475.99997
2012-02-27 21:00:00,390.43594
2012-02-27 22:00:00,336.79715
2012-02-27 23:00:00,401.25687
2012-02-28 00:00:00,440.40085
2012-02-28 01:00:00,525.45874
2012-02-28 02:00:00,445.68625
2012-02-28 03:00:00,424.43408
2012-02-28 04:00:00,386.52423
2012-02-28 05:00:00,386.52423
2012-02-28 06:00:00,420.65884
2012-02-28 07:00:00,425.9468
2012-02-28 08:00:00,459.69485
2012-02-28 09:00:00,424.3978
2012-02-28 10:00:00,392.65854
2012-02-28 11:00:00,321.58868
2012-02-28 12:00:00,284.3349
2012-02-28 13:00:00,254.87796
2012-02-28 14:00:00,256.71744
2012-02-28 15:00:00,269.44687
2012-02-28 16:00:00,258.7812
2012-02-28 17:00:00,269.44687
2012-02-28 18:00:00,314.79263
2012-02-28 19:00:00,211.28172
2012-02-28 20:00:00,269.84784
2012-02-28 21:00:00,393.67865
2012-02-28 22:00:00,393.67865
2012-02-28 23:00:00,484.4753
2012-02-29 00:00:00,465.4082
2012-02-29 01:00:00,427.04
2012-02-29 02:00:00,517.7636
2012-02-29 03:00:00,637.9568
2012-02-29 05:00:00,690.42926
2012-02-29 06:00:00,685.2859
2012-02-29 07:00:00,757.3095
2012-02-29 08:00:00,695.94525
2012-02-29 09:00:00,746.8051
2012-02-29 10:00:00,746.8051
2012-02-29 11:00:00,814.6301
2012-02-29 12:00:00,864.18304
2012-02-29 13:00:00,854.94366
2012-02-29 14:00:00,854.94366
2012-02-29 15:00:00,708.985
2012-02-29 16:00:00,709.9028
2012-02-29 17:00:00,760.0432
2012-02-29 18:00:00,763.67255
2012-02-29 19:00:00,761.5922
2012-02-29 20:00:00,764.492
2012-02-29 21:00:00,764.492
2012-02-29 22:00:00,819.72205
2012-02-29 23:00:00,819.72205
2012-03-20 00:00:00,639.2609
2012-03-20 01:00:00,742.6496
2012-03-20 02:00:00,740.32477
2012-03-20 03:00:00,742.0183
2012-03-20 04:00:00,743.1189
2012-03-20 05:00:00,804.1559
2012-03-20 06:00:00,799.8953
2012-03-20 07:00:00,797.7152
2012-03-20 08:00:00,743.89215
2012-03-20 09:00:00,737.75793
2012-03-20 10:00:00,737.6158
2012-03-20 11:00:00,682.10724
2012-03-20 12:00:00,615.4177
2012-03-20 13:00:00,616.9667
2012-03-20 14:00:00,558.1024
2012-03-20 15:00:00,516.698
2012-03-20 16:00:00,485.45508
2012-03-20 17:00:00,557.96045
2012-03-20 18:00:00,518.0433
2012-03-20 19:00:00,586.1868
2012-03-20 20:00:00,539.38654
2012-03-20 21:00:00,594.25684
2012-03-20 22:00:00,637.13715
2012-03-20 23:00:00,699.2746
2012-03-21 00:00:00,757.0279
2012-03-21 01:00:00,706.74286
2012-03-21 02:00:00,758.12854
2012-03-21 03:00:00,755.9481
2012-03-21 04:00:00,757.4972
2012-03-21 05:00:00,757.4972
2012-03-21 06:00:00,817.2368
2012-03-21 07:00:00,817.38135
2012-03-21 08:00:00,819.7036
2012-03-21 09:00:00,756.7215
2012-03-21 10:00:00,704.1759
2012-03-21 11:00:00,704.1759
2012-03-21 12:00:00,646.29895
2012-03-21 13:00:00,703.85126
2012-03-21 14:00:00,651.37897
2012-03-21 15:00:00,651.37897
2012-03-21 16:00:00,599.4646
2012-03-21 17:00:00,532.0943
2012-03-21 18:00:00,534.41907
2012-03-21 19:00:00,475.33966
2012-03-21 20:00:00,649.6853
2012-03-21 21:00:00,701.77094
2012-03-21 22:00:00,704.80725
2012-03-21 23:00:00,646.9301
2012-03-22 00:00:00,706.74286
2012-03-22 01:00:00,706.74286
2012-03-22 02:00:00,706.74286
2012-03-22 03:00:00,706.74286
2012-03-22 04:00:00,878.2737
2012-03-22 05:00:00,878.2737
2012-03-22 06:00:00,878.2737
2012-03-22 07:00:00,878.2737
2012-03-22 08:00:00,816.20935
2012-03-22 09:00:00,816.20935
2012-03-22 10:00:00,873.76166
2012-03-22 11:00:00,813.949
2012-03-22 12:00:00,746.7776
2012-03-22 13:00:00,645.0999
2012-03-22 14:00:00,570.0758
2012-03-22 15:00:00,524.8
2012-03-22 16:00:00,492.9658
2012-03-22 17:00:00,489.22693
2012-03-22 18:00:00,489.22693
2012-03-22 19:00:00,455.1193
2012-03-22 20:00:00,571.9625
2012-03-22 21:00:00,643.1643
2012-03-22 22:00:00,694.9365
2012-03-22 23:00:00,697.64545
2012-03-23 00:00:00,699.97034
2012-03-23 01:00:00,752.44257
2012-03-23 02:00:00,750.11774
2012-03-23 03:00:00,754.3164
2012-03-23 04:00:00,815.82275
2012-03-23 05:00:00,818.5343
2012-03-23 06:00:00,760.982
2012-03-23 07:00:00,805.45746
2012-03-23 08:00:00,815.0497
2012-03-23 09:00:00,773.25586
2012-03-23 10:00:00,744.58777
2012-03-23 11:00:00,575.9784
2012-03-23 12:00:00,448.67856
2012-03-23 13:00:00,320.69418
2012-03-23 14:00:00,417.02237
2012-03-23 15:00:00,439.3639
2012-03-23 16:00:00,461.65775
2012-03-23 17:00:00,461.65775
2012-03-23 18:00:00,441.3093
2012-03-23 19:00:00,404.27725
2012-03-23 20:00:00,375.98804
2012-03-23 21:00:00,362.60367
2012-03-23 22:00:00,467.98105
2012-03-23 23:00:00,527.83624
2012-03-24 00:00:00,519.38824
2012-03-24 01:00:00,569.6088
2012-03-24 02:00:00,612.10254
2012-03-24 03:00:00,612.10254
2012-03-24 04:00:00,674.6266
2012-03-24 05:00:00,672.05975
2012-03-24 06:00:00,672.05975
2012-03-24 07:00:00,725.38116
2012-03-24 08:00:00,781.3843
2012-03-24 09:00:00,672.8356
2012-03-24 10:00:00,719.24677
2012-03-24 11:00:00,781.3843
2012-03-24 12:00:00,775.39197
2012-03-24 13:00:00,774.6188
2012-03-24 14:00:00,714.3551
2012-03-24 15:00:00,774.9435
2012-03-24 16:00:00,778.0416
2012-03-24 17:00:00,722.4249
2012-03-24 18:00:00,789.0747
2012-03-24 19:00:00,791.3994
2012-03-24 20:00:00,851.91486
2012-03-24 21:00:00,851.91486
2012-03-24 22:00:00,850.36584
2012-03-24 23:00:00,792.66895
2012-03-25 00:00:00,792.66895
2012-03-25 01:00:00,855.58234
2012-03-25 02:00:00,853.7887
2012-03-25 03:00:00,796.2364
2012-03-25 04:00:00,796.09186
2012-03-25 05:00:00,860.0944
2012-03-25 06:00:00,860.0944
2012-03-25 07:00:00,800.6039
2012-03-25 08:00:00,800.6039
2012-03-25 09:00:00,802.5422
2012-03-25 10:00:00,733.45953
2012-03-25 11:00:00,802.5422
2012-03-25 12:00:00,803.3154
2012-03-25 13:00:00,742.8001
2012-03-25 14:00:00,738.2148
2012-03-25 15:00:00,737.4415
2012-03-25 16:00:00,628.4966
2012-03-25 17:00:00,573.6995
2012-03-25 18:00:00,573.6995
2012-03-25 19:00:00,569.4416
2012-03-25 20:00:00,622.687
2012-03-25 21:00:00,624.2361
2012-03-25 22:00:00,677.5575
2012-03-25 23:00:00,672.97217
2012-03-26 00:00:00,703.68134
2012-03-26 01:00:00,701.9903
2012-03-26 02:00:00,764.901
2012-03-26 03:00:00,708.12463
2012-03-26 04:00:00,713.41
2012-03-26 05:00:00,665.4499
2012-03-26 06:00:00,717.222
2012-03-26 07:00:00,616.71643
2012-03-26 08:00:00,520.02014
2012-03-26 09:00:00,370.07834
2012-03-26 10:00:00,672.0111
2012-03-26 11:00:00,697.8114
2012-03-26 12:00:00,630.04407
2012-03-26 13:00:00,811.3583
2012-03-26 14:00:00,566.8741
2012-03-26 15:00:00,744.7756
2012-03-26 16:00:00,826.22253
2012-03-26 17:00:00,633.32245
2012-03-26 18:00:00,593.1864
2012-03-26 19:00:00,516.87634
2012-03-26 20:00:00,622.25885
2012-03-26 21:00:00,587.62286
2012-03-26 22:00:00,483.13004
2012-03-26 23:00:00,622.5899
2012-03-27 00:00:00,587.94904
2012-03-27 01:00:00,520.8551
2012-03-27 02:00:00,358.79773
2012-03-27 03:00:00,381.2473
2012-03-27 04:00:00,378.66162
2012-03-27 05:00:00,373.07288
2012-03-27 06:00:00,364.27853
2012-03-27 07:00:00,364.27853
2012-03-27 08:00:00,372.68622
2012-03-27 09:00:00,380.40445
2012-03-27 10:00:00,335.22122
2012-03-27 11:00:00,278.2586
2012-03-27 12:00:00,273.67337
2012-03-27 13:00:00,230.46829
2012-03-27 14:00:00,315.71454
2012-03-27 15:00:00,300.99335
2012-03-27 16:00:00,300.99335
2012-03-27 17:00:00,607.08246
2012-03-27 18:00:00,580.3254
2012-03-27 19:00:00,488.9062
2012-03-27 20:00:00,580.3252
2012-03-27 21:00:00,322.12823
2012-03-27 22:00:00,322.90405
2012-03-27 23:00:00,321.35504
2012-03-28 00:00:00,358.92545
2012-03-28 01:00:00,416.09103
2012-03-28 02:00:00,460.4985
2012-03-28 03:00:00,392.57843
2012-03-28 04:00:00,387.31494
2012-03-28 05:00:00,387.31494
2012-03-28 06:00:00,414.54196
2012-03-28 07:00:00,415.31525
2012-03-28 08:00:00,376.7455
2012-03-28 09:00:00,450.00986
2012-03-28 10:00:00,481.24673
2012-03-28 11:00:00,482.19714
2012-03-28 12:00:00,494.15048
2012-03-28 13:00:00,474.99237
2012-03-28 14:00:00,541.93195
2012-03-28 15:00:00,464.82846
2012-03-28 16:00:00,297.625
2012-03-28 17:00:00,431.16196
2012-03-28 18:00:00,431.16196
2012-03-28 19:00:00,382.52362
2012-03-28 20:00:00,395.06537
2012-03-28 21:00:00,468.1853
2012-03-28 22:00:00,514.2368
2012-03-28 23:00:00,557.1171
2012-03-29 00:00:00,555.5681
2012-03-29 01:00:00,475.86868
2012-03-29 02:00:00,676.1693
2012-03-29 03:00:00,531.5539
2012-03-29 04:00:00,427.47128
2012-03-29 05:00:00,356.6309
2012-03-29 06:00:00,485.95865
2012-03-29 07:00:00,406.51086
2012-03-29 08:00:00,449.24973
2012-03-29 09:00:00,458.2115
2012-03-29 10:00:00,471.6993
2012-03-29 11:00:00,488.57303
2012-03-29 12:00:00,560.15564
2012-03-29 13:00:00,398.04953
2012-03-29 14:00:00,459.7475
2012-03-29 15:00:00,489.78256
2012-03-29 16:00:00,483.1685
2012-03-29 17:00:00,517.2782
2012-03-29 18:00:00,430.9218
2012-03-29 19:00:00,405.37155
2012-03-29 20:00:00,407.59708
2012-03-29 21:00:00,361.36813
2012-03-29 22:00:00,351.10568
2012-03-29 23:00:00,378.78912
2012-03-30 00:00:00,383.30127
2012-03-30 01:00:00,417.04926
2012-03-30 02:00:00,483.23535
2012-03-30 03:00:00,557.6981
2012-03-30 04:00:00,471.0026
2012-03-30 05:00:00,552.3241
2012-03-30 06:00:00,512.796
2012-03-30 07:00:00,523.06635
2012-03-30 08:00:00,609.3947
2012-03-30 09:00:00,518.5542
2012-03-30 10:00:00,503.84073
2012-03-30 11:00:00,457.06485
2012-03-30 12:00:00,462.14474
2012-03-30 13:00:00,418.56012
2012-03-30 14:00:00,456.92825
2012-03-30 15:00:00,452.4162
2012-03-30 16:00:00,526.30597
2012-03-30 17:00:00,528.4862
2012-03-30 18:00:00,448.6449
2012-03-30 19:00:00,529.1175
2012-03-30 20:00:00,530.6665
2012-03-30 21:00:00,574.3959
2012-03-30 22:00:00,648.2575
2012-03-30 23:00:00,630.3527
2012-03-31 00:00:00,694.2033
2012-03-31 01:00:00,631.43445
2012-03-31 02:00:00,634.96545
2012-03-31 03:00:00,688.069
2012-03-31 04:00:00,631.336
2012-03-31 05:00:00,688.8421
2012-03-31 06:00:00,768.9828
2012-03-31 07:00:00,768.9828
2012-03-31 08:00:00,768.20966
2012-03-31 09:00:00,631.43445
2012-03-31 10:00:00,632.9835
2012-03-31 11:00:00,581.637
2012-03-31 12:00:00,532.57623
2012-03-31 13:00:00,448.26465
2012-03-31 14:00:00,482.48196
2012-03-31 15:00:00,438.75278
2012-03-31 16:00:00,481.31955
2012-03-31 17:00:00,521.733
2012-03-31 18:00:00,576.9969
2012-03-31 19:00:00,573.00806
2012-03-31 20:00:00,579.98694
2012-03-31 21:00:00,579.98694
2012-03-31 22:00:00,586.51044
2012-03-31 23:00:00,671.4914
2012-04-20 00:00:00,561.98096
2012-04-20 01:00:00,708.12463
2012-04-20 02:00:00,770.189
2012-04-20 03:00:00,772.5112
2012-04-20 04:00:00,834.6487
2012-04-20 05:00:00,837.36017
2012-04-20 06:00:00,779.808
2012-04-20 07:00:00,837.36017
2012-04-20 08:00:00,832.77496
2012-04-20 09:00:00,768.38574
2012-04-20 10:00:00,651.067
2012-04-20 11:00:00,556.3413
2012-04-20 12:00:00,402.59015
2012-04-20 13:00:00,385.95184
2012-04-20 14:00:00,427.7696
2012-04-20 15:00:00,390.99274
2012-04-20 16:00:00,430.021
2012-04-20 17:00:00,456.59528
2012-04-20 18:00:00,417.2138
2012-04-20 19:00:00,353.74744
2012-04-20 20:00:00,432.13943
2012-04-20 21:00:00,552.60504
2012-04-20 22:00:00,554.019
2012-04-20 23:00:00,600.07056
2012-04-21 00:00:00,613.5897
2012-04-21 01:00:00,613.5897
2012-04-21 02:00:00,615.9147
2012-04-21 03:00:00,666.13525
2012-04-21 04:00:00,665.362
2012-04-21 05:00:00,665.362
2012-04-21 06:00:00,666.13525
2012-04-21 07:00:00,664.5862
2012-04-21 08:00:00,651.1847
2012-04-21 09:00:00,610.55347
2012-04-21 10:00:00,435.86496
2012-04-21 11:00:00,412.46033
2012-04-21 12:00:00,372.29147
2012-04-21 13:00:00,382.94565
2012-04-21 14:00:00,500.792
2012-04-21 15:00:00,533.0641
2012-04-21 16:00:00,553.2613
2012-04-21 17:00:00,853.1221
2012-04-21 18:00:00,612.8926
2012-04-21 19:00:00,557.8922
2012-04-21 20:00:00,662.9371
2012-04-21 21:00:00,660.6123
2012-04-21 22:00:00,668.71173
2012-04-21 23:00:00,673.0523
2012-04-22 00:00:00,675.3772
2012-04-22 01:00:00,671.88983
2012-04-22 02:00:00,577.7631
2012-04-22 03:00:00,680.6626
2012-04-22 04:00:00,632.7024
2012-04-22 05:00:00,631.1533
2012-04-22 06:00:00,580.48157
2012-04-22 07:00:00,630.8468
2012-04-22 08:00:00,686.80646
2012-04-22 09:00:00,686.80646
2012-04-22 10:00:00,689.4535
2012-04-22 11:00:00,738.1895
2012-04-22 12:00:00,737.4137
2012-04-22 13:00:00,688.68024
2012-04-22 14:00:00,737.4137
2012-04-22 15:00:00,735.8647
2012-04-22 16:00:00,734.3156
2012-04-22 17:00:00,840.71045
2012-04-22 18:00:00,840.71045
2012-04-22 19:00:00,781.2226
2012-04-22 20:00:00,830.4402
2012-04-22 21:00:00,773.6612
2012-04-22 22:00:00,796.8539
2012-04-22 23:00:00,725.2194
2012-04-23 00:00:00,747.45197
2012-04-23 01:00:00,822.1845
2012-04-23 02:00:00,817.0551
2012-04-23 03:00:00,760.6653
2012-04-23 04:00:00,764.54614
2012-04-23 05:00:00,764.54614
2012-04-23 06:00:00,775.91
2012-04-23 07:00:00,765.3219
2012-04-23 08:00:00,717.5819
2012-04-23 09:00:00,716.03284
2012-04-23 10:00:00,653.9904
2012-04-23 11:00:00,664.2632
2012-04-23 12:00:00,668.71185
2012-04-23 13:00:00,619.9758
2012-04-23 14:00:00,575.4733
2012-04-23 15:00:00,566.60754
2012-04-23 16:00:00,773.7297
2012-04-23 17:00:00,784.095
2012-04-23 18:00:00,741.7427
2012-04-23 19:00:00,709.6688
2012-04-23 20:00:00,704.68384
2012-04-23 21:00:00,762.2143
2012-04-23 22:00:00,704.54193
2012-04-23 23:00:00,705.3151
2012-04-24 00:00:00,694.41364
2012-04-24 01:00:00,742.3739
2012-04-24 02:00:00,752.50214
2012-04-24 03:00:00,762.8456
2012-04-24 04:00:00,662.621
2012-04-24 05:00:00,662.621
2012-04-24 06:00:00,661.8452
2012-04-24 07:00:00,617.41583
2012-04-24 08:00:00,565.6462
2012-04-24 09:00:00,381.7522
2012-04-24 10:00:00,378.78912
2012-04-24 11:00:00,516.358
2012-04-24 12:00:00,550.75
2012-04-24 13:00:00,567.9858
2012-04-24 14:00:00,606.83093
2012-04-24 15:00:00,757.236
2012-04-24 16:00:00,521.03406
2012-04-24 17:00:00,841.7836
2012-04-24 18:00:00,632.79517
2012-04-24 19:00:00,900.4814
2012-04-24 20:00:00,736.9303
2012-04-24 21:00:00,350.02176
2012-04-24 22:00:00,276.4011
2012-04-24 23:00:00,297.88113
2012-04-25 00:00:00,295.62073
2012-04-25 01:00:00,328.98212
2012-04-25 02:00:00,544.0244
2012-04-25 03:00:00,638.65247
2012-04-25 04:00:00,595.6991
2012-04-25 05:00:00,586.97784
2012-04-25 06:00:00,586.97784
2012-04-25 07:00:00,634.9381
2012-04-25 08:00:00,687.10736
2012-04-25 09:00:00,453.67862
2012-04-25 10:00:00,260.21298
2012-04-25 11:00:00,359.252
2012-04-25 12:00:00,522.4592
2012-04-25 13:00:00,520.5548
2012-04-25 14:00:00,915.40735
2012-04-25 15:00:00,953.30365
2012-04-25 16:00:00,1185.8451
2012-04-25 17:00:00,1153.2185
2012-04-25 18:00:00,1136.9489
2012-04-25 19:00:00,1039.2972
2012-04-25 20:00:00,632.04944
2012-04-25 21:00:00,408.22983
2012-04-25 22:00:00,406.70776
2012-04-25 23:00:00,403.75165
2012-04-26 00:00:00,525.693
2012-04-26 01:00:00,379.48758
2012-04-26 02:00:00,446.24527
2012-04-26 03:00:00,446.6319
2012-04-26 04:00:00,485.00003
2012-04-26 05:00:00,522.20825
2012-04-26 06:00:00,519.1102
2012-04-26 07:00:00,702.6016
2012-04-26 08:00:00,706.8621
2012-04-26 09:00:00,765.1876
2012-04-26 10:00:00,823.3711
2012-04-26 11:00:00,821.822
2012-04-26 12:00:00,704.95166
2012-04-26 13:00:00,699.16925
2012-04-26 14:00:00,641.26514
2012-04-26 15:00:00,699.9154
2012-04-26 16:00:00,702.627
2012-04-26 17:00:00,642.6697
2012-04-26 18:00:00,641.26514
2012-04-26 19:00:00,640.4894
2012-04-26 20:00:00,641.8964
2012-04-26 21:00:00,703.2582
2012-04-26 22:00:00,704.80725
2012-04-26 23:00:00,757.3528
2012-04-27 00:00:00,546.2738
2012-04-27 01:00:00,471.82495
2012-04-27 02:00:00,477.11282
2012-04-27 03:00:00,490.89804
2012-04-27 04:00:00,351.17548
2012-04-27 05:00:00,393.39288
2012-04-27 06:00:00,346.09552
2012-04-27 07:00:00,417.04926
2012-04-27 08:00:00,419.82257
2012-04-27 09:00:00,492.60193
2012-04-27 10:00:00,482.7298
2012-04-27 11:00:00,415.68356
2012-04-27 12:00:00,462.84644
2012-04-27 13:00:00,500.7455
2012-04-27 14:00:00,456.23248
2012-04-27 15:00:00,675.77124
2012-04-27 16:00:00,471.3557
2012-04-27 17:00:00,767.8881
2012-04-27 18:00:00,620.6455
2012-04-27 19:00:00,585.43097
2012-04-27 20:00:00,433.23245
2012-04-27 21:00:00,419.71237
2012-04-27 22:00:00,345.35074
2012-04-27 23:00:00,331.1696
2012-04-28 00:00:00,320.8869
2012-04-28 01:00:00,422.34302
2012-04-28 02:00:00,347.5643
2012-04-28 03:00:00,419.19882
2012-04-28 04:00:00,409.70178
2012-04-28 05:00:00,381.70145
2012-04-28 06:00:00,408.9286
2012-04-28 07:00:00,409.70178
2012-04-28 08:00:00,292.88663
2012-04-28 09:00:00,266.96393
2012-04-28 10:00:00,291.47955
2012-04-28 11:00:00,293.02856
2012-04-28 12:00:00,324.51617
2012-04-28 13:00:00,262.37863
2012-04-28 14:00:00,265.37833
2012-04-28 15:00:00,292.04123
2012-04-28 16:00:00,279.85037
2012-04-28 17:00:00,292.75003
2012-04-28 18:00:00,357.66785
2012-04-28 19:00:00,615.6547
2012-04-28 20:00:00,545.13306
2012-04-28 21:00:00,614.10565
2012-04-28 22:00:00,616.2859
2012-04-28 23:00:00,638.7286
2012-04-29 00:00:00,711.5752
2012-04-29 01:00:00,712.2065
2012-04-29 02:00:00,759.48584
2012-04-29 03:00:00,768.20966
2012-04-29 04:00:00,769.75854
2012-04-29 05:00:00,756.29456
2012-04-29 06:00:00,774.97504
2012-04-29 07:00:00,774.3438
2012-04-29 08:00:00,638.2001
2012-04-29 09:00:00,585.65454
2012-04-29 10:00:00,543.9341
2012-04-29 11:00:00,383.68887
2012-04-29 12:00:00,309.2479
2012-04-29 13:00:00,314.32782
2012-04-29 14:00:00,239.93056
2012-04-29 15:00:00,331.53384
2012-04-29 16:00:00,539.2369
2012-04-29 17:00:00,732.61273
2012-04-29 18:00:00,760.3468
2012-04-29 19:00:00,342.18033
2012-04-29 20:00:00,324.4566
2012-04-29 21:00:00,337.74542
2012-04-29 22:00:00,317.03934
2012-04-29 23:00:00,455.83994
2012-04-30 00:00:00,619.0386
2012-04-30 01:00:00,671.9707
2012-04-30 02:00:00,613.2586
2012-04-30 03:00:00,664.95514
2012-04-30 04:00:00,532.9295
2012-04-30 05:00:00,532.9295
2012-04-30 06:00:00,386.0127
2012-04-30 07:00:00,414.78885
2012-04-30 08:00:00,347.64456
2012-04-30 09:00:00,347.01328
2012-04-30 10:00:00,324.09036
2012-04-30 11:00:00,349.8303
2012-04-30 12:00:00,377.83316
2012-04-30 13:00:00,408.26373
2012-04-30 14:00:00,440.95996
2012-04-30 15:00:00,437.14786
2012-04-30 16:00:00,474.3196
2012-04-30 17:00:00,475.09286
2012-04-30 18:00:00,472.91257
2012-04-30 19:00:00,515.01965
2012-04-30 20:00:00,473.19373
2012-04-30 21:00:00,473.19373
2012-04-30 22:00:00,435.59885
2012-04-30 23:00:00,434.04977
2012-05-20 00:00:00,372.79617
2012-05-20 01:00:00,370.50092
2012-05-20 02:00:00,370.50092
2012-05-20 03:00:00,411.05634
2012-05-20 04:00:00,530.7461
2012-05-20 05:00:00,573.3129
2012-05-20 06:00:00,486.21133
2012-05-20 07:00:00,528.0371
2012-05-20 08:00:00,404.6086
2012-05-20 09:00:00,481.55154
2012-05-20 10:00:00,553.58905
2012-05-20 11:00:00,561.6933
2012-05-20 12:00:00,578.871
2012-05-20 13:00:00,558.3616
2012-05-20 14:00:00,646.8717
2012-05-20 15:00:00,644.6141
2012-05-20 16:00:00,595.7312
2012-05-20 17:00:00,548.42163
2012-05-20 18:00:00,492.53873
2012-05-20 19:00:00,480.19528
2012-05-20 20:00:00,480.19528
2012-05-20 21:00:00,494.18155
2012-05-20 22:00:00,538.68396
2012-05-20 23:00:00,589.1206
2012-05-21 00:00:00,734.3376
2012-05-21 01:00:00,732.7886
2012-05-21 02:00:00,797.6375
2012-05-21 03:00:00,739.554
2012-05-21 04:00:00,738.9228
2012-05-21 05:00:00,738.9228
2012-05-21 06:00:00,738.9228
2012-05-21 07:00:00,738.9228
2012-05-21 08:00:00,740.0852
2012-05-21 09:00:00,740.8586
2012-05-21 10:00:00,734.7242
2012-05-21 11:00:00,685.9812
2012-05-21 12:00:00,683.65894
2012-05-21 13:00:00,683.0277
2012-05-21 14:00:00,684.57666
2012-05-21 15:00:00,569.07086
2012-05-21 16:00:00,567.52185
2012-05-21 17:00:00,524.6416
2012-05-21 18:00:00,572.0244
2012-05-21 19:00:00,529.53076
2012-05-21 20:00:00,532.883
2012-05-21 21:00:00,527.5089
2012-05-21 22:00:00,574.4294
2012-05-21 23:00:00,571.9625
2012-05-22 00:00:00,688.8023
2012-05-22 01:00:00,691.26904
2012-05-22 02:00:00,692.04236
2012-05-22 03:00:00,692.04236
2012-05-22 04:00:00,743.0388
2012-05-22 05:00:00,741.63434
2012-05-22 06:00:00,743.9566
2012-05-22 07:00:00,743.9566
2012-05-22 08:00:00,743.8146
2012-05-22 09:00:00,687.5302
2012-05-22 10:00:00,628.8374
2012-05-22 11:00:00,631.16223
2012-05-22 12:00:00,623.93866
2012-05-22 13:00:00,574.10455
2012-05-22 14:00:00,571.3931
2012-05-22 15:00:00,443.69702
2012-05-22 16:00:00,447.82254
2012-05-22 17:00:00,374.2924
2012-05-22 18:00:00,447.0493
2012-05-22 19:00:00,526.0461
2012-05-22 20:00:00,568.1531
2012-05-22 21:00:00,623.79663
2012-05-22 22:00:00,576.9962
2012-05-22 23:00:00,576.6096
2012-05-23 00:00:00,623.79663
2012-05-23 01:00:00,686.6124
2012-05-23 02:00:00,685.9812
2012-05-23 03:00:00,629.0819
2012-05-23 04:00:00,689.08875
2012-05-23 05:00:00,740.0852
2012-05-23 06:00:00,745.21906
2012-05-23 07:00:00,695.38513
2012-05-23 08:00:00,695.38513
2012-05-23 09:00:00,626.65015
2012-05-23 10:00:00,624.9565
2012-05-23 11:00:00,574.7359
2012-05-23 12:00:00,528.89954
2012-05-23 13:00:00,574.924
2012-05-23 14:00:00,485.4175
2012-05-23 15:00:00,445.39062
2012-05-23 16:00:00,442.43454
2012-05-23 17:00:00,532.39374
2012-05-23 18:00:00,532.39374
2012-05-23 19:00:00,681.3959
2012-05-23 20:00:00,683.3316
2012-05-23 21:00:00,685.65625
2012-05-23 22:00:00,681.3959
2012-05-23 23:00:00,687.38824
2012-05-24 00:00:00,688.548
2012-05-24 01:00:00,747.55426
2012-05-24 02:00:00,749.87915
2012-05-24 03:00:00,746.53644
2012-05-24 04:00:00,744.9874
2012-05-24 05:00:00,744.9874
2012-05-24 06:00:00,744.9874
2012-05-24 07:00:00,688.1614
2012-05-24 08:00:00,575.8364
2012-05-24 09:00:00,575.0606
2012-05-24 10:00:00,494.51486
2012-05-24 11:00:00,490.00278
2012-05-24 12:00:00,414.5343
2012-05-24 13:00:00,410.72217
2012-05-24 14:00:00,453.40082
2012-05-24 15:00:00,473.49924
2012-05-24 16:00:00,551.96027
2012-05-24 17:00:00,495.94888
2012-05-24 18:00:00,520.55554
2012-05-24 19:00:00,463.71347
2012-05-24 20:00:00,523.8658
2012-05-24 21:00:00,628.29236
2012-05-24 22:00:00,630.4726
2012-05-24 23:00:00,629.69946
2012-05-25 00:00:00,682.80286
2012-05-25 01:00:00,683.96277
2012-05-25 02:00:00,685.65625
2012-05-25 03:00:00,742.0243
2012-05-25 04:00:00,744.7357
2012-05-25 05:00:00,742.411
2012-05-25 06:00:00,742.0243
2012-05-25 07:00:00,740.4752
2012-05-25 08:00:00,747.03107
2012-05-25 09:00:00,746.2578
2012-05-25 10:00:00,618.9302
2012-05-25 11:00:00,619.706
2012-05-25 12:00:00,475.63934
2012-05-25 13:00:00,443.03177
2012-05-25 14:00:00,404.66367
2012-05-25 15:00:00,425.85144
2012-05-25 16:00:00,495.78098
2012-05-25 17:00:00,475.53995
2012-05-25 18:00:00,425.85144
2012-05-25 19:00:00,457.09448
2012-05-25 20:00:00,480.12955
2012-05-25 21:00:00,480.9054
2012-05-25 22:00:00,577.10425
2012-05-25 23:00:00,623.4204
2012-05-26 00:00:00,656.4448
2012-05-26 01:00:00,657.2206
2012-05-26 02:00:00,714.7729
2012-05-26 03:00:00,710.53937
2012-05-26 04:00:00,709.7662
2012-05-26 05:00:00,647.5886
2012-05-26 06:00:00,708.2171
2012-05-26 07:00:00,708.35913
2012-05-26 08:00:00,598.21436
2012-05-26 09:00:00,655.6716
2012-05-26 10:00:00,585.26495
2012-05-26 11:00:00,522.4493
2012-05-26 12:00:00,435.8398
2012-05-26 13:00:00,420.98428
2012-05-26 14:00:00,420.20847
2012-05-26 15:00:00,428.67136
2012-05-26 16:00:00,462.02975
2012-05-26 17:00:00,478.61038
2012-05-26 18:00:00,419.42325
2012-05-26 19:00:00,435.2086
2012-05-26 20:00:00,394.47586
2012-05-26 21:00:00,402.20148
2012-05-26 22:00:00,520.90027
2012-05-26 23:00:00,520.90027
2012-05-27 00:00:00,490.26242
2012-05-27 01:00:00,541.8901
2012-05-27 02:00:00,536.8101
2012-05-27 03:00:00,538.3592
2012-05-27 04:00:00,649.13763
2012-05-27 05:00:00,649.13763
2012-05-27 06:00:00,649.91095
2012-05-27 07:00:00,708.99023
2012-05-27 08:00:00,655.6716
2012-05-27 09:00:00,639.26447
2012-05-27 10:00:00,536.5316
2012-05-27 11:00:00,440.42508
2012-05-27 12:00:00,435.06656
2012-05-27 13:00:00,401.4099
2012-05-27 14:00:00,435.6128
2012-05-27 15:00:00,510.77914
2012-05-27 16:00:00,510.77914
2012-05-27 17:00:00,537.4941
2012-05-27 18:00:00,465.3735
2012-05-27 19:00:00,401.4099
2012-05-27 20:00:00,388.5242
2012-05-27 21:00:00,487.6336
2012-05-27 22:00:00,652.909
2012-05-27 23:00:00,649.4242
2012-05-28 00:00:00,626.7224
2012-05-28 01:00:00,565.1492
2012-05-28 02:00:00,631.3077
2012-05-28 03:00:00,521.30493
2012-05-28 04:00:00,574.5531
2012-05-28 05:00:00,574.5531
2012-05-28 06:00:00,521.30493
2012-05-28 07:00:00,570.8142
2012-05-28 08:00:00,478.09988
2012-05-28 09:00:00,392.2662
2012-05-28 10:00:00,392.2662
2012-05-28 11:00:00,421.11038
2012-05-28 12:00:00,373.64484
2012-05-28 13:00:00,393.2668
2012-05-28 14:00:00,393.2668
2012-05-28 15:00:00,455.05023
2012-05-28 16:00:00,477.34573
2012-05-28 17:00:00,455.05023
2012-05-28 18:00:00,424.7571
2012-05-28 19:00:00,456.4263
2012-05-28 20:00:00,410.81256
2012-05-28 21:00:00,397.0199
2012-05-28 22:00:00,454.11746
2012-05-28 23:00:00,485.9517
2012-05-29 00:00:00,602.5257
2012-05-29 01:00:00,602.5257
2012-05-29 02:00:00,658.07416
2012-05-29 03:00:00,615.83215
2012-05-29 04:00:00,623.4204
2012-05-29 05:00:00,623.4204
2012-05-29 06:00:00,623.4204
2012-05-29 07:00:00,623.4204
2012-05-29 08:00:00,554.5654
2012-05-29 09:00:00,510.13617
2012-05-29 10:00:00,504.38846
2012-05-29 11:00:00,484.06818
2012-05-29 12:00:00,551.7802
2012-05-29 13:00:00,626.1249
2012-05-29 14:00:00,648.3441
2012-05-29 15:00:00,644.63806
2012-05-29 16:00:00,733.0423
2012-05-29 17:00:00,704.4917
2012-05-29 18:00:00,724.6626
2012-05-29 19:00:00,596.2522
2012-05-29 20:00:00,594.94214
2012-05-29 21:00:00,736.9976
2012-05-29 22:00:00,742.411
2012-05-29 23:00:00,812.7029
2012-05-30 00:00:00,746.3998
2012-05-30 01:00:00,744.0776
2012-05-30 02:00:00,810.37805
2012-05-30 03:00:00,740.6198
2012-05-30 04:00:00,741.25104
2012-05-30 05:00:00,623.1654
2012-05-30 06:00:00,628.45074
2012-05-30 07:00:00,625.4972
2012-05-30 08:00:00,567.8955
2012-05-30 09:00:00,524.16876
2012-05-30 10:00:00,521.8439
2012-05-30 11:00:00,487.8225
2012-05-30 12:00:00,378.8776
2012-05-30 13:00:00,350.10147
2012-05-30 14:00:00,449.15356
2012-05-30 15:00:00,399.46155
2012-05-30 16:00:00,416.5916
2012-05-30 17:00:00,398.96417
2012-05-30 18:00:00,453.9684
2012-05-30 19:00:00,410.72217
2012-05-30 20:00:00,479.7496
2012-05-30 21:00:00,409.45435
2012-05-30 22:00:00,529.14417
2012-05-30 23:00:00,490.77597
2012-05-31 00:00:00,532.883
2012-05-31 01:00:00,534.0428
2012-05-31 02:00:00,495.6747
2012-05-31 03:00:00,527.5089
2012-05-31 04:00:00,529.8337
2012-05-31 05:00:00,523.251
2012-05-31 06:00:00,566.9777
2012-05-31 07:00:00,467.98105
2012-05-31 08:00:00,397.10052
2012-05-31 09:00:00,458.8466
2012-05-31 10:00:00,653.9222
2012-05-31 11:00:00,599.88354
2012-05-31 12:00:00,524.0117
2012-05-31 13:00:00,516.707
2012-05-31 14:00:00,665.7438
2012-05-31 15:00:00,692.28253
2012-05-31 16:00:00,679.00165
2012-05-31 17:00:00,634.30634
2012-05-31 18:00:00,676.3458
2012-05-31 19:00:00,524.5993
2012-05-31 20:00:00,421.94113
2012-05-31 21:00:00,421.94113
2012-05-31 22:00:00,387.20456
2012-05-31 23:00:00,413.68777
2012-06-20 00:00:00,602.5257
2012-06-20 01:00:00,618.1569
2012-06-20 02:00:00,672.9297
2012-06-20 03:00:00,673.7055
2012-06-20 04:00:00,674.8653
2012-06-20 05:00:00,674.8653
2012-06-20 06:00:00,747.4176
2012-06-20 07:00:00,745.23035
2012-06-20 08:00:00,604.2168
2012-06-20 09:00:00,543.3367
2012-06-20 10:00:00,436.4206
2012-06-20 11:00:00,511.16418
2012-06-20 12:00:00,513.57446
2012-06-20 13:00:00,495.03485
2012-06-20 14:00:00,626.797
2012-06-20 15:00:00,674.22186
2012-06-20 16:00:00,784.4635
2012-06-20 17:00:00,547.63495
2012-06-20 18:00:00,547.63513
2012-06-20 19:00:00,729.9483
2012-06-20 20:00:00,643.73584
2012-06-20 21:00:00,480.13583
2012-06-20 22:00:00,456.2476
2012-06-20 23:00:00,383.76627
2012-06-21 00:00:00,519.6018
2012-06-21 01:00:00,598.2364
2012-06-21 02:00:00,599.0097
2012-06-21 03:00:00,553.7609
2012-06-21 04:00:00,662.9878
2012-06-21 05:00:00,662.6012
2012-06-21 06:00:00,662.35657
2012-06-21 07:00:00,662.35657
2012-06-21 08:00:00,521.92664
2012-06-21 09:00:00,467.52264
2012-06-21 10:00:00,460.97873
2012-06-21 11:00:00,558.132
2012-06-21 12:00:00,913.0619
2012-06-21 13:00:00,708.4028
2012-06-21 14:00:00,669.71185
2012-06-21 15:00:00,1060.6866
2012-06-21 16:00:00,850.08167
2012-06-21 17:00:00,504.8718
2012-06-21 18:00:00,608.685
2012-06-21 19:00:00,668.4541
2012-06-21 20:00:00,582.8633
2012-06-21 21:00:00,497.8842
2012-06-21 22:00:00,412.6675
2012-06-21 23:00:00,386.5447
2012-06-22 00:00:00,502.95267
2012-06-22 01:00:00,538.9491
2012-06-22 02:00:00,597.209
2012-06-22 03:00:00,597.209
2012-06-22 04:00:00,467.29593
2012-06-22 05:00:00,480.60248
2012-06-22 06:00:00,482.9273
2012-06-22 07:00:00,426.08817
2012-06-22 08:00:00,424.9052
2012-06-22 09:00:00,461.5894
2012-06-22 10:00:00,616.65094
2012-06-22 11:00:00,487.55154
2012-06-22 12:00:00,483.2603
2012-06-22 13:00:00,668.4541
2012-06-22 14:00:00,668.4541
2012-06-22 15:00:00,1086.2834
2012-06-22 16:00:00,1164.9279
2012-06-22 17:00:00,582.2571
2012-06-22 18:00:00,457.69827
2012-06-22 19:00:00,695.6699
2012-06-22 20:00:00,695.6699
2012-06-22 21:00:00,490.0742
2012-06-22 22:00:00,533.5786
2012-06-22 23:00:00,588.9776
2012-06-23 00:00:00,670.4984
2012-06-23 01:00:00,603.4222
2012-06-23 02:00:00,664.8333
2012-06-23 03:00:00,667.5423
2012-06-23 04:00:00,665.6067
2012-06-23 05:00:00,664.8333
2012-06-23 06:00:00,668.17346
2012-06-23 07:00:00,666.2379
2012-06-23 08:00:00,499.13766
2012-06-23 09:00:00,412.62576
2012-06-23 10:00:00,417.9728
2012-06-23 11:00:00,499.89288
2012-06-23 12:00:00,524.39124
2012-06-23 13:00:00,673.84625
2012-06-23 14:00:00,668.0077
2012-06-23 15:00:00,1091.553
2012-06-23 16:00:00,1286.4452
2012-06-23 17:00:00,1217.1355
2012-06-23 18:00:00,1266.0027
2012-06-23 19:00:00,1033.201
2012-06-23 20:00:00,725.7092
2012-06-23 21:00:00,543.15125
2012-06-23 22:00:00,466.31064
2012-06-23 23:00:00,326.7844
2012-06-24 00:00:00,327.77835
2012-06-24 01:00:00,358.11057
2012-06-24 02:00:00,331.65924
2012-06-24 03:00:00,468.20822
2012-06-24 04:00:00,470.53308
2012-06-24 05:00:00,504.0259
2012-06-24 06:00:00,471.41595
2012-06-24 07:00:00,511.33313
2012-06-24 08:00:00,394.9227
2012-06-24 09:00:00,323.19315
2012-06-24 10:00:00,374.56412
2012-06-24 11:00:00,474.69992
2012-06-24 12:00:00,684.60297
2012-06-24 13:00:00,748.19135
2012-06-24 14:00:00,1058.9386
2012-06-24 15:00:00,1161.6007
2012-06-24 16:00:00,1010.07153
2012-06-24 17:00:00,883.254
2012-06-24 18:00:00,736.8264
2012-06-24 19:00:00,664.9126
2012-06-24 20:00:00,546.6733
2012-06-24 21:00:00,452.3381
2012-06-24 22:00:00,367.02362
2012-06-24 23:00:00,383.11374
2012-06-25 00:00:00,450.38715
2012-06-25 01:00:00,488.37357
2012-06-25 02:00:00,536.33374
2012-06-25 03:00:00,530.4806
2012-06-25 04:00:00,632.44025
2012-06-25 05:00:00,585.3483
2012-06-25 06:00:00,639.34784
2012-06-25 07:00:00,583.7993
2012-06-25 08:00:00,536.61487
2012-06-25 09:00:00,489.14932
2012-06-25 10:00:00,442.00717
2012-06-25 11:00:00,662.4851
2012-06-25 12:00:00,591.1814
2012-06-25 13:00:00,530.7439
2012-06-25 14:00:00,592.1288
2012-06-25 15:00:00,819.9237
2012-06-25 16:00:00,1009.8557
2012-06-25 17:00:00,1510.056
2012-06-25 18:00:00,1224.1066
2012-06-25 19:00:00,1186.5446
2012-06-25 20:00:00,958.43054
2012-06-25 21:00:00,727.3032
2012-06-25 22:00:00,833.7363
2012-06-25 23:00:00,602.1061
2012-06-26 00:00:00,576.0724
2012-06-26 01:00:00,583.3774
2012-06-26 02:00:00,457.99496
2012-06-26 03:00:00,432.9662
2012-06-26 04:00:00,444.15347
2012-06-26 05:00:00,481.13406
2012-06-26 06:00:00,413.7623
2012-06-26 07:00:00,442.51047
2012-06-26 08:00:00,459.63477
2012-06-26 09:00:00,557.0341
2012-06-26 10:00:00,535.7404
2012-06-26 11:00:00,652.0715
2012-06-26 12:00:00,721.7219
2012-06-26 13:00:00,921.674
2012-06-26 14:00:00,921.674
2012-06-26 15:00:00,1100.8824
2012-06-26 16:00:00,1230.6744
2012-06-26 17:00:00,1053.4747
2012-06-26 18:00:00,990.4944
2012-06-26 19:00:00,848.81555
2012-06-26 20:00:00,732.7335
2012-06-26 21:00:00,522.9024
2012-06-26 22:00:00,556.27783
2012-06-26 23:00:00,368.4328
2012-06-27 00:00:00,413.257
2012-06-27 01:00:00,355.78397
2012-06-27 02:00:00,380.14926
2012-06-27 03:00:00,347.9477
2012-06-27 04:00:00,438.4313
2012-06-27 05:00:00,445.1199
2012-06-27 06:00:00,456.29108
2012-06-27 07:00:00,500.7427
2012-06-27 08:00:00,503.11765
2012-06-27 09:00:00,584.9292
2012-06-27 10:00:00,573.6674
2012-06-27 11:00:00,852.311
2012-06-27 12:00:00,936.75287
2012-06-27 13:00:00,1201.2766
2012-06-27 14:00:00,1396.0691
2012-06-27 15:00:00,1412.9886
2012-06-27 16:00:00,1547.618
2012-06-27 17:00:00,1482.4982
2012-06-27 18:00:00,1201.2766
2012-06-27 19:00:00,1020.77106
2012-06-27 20:00:00,699.9246
2012-06-27 21:00:00,533.0454
2012-06-27 22:00:00,448.0393
2012-06-27 23:00:00,400.13242
2012-06-28 00:00:00,365.74777
2012-06-28 01:00:00,397.76813
2012-06-28 02:00:00,357.3093
2012-06-28 03:00:00,357.3093
2012-06-28 04:00:00,460.17905
2012-06-28 05:00:00,411.15152
2012-06-28 06:00:00,411.15152
2012-06-28 07:00:00,460.17905
2012-06-28 08:00:00,382.62485
2012-06-28 09:00:00,412.82333
2012-06-28 10:00:00,492.98245
2012-06-28 11:00:00,805.0911
2012-06-28 12:00:00,1291.6669
2012-06-28 13:00:00,1313.5144
2012-06-28 14:00:00,1459.5685
2012-06-28 15:00:00,1459.5685
2012-06-28 16:00:00,1497.0017
2012-06-28 17:00:00,1562.2216
2012-06-28 18:00:00,1345.5818
2012-06-28 19:00:00,1083.7928
2012-06-28 20:00:00,700.53674
2012-06-28 21:00:00,459.60922
2012-06-28 22:00:00,453.23325
2012-06-28 23:00:00,448.1583
2012-06-29 00:00:00,448.1583
2012-06-29 01:00:00,454.60934
2012-06-29 02:00:00,432.64487
2012-06-29 03:00:00,432.64487
2012-06-29 04:00:00,489.92258
2012-06-29 05:00:00,453.10345
2012-06-29 06:00:00,450.92322
2012-06-29 07:00:00,453.10345
2012-06-29 08:00:00,386.75797
2012-06-29 09:00:00,442.00717
2012-06-29 10:00:00,802.76434
2012-06-29 11:00:00,682.45306
2012-06-29 12:00:00,808.2863
2012-06-29 13:00:00,893.8334
2012-06-29 14:00:00,1137.289
2012-06-29 15:00:00,901.08704
2012-06-29 16:00:00,901.08704
2012-06-29 17:00:00,1284.8081
2012-06-29 18:00:00,1119.2183
2012-06-29 19:00:00,556.1473
2012-06-29 20:00:00,716.43335
2012-06-29 21:00:00,490.598
2012-06-29 22:00:00,400.28983
2012-06-29 23:00:00,400.28983
2012-06-30 00:00:00,722.52765
2012-06-30 01:00:00,720.9786
2012-06-30 02:00:00,727.4195
2012-06-30 03:00:00,727.4195
2012-06-30 04:00:00,791.011
2012-06-30 05:00:00,723.7901
2012-06-30 06:00:00,723.7901
2012-06-30 07:00:00,723.7901
2012-06-30 08:00:00,723.7901
2012-06-30 09:00:00,723.7901
2012-06-30 10:00:00,1150.6339
2012-06-30 11:00:00,1150.6339
2012-06-30 12:00:00,1150.6339
2012-06-30 13:00:00,1150.6339
2012-06-30 14:00:00,1150.6339
2012-06-30 15:00:00,1150.6339
2012-06-30 16:00:00,1172.0432
2012-06-30 17:00:00,895.0947
2012-06-30 18:00:00,596.38635
2012-06-30 19:00:00,600.7503
2012-06-30 20:00:00,445.78885
2012-06-30 21:00:00,445.78885
2012-06-30 22:00:00,391.05164
2012-06-30 23:00:00,390.60593
2012-07-20 00:00:00,752.06744
2012-07-20 01:00:00,752.17
2012-07-20 02:00:00,752.69867
2012-07-20 03:00:00,752.312
2012-07-20 04:00:00,750.763
2012-07-20 05:00:00,751.5388
2012-07-20 06:00:00,750.763
2012-07-20 07:00:00,749.98987
2012-07-20 08:00:00,666.46014
2012-07-20 09:00:00,613.2365
2012-07-20 10:00:00,612.46075
2012-07-20 11:00:00,547.4647
2012-07-20 12:00:00,665.8289
2012-07-20 13:00:00,667.378
2012-07-20 14:00:00,659.78973
2012-07-20 15:00:00,656.93634
2012-07-20 16:00:00,662.19965
2012-07-20 17:00:00,744.1802
2012-07-20 18:00:00,629.8708
2012-07-20 19:00:00,694.62476
2012-07-20 20:00:00,691.2821
2012-07-20 21:00:00,686.2971
2012-07-20 22:00:00,690.41565
2012-07-20 23:00:00,688.0909
2012-07-21 00:00:00,655.3434
2012-07-21 01:00:00,656.7505
2012-07-21 02:00:00,718.9349
2012-07-21 03:00:00,719.71075
2012-07-21 04:00:00,712.40106
2012-07-21 05:00:00,713.1769
2012-07-21 06:00:00,713.1769
2012-07-21 07:00:00,713.80817
2012-07-21 08:00:00,665.84784
2012-07-21 09:00:00,667.3969
2012-07-21 10:00:00,713.1769
2012-07-21 11:00:00,661.3358
2012-07-21 12:00:00,661.4778
2012-07-21 13:00:00,663.0268
2012-07-21 14:00:00,720.34204
2012-07-21 15:00:00,719.71075
2012-07-21 16:00:00,721.2598
2012-07-21 17:00:00,722.03296
2012-07-21 18:00:00,721.891
2012-07-21 19:00:00,722.66425
2012-07-21 20:00:00,722.03296
2012-07-21 21:00:00,722.66425
2012-07-21 22:00:00,724.2133
2012-07-21 23:00:00,726.92487
2012-07-22 00:00:00,724.2133
2012-07-22 01:00:00,722.66425
2012-07-22 02:00:00,724.2133
2012-07-22 03:00:00,724.2133
2012-07-22 04:00:00,727.556
2012-07-22 05:00:00,727.556
2012-07-22 06:00:00,661.0084
2012-07-22 07:00:00,663.33325
2012-07-22 08:00:00,610.86096
2012-07-22 09:00:00,508.90128
2012-07-22 10:00:00,556.8614
2012-07-22 11:00:00,556.8614
2012-07-22 12:00:00,506.68442
2012-07-22 13:00:00,459.11087
2012-07-22 14:00:00,453.3162
2012-07-22 15:00:00,453.3162
2012-07-22 16:00:00,448.731
2012-07-22 17:00:00,445.63284
2012-07-22 18:00:00,447.18192
2012-07-22 19:00:00,490.13528
2012-07-22 20:00:00,533.01556
2012-07-22 21:00:00,582.52484
2012-07-22 22:00:00,532.2423
2012-07-22 23:00:00,596.60706
2012-07-23 00:00:00,753.3299
2012-07-23 01:00:00,750.6211
2012-07-23 02:00:00,800.65875
2012-07-23 03:00:00,800.65875
2012-07-23 04:00:00,799.49915
2012-07-23 05:00:00,799.49915
2012-07-23 06:00:00,725.9481
2012-07-23 07:00:00,661.828
2012-07-23 08:00:00,599.0097
2012-07-23 09:00:00,545.1328
2012-07-23 10:00:00,424.41568
2012-07-23 11:00:00,461.72867
2012-07-23 12:00:00,461.72867
2012-07-23 13:00:00,416.90457
2012-07-23 14:00:00,416.27432
2012-07-23 15:00:00,467.52264
2012-07-23 16:00:00,453.06012
2012-07-23 17:00:00,453.06012
2012-07-23 18:00:00,472.85684
2012-07-23 19:00:00,538.73425
2012-07-23 20:00:00,436.41782
2012-07-23 21:00:00,437.15912
2012-07-23 22:00:00,451.27585
2012-07-23 23:00:00,483.88333
2012-07-24 00:00:00,565.90753
2012-07-24 01:00:00,628.72327
2012-07-24 02:00:00,682.72284
2012-07-24 03:00:00,682.72284
2012-07-24 04:00:00,684.6584
2012-07-24 05:00:00,684.27185
2012-07-24 06:00:00,683.4986
2012-07-24 07:00:00,565.13184
2012-07-24 08:00:00,516.89294
2012-07-24 09:00:00,367.54813
2012-07-24 10:00:00,544.6075
2012-07-24 11:00:00,587.01904
2012-07-24 12:00:00,478.7717
2012-07-24 13:00:00,564.7251
2012-07-24 14:00:00,509.10236
2012-07-24 15:00:00,591.5325
2012-07-24 16:00:00,545.98364
2012-07-24 17:00:00,594.4316
2012-07-24 18:00:00,513.57385
2012-07-24 19:00:00,436.41782
2012-07-24 20:00:00,479.29807
2012-07-24 21:00:00,477.74902
2012-07-24 22:00:00,476.9758
2012-07-24 23:00:00,530.2267
2012-07-25 00:00:00,493.41406
2012-07-25 01:00:00,422.38254
2012-07-25 02:00:00,454.51752
2012-07-25 03:00:00,497.4709
2012-07-25 04:00:00,501.98306
2012-07-25 05:00:00,503.53217
2012-07-25 06:00:00,502.7589
2012-07-25 07:00:00,515.57404
2012-07-25 08:00:00,540.5629
2012-07-25 09:00:00,628.8391
2012-07-25 10:00:00,416.23016
2012-07-25 11:00:00,453.71445
2012-07-25 12:00:00,453.71445
2012-07-25 13:00:00,720.9624
2012-07-25 14:00:00,868.69763
2012-07-25 15:00:00,642.2634
2012-07-25 16:00:00,900.2405
2012-07-25 17:00:00,600.4319
2012-07-25 18:00:00,995.2845
2012-07-25 19:00:00,567.43744
2012-07-25 20:00:00,523.0546
2012-07-25 21:00:00,449.8622
2012-07-25 22:00:00,423.5541
2012-07-25 23:00:00,473.15735
2012-07-26 00:00:00,498.2467
2012-07-26 01:00:00,497.4709
2012-07-26 02:00:00,535.06586
2012-07-26 03:00:00,535.83905
2012-07-26 04:00:00,584.57513
2012-07-26 05:00:00,584.57513
2012-07-26 06:00:00,632.44025
2012-07-26 07:00:00,562.8095
2012-07-26 08:00:00,562.1782
2012-07-26 09:00:00,522.39606
2012-07-26 10:00:00,516.1171
2012-07-26 11:00:00,432.23917
2012-07-26 12:00:00,514.9273
2012-07-26 13:00:00,578.30426
2012-07-26 14:00:00,606.7001
2012-07-26 15:00:00,763.6948
2012-07-26 16:00:00,1098.5979
2012-07-26 17:00:00,771.8125
2012-07-26 18:00:00,920.62744
2012-07-26 19:00:00,696.0254
2012-07-26 20:00:00,570.8741
2012-07-26 21:00:00,842.10693
2012-07-26 22:00:00,842.10693
2012-07-26 23:00:00,523.0273
2012-07-27 00:00:00,526.512
2012-07-27 01:00:00,523.80054
2012-07-27 02:00:00,613.86786
2012-07-27 03:00:00,565.1318
2012-07-27 04:00:00,617.3524
2012-07-27 05:00:00,665.31274
2012-07-27 06:00:00,617.3524
2012-07-27 07:00:00,521.4782
2012-07-27 08:00:00,465.6024
2012-07-27 09:00:00,580.4227
2012-07-27 10:00:00,403.5897
2012-07-27 11:00:00,653.6717
2012-07-27 12:00:00,652.83527
2012-07-27 13:00:00,615.7358
2012-07-27 14:00:00,636.73267
2012-07-27 15:00:00,634.0038
2012-07-27 16:00:00,570.9076
2012-07-27 17:00:00,684.5567
2012-07-27 18:00:00,517.36993
2012-07-27 19:00:00,497.8842
2012-07-27 20:00:00,393.55936
2012-07-27 21:00:00,393.55936
2012-07-27 22:00:00,410.3485
2012-07-27 23:00:00,467.92722
2012-07-28 00:00:00,420.70868
2012-07-28 01:00:00,492.07095
2012-07-28 02:00:00,494.39584
2012-07-28 03:00:00,494.39584
2012-07-28 04:00:00,580.2025
2012-07-28 05:00:00,596.60706
2012-07-28 06:00:00,507.31564
2012-07-28 07:00:00,490.91107
2012-07-28 08:00:00,447.18192
2012-07-28 09:00:00,362.72922
2012-07-28 10:00:00,490.45422
2012-07-28 11:00:00,627.4085
2012-07-28 12:00:00,601.3379
2012-07-28 13:00:00,660.27045
2012-07-28 14:00:00,662.6837
2012-07-28 15:00:00,1052.8091
2012-07-28 16:00:00,636.12195
2012-07-28 17:00:00,509.73898
2012-07-28 18:00:00,617.4989
2012-07-28 19:00:00,639.23584
2012-07-28 20:00:00,649.0576
2012-07-28 21:00:00,604.582
2012-07-28 22:00:00,604.582
2012-07-28 23:00:00,652.5423
2012-07-29 00:00:00,720.05396
2012-07-29 01:00:00,652.1556
2012-07-29 02:00:00,554.00793
2012-07-29 03:00:00,503.72296
2012-07-29 04:00:00,509.01083
2012-07-29 05:00:00,599.9245
2012-07-29 06:00:00,548.1522
2012-07-29 07:00:00,502.94974
2012-07-29 08:00:00,456.25745
2012-07-29 09:00:00,419.645
2012-07-29 10:00:00,424.1934
2012-07-29 11:00:00,452.3381
2012-07-29 12:00:00,530.7991
2012-07-29 13:00:00,502.27
2012-07-29 14:00:00,505.94955
2012-07-29 15:00:00,477.04172
2012-07-29 16:00:00,477.04172
2012-07-29 17:00:00,533.60736
2012-07-29 18:00:00,638.9506
2012-07-29 19:00:00,411.33353
2012-07-29 20:00:00,448.731
2012-07-29 21:00:00,490.91107
2012-07-29 22:00:00,507.31564
2012-07-29 23:00:00,510.0271
2012-07-30 00:00:00,567.0674
2012-07-30 01:00:00,569.3923
2012-07-30 02:00:00,585.0236
2012-07-30 03:00:00,686.9833
2012-07-30 04:00:00,686.9833
2012-07-30 05:00:00,684.27185
2012-07-30 06:00:00,682.72284
2012-07-30 07:00:00,615.0275
2012-07-30 08:00:00,550.4183
2012-07-30 09:00:00,521.2955
2012-07-30 10:00:00,477.11777
2012-07-30 11:00:00,415.48245
2012-07-30 12:00:00,398.96744
2012-07-30 13:00:00,487.55154
2012-07-30 14:00:00,532.1203
2012-07-30 15:00:00,554.3396
2012-07-30 16:00:00,576.63336
2012-07-30 17:00:00,560.5198
2012-07-30 18:00:00,601.3821
2012-07-30 19:00:00,475.5097
2012-07-30 20:00:00,520.70245
2012-07-30 21:00:00,521.4782
2012-07-30 22:00:00,562.9515
2012-07-30 23:00:00,564.3585
2012-07-31 00:00:00,629.4991
2012-07-31 01:00:00,683.4986
2012-07-31 02:00:00,683.49866
2012-07-31 03:00:00,684.65845
2012-07-31 04:00:00,684.6584
2012-07-31 05:00:00,682.72284
2012-07-31 06:00:00,755.9064
2012-07-31 07:00:00,665.54236
2012-07-31 08:00:00,613.8678
2012-07-31 09:00:00,523.80054
2012-07-31 10:00:00,488.14383
2012-07-31 11:00:00,402.31012
2012-07-31 12:00:00,390.60275
2012-07-31 13:00:00,534.7964
2012-07-31 14:00:00,534.7964
2012-07-31 15:00:00,437.19363
2012-07-31 16:00:00,461.5894
2012-07-31 17:00:00,512.4203
2012-07-31 18:00:00,526.88293
2012-07-31 19:00:00,511.62134
2012-07-31 20:00:00,535.84705
2012-07-31 21:00:00,627.95
2012-07-31 22:00:00,578.4408
2012-07-31 23:00:00,682.0917
2012-08-20 00:00:00,697.32324
2012-08-20 01:00:00,696.4054
2012-08-20 02:00:00,696.4054
2012-08-20 03:00:00,756.9607
2012-08-20 04:00:00,697.70984
2012-08-20 05:00:00,700.03467
2012-08-20 06:00:00,637.4706
2012-08-20 07:00:00,632.9585
2012-08-20 08:00:00,585.7714
2012-08-20 09:00:00,545.52954
2012-08-20 10:00:00,543.2047
2012-08-20 11:00:00,500.56912
2012-08-20 12:00:00,461.5696
2012-08-20 13:00:00,423.5541
2012-08-20 14:00:00,423.08575
2012-08-20 15:00:00,481.10846
2012-08-20 16:00:00,481.10846
2012-08-20 17:00:00,473.141
2012-08-20 18:00:00,629.86035
2012-08-20 19:00:00,631.4094
2012-08-20 20:00:00,688.0909
2012-08-20 21:00:00,700.6658
2012-08-20 22:00:00,700.03467
2012-08-20 23:00:00,700.03467
2012-08-21 00:00:00,697.70984
2012-08-21 01:00:00,696.5499
2012-08-21 02:00:00,745.14844
2012-08-21 03:00:00,757.7235
2012-08-21 04:00:00,757.7235
2012-08-21 05:00:00,707.4386
2012-08-21 06:00:00,707.0519
2012-08-21 07:00:00,638.875
2012-08-21 08:00:00,638.10175
2012-08-21 09:00:00,546.16077
2012-08-21 10:00:00,462.20084
2012-08-21 11:00:00,388.67062
2012-08-21 12:00:00,355.487
2012-08-21 13:00:00,400.39185
2012-08-21 14:00:00,497.19467
2012-08-21 15:00:00,430.38776
2012-08-21 16:00:00,430.38776
2012-08-21 17:00:00,544.2576
2012-08-21 18:00:00,458.73404
2012-08-21 19:00:00,585.14026
2012-08-21 20:00:00,584.52893
2012-08-21 21:00:00,584.52893
2012-08-21 22:00:00,643.60834
2012-08-21 23:00:00,696.0806
2012-08-22 00:00:00,693.36914
2012-08-22 01:00:00,637.07434
2012-08-22 02:00:00,637.07434
2012-08-22 03:00:00,637.07434
2012-08-22 04:00:00,702.4666
2012-08-22 05:00:00,641.58655
2012-08-22 06:00:00,589.11414
2012-08-22 07:00:00,637.07434
2012-08-22 08:00:00,582.2041
2012-08-22 09:00:00,498.69522
2012-08-22 10:00:00,453.49002
2012-08-22 11:00:00,420.1287
2012-08-22 12:00:00,361.8432
2012-08-22 13:00:00,440.14682
2012-08-22 14:00:00,456.1453
2012-08-22 15:00:00,462.52136
2012-08-22 16:00:00,448.11563
2012-08-22 17:00:00,448.11563
2012-08-22 18:00:00,457.8403
2012-08-22 19:00:00,588.9776
2012-08-22 20:00:00,579.49524
2012-08-22 21:00:00,584.52893
2012-08-22 22:00:00,584.52893
2012-08-22 23:00:00,702.6145
2012-08-23 00:00:00,643.60834
2012-08-23 01:00:00,696.0806
2012-08-23 02:00:00,696.0807
2012-08-23 03:00:00,693.7558
2012-08-23 04:00:00,696.0806
2012-08-23 05:00:00,696.0806
2012-08-23 06:00:00,756.71606
2012-08-23 07:00:00,693.1245
2012-08-23 08:00:00,586.6528
2012-08-23 09:00:00,541.512
2012-08-23 10:00:00,415.61658
2012-08-23 11:00:00,428.95956
2012-08-23 12:00:00,439.4122
2012-08-23 13:00:00,529.3431
2012-08-23 14:00:00,554.3042
2012-08-23 15:00:00,487.48157
2012-08-23 16:00:00,484.97095
2012-08-23 17:00:00,545.3483
2012-08-23 18:00:00,515.43207
2012-08-23 19:00:00,386.3249
2012-08-23 20:00:00,453.10345
2012-08-23 21:00:00,452.33023
2012-08-23 22:00:00,456.98438
2012-08-23 23:00:00,541.0174
2012-08-24 00:00:00,541.0174
2012-08-24 01:00:00,583.8977
2012-08-24 02:00:00,541.6486
2012-08-24 03:00:00,584.52893
2012-08-24 04:00:00,583.8977
2012-08-24 05:00:00,643.60834
2012-08-24 06:00:00,695.44946
2012-08-24 07:00:00,642.9771
2012-08-24 08:00:00,588.9776
2012-08-24 09:00:00,421.8223
2012-08-24 10:00:00,359.45218
2012-08-24 11:00:00,430.32254
2012-08-24 12:00:00,435.13376
2012-08-24 13:00:00,495.7233
2012-08-24 14:00:00,480.88324
2012-08-24 15:00:00,452.69705
2012-08-24 16:00:00,452.69705
2012-08-24 17:00:00,489.60916
2012-08-24 18:00:00,444.1107
2012-08-24 19:00:00,417.5618
2012-08-24 20:00:00,487.74228
2012-08-24 21:00:00,450.92322
2012-08-24 22:00:00,455.1837
2012-08-24 23:00:00,534.10724
2012-08-25 00:00:00,423.06757
2012-08-25 01:00:00,504.31595
2012-08-25 02:00:00,554.53656
2012-08-25 03:00:00,507.2076
2012-08-25 04:00:00,506.1898
2012-08-25 05:00:00,547.521
2012-08-25 06:00:00,606.60046
2012-08-25 07:00:00,605.8272
2012-08-25 08:00:00,550.2787
2012-08-25 09:00:00,496.95743
2012-08-25 10:00:00,453.69055
2012-08-25 11:00:00,425.57077
2012-08-25 12:00:00,532.64984
2012-08-25 13:00:00,535.81323
2012-08-25 14:00:00,463.31906
2012-08-25 15:00:00,543.2605
2012-08-25 16:00:00,549.1163
2012-08-25 17:00:00,548.3404
2012-08-25 18:00:00,496.89554
2012-08-25 19:00:00,603.1158
2012-08-25 20:00:00,656.11926
2012-08-25 21:00:00,654.6703
2012-08-25 22:00:00,654.6703
2012-08-25 23:00:00,656.7505
2012-08-26 00:00:00,721.4679
2012-08-26 01:00:00,723.0169
2012-08-26 02:00:00,721.60986
2012-08-26 03:00:00,720.8367
2012-08-26 04:00:00,722.3856
2012-08-26 05:00:00,723.0169
2012-08-26 06:00:00,715.2987
2012-08-26 07:00:00,723.0169
2012-08-26 08:00:00,593.50903
2012-08-26 09:00:00,594.2848
2012-08-26 10:00:00,498.72702
2012-08-26 11:00:00,481.7724
2012-08-26 12:00:00,511.08813
2012-08-26 13:00:00,594.8011
2012-08-26 14:00:00,725.3392
2012-08-26 15:00:00,719.4295
2012-08-26 16:00:00,719.4295
2012-08-26 17:00:00,722.24115
2012-08-26 18:00:00,725.09454
2012-08-26 19:00:00,723.1589
2012-08-26 20:00:00,723.7901
2012-08-26 21:00:00,667.01373
2012-08-26 22:00:00,720.719
2012-08-26 23:00:00,661.63965
2012-08-27 00:00:00,696.0806
2012-08-27 01:00:00,752.8353
2012-08-27 02:00:00,751.67535
2012-08-27 03:00:00,752.8352
2012-08-27 04:00:00,696.0806
2012-08-27 05:00:00,755.16003
2012-08-27 06:00:00,755.16003
2012-08-27 07:00:00,686.9833
2012-08-27 08:00:00,684.6584
2012-08-27 09:00:00,684.27185
2012-08-27 10:00:00,550.2763
2012-08-27 11:00:00,478.52478
2012-08-27 12:00:00,440.67825
2012-08-27 13:00:00,429.42935
2012-08-27 14:00:00,431.54013
2012-08-27 15:00:00,545.98364
2012-08-27 16:00:00,512.34674
2012-08-27 17:00:00,558.09357
2012-08-27 18:00:00,534.7949
2012-08-27 19:00:00,516.1171
2012-08-27 20:00:00,516.89294
2012-08-27 21:00:00,548.72723
2012-08-27 22:00:00,660.2789
2012-08-27 23:00:00,661.05225
2012-08-28 00:00:00,658.72986
2012-08-28 01:00:00,723.8704
2012-08-28 02:00:00,664.7691
2012-08-28 03:00:00,752.17
2012-08-28 04:00:00,683.4986
2012-08-28 05:00:00,684.02716
2012-08-28 06:00:00,752.312
2012-08-28 07:00:00,683.6406
2012-08-28 08:00:00,691.77856
2012-08-28 09:00:00,612.4607
2012-08-28 10:00:00,469.45813
2012-08-28 11:00:00,508.39005
2012-08-28 12:00:00,576.63336
2012-08-28 13:00:00,654.40204
2012-08-28 14:00:00,748.7908
2012-08-28 15:00:00,810.77844
2012-08-28 16:00:00,872.7639
2012-08-28 17:00:00,804.21515
2012-08-28 18:00:00,616.6723
2012-08-28 19:00:00,486.60638
2012-08-28 20:00:00,401.08276
2012-08-28 21:00:00,392.14163
2012-08-28 22:00:00,388.67062
2012-08-28 23:00:00,421.9589
2012-08-29 00:00:00,541.6486
2012-08-29 01:00:00,542.6761
2012-08-29 02:00:00,585.6295
2012-08-29 03:00:00,586.4027
2012-08-29 04:00:00,576.7707
2012-08-29 05:00:00,577.5465
2012-08-29 06:00:00,577.5465
2012-08-29 07:00:00,505.46777
2012-08-29 08:00:00,460.65182
2012-08-29 09:00:00,437.98834
2012-08-29 10:00:00,445.9069
2012-08-29 11:00:00,355.487
2012-08-29 12:00:00,404.34854
2012-08-29 13:00:00,379.31982
2012-08-29 14:00:00,471.22128
2012-08-29 15:00:00,549.0633
2012-08-29 16:00:00,533.0085
2012-08-29 17:00:00,643.33044
2012-08-29 18:00:00,502.21436
2012-08-29 19:00:00,429.7004
2012-08-29 20:00:00,421.9589
2012-08-29 21:00:00,395.0566
2012-08-29 22:00:00,397.76813
2012-08-29 23:00:00,426.5442
2012-08-30 00:00:00,546.16077
2012-08-30 01:00:00,507.7926
2012-08-30 02:00:00,589.11414
2012-08-30 03:00:00,589.11414
2012-08-30 04:00:00,589.11414
2012-08-30 05:00:00,589.11414
2012-08-30 06:00:00,696.4054
2012-08-30 07:00:00,584.52893
2012-08-30 08:00:00,503.2805
2012-08-30 09:00:00,427.0388
2012-08-30 10:00:00,384.08542
2012-08-30 11:00:00,471.22128
2012-08-30 12:00:00,478.5198
2012-08-30 13:00:00,440.14682
2012-08-30 14:00:00,462.52136
2012-08-30 15:00:00,513.58044
2012-08-30 16:00:00,529.1858
2012-08-30 17:00:00,732.0796
2012-08-30 18:00:00,550.0168
2012-08-30 19:00:00,462.52136
2012-08-30 20:00:00,426.08817
2012-08-30 21:00:00,484.65918
2012-08-30 22:00:00,542.1433
2012-08-30 23:00:00,566.68085
2012-08-31 00:00:00,667.0915
2012-08-31 01:00:00,667.0915
2012-08-31 02:00:00,752.17004
2012-08-31 03:00:00,752.9433
2012-08-31 04:00:00,756.6822
2012-08-31 05:00:00,755.9064
2012-08-31 06:00:00,755.27515
2012-08-31 07:00:00,757.2107
2012-08-31 08:00:00,568.76105
2012-08-31 09:00:00,521.92664
2012-08-31 10:00:00,438.35342
2012-08-31 11:00:00,1264.4475
2012-08-31 12:00:00,1346.0199
2012-08-31 13:00:00,1416.0964
2012-08-31 14:00:00,1486.144
2012-08-31 15:00:00,1470.4493
2012-08-31 16:00:00,1421.5823
2012-08-31 17:00:00,953.3281
2012-08-31 18:00:00,742.09674
2012-08-31 19:00:00,465.10196
2012-08-31 20:00:00,465.10196
2012-08-31 21:00:00,444.4769
2012-08-31 22:00:00,444.4769
2012-08-31 23:00:00,453.5981
2012-09-20 00:00:00,531.6052
2012-09-20 01:00:00,624.31946
2012-09-20 02:00:00,624.70605
2012-09-20 03:00:00,679.50336
2012-09-20 04:00:00,676.7918
2012-09-20 05:00:00,676.7918
2012-09-20 06:00:00,679.50336
2012-09-20 07:00:00,720.2399
2012-09-20 08:00:00,577.24054
2012-09-20 09:00:00,486.82156
2012-09-20 10:00:00,415.09207
2012-09-20 11:00:00,281.22925
2012-09-20 12:00:00,357.85202
2012-09-20 13:00:00,377.13535
2012-09-20 14:00:00,405.9609
2012-09-20 15:00:00,430.66196
2012-09-20 16:00:00,386.29553
2012-09-20 17:00:00,414.5848
2012-09-20 18:00:00,390.7676
2012-09-20 19:00:00,478.75165
2012-09-20 20:00:00,524.02985
2012-09-20 21:00:00,522.48083
2012-09-20 22:00:00,615.6436
2012-09-20 23:00:00,567.68335
2012-09-21 00:00:00,570.39484
2012-09-21 01:00:00,613.3482
2012-09-21 02:00:00,613.3482
2012-09-21 03:00:00,663.569
2012-09-21 04:00:00,665.89374
2012-09-21 05:00:00,713.854
2012-09-21 06:00:00,663.569
2012-09-21 07:00:00,661.30853
2012-09-21 08:00:00,614.87036
2012-09-21 09:00:00,557.81274
2012-09-21 10:00:00,457.08096
2012-09-21 11:00:00,420.73465
2012-09-21 12:00:00,417.69843
2012-09-21 13:00:00,412.82333
2012-09-21 14:00:00,500.4508
2012-09-21 15:00:00,446.8229
2012-09-21 16:00:00,429.70038
2012-09-21 17:00:00,464.63602
2012-09-21 18:00:00,458.32962
2012-09-21 19:00:00,501.20996
2012-09-21 20:00:00,534.59314
2012-09-21 21:00:00,575.9975
2012-09-21 22:00:00,577.5465
2012-09-21 23:00:00,574.05927
2012-09-22 00:00:00,543.1055
2012-09-22 01:00:00,665.3167
2012-09-22 02:00:00,719.0246
2012-09-22 03:00:00,670.28864
2012-09-22 04:00:00,670.28864
2012-09-22 05:00:00,669.12616
2012-09-22 06:00:00,669.902
2012-09-22 07:00:00,618.5189
2012-09-22 08:00:00,542.71893
2012-09-22 09:00:00,507.46182
2012-09-22 10:00:00,462.64325
2012-09-22 11:00:00,442.4672
2012-09-22 12:00:00,485.0247
2012-09-22 13:00:00,570.19727
2012-09-22 14:00:00,544.40594
2012-09-22 15:00:00,608.09644
2012-09-22 16:00:00,547.97797
2012-09-22 17:00:00,547.97797
2012-09-22 18:00:00,473.83737
2012-09-22 19:00:00,391.64038
2012-09-22 20:00:00,437.09317
2012-09-22 21:00:00,387.62698
2012-09-22 22:00:00,376.32642
2012-09-22 23:00:00,347.58273
2012-09-23 00:00:00,461.83392
2012-09-23 01:00:00,438.56644
2012-09-23 02:00:00,372.2669
2012-09-23 03:00:00,429.31277
2012-09-23 04:00:00,435.8336
2012-09-23 05:00:00,473.42853
2012-09-23 06:00:00,506.71683
2012-09-23 07:00:00,474.20175
2012-09-23 08:00:00,427.76364
2012-09-23 09:00:00,398.822
2012-09-23 10:00:00,397.4353
2012-09-23 11:00:00,406.46555
2012-09-23 12:00:00,317.49832
2012-09-23 13:00:00,368.86136
2012-09-23 14:00:00,391.08063
2012-09-23 15:00:00,453.60226
2012-09-23 16:00:00,543.0905
2012-09-23 17:00:00,500.45227
2012-09-23 18:00:00,395.27386
2012-09-23 19:00:00,332.55585
2012-09-23 20:00:00,332.55585
2012-09-23 21:00:00,357.4735
2012-09-23 22:00:00,360.81625
2012-09-23 23:00:00,467.5712
2012-09-24 00:00:00,545.4619
2012-09-24 01:00:00,585.37915
2012-09-24 02:00:00,546.3797
2012-09-24 03:00:00,546.23517
2012-09-24 04:00:00,590.6644
2012-09-24 05:00:00,550.49567
2012-09-24 06:00:00,512.1275
2012-09-24 07:00:00,585.37915
2012-09-24 08:00:00,459.6282
2012-09-24 09:00:00,426.26685
2012-09-24 10:00:00,394.56485
2012-09-24 11:00:00,439.35776
2012-09-24 12:00:00,527.6787
2012-09-24 13:00:00,587.285
2012-09-24 14:00:00,432.73914
2012-09-24 15:00:00,312.69418
2012-09-24 16:00:00,547.0163
2012-09-24 17:00:00,345.2796
2012-09-24 18:00:00,402.62015
2012-09-24 19:00:00,355.21027
2012-09-24 20:00:00,428.5891
2012-09-24 21:00:00,422.8091
2012-09-24 22:00:00,420.48425
2012-09-24 23:00:00,547.01105
2012-09-25 00:00:00,584.60333
2012-09-25 01:00:00,637.8515
2012-09-25 02:00:00,690.39685
2012-09-25 03:00:00,634.00446
2012-09-25 04:00:00,632.84467
2012-09-25 05:00:00,691.55664
2012-09-25 06:00:00,683.48676
2012-09-25 07:00:00,684.2627
2012-09-25 08:00:00,579.2449
2012-09-25 09:00:00,458.50067
2012-09-25 10:00:00,441.646
2012-09-25 11:00:00,456.9924
2012-09-25 12:00:00,486.32352
2012-09-25 13:00:00,467.4246
2012-09-25 14:00:00,592.83484
2012-09-25 15:00:00,618.6566
2012-09-25 16:00:00,567.516
2012-09-25 17:00:00,556.3192
2012-09-25 18:00:00,476.8082
2012-09-25 19:00:00,426.72507
2012-09-25 20:00:00,419.7925
2012-09-25 21:00:00,419.7925
2012-09-25 22:00:00,411.35394
2012-09-25 23:00:00,436.72614
2012-09-26 00:00:00,524.9772
2012-09-26 01:00:00,524.2013
2012-09-26 02:00:00,524.73254
2012-09-26 03:00:00,524.73254
2012-09-26 04:00:00,617.0532
2012-09-26 05:00:00,617.8264
2012-09-26 06:00:00,623.1143
2012-09-26 07:00:00,663.03156
2012-09-26 08:00:00,615.8908
2012-09-26 09:00:00,489.892
2012-09-26 10:00:00,585.0148
2012-09-26 11:00:00,461.58868
2012-09-26 12:00:00,464.31058
2012-09-26 13:00:00,451.67978
2012-09-26 14:00:00,576.6393
2012-09-26 15:00:00,587.7489
2012-09-26 16:00:00,592.24457
2012-09-26 17:00:00,587.7489
2012-09-26 18:00:00,532.0714
2012-09-26 19:00:00,425.18686
2012-09-26 20:00:00,546.40796
2012-09-26 21:00:00,508.03983
2012-09-26 22:00:00,543.1236
2012-09-26 23:00:00,644.1656
2012-09-27 00:00:00,649.0547
2012-09-27 01:00:00,649.0547
2012-09-27 02:00:00,649.0547
2012-09-27 03:00:00,651.37964
2012-09-27 04:00:00,821.58417
2012-09-27 05:00:00,714.9712
2012-09-27 06:00:00,765.19183
2012-09-27 07:00:00,651.37964
2012-09-27 08:00:00,566.2791
2012-09-27 09:00:00,513.07355
2012-09-27 10:00:00,512.0772
2012-09-27 11:00:00,436.72357
2012-09-27 12:00:00,454.97345
2012-09-27 13:00:00,361.49545
2012-09-27 14:00:00,451.77322
2012-09-27 15:00:00,384.49948
2012-09-27 16:00:00,522.6788
2012-09-27 17:00:00,543.0653
2012-09-27 18:00:00,545.001
2012-09-27 19:00:00,509.5889
2012-09-27 20:00:00,549.513
2012-09-27 21:00:00,696.866
2012-09-27 22:00:00,696.866
2012-09-27 23:00:00,700.35077
2012-09-28 00:00:00,763.94226
2012-09-28 01:00:00,768.20276
2012-09-28 02:00:00,760.4575
2012-09-28 03:00:00,706.343
2012-09-28 04:00:00,763.54266
2012-09-28 05:00:00,767.5166
2012-09-28 06:00:00,822.11285
2012-09-28 07:00:00,824.4377
2012-09-28 08:00:00,708.1342
2012-09-28 09:00:00,702.53094
2012-09-28 10:00:00,649.2855
2012-09-28 11:00:00,550.8104
2012-09-28 12:00:00,473.62906
2012-09-28 13:00:00,489.6276
2012-09-28 14:00:00,473.62906
2012-09-28 15:00:00,481.71555
2012-09-28 16:00:00,443.92825
2012-09-28 17:00:00,478.60825
2012-09-28 18:00:00,419.22726
2012-09-28 19:00:00,407.0765
2012-09-28 20:00:00,372.8443
2012-09-28 21:00:00,372.07108
2012-09-28 22:00:00,420.76923
2012-09-28 23:00:00,454.90634
2012-09-29 00:00:00,465.52585
2012-09-29 01:00:00,465.52585
2012-09-29 02:00:00,426.52652
2012-09-29 03:00:00,460.6637
2012-09-29 04:00:00,459.74594
2012-09-29 05:00:00,504.24838
2012-09-29 06:00:00,502.69937
2012-09-29 07:00:00,544.8037
2012-09-29 08:00:00,549.8837
2012-09-29 09:00:00,504.24838
2012-09-29 10:00:00,426.38452
2012-09-29 11:00:00,402.46536
2012-09-29 12:00:00,477.98636
2012-09-29 13:00:00,477.98636
2012-09-29 14:00:00,425.19025
2012-09-29 15:00:00,409.585
2012-09-29 16:00:00,444.58286
2012-09-29 17:00:00,524.289
2012-09-29 18:00:00,362.69775
2012-09-29 19:00:00,423.70007
2012-09-29 20:00:00,422.92682
2012-09-29 21:00:00,424.47586
2012-09-29 22:00:00,506.5706
2012-09-29 23:00:00,468.58905
2012-09-30 00:00:00,470.91394
2012-09-30 01:00:00,470.91394
2012-09-30 02:00:00,513.7942
2012-09-30 03:00:00,554.42285
2012-09-30 04:00:00,554.42285
2012-09-30 05:00:00,609.22
2012-09-30 06:00:00,606.89514
2012-09-30 07:00:00,657.18024
2012-09-30 08:00:00,549.45087
2012-09-30 09:00:00,501.98538
2012-09-30 10:00:00,356.08304
2012-09-30 11:00:00,387.2587
2012-09-30 12:00:00,477.98636
2012-09-30 13:00:00,444.58286
2012-09-30 14:00:00,444.58286
2012-09-30 15:00:00,505.08206
2012-09-30 16:00:00,479.84793
2012-09-30 17:00:00,512.97437
2012-09-30 18:00:00,462.0701
2012-09-30 19:00:00,590.8633
2012-09-30 20:00:00,590.8633
2012-09-30 21:00:00,557.2423
2012-09-30 22:00:00,600.1226
2012-09-30 23:00:00,597.7977
2012-10-20 00:00:00,697.14355
2012-10-20 01:00:00,601.2232
2012-10-20 02:00:00,654.4687
2012-10-20 03:00:00,658.28076
2012-10-20 04:00:00,609.22
2012-10-20 05:00:00,714.2378
2012-10-20 06:00:00,604.2132
2012-10-20 07:00:00,714.2378
2012-10-20 08:00:00,553.26294
2012-10-20 09:00:00,467.42926
2012-10-20 10:00:00,395.69968
2012-10-20 11:00:00,388.7896
2012-10-20 12:00:00,329.82324
2012-10-20 13:00:00,355.26538
2012-10-20 14:00:00,274.9825
2012-10-20 15:00:00,303.75864
2012-10-20 16:00:00,435.8835
2012-10-20 17:00:00,417.57608
2012-10-20 18:00:00,392.76318
2012-10-20 19:00:00,333.14075
2012-10-20 20:00:00,378.4686
2012-10-20 21:00:00,359.09732
2012-10-20 22:00:00,405.07578
2012-10-20 23:00:00,479.5167
2012-10-21 00:00:00,432.3028
2012-10-21 01:00:00,473.70712
2012-10-21 02:00:00,518.1365
2012-10-21 03:00:00,563.0256
2012-10-21 04:00:00,635.72754
2012-10-21 05:00:00,563.0256
2012-10-21 06:00:00,522.397
2012-10-21 07:00:00,522.397
2012-10-21 08:00:00,565.84503
2012-10-21 09:00:00,437.3827
2012-10-21 10:00:00,387.37665
2012-10-21 11:00:00,444.56006
2012-10-21 12:00:00,485.08917
2012-10-21 13:00:00,454.02164
2012-10-21 14:00:00,419.91196
2012-10-21 15:00:00,525.7711
2012-10-21 16:00:00,417.57608
2012-10-21 17:00:00,415.13773
2012-10-21 18:00:00,370.3136
2012-10-21 19:00:00,322.2935
2012-10-21 20:00:00,326.5117
2012-10-21 21:00:00,436.88806
2012-10-21 22:00:00,441.14856
2012-10-21 23:00:00,436.5633
2012-10-22 00:00:00,554.5131
2012-10-22 01:00:00,640.8416
2012-10-22 02:00:00,645.42676
2012-10-22 03:00:00,554.5131
2012-10-22 04:00:00,597.46655
2012-10-22 05:00:00,691.062
2012-10-22 06:00:00,706.6934
2012-10-22 07:00:00,595.14166
2012-10-22 08:00:00,593.3759
2012-10-22 09:00:00,548.17084
2012-10-22 10:00:00,464.6619
2012-10-22 11:00:00,416.9832
2012-10-22 12:00:00,318.65836
2012-10-22 13:00:00,592.03375
2012-10-22 14:00:00,717.42334
2012-10-22 15:00:00,611.87445
2012-10-22 16:00:00,453.3692
2012-10-22 17:00:00,404.8017
2012-10-22 18:00:00,539.1083
2012-10-22 19:00:00,428.5891
2012-10-22 20:00:00,500.31863
2012-10-22 21:00:00,581.9537
2012-10-22 22:00:00,729.25977
2012-10-22 23:00:00,730.033
2012-10-23 00:00:00,786.03625
2012-10-23 01:00:00,680.52374
2012-10-23 02:00:00,791.32416
2012-10-23 03:00:00,685.81165
2012-10-23 04:00:00,691.1701
2012-10-23 05:00:00,686.97144
2012-10-23 06:00:00,744.0292
2012-10-23 07:00:00,685.9536
2012-10-23 08:00:00,633.868
2012-10-23 09:00:00,624.38385
2012-10-23 10:00:00,503.45154
2012-10-23 11:00:00,378.36728
2012-10-23 12:00:00,327.84094
2012-10-23 13:00:00,304.4756
2012-10-23 14:00:00,471.04703
2012-10-23 15:00:00,515.5602
2012-10-23 16:00:00,399.20862
2012-10-23 17:00:00,347.93335
2012-10-23 18:00:00,382.57635
2012-10-23 19:00:00,420.94458
2012-10-23 20:00:00,529.2377
2012-10-23 21:00:00,575.6757
2012-10-23 22:00:00,572.9643
2012-10-23 23:00:00,625.4367
2012-10-24 00:00:00,625.82324
2012-10-24 01:00:00,580.1879
2012-10-24 02:00:00,580.18787
2012-10-24 03:00:00,673.362
2012-10-24 04:00:00,673.362
2012-10-24 05:00:00,723.64703
2012-10-24 06:00:00,725.44763
2012-10-24 07:00:00,778.87445
2012-10-24 08:00:00,725.3111
2012-10-24 09:00:00,668.1453
2012-10-24 10:00:00,627.51685
2012-10-24 11:00:00,532.7223
2012-10-24 12:00:00,470.3587
2012-10-24 13:00:00,407.56113
2012-10-24 14:00:00,807.68756
2012-10-24 15:00:00,461.5319
2012-10-24 16:00:00,566.5983
2012-10-24 17:00:00,340.4168
2012-10-24 18:00:00,329.90518
2012-10-24 19:00:00,388.4791
2012-10-24 20:00:00,469.7275
2012-10-24 21:00:00,469.34085
2012-10-24 22:00:00,490.80984
2012-10-24 23:00:00,568.1344
2012-10-25 00:00:00,491.58307
2012-10-25 01:00:00,571.09045
2012-10-25 02:00:00,666.5162
2012-10-25 03:00:00,772.4981
2012-10-25 04:00:00,773.2713
2012-10-25 05:00:00,771.7223
2012-10-25 06:00:00,770.949
2012-10-25 07:00:00,770.949
2012-10-25 08:00:00,723.7621
2012-10-25 09:00:00,722.9888
2012-10-25 10:00:00,719.9525
2012-10-25 11:00:00,720.7257
2012-10-25 12:00:00,668.25336
2012-10-25 13:00:00,670.9649
2012-10-25 14:00:00,588.8887
2012-10-25 15:00:00,507.56702
2012-10-25 16:00:00,549.7447
2012-10-25 17:00:00,549.7447
2012-10-25 18:00:00,716.845
2012-10-25 19:00:00,719.0348
2012-10-25 20:00:00,772.4981
2012-10-25 21:00:00,772.4981
2012-10-25 22:00:00,721.1124
2012-10-25 23:00:00,719.9525
2012-10-26 00:00:00,665.885
2012-10-26 01:00:00,773.65784
2012-10-26 02:00:00,773.2713
2012-10-26 03:00:00,771.7223
2012-10-26 04:00:00,771.7223
2012-10-26 05:00:00,773.2713
2012-10-26 06:00:00,773.65784
2012-10-26 07:00:00,773.2713
2012-10-26 08:00:00,767.9127
2012-10-26 09:00:00,767.9127
2012-10-26 10:00:00,768.68604
2012-10-26 11:00:00,666.7044
2012-10-26 12:00:00,613.3857
2012-10-26 13:00:00,566.9746
2012-10-26 14:00:00,490.80984
2012-10-26 15:00:00,469.34085
2012-10-26 16:00:00,614.159
2012-10-26 17:00:00,646.7471
2012-10-26 18:00:00,667.4802
2012-10-26 19:00:00,719.17676
2012-10-26 20:00:00,719.17676
2012-10-26 21:00:00,662.40027
2012-10-26 22:00:00,724.53796
2012-10-26 23:00:00,724.3934
2012-10-27 00:00:00,745.59845
2012-10-27 01:00:00,744.96716
2012-10-27 02:00:00,743.41815
2012-10-27 03:00:00,744.8227
2012-10-27 04:00:00,744.19135
2012-10-27 05:00:00,685.8658
2012-10-27 06:00:00,685.8658
2012-10-27 07:00:00,700.6013
2012-10-27 08:00:00,636.988
2012-10-27 09:00:00,636.988
2012-10-27 10:00:00,588.67334
2012-10-27 11:00:00,497.83292
2012-10-27 12:00:00,369.1665
2012-10-27 13:00:00,409.585
2012-10-27 14:00:00,393.63464
2012-10-27 15:00:00,458.8335
2012-10-27 16:00:00,497.20163
2012-10-27 17:00:00,497.20163
2012-10-27 18:00:00,497.20163
2012-10-27 19:00:00,584.58435
2012-10-27 20:00:00,584.58435
2012-10-27 21:00:00,584.58435
2012-10-27 22:00:00,583.81116
2012-10-27 23:00:00,541.95575
2012-10-28 00:00:00,543.6493
2012-10-28 01:00:00,587.6206
2012-10-28 02:00:00,548.8658
2012-10-28 03:00:00,500.12982
2012-10-28 04:00:00,499.35663
2012-10-28 05:00:00,500.90567
2012-10-28 06:00:00,461.76163
2012-10-28 07:00:00,462.5375
2012-10-28 08:00:00,508.48276
2012-10-28 09:00:00,431.184
2012-10-28 10:00:00,435.94675
2012-10-28 11:00:00,427.93542
2012-10-28 12:00:00,462.01584
2012-10-28 13:00:00,463.9515
2012-10-28 14:00:00,458.6636
2012-10-28 15:00:00,495.87192
2012-10-28 16:00:00,538.8941
2012-10-28 17:00:00,637.8508
2012-10-28 18:00:00,810.7888
2012-10-28 19:00:00,814.27356
2012-10-28 20:00:00,811.562
2012-10-28 21:00:00,750.58685
2012-10-28 22:00:00,752.1359
2012-10-28 23:00:00,814.27356
2012-10-29 00:00:00,784.2521
2012-10-30 13:00:00,793.3158
2012-10-30 14:00:00,793.3158
2012-10-30 15:00:00,842.4603
2012-10-30 16:00:00,842.4603
2012-10-30 17:00:00,843.23346
2012-10-30 18:00:00,834.5123
2012-10-30 19:00:00,583.6934
2012-10-30 20:00:00,787.0884
2012-10-30 21:00:00,824.7976
2012-10-30 22:00:00,778.2226
2012-10-30 23:00:00,778.2226
2012-10-31 00:00:00,767.24536
2012-10-31 01:00:00,767.632
2012-10-31 02:00:00,777.5914
2012-10-31 03:00:00,767.24536
2012-10-31 04:00:00,844.6406
2012-10-31 05:00:00,777.5914
2012-10-31 06:00:00,777.4468
2012-10-31 07:00:00,835.1437
2012-10-31 08:00:00,762.59125
2012-10-31 09:00:00,721.1649
2012-10-31 10:00:00,675.8648
2012-10-31 11:00:00,617.70325
2012-10-31 12:00:00,511.1113
2012-10-31 13:00:00,429.087
2012-10-31 14:00:00,428.45578
2012-10-31 15:00:00,469.0042
2012-10-31 16:00:00,466.8239
2012-10-31 17:00:00,511.2533
2012-10-31 18:00:00,511.2533
2012-10-31 19:00:00,433.74368
2012-10-31 20:00:00,433.74368
2012-10-31 21:00:00,433.74368
2012-10-31 22:00:00,534.3309
2012-10-31 23:00:00,524.4447
2012-11-20 00:00:00,657.0787
2012-11-20 01:00:00,614.89856
2012-11-20 02:00:00,715.15955
2012-11-20 03:00:00,662.22754
2012-11-20 04:00:00,623.0643
2012-11-20 05:00:00,624.6133
2012-11-20 06:00:00,671.79767
2012-11-20 07:00:00,715.79083
2012-11-20 08:00:00,673.20465
2012-11-20 09:00:00,649.3076
2012-11-20 10:00:00,589.9252
2012-11-20 11:00:00,595.00507
2012-11-20 12:00:00,597.32996
2012-11-20 13:00:00,506.41632
2012-11-20 14:00:00,503.70493
2012-11-20 15:00:00,470.41666
2012-11-20 16:00:00,547.0449
2012-11-20 17:00:00,635.94977
2012-11-20 18:00:00,589.9252
2012-11-20 19:00:00,640.2102
2012-11-20 20:00:00,692.75574
2012-11-20 21:00:00,649.9388
2012-11-20 22:00:00,649.9388
2012-11-20 23:00:00,763.3645
2012-11-21 00:00:00,750.44464
2012-11-21 01:00:00,763.3645
2012-11-21 02:00:00,841.0602
2012-11-21 03:00:00,841.0602
2012-11-21 04:00:00,841.0602
2012-11-21 05:00:00,841.0602
2012-11-21 06:00:00,830.40076
2012-11-21 07:00:00,834.91284
2012-11-21 08:00:00,772.2172
2012-11-21 09:00:00,715.7908
2012-11-21 10:00:00,563.6105
2012-11-21 11:00:00,434.37497
2012-11-21 12:00:00,340.83917
2012-11-21 13:00:00,386.50003
2012-11-21 14:00:00,389.07913
2012-11-21 15:00:00,301.1805
2012-11-21 16:00:00,329.89197
2012-11-21 17:00:00,339.2278
2012-11-21 18:00:00,317.0806
2012-11-21 19:00:00,371.81592
2012-11-21 20:00:00,566.9383
2012-11-21 21:00:00,448.50604
2012-11-21 22:00:00,443.4993
2012-11-21 23:00:00,563.1159
2012-11-22 00:00:00,566.1147
2012-11-22 01:00:00,565.6201
2012-11-22 02:00:00,681.684
2012-11-22 03:00:00,681.2973
2012-11-22 04:00:00,744.11566
2012-11-22 05:00:00,681.2973
2012-11-22 06:00:00,628.825
2012-11-22 07:00:00,696.15546
2012-11-22 08:00:00,691.64343
2012-11-22 09:00:00,552.3136
2012-11-22 10:00:00,470.30237
2012-11-22 11:00:00,292.48767
2012-11-22 12:00:00,232.67502
2012-11-22 13:00:00,189.79471
2012-11-22 14:00:00,206.1275
2012-11-22 15:00:00,206.1275
2012-11-22 16:00:00,208.97878
2012-11-22 17:00:00,232.67502
2012-11-22 18:00:00,318.50873
2012-11-22 19:00:00,644.1434
2012-11-22 20:00:00,600.76843
2012-11-22 21:00:00,513.5693
2012-11-22 22:00:00,509.36017
2012-11-22 23:00:00,600.2738
2012-11-23 00:00:00,610.5815
2012-11-23 01:00:00,772.8485
2012-11-23 02:00:00,719.80835
2012-11-23 03:00:00,663.12695
2012-11-23 04:00:00,735.0531
2012-11-23 05:00:00,773.1516
2012-11-23 06:00:00,773.1516
2012-11-23 07:00:00,773.1516
2012-11-23 08:00:00,850.5441
2012-11-23 09:00:00,725.9557
2012-11-23 10:00:00,576.5085
2012-11-23 11:00:00,434.37497
2012-11-23 12:00:00,392.87604
2012-11-23 13:00:00,429.6887
2012-11-23 14:00:00,446.5323
2012-11-23 15:00:00,405.53513
2012-11-23 16:00:00,331.54276
2012-11-23 17:00:00,312.7453
2012-11-23 18:00:00,367.6157
2012-11-23 19:00:00,392.13135
2012-11-23 20:00:00,337.14597
2012-11-23 21:00:00,390.4403
2012-11-23 22:00:00,628.3077
2012-11-23 23:00:00,524.0846
2012-11-24 00:00:00,462.916
2012-11-24 01:00:00,501.33694
2012-11-24 02:00:00,592.4405
2012-11-24 03:00:00,383.29263
2012-11-24 04:00:00,426.2052
2012-11-24 05:00:00,399.69717
2012-11-24 06:00:00,434.22098
2012-11-24 07:00:00,399.06586
2012-11-24 08:00:00,441.85593
2012-11-24 09:00:00,420.6207
2012-11-24 10:00:00,428.6179
2012-11-24 11:00:00,384.2104
2012-11-24 12:00:00,584.0298
2012-11-24 13:00:00,375.08496
2012-11-24 14:00:00,501.96878
2012-11-24 15:00:00,471.96384
2012-11-24 16:00:00,446.15414
2012-11-24 17:00:00,398.6322
2012-11-24 18:00:00,386.97812
2012-11-24 19:00:00,390.5894
2012-11-24 20:00:00,434.22095
2012-11-24 21:00:00,425.42664
2012-11-24 22:00:00,423.8776
2012-11-24 23:00:00,425.42664
2012-11-25 00:00:00,457.239
2012-11-25 01:00:00,418.89273
2012-11-25 02:00:00,436.79745
2012-11-25 03:00:00,390.71515
2012-11-25 04:00:00,390.71515
2012-11-25 05:00:00,447.81085
2012-11-25 06:00:00,438.3138
2012-11-25 07:00:00,476.68192
2012-11-25 08:00:00,485.40573
2012-11-25 09:00:00,462.3877
2012-11-25 10:00:00,462.24573
2012-11-25 11:00:00,379.61212
2012-11-25 12:00:00,379.61212
2012-11-25 13:00:00,381.16116
2012-11-25 14:00:00,379.33353
2012-11-25 15:00:00,379.96478
2012-11-25 16:00:00,351.96188
2012-11-25 17:00:00,377.28024
2012-11-25 18:00:00,410.56854
2012-11-25 19:00:00,352.84164
2012-11-25 20:00:00,539.6025
2012-11-25 21:00:00,419.98587
2012-11-25 22:00:00,539.6025
2012-11-25 23:00:00,639.23737
2012-11-26 00:00:00,662.6323
2012-11-26 01:00:00,667.1444
2012-11-26 02:00:00,667.1444
2012-11-26 03:00:00,667.1444
2012-11-26 04:00:00,662.6323
2012-11-26 05:00:00,691.5831
2012-11-26 06:00:00,662.6323
2012-11-26 07:00:00,619.6788
2012-11-26 08:00:00,619.6788
2012-11-26 09:00:00,533.0474
2012-11-26 10:00:00,448.01147
2012-11-26 11:00:00,403.18802
2012-11-26 12:00:00,290.8658
2012-11-26 13:00:00,290.8658
2012-11-26 14:00:00,291.01593
2012-11-26 15:00:00,288.6911
2012-11-26 16:00:00,251.09256
2012-11-26 17:00:00,262.2398
2012-11-26 18:00:00,466.4108
2012-11-26 19:00:00,481.86743
2012-11-26 20:00:00,443.4993
2012-11-26 21:00:00,443.4993
2012-11-26 22:00:00,563.11597
2012-11-26 23:00:00,618.8526
2012-11-27 00:00:00,619.2392
2012-11-27 01:00:00,656.4475
2012-11-27 02:00:00,666.71765
2012-11-27 03:00:00,655.8163
2012-11-27 04:00:00,786.45715
2012-11-27 05:00:00,786.3126
2012-11-27 06:00:00,776.81555
2012-11-27 07:00:00,776.96014
2012-11-27 08:00:00,771.59894
2012-11-27 09:00:00,761.95996
2012-11-27 10:00:00,770.8257
2012-11-27 11:00:00,852.4172
2012-11-27 12:00:00,854.6043
2012-11-27 13:00:00,847.04553
2012-11-27 14:00:00,855.3801
2012-11-27 15:00:00,737.9438
2012-11-27 16:00:00,737.9438
2012-11-27 17:00:00,735.6189
2012-11-27 18:00:00,814.72174
2012-11-27 19:00:00,717.3692
2012-11-27 20:00:00,757.9427
2012-11-27 21:00:00,821.2427
2012-11-27 22:00:00,802.17554
2012-11-27 23:00:00,805.75586
2012-11-28 00:00:00,748.2036
2012-11-28 01:00:00,737.85767
2012-11-28 02:00:00,737.85767
2012-11-28 03:00:00,689.8975
2012-11-28 04:00:00,690.6733
2012-11-28 05:00:00,681.1763
2012-11-28 06:00:00,641.9373
2012-11-28 07:00:00,556.38477
2012-11-28 08:00:00,619.80975
2012-11-28 09:00:00,514.13556
2012-11-28 10:00:00,460.93137
2012-11-28 11:00:00,427.548
2012-11-28 12:00:00,442.33383
2012-11-28 13:00:00,393.4865
2012-11-28 14:00:00,389.97565
2012-11-28 15:00:00,454.7948
2012-11-28 16:00:00,414.70685
2012-11-28 17:00:00,291.45456
2012-11-28 18:00:00,387.16742
2012-11-28 19:00:00,341.21967
2012-11-28 20:00:00,330.94946
2012-11-28 21:00:00,374.58105
2012-11-28 22:00:00,447.76453
2012-11-28 23:00:00,470.7826
2012-11-29 00:00:00,553.1909
2012-11-29 01:00:00,623.3933
2012-11-29 02:00:00,614.67206
2012-11-29 04:00:00,744.5371
2012-11-29 05:00:00,667.1444
2012-11-29 06:00:00,662.6323
2012-11-29 07:00:00,619.1842
2012-11-29 08:00:00,686.59827
2012-11-29 09:00:00,571.71875
2012-11-29 10:00:00,619.37585
2012-11-29 11:00:00,341.48453
2012-11-29 12:00:00,370.4904
2012-11-29 13:00:00,292.6486
2012-11-29 14:00:00,397.71753
2012-11-29 15:00:00,407.2876
2012-11-29 16:00:00,368.94138
2012-11-29 17:00:00,364.7104
2012-11-29 18:00:00,465.9161
2012-11-29 19:00:00,509.55038
2012-11-29 20:00:00,499.2775
2012-11-29 21:00:00,633.8473
2012-11-29 22:00:00,671.8482
2012-11-29 23:00:00,572.2133
2012-11-30 00:00:00,692.0778
2012-11-30 01:00:00,687.4795
2012-11-30 02:00:00,715.59924
2012-11-30 03:00:00,715.59924
2012-11-30 04:00:00,720.1845
2012-11-30 05:00:00,772.6569
2012-11-30 06:00:00,830.2092
2012-11-30 07:00:00,768.1447
2012-11-30 08:00:00,776.23474
2012-11-30 09:00:00,735.4397
2012-11-30 10:00:00,605.43805
2012-11-30 11:00:00,489.95743
2012-11-30 12:00:00,404.99454
2012-11-30 13:00:00,338.59653
2012-11-30 14:00:00,340.14554
2012-11-30 15:00:00,316.44937
2012-11-30 16:00:00,368.7797
2012-11-30 17:00:00,465.6376
2012-11-30 18:00:00,557.97253
2012-11-30 19:00:00,611.0761
2012-11-30 20:00:00,611.0761
2012-11-30 21:00:00,710.71094
2012-11-30 22:00:00,701.9898
2012-11-30 23:00:00,710.07965
2012-12-20 00:00:00,570.7503
2012-12-20 01:00:00,611.0761
2012-12-20 02:00:00,611.0761
2012-12-20 03:00:00,662.1195
2012-12-20 04:00:00,662.1195
2012-12-20 05:00:00,661.7328
2012-12-20 06:00:00,605.43805
2012-12-20 07:00:00,653.39825
2012-12-20 08:00:00,653.39825
2012-12-20 09:00:00,653.39825
2012-12-20 10:00:00,621.564
2012-12-20 11:00:00,547.0061
2012-12-20 12:00:00,494.5557
2012-12-20 13:00:00,532.1506
2012-12-20 14:00:00,493.78244
2012-12-20 15:00:00,536.73584
2012-12-20 16:00:00,517.04565
2012-12-20 17:00:00,623.0643
2012-12-20 18:00:00,671.02435
2012-12-20 19:00:00,679.89026
2012-12-20 20:00:00,719.1266
2012-12-20 21:00:00,719.1266
2012-12-20 22:00:00,823.86597
2012-12-20 23:00:00,737.34625
2012-12-21 00:00:00,761.0073
2012-12-21 01:00:00,754.09717
2012-12-21 02:00:00,807.1373
2012-12-21 03:00:00,807.1373
2012-12-21 04:00:00,651.48
2012-12-21 05:00:00,705.9612
2012-12-21 06:00:00,530.498
2012-12-21 07:00:00,511.86893
2012-12-21 08:00:00,520.6632
2012-12-21 09:00:00,485.84598
2012-12-21 10:00:00,434.0637
2012-12-21 11:00:00,391.0859
2012-12-21 12:00:00,362.76352
2012-12-21 13:00:00,406.60104
2012-12-21 14:00:00,429.05072
2012-12-21 15:00:00,389.70248
2012-12-21 16:00:00,362.47543
2012-12-21 17:00:00,545.6835
2012-12-21 18:00:00,546.45935
2012-12-21 19:00:00,425.9468
2012-12-21 20:00:00,377.695
2012-12-21 21:00:00,400.11194
2012-12-21 22:00:00,431.9861
2012-12-21 23:00:00,421.32666
2012-12-22 00:00:00,461.11758
2012-12-22 01:00:00,407.1152
2012-12-22 02:00:00,416.63248
2012-12-22 03:00:00,445.48343
2012-12-22 04:00:00,418.78433
2012-12-22 05:00:00,435.14005
2012-12-22 06:00:00,396.77188
2012-12-22 07:00:00,396.77188
2012-12-22 08:00:00,483.4921
2012-12-22 09:00:00,435.91324
2012-12-22 10:00:00,437.46228
2012-12-22 11:00:00,353.91345
2012-12-22 12:00:00,577.3954
2012-12-22 13:00:00,425.1527
2012-12-22 14:00:00,436.34
2012-12-22 15:00:00,551.60394
2012-12-22 16:00:00,394.85956
2012-12-22 17:00:00,355.46246
2012-12-22 18:00:00,406.7286
2012-12-22 19:00:00,441.27435
2012-12-22 20:00:00,424.1428
2012-12-22 21:00:00,465.45218
2012-12-22 22:00:00,465.45218
2012-12-22 23:00:00,456.65787
2012-12-23 00:00:00,427.08405
2012-12-23 01:00:00,418.2897
2012-12-23 02:00:00,462.01627
2012-12-23 03:00:00,462.79208
2012-12-23 04:00:00,424.424
2012-12-23 05:00:00,432.99237
2012-12-23 06:00:00,586.62665
2012-12-23 07:00:00,586.62665
2012-12-23 08:00:00,649.83154
2012-12-23 09:00:00,529.1825
2012-12-23 10:00:00,581.3543
2012-12-23 11:00:00,472.78378
2012-12-23 12:00:00,352.13467
2012-12-23 13:00:00,318.07062
2012-12-23 14:00:00,354.08206
2012-12-23 15:00:00,256.80396
2012-12-23 16:00:00,255.25488
2012-12-23 17:00:00,403.6476
2012-12-23 18:00:00,370.63797
2012-12-23 19:00:00,323.95712
2012-12-23 20:00:00,553.6714
2012-12-23 21:00:00,606.1437
2012-12-23 22:00:00,529.6771
2012-12-23 23:00:00,510.22336
2012-12-24 00:00:00,633.2532
2012-12-24 01:00:00,633.2532
2012-12-24 02:00:00,695.31757
2012-12-24 03:00:00,695.31757
2012-12-24 05:00:00,777.5896
2012-12-24 06:00:00,695.31757
2012-12-24 07:00:00,637.76526
2012-12-24 08:00:00,633.2532
2012-12-24 09:00:00,609.12225
2012-12-24 10:00:00,585.1564
2012-12-24 11:00:00,566.14685
2012-12-24 12:00:00,503.0371
2012-12-24 13:00:00,761.96375
2012-12-24 14:00:00,819.51587
2012-12-24 15:00:00,838.5831
2012-12-24 16:00:00,838.5831
2012-12-24 17:00:00,886.63837
2012-12-24 18:00:00,877.0681
2012-12-24 19:00:00,888.04535
2012-12-24 20:00:00,887.41406
2012-12-24 21:00:00,877.4548
2012-12-24 22:00:00,858.2456
2012-12-24 23:00:00,857.6143
2012-12-25 00:00:00,823.6991
2012-12-25 01:00:00,771.3763
2012-12-25 02:00:00,771.3763
2012-12-25 04:00:00,766.7781
2012-12-25 05:00:00,838.8018
2012-12-25 06:00:00,838.8018
2012-12-25 07:00:00,838.026
2012-12-25 08:00:00,746.93774
2012-12-25 09:00:00,769.103
2012-12-25 10:00:00,680.9193
2012-12-25 11:00:00,627.5762
2012-12-25 12:00:00,632.65594
2012-12-25 13:00:00,347.75284
2012-12-25 14:00:00,314.74576
2012-12-25 15:00:00,392.0729
2012-12-25 16:00:00,391.44165
2012-12-25 17:00:00,467.68335
2012-12-25 18:00:00,554.0117
2012-12-25 19:00:00,554.7849
2012-12-25 20:00:00,553.2359
2012-12-25 21:00:00,550.48083
2012-12-25 22:00:00,588.16815
2012-12-25 23:00:00,553.5171
2012-12-26 00:00:00,607.2727
2012-12-26 01:00:00,632.7877
2012-12-26 02:00:00,632.7877
2012-12-26 03:00:00,683.7842
2012-12-26 04:00:00,679.3354
2012-12-26 05:00:00,669.59375
2012-12-26 06:00:00,671.1428
2012-12-26 07:00:00,846.49615
2012-12-26 08:00:00,846.49615
2012-12-26 09:00:00,846.49615
2012-12-26 10:00:00,847.272
2012-12-26 11:00:00,854.0575
2012-12-26 12:00:00,851.503
2012-12-26 13:00:00,851.503
2012-12-26 14:00:00,899.9474
2012-12-26 15:00:00,841.63245
2012-12-26 16:00:00,841.63245
2012-12-26 17:00:00,899.1846
2012-12-26 18:00:00,885.1023
2012-12-26 19:00:00,814.6301
2012-12-26 20:00:00,866.1213
2012-12-26 21:00:00,823.66925
2012-12-26 22:00:00,912.4911
2012-12-26 23:00:00,843.1814
2012-12-27 00:00:00,843.1814
2012-12-27 01:00:00,912.4911
2012-12-27 02:00:00,855.57
2012-12-27 03:00:00,839.21436
2012-12-27 04:00:00,847.6221
2012-12-27 05:00:00,715.24396
2012-12-27 06:00:00,691.97675
2012-12-27 07:00:00,676.78094
2012-12-27 08:00:00,631.8699
2012-12-27 09:00:00,591.5441
2012-12-27 10:00:00,547.81494
2012-12-27 11:00:00,538.07324
2012-12-27 12:00:00,455.5423
2012-12-27 13:00:00,455.5423
2012-12-27 14:00:00,551.769
2012-12-27 15:00:00,553.7046
2012-12-27 16:00:00,497.43176
2012-12-27 17:00:00,497.43176
2012-12-27 18:00:00,579.456
2012-12-27 19:00:00,590.4306
2012-12-27 20:00:00,571.3634
2012-12-27 21:00:00,579.456
2012-12-27 22:00:00,589.7994
2012-12-27 23:00:00,579.456
2012-12-28 00:00:00,570.7322
2012-12-28 01:00:00,581.6362
2012-12-28 02:00:00,580.0872
2012-12-28 03:00:00,570.7322
2012-12-28 04:00:00,561.162
2012-12-28 05:00:00,561.54865
2012-12-28 06:00:00,622.26495
2012-12-28 07:00:00,614.2437
2012-12-28 08:00:00,571.508
2012-12-28 09:00:00,589.7994
2012-12-28 10:00:00,536.57574
2012-12-28 11:00:00,483.34946
2012-12-28 12:00:00,441.26688
2012-12-28 13:00:00,441.26688
2012-12-28 14:00:00,441.26688
2012-12-28 15:00:00,433.63235
2012-12-28 16:00:00,441.89813
2012-12-28 17:00:00,572.13916
2012-12-28 18:00:00,572.13916
2012-12-28 19:00:00,628.9653
2012-12-28 20:00:00,609.12225
2012-12-28 21:00:00,667.4284
2012-12-28 22:00:00,657.46906
2012-12-28 23:00:00,609.5089
2012-12-29 00:00:00,638.79694
2012-12-29 01:00:00,684.4324
2012-12-29 02:00:00,638.79694
2012-12-29 03:00:00,686.75714
2012-12-29 04:00:00,684.4324
2012-12-29 05:00:00,684.4324
2012-12-29 06:00:00,642.6194
2012-12-29 07:00:00,641.8461
2012-12-29 08:00:00,750.8433
2012-12-29 09:00:00,750.8433
2012-12-29 10:00:00,746.72736
2012-12-29 11:00:00,843.3899
2012-12-29 12:00:00,912.85913
2012-12-29 13:00:00,912.85913
2012-12-29 14:00:00,799.53687
2012-12-29 15:00:00,801.8617
2012-12-29 16:00:00,704.27875
2012-12-29 17:00:00,729.57904
2012-12-29 18:00:00,653.9962
2012-12-29 19:00:00,565.4876
2012-12-29 20:00:00,509.7822
2012-12-29 21:00:00,504.79724
2012-12-29 22:00:00,537.4047
2012-12-29 23:00:00,549.4105
2012-12-30 00:00:00,534.03076
2012-12-30 01:00:00,511.24506
2012-12-30 02:00:00,503.68372
2012-12-30 03:00:00,511.24506
2012-12-30 04:00:00,494.11356
2012-12-30 05:00:00,437.6068
2012-12-30 06:00:00,488.50824
2012-12-30 07:00:00,518.0107
2012-12-30 08:00:00,487.9771
2012-12-30 09:00:00,478.8667
2012-12-30 10:00:00,477.11606
2012-12-30 11:00:00,367.9957
2012-12-30 12:00:00,517.98303
2012-12-30 13:00:00,577.3954
2012-12-30 14:00:00,422.04538
2012-12-30 15:00:00,325.91055
2012-12-30 16:00:00,373.7861
2012-12-30 17:00:00,370.31802
2012-12-30 18:00:00,403.82397
2012-12-30 19:00:00,497.1084
2012-12-30 20:00:00,436.96765
2012-12-30 21:00:00,462.01627
2012-12-30 22:00:00,510.65732
2012-12-30 23:00:00,471.5133
2012-12-31 00:00:00,547.3587
2012-12-31 01:00:00,547.3587
2012-12-31 02:00:00,591.0123
2012-12-31 03:00:00,581.51514
2012-12-31 04:00:00,681.94775
2012-12-31 05:00:00,649.3184
2012-12-31 06:00:00,638.9725
2012-12-31 07:00:00,628.7022
2012-12-31 08:00:00,692.29376
2012-12-31 09:00:00,613.2129
2012-12-31 10:00:00,666.9338
2012-12-31 11:00:00,574.4711
2012-12-31 12:00:00,542.63684
2012-12-31 13:00:00,412.67432
2012-12-31 14:00:00,416.20514
2012-12-31 15:00:00,407.41083
2012-12-31 16:00:00,450.2692
2012-12-31 17:00:00,430.8129
2012-12-31 18:00:00,440.77225
2012-12-31 19:00:00,566.14685
2012-12-31 20:00:00,566.14685
2012-12-31 21:00:00,566.7782
2012-12-31 22:00:00,518.1397
2012-12-31 23:00:00,604.46814
