datetime,count
2011-01-20 00:00:00,91.85531
2011-01-20 01:00:00,51.64065
2011-01-20 02:00:00,51.64065
2011-01-20 03:00:00,70.36426
2011-01-20 04:00:00,70.36426
2011-01-20 05:00:00,56.600048
2011-01-20 06:00:00,49.015102
2011-01-20 07:00:00,60.25053
2011-01-20 08:00:00,69.342354
2011-01-20 09:00:00,75.78297
2011-01-20 10:00:00,96.18658
2011-01-20 11:00:00,103.831764
2011-01-20 12:00:00,112.04153
2011-01-20 13:00:00,101.06431
2011-01-20 14:00:00,113.14596
2011-01-20 15:00:00,129.82277
2011-01-20 16:00:00,104.15761
2011-01-20 17:00:00,105.9437
2011-01-20 18:00:00,76.108826
2011-01-20 19:00:00,82.763466
2011-01-20 20:00:00,74.4415
2011-01-20 21:00:00,62.344643
2011-01-20 22:00:00,49.338383
2011-01-20 23:00:00,56.16106
2011-01-21 00:00:00,39.873802
2011-01-21 01:00:00,39.873802
2011-01-21 02:00:00,22.497307
2011-01-21 03:00:00,17.84701
2011-01-21 04:00:00,-11.9711
2011-01-21 05:00:00,73.53758
2011-01-21 06:00:00,64.788826
2011-01-21 07:00:00,64.46296
2011-01-21 08:00:00,80.27398
2011-01-21 09:00:00,75.82395
2011-01-21 10:00:00,94.44406
2011-01-21 11:00:00,115.469864
2011-01-21 12:00:00,165.11269
2011-01-21 13:00:00,164.7275
2011-01-21 14:00:00,146.64732
2011-01-21 15:00:00,117.91093
2011-01-21 16:00:00,110.589935
2011-01-21 17:00:00,98.51082
2011-01-21 18:00:00,76.84157
2011-01-21 19:00:00,81.93501
2011-01-21 20:00:00,74.95622
2011-01-21 21:00:00,42.0074
2011-01-21 22:00:00,30.988577
2011-01-21 23:00:00,34.96236
2011-01-22 00:00:00,-7.4358044
2011-01-22 01:00:00,10.619682
2011-01-22 02:00:00,2.758792
2011-01-22 03:00:00,7.3123164
2011-01-22 04:00:00,-13.691434
2011-01-22 06:00:00,-9.781333
2011-01-22 07:00:00,-8.178537
2011-01-22 08:00:00,-7.6802254
2011-01-22 09:00:00,1.5525088
2011-01-22 10:00:00,1.7357974
2011-01-22 11:00:00,11.5084505
2011-01-22 12:00:00,19.577312
2011-01-22 13:00:00,35.672634
2011-01-22 14:00:00,44.734722
2011-01-22 15:00:00,47.598938
2011-01-22 16:00:00,70.86083
2011-01-22 17:00:00,66.53049
2011-01-22 18:00:00,33.678596
2011-01-22 19:00:00,30.911142
2011-01-22 20:00:00,-0.8738424
2011-01-22 21:00:00,9.360641
2011-01-22 22:00:00,-3.3714492
2011-01-22 23:00:00,-38.191235
2011-01-23 00:00:00,-38.191235
2011-01-23 01:00:00,-38.191235
2011-01-23 02:00:00,-52.47325
2011-01-23 03:00:00,-52.47325
2011-01-23 05:00:00,-36.98497
2011-01-23 06:00:00,-36.98497
2011-01-23 07:00:00,-16.218184
2011-01-23 08:00:00,-39.074223
2011-01-23 09:00:00,10.968207
2011-01-23 10:00:00,48.62668
2011-01-23 11:00:00,42.968708
2011-01-23 12:00:00,87.754745
2011-01-23 13:00:00,77.838745
2011-01-23 14:00:00,98.388336
2011-01-23 15:00:00,98.388336
2011-01-23 16:00:00,98.34418
2011-01-23 17:00:00,93.56829
2011-01-23 18:00:00,69.134125
2011-01-23 19:00:00,73.68767
2011-01-23 20:00:00,48.108322
2011-01-23 21:00:00,39.01648
2011-01-23 22:00:00,26.937376
2011-01-23 23:00:00,10.8819275
2011-01-24 00:00:00,14.035842
2011-01-24 01:00:00,-2.495825
2011-01-24 03:00:00,0.27161533
2011-01-24 04:00:00,-13.306719
2011-01-24 05:00:00,-13.306719
2011-01-24 06:00:00,-13.789778
2011-01-24 07:00:00,-8.54523
2011-01-24 08:00:00,-3.2073483
2011-01-24 09:00:00,22.312645
2011-01-24 10:00:00,16.303896
2011-01-24 11:00:00,21.444017
2011-01-24 12:00:00,48.315414
2011-01-24 13:00:00,51.88242
2011-01-24 14:00:00,45.141186
2011-01-24 15:00:00,62.19326
2011-01-24 16:00:00,53.769463
2011-01-24 17:00:00,33.160496
2011-01-24 18:00:00,10.169323
2011-01-24 19:00:00,23.149181
2011-01-24 20:00:00,10.169323
2011-01-24 21:00:00,2.9254694
2011-01-24 22:00:00,6.940794
2011-01-24 23:00:00,16.775337
2011-01-25 00:00:00,3.810703
2011-01-25 01:00:00,-1.7658155
2011-01-25 02:00:00,-0.2046383
2011-01-25 04:00:00,-24.55989
2011-01-25 05:00:00,-18.983353
2011-01-25 06:00:00,-17.016554
2011-01-25 07:00:00,-11.440038
2011-01-25 08:00:00,-11.271955
2011-01-25 09:00:00,25.844023
2011-01-25 10:00:00,44.644875
2011-01-25 11:00:00,50.443718
2011-01-25 12:00:00,72.81669
2011-01-25 13:00:00,73.29974
2011-01-25 14:00:00,105.30027
2011-01-25 15:00:00,119.62645
2011-01-25 16:00:00,119.62645
2011-01-25 17:00:00,104.09402
2011-01-25 18:00:00,103.67456
2011-01-25 19:00:00,51.3468
2011-01-25 20:00:00,40.811108
2011-01-25 21:00:00,40.811108
2011-01-25 22:00:00,37.25933
2011-01-25 23:00:00,38.465588
2011-01-26 00:00:00,22.676685
2011-01-26 01:00:00,39.208298
2011-01-26 02:00:00,32.9748
2011-01-26 05:00:00,-11.772365
2011-01-26 06:00:00,-11.772365
2011-01-26 07:00:00,2.1174853
2011-01-26 08:00:00,2.1174853
2011-01-26 09:00:00,2.1174853
2011-01-26 10:00:00,-13.634202
2011-01-26 11:00:00,-13.094251
2011-01-26 12:00:00,-13.094251
2011-01-26 13:00:00,-13.094251
2011-01-26 14:00:00,-8.556001
2011-01-26 15:00:00,1.034172
2011-01-26 16:00:00,-11.888019
2011-01-26 17:00:00,-16.140905
2011-01-27 16:00:00,62.02137
2011-01-27 17:00:00,54.673977
2011-01-27 18:00:00,13.40237
2011-01-27 19:00:00,13.40237
2011-01-27 20:00:00,-5.417986
2011-01-27 21:00:00,-5.417986
2011-01-27 22:00:00,-5.417986
2011-01-27 23:00:00,-13.822256
2011-01-28 00:00:00,1.6092136
2011-01-28 01:00:00,1.6092136
2011-01-28 02:00:00,6.1627584
2011-01-28 03:00:00,3.3953311
2011-01-28 05:00:00,-15.425087
2011-01-28 06:00:00,-17.16954
2011-01-28 07:00:00,-38.720028
2011-01-28 08:00:00,-38.720028
2011-01-28 09:00:00,-29.970455
2011-01-28 10:00:00,-27.70127
2011-01-28 11:00:00,-43.43087
2011-01-28 12:00:00,-43.43087
2011-01-28 13:00:00,-43.43087
2011-01-28 14:00:00,-2.3978584
2011-01-28 15:00:00,-24.629957
2011-01-28 16:00:00,-4.8104134
2011-01-28 17:00:00,15.531243
2011-01-28 18:00:00,18.340324
2011-01-28 19:00:00,16.737492
2011-01-28 20:00:00,30.781952
2011-01-28 21:00:00,9.194167
2011-01-28 22:00:00,59.493095
2011-01-28 23:00:00,56.600048
2011-01-29 00:00:00,46.48942
2011-01-29 01:00:00,34.090202
2011-01-29 02:00:00,29.551893
2011-01-29 03:00:00,17.4134
2011-01-29 04:00:00,-13.488559
2011-01-29 06:00:00,2.2851267
2011-01-29 07:00:00,8.982223
2011-01-29 08:00:00,34.647366
2011-01-29 09:00:00,20.580805
2011-01-29 10:00:00,12.820823
2011-01-29 11:00:00,11.076346
2011-01-29 12:00:00,32.66415
2011-01-29 13:00:00,50.98189
2011-01-29 14:00:00,35.192944
2011-01-29 15:00:00,25.622246
2011-01-29 16:00:00,46.08356
2011-01-29 17:00:00,40.008736
2011-01-29 18:00:00,13.762948
2011-01-29 19:00:00,26.828516
2011-01-29 20:00:00,-13.125413
2011-01-29 21:00:00,-13.125413
2011-01-29 22:00:00,-34.151257
2011-01-29 23:00:00,-34.151257
2011-01-30 00:00:00,-38.20646
2011-01-30 01:00:00,-42.774418
2011-01-30 02:00:00,-35.18946
2011-01-30 03:00:00,-71.98645
2011-01-30 04:00:00,-71.98645
2011-01-30 05:00:00,-56.256897
2011-01-30 07:00:00,-56.256897
2011-01-30 08:00:00,-55.05062
2011-01-30 09:00:00,-33.983173
2011-01-30 10:00:00,-26.439873
2011-01-30 11:00:00,-1.2824118
2011-01-30 12:00:00,90.28876
2011-01-30 13:00:00,56.197315
2011-01-30 14:00:00,60.210945
2011-01-30 15:00:00,71.66869
2011-01-30 16:00:00,71.66869
2011-01-30 17:00:00,82.323425
2011-01-30 18:00:00,42.433105
2011-01-30 19:00:00,46.971413
2011-01-30 20:00:00,40.830307
2011-01-30 21:00:00,24.818989
2011-01-30 22:00:00,23.074533
2011-01-30 23:00:00,41.63096
2011-01-31 00:00:00,46.57092
2011-01-31 01:00:00,44.56509
2011-01-31 02:00:00,41.797638
2011-01-31 03:00:00,41.797638
2011-01-31 04:00:00,43.718864
2011-01-31 05:00:00,27.707575
2011-01-31 06:00:00,9.427121
2011-01-31 07:00:00,15.046097
2011-01-31 08:00:00,26.281542
2011-01-31 09:00:00,28.550686
2011-01-31 10:00:00,18.918913
2011-01-31 11:00:00,18.918913
2011-01-31 12:00:00,40.75198
2011-01-31 13:00:00,20.912954
2011-01-31 14:00:00,39.007504
2011-01-31 15:00:00,22.43424
2011-01-31 16:00:00,38.26734
2011-01-31 17:00:00,18.918913
2011-01-31 18:00:00,32.460773
2011-01-31 19:00:00,77.772446
2011-01-31 20:00:00,21.911282
2011-01-31 21:00:00,23.157421
2011-01-31 22:00:00,17.895922
2011-01-31 23:00:00,10.715761
2011-02-20 00:00:00,134.10406
2011-02-20 01:00:00,115.34739
2011-02-20 02:00:00,128.97754
2011-02-20 03:00:00,114.65134
2011-02-20 04:00:00,114.65134
2011-02-20 06:00:00,68.01301
2011-02-20 07:00:00,44.658672
2011-02-20 08:00:00,48.411556
2011-02-20 09:00:00,79.61158
2011-02-20 10:00:00,102.107635
2011-02-20 11:00:00,136.95703
2011-02-20 12:00:00,132.9833
2011-02-20 13:00:00,134.86101
2011-02-20 14:00:00,171.94649
2011-02-20 15:00:00,166.86827
2011-02-20 16:00:00,162.3741
2011-02-20 17:00:00,157.20345
2011-02-20 18:00:00,140.79053
2011-02-20 19:00:00,140.79053
2011-02-20 20:00:00,119.462364
2011-02-20 21:00:00,87.20112
2011-02-20 22:00:00,93.37948
2011-02-20 23:00:00,74.038734
2011-02-21 00:00:00,140.81502
2011-02-21 01:00:00,140.81502
2011-02-21 02:00:00,140.81502
2011-02-21 03:00:00,136.26149
2011-02-21 04:00:00,112.92497
2011-02-21 05:00:00,129.4991
2011-02-21 06:00:00,227.68568
2011-02-21 07:00:00,225.41653
2011-02-21 08:00:00,101.294685
2011-02-21 09:00:00,99.02553
2011-02-21 10:00:00,94.472015
2011-02-21 11:00:00,84.3572
2011-02-21 12:00:00,71.480835
2011-02-21 13:00:00,39.25686
2011-02-21 14:00:00,51.777454
2011-02-21 15:00:00,80.95215
2011-02-21 16:00:00,52.50175
2011-02-21 17:00:00,53.08156
2011-02-21 18:00:00,0.11039847
2011-02-21 19:00:00,0.11039847
2011-02-21 20:00:00,19.352682
2011-02-21 21:00:00,34.383686
2011-02-21 22:00:00,15.962399
2011-02-21 23:00:00,15.962399
2011-02-22 06:00:00,-29.752672
2011-02-22 07:00:00,-29.752672
2011-02-22 08:00:00,-34.306202
2011-02-22 09:00:00,-19.563162
2011-02-22 10:00:00,-21.695688
2011-02-22 11:00:00,8.471278
2011-02-22 12:00:00,38.142326
2011-02-22 13:00:00,57.483063
2011-02-22 14:00:00,62.02137
2011-02-22 15:00:00,79.011475
2011-02-22 16:00:00,66.47141
2011-02-22 17:00:00,69.23884
2011-02-22 18:00:00,70.90617
2011-02-22 19:00:00,73.451294
2011-02-22 20:00:00,70.68383
2011-02-22 21:00:00,75.222145
2011-02-22 22:00:00,62.757797
2011-02-22 23:00:00,62.757797
2011-02-23 00:00:00,30.39304
2011-02-23 01:00:00,41.12584
2011-02-23 02:00:00,26.323414
2011-02-23 03:00:00,24.594193
2011-02-23 05:00:00,21.785107
2011-02-23 06:00:00,21.785107
2011-02-23 07:00:00,17.335102
2011-02-23 08:00:00,23.149181
2011-02-23 09:00:00,46.264877
2011-02-23 10:00:00,77.5295
2011-02-23 11:00:00,93.71808
2011-02-23 12:00:00,118.79913
2011-02-23 13:00:00,149.657
2011-02-23 14:00:00,157.22243
2011-02-23 15:00:00,171.52654
2011-02-23 16:00:00,164.16393
2011-02-23 17:00:00,171.52654
2011-02-23 18:00:00,161.69447
2011-02-23 19:00:00,131.059
2011-02-23 20:00:00,53.79099
2011-02-23 21:00:00,74.68114
2011-02-23 22:00:00,74.68114
2011-02-23 23:00:00,58.729225
2011-02-24 00:00:00,58.729225
2011-02-24 01:00:00,47.493835
2011-02-24 02:00:00,24.637758
2011-02-24 03:00:00,25.120825
2011-02-24 05:00:00,13.885444
2011-02-24 06:00:00,16.694515
2011-02-24 07:00:00,9.953259
2011-02-24 08:00:00,34.12924
2011-02-24 09:00:00,29.13672
2011-02-24 10:00:00,51.970688
2011-02-24 11:00:00,119.81055
2011-02-24 12:00:00,145.65639
2011-02-24 13:00:00,160.79231
2011-02-24 14:00:00,177.3656
2011-02-24 15:00:00,183.22893
2011-02-24 16:00:00,141.7528
2011-02-24 17:00:00,98.96856
2011-02-24 18:00:00,50.849552
2011-02-24 19:00:00,34.019802
2011-02-24 20:00:00,41.90539
2011-02-24 21:00:00,50.849552
2011-02-24 22:00:00,51.557518
2011-02-24 23:00:00,20.191978
2011-02-25 00:00:00,6.2315526
2011-02-25 01:00:00,-10.704272
2011-02-25 02:00:00,-10.704272
2011-02-25 03:00:00,14.615489
2011-02-25 05:00:00,14.615489
2011-02-25 06:00:00,21.137497
2011-02-25 07:00:00,5.891056
2011-02-25 08:00:00,29.205496
2011-02-25 09:00:00,43.111656
2011-02-25 10:00:00,91.79716
2011-02-25 11:00:00,183.6102
2011-02-25 12:00:00,234.07722
2011-02-25 13:00:00,234.07722
2011-02-25 14:00:00,273.33087
2011-02-25 15:00:00,296.3429
2011-02-25 16:00:00,147.94193
2011-02-25 17:00:00,184.80759
2011-02-25 18:00:00,152.48022
2011-02-25 19:00:00,131.34654
2011-02-25 20:00:00,156.79619
2011-02-25 21:00:00,123.699715
2011-02-25 22:00:00,112.59944
2011-02-25 23:00:00,100.74012
2011-02-26 00:00:00,62.31575
2011-02-26 01:00:00,71.90588
2011-02-26 02:00:00,55.477753
2011-02-26 03:00:00,45.22209
2011-02-26 04:00:00,40.99266
2011-02-26 05:00:00,27.949095
2011-02-26 06:00:00,32.42379
2011-02-26 07:00:00,39.786385
2011-02-26 08:00:00,41.214993
2011-02-26 09:00:00,63.863106
2011-02-26 10:00:00,96.45018
2011-02-26 11:00:00,96.38656
2011-02-26 12:00:00,117.577
2011-02-26 13:00:00,139.20897
2011-02-26 14:00:00,157.74329
2011-02-26 15:00:00,155.79999
2011-02-26 16:00:00,141.11125
2011-02-26 17:00:00,145.08502
2011-02-26 18:00:00,126.2053
2011-02-26 19:00:00,114.68816
2011-02-26 20:00:00,84.0679
2011-02-26 21:00:00,63.606606
2011-02-26 22:00:00,36.59745
2011-02-26 23:00:00,39.406525
2011-02-27 00:00:00,4.856599
2011-02-27 01:00:00,-2.4643924
2011-02-27 02:00:00,-5.2734623
2011-02-27 03:00:00,-5.756531
2011-02-27 04:00:00,-19.141174
2011-02-27 06:00:00,-20.6625
2011-02-27 07:00:00,-19.141174
2011-02-27 08:00:00,-13.119121
2011-02-27 09:00:00,1.7868245
2011-02-27 10:00:00,27.890848
2011-02-27 11:00:00,88.74506
2011-02-27 12:00:00,127.64971
2011-02-27 13:00:00,137.2772
2011-02-27 14:00:00,158.50752
2011-02-27 15:00:00,179.59962
2011-02-27 16:00:00,191.73813
2011-02-27 17:00:00,151.09236
2011-02-27 18:00:00,143.54904
2011-02-27 19:00:00,134.45718
2011-02-27 20:00:00,127.64971
2011-02-27 21:00:00,113.449104
2011-02-27 22:00:00,105.563545
2011-02-27 23:00:00,94.50489
2011-02-28 00:00:00,90.414925
2011-02-28 01:00:00,56.594124
2011-02-28 03:00:00,18.630796
2011-02-28 05:00:00,12.568639
2011-02-28 06:00:00,15.4591675
2011-02-28 07:00:00,29.743717
2011-02-28 08:00:00,32.81356
2011-02-28 09:00:00,109.52688
2011-02-28 10:00:00,202.85934
2011-02-28 11:00:00,206.41959
2011-02-28 12:00:00,206.41959
2011-02-28 13:00:00,91.0109
2011-02-28 14:00:00,73.76112
2011-02-28 15:00:00,73.76112
2011-02-28 16:00:00,48.75474
2011-02-28 17:00:00,66.2178
2011-02-28 18:00:00,86.45736
2011-02-28 19:00:00,156.03941
2011-02-28 20:00:00,156.03941
2011-02-28 21:00:00,100.28402
2011-02-28 22:00:00,52.2035
2011-02-28 23:00:00,65.88058
2011-03-20 00:00:00,140.95511
2011-03-20 01:00:00,115.33158
2011-03-20 02:00:00,104.957146
2011-03-20 03:00:00,83.83032
2011-03-20 04:00:00,71.74869
2011-03-20 05:00:00,58.206806
2011-03-20 06:00:00,62.760334
2011-03-20 07:00:00,48.89262
2011-03-20 08:00:00,70.20016
2011-03-20 09:00:00,88.50269
2011-03-20 10:00:00,105.17777
2011-03-20 11:00:00,134.62909
2011-03-20 12:00:00,139.92537
2011-03-20 13:00:00,151.36104
2011-03-20 14:00:00,167.93431
2011-03-20 15:00:00,177.0855
2011-03-20 16:00:00,170.98347
2011-03-20 17:00:00,199.88896
2011-03-20 18:00:00,192.42961
2011-03-20 19:00:00,147.8525
2011-03-20 20:00:00,141.11125
2011-03-20 21:00:00,119.0446
2011-03-20 22:00:00,119.54291
2011-03-20 23:00:00,111.86436
2011-03-21 00:00:00,123.387924
2011-03-21 01:00:00,110.94625
2011-03-21 02:00:00,101.854385
2011-03-21 03:00:00,101.854385
2011-03-21 05:00:00,72.36322
2011-03-21 06:00:00,79.18847
2011-03-21 07:00:00,65.60919
2011-03-21 08:00:00,64.40296
2011-03-21 09:00:00,79.38357
2011-03-21 10:00:00,140.05345
2011-03-21 11:00:00,152.77176
2011-03-21 12:00:00,140.05147
2011-03-21 13:00:00,189.64397
2011-03-21 14:00:00,202.56674
2011-03-21 15:00:00,219.09846
2011-03-21 16:00:00,211.65862
2011-03-21 17:00:00,207.10507
2011-03-21 18:00:00,177.00519
2011-03-21 19:00:00,255.0218
2011-03-21 20:00:00,204.3503
2011-03-21 21:00:00,99.096344
2011-03-21 22:00:00,117.13235
2011-03-21 23:00:00,96.67951
2011-03-22 00:00:00,112.578804
2011-03-22 01:00:00,61.393715
2011-03-22 02:00:00,75.65367
2011-03-22 03:00:00,123.07153
2011-03-22 04:00:00,107.600975
2011-03-22 05:00:00,84.26873
2011-03-22 06:00:00,101.24613
2011-03-22 07:00:00,104.44831
2011-03-22 08:00:00,174.44048
2011-03-22 09:00:00,199.44688
2011-03-22 10:00:00,198.55705
2011-03-22 11:00:00,208.6456
2011-03-22 12:00:00,213.80104
2011-03-22 13:00:00,228.88516
2011-03-22 14:00:00,251.54094
2011-03-22 15:00:00,235.62639
2011-03-22 16:00:00,217.4427
2011-03-22 17:00:00,217.4427
2011-03-22 18:00:00,203.13605
2011-03-22 19:00:00,191.73436
2011-03-22 20:00:00,207.64893
2011-03-22 21:00:00,188.70297
2011-03-22 22:00:00,167.61778
2011-03-22 23:00:00,167.61778
2011-03-23 00:00:00,107.33821
2011-03-23 01:00:00,82.2351
2011-03-23 02:00:00,82.2351
2011-03-23 03:00:00,85.56713
2011-03-23 05:00:00,51.70307
2011-03-23 06:00:00,60.849236
2011-03-23 07:00:00,35.243473
2011-03-23 08:00:00,50.496822
2011-03-23 09:00:00,66.74679
2011-03-23 10:00:00,78.885284
2011-03-23 11:00:00,58.0402
2011-03-23 12:00:00,56.310936
2011-03-23 13:00:00,50.15461
2011-03-23 14:00:00,58.277756
2011-03-23 15:00:00,101.56456
2011-03-23 16:00:00,122.63199
2011-03-23 17:00:00,122.63199
2011-03-23 18:00:00,107.309135
2011-03-23 19:00:00,107.309135
2011-03-23 20:00:00,116.09626
2011-03-23 21:00:00,43.9821
2011-03-23 22:00:00,32.47604
2011-03-23 23:00:00,21.699942
2011-03-24 00:00:00,35.243473
2011-03-24 01:00:00,11.970632
2011-03-24 02:00:00,16.50893
2011-03-24 03:00:00,-0.16789752
2011-03-24 04:00:00,-0.16789752
2011-03-24 05:00:00,20.115223
2011-03-24 06:00:00,20.115223
2011-03-24 07:00:00,-1.9514055
2011-03-24 08:00:00,-3.1975584
2011-03-24 09:00:00,12.5719
2011-03-24 10:00:00,15.879238
2011-03-24 11:00:00,59.701763
2011-03-24 12:00:00,88.973175
2011-03-24 13:00:00,86.926346
2011-03-24 14:00:00,72.02044
2011-03-24 15:00:00,83.921364
2011-03-24 16:00:00,90.61845
2011-03-24 17:00:00,79.38305
2011-03-24 18:00:00,104.64337
2011-03-24 19:00:00,128.31793
2011-03-24 20:00:00,93.62463
2011-03-24 21:00:00,74.28391
2011-03-24 22:00:00,65.19207
2011-03-24 23:00:00,55.862637
2011-03-25 00:00:00,67.09802
2011-03-25 01:00:00,33.490486
2011-03-25 02:00:00,36.299564
2011-03-25 03:00:00,30.723043
2011-03-25 04:00:00,11.902685
2011-03-25 05:00:00,14.711753
2011-03-25 06:00:00,17.479221
2011-03-25 07:00:00,72.89884
2011-03-25 08:00:00,93.382195
2011-03-25 09:00:00,103.65316
2011-03-25 10:00:00,78.386055
2011-03-25 11:00:00,143.44565
2011-03-25 12:00:00,153.17668
2011-03-25 13:00:00,157.15047
2011-03-25 14:00:00,202.15202
2011-03-25 15:00:00,175.45038
2011-03-25 16:00:00,180.44286
2011-03-25 17:00:00,177.49722
2011-03-25 18:00:00,152.37462
2011-03-25 19:00:00,164.87567
2011-03-25 20:00:00,141.67996
2011-03-25 21:00:00,146.23349
2011-03-25 22:00:00,153.33646
2011-03-25 23:00:00,138.92882
2011-03-26 00:00:00,131.22139
2011-03-26 01:00:00,126.001495
2011-03-26 02:00:00,92.31248
2011-03-26 03:00:00,73.4744
2011-03-26 04:00:00,92.31246
2011-03-26 05:00:00,64.48605
2011-03-26 06:00:00,47.912792
2011-03-26 07:00:00,64.48606
2011-03-26 08:00:00,84.99151
2011-03-26 09:00:00,99.27609
2011-03-26 10:00:00,111.414566
2011-03-26 11:00:00,125.69914
2011-03-26 12:00:00,142.31657
2011-03-26 13:00:00,161.1547
2011-03-26 14:00:00,177.72795
2011-03-26 15:00:00,179.4572
2011-03-26 16:00:00,192.9397
2011-03-26 17:00:00,181.37842
2011-03-26 18:00:00,186.55847
2011-03-26 19:00:00,124.80599
2011-03-26 20:00:00,124.80599
2011-03-26 21:00:00,110.4179
2011-03-26 22:00:00,129.25603
2011-03-26 23:00:00,117.738884
2011-03-27 00:00:00,112.62083
2011-03-27 01:00:00,78.57352
2011-03-27 02:00:00,71.77799
2011-03-27 03:00:00,31.004686
2011-03-27 04:00:00,9.416825
2011-03-27 06:00:00,-29.686615
2011-03-27 07:00:00,-31.41584
2011-03-27 08:00:00,28.592136
2011-03-27 09:00:00,60.273617
2011-03-27 10:00:00,68.800865
2011-03-27 11:00:00,89.30631
2011-03-27 12:00:00,114.97144
2011-03-27 13:00:00,140.12886
2011-03-27 14:00:00,151.64601
2011-03-27 15:00:00,163.50528
2011-03-27 16:00:00,138.67711
2011-03-27 17:00:00,170.18716
2011-03-27 18:00:00,149.05779
2011-03-27 19:00:00,158.10551
2011-03-27 20:00:00,130.19333
2011-03-27 21:00:00,111.414566
2011-03-27 22:00:00,111.414566
2011-03-27 23:00:00,109.21165
2011-03-28 00:00:00,77.072876
2011-03-28 01:00:00,101.79078
2011-03-28 02:00:00,97.25247
2011-03-28 03:00:00,97.25247
2011-03-28 05:00:00,82.58518
2011-03-28 06:00:00,110.17153
2011-03-28 07:00:00,129.03174
2011-03-28 08:00:00,114.9474
2011-03-28 09:00:00,128.19118
2011-03-28 10:00:00,134.51048
2011-03-28 11:00:00,156.90547
2011-03-28 12:00:00,137.55797
2011-03-28 13:00:00,182.74878
2011-03-28 14:00:00,193.58002
2011-03-28 15:00:00,198.17769
2011-03-28 16:00:00,198.9179
2011-03-28 17:00:00,203.9545
2011-03-28 18:00:00,204.91891
2011-03-28 19:00:00,178.67407
2011-03-28 20:00:00,188.00348
2011-03-28 21:00:00,194.7889
2011-03-28 22:00:00,186.03667
2011-03-28 23:00:00,179.03581
2011-03-29 00:00:00,160.7333
2011-03-29 01:00:00,139.60648
2011-03-29 02:00:00,139.60648
2011-03-29 03:00:00,139.60648
2011-03-29 04:00:00,89.66752
2011-03-29 05:00:00,120.28782
2011-03-29 06:00:00,118.12218
2011-03-29 07:00:00,120.93124
2011-03-29 08:00:00,141.95705
2011-03-29 09:00:00,183.69283
2011-03-29 10:00:00,186.57912
2011-03-29 11:00:00,214.312
2011-03-29 12:00:00,191.61465
2011-03-29 13:00:00,199.46033
2011-03-29 14:00:00,206.50537
2011-03-29 15:00:00,228.44196
2011-03-29 16:00:00,226.09132
2011-03-29 17:00:00,233.61691
2011-03-29 18:00:00,203.1097
2011-03-29 19:00:00,200.64714
2011-03-29 20:00:00,203.1097
2011-03-29 21:00:00,141.01505
2011-03-29 22:00:00,125.28547
2011-03-29 23:00:00,110.56192
2011-03-30 00:00:00,100.97173
2011-03-30 01:00:00,140.21297
2011-03-30 02:00:00,100.97173
2011-03-30 03:00:00,118.94839
2011-03-30 04:00:00,100.97173
2011-03-30 05:00:00,106.28866
2011-03-30 06:00:00,119.20914
2011-03-30 07:00:00,137.52689
2011-03-30 08:00:00,131.34764
2011-03-30 09:00:00,143.1034
2011-03-30 10:00:00,148.44127
2011-03-30 11:00:00,152.9796
2011-03-30 12:00:00,145.63223
2011-03-30 13:00:00,162.309
2011-03-30 14:00:00,167.34564
2011-03-30 15:00:00,53.364677
2011-03-30 16:00:00,39.342285
2011-03-30 17:00:00,1.8772144
2011-03-30 18:00:00,12.5719
2011-03-30 19:00:00,12.5719
2011-03-30 20:00:00,4.947045
2011-03-30 21:00:00,3.2424688
2011-03-30 22:00:00,-0.08957368
2011-03-30 23:00:00,2.6778734
2011-03-31 00:00:00,-0.08957368
2011-03-31 01:00:00,-4.6431146
2011-03-31 02:00:00,-4.6431146
2011-03-31 03:00:00,-0.08957368
2011-03-31 04:00:00,4.448723
2011-03-31 05:00:00,-0.08957368
2011-03-31 06:00:00,4.947045
2011-03-31 07:00:00,4.448723
2011-03-31 08:00:00,-12.487094
2011-03-31 09:00:00,11.992076
2011-03-31 10:00:00,11.992076
2011-03-31 11:00:00,16.767931
2011-03-31 12:00:00,16.767931
2011-03-31 13:00:00,35.02631
2011-03-31 14:00:00,35.026318
2011-03-31 15:00:00,47.42552
2011-03-31 16:00:00,45.720936
2011-03-31 17:00:00,45.720936
2011-03-31 18:00:00,33.820026
2011-03-31 19:00:00,33.820026
2011-03-31 20:00:00,24.130556
2011-03-31 21:00:00,11.023396
2011-03-31 22:00:00,25.859781
2011-03-31 23:00:00,-11.043242
2011-04-20 00:00:00,95.943665
2011-04-20 01:00:00,79.429756
2011-04-20 02:00:00,79.429756
2011-04-20 03:00:00,54.42333
2011-04-20 04:00:00,49.312126
2011-04-20 05:00:00,76.424706
2011-04-20 06:00:00,79.429756
2011-04-20 07:00:00,62.00831
2011-04-20 08:00:00,269.3562
2011-04-20 09:00:00,268.8612
2011-04-20 10:00:00,212.53604
2011-04-20 11:00:00,212.53604
2011-04-20 12:00:00,329.1161
2011-04-20 13:00:00,329.1161
2011-04-20 14:00:00,360.97482
2011-04-20 15:00:00,365.0869
2011-04-20 16:00:00,365.0869
2011-04-20 17:00:00,362.09967
2011-04-20 18:00:00,367.53116
2011-04-20 19:00:00,338.31848
2011-04-20 20:00:00,308.01157
2011-04-20 21:00:00,325.03824
2011-04-20 22:00:00,306.72812
2011-04-20 23:00:00,319.09094
2011-04-21 00:00:00,276.54538
2011-04-21 01:00:00,236.47011
2011-04-21 02:00:00,260.63278
2011-04-21 03:00:00,237.84805
2011-04-21 04:00:00,221.2943
2011-04-21 05:00:00,229.60866
2011-04-21 06:00:00,217.63057
2011-04-21 07:00:00,231.70808
2011-04-21 08:00:00,221.96182
2011-04-21 09:00:00,204.4325
2011-04-21 10:00:00,221.32855
2011-04-21 11:00:00,224.29372
2011-04-21 12:00:00,220.39458
2011-04-21 13:00:00,264.22134
2011-04-21 14:00:00,278.60944
2011-04-21 15:00:00,301.9681
2011-04-21 16:00:00,297.3704
2011-04-21 17:00:00,255.7466
2011-04-21 18:00:00,282.9186
2011-04-21 19:00:00,261.04913
2011-04-21 20:00:00,226.27435
2011-04-21 21:00:00,189.58089
2011-04-21 22:00:00,193.90532
2011-04-21 23:00:00,177.39574
2011-04-22 00:00:00,120.595856
2011-04-22 01:00:00,143.58711
2011-04-22 02:00:00,150.40979
2011-04-22 03:00:00,150.40979
2011-04-22 04:00:00,140.5973
2011-04-22 05:00:00,131.50545
2011-04-22 06:00:00,140.59729
2011-04-22 07:00:00,141.80354
2011-04-22 08:00:00,137.25002
2011-04-22 09:00:00,120.97791
2011-04-22 10:00:00,121.802124
2011-04-22 11:00:00,106.435165
2011-04-22 12:00:00,74.87251
2011-04-22 13:00:00,59.24646
2011-04-22 14:00:00,62.055523
2011-04-22 15:00:00,59.24646
2011-04-22 16:00:00,50.154633
2011-04-22 17:00:00,36.449757
2011-04-22 18:00:00,36.449757
2011-04-22 19:00:00,36.449757
2011-04-22 20:00:00,49.932217
2011-04-22 21:00:00,26.097372
2011-04-22 22:00:00,5.814275
2011-04-22 23:00:00,30.873236
2011-04-23 00:00:00,13.577387
2011-04-23 01:00:00,13.577387
2011-04-23 02:00:00,11.974585
2011-04-23 03:00:00,5.167094
2011-04-23 04:00:00,5.389448
2011-04-23 05:00:00,5.389448
2011-04-23 06:00:00,16.58239
2011-04-23 07:00:00,17.788656
2011-04-23 08:00:00,31.47308
2011-04-23 09:00:00,78.253136
2011-04-23 10:00:00,95.50287
2011-04-23 11:00:00,110.6312
2011-04-23 12:00:00,172.91827
2011-04-23 13:00:00,168.37996
2011-04-23 14:00:00,197.77504
2011-04-23 15:00:00,233.71452
2011-04-23 16:00:00,217.79996
2011-04-23 17:00:00,224.62265
2011-04-23 18:00:00,172.76868
2011-04-23 19:00:00,167.59369
2011-04-23 20:00:00,145.46768
2011-04-23 21:00:00,168.79999
2011-04-23 22:00:00,183.06677
2011-04-23 23:00:00,131.83752
2011-04-24 00:00:00,143.37357
2011-04-24 01:00:00,119.999664
2011-04-24 02:00:00,119.999664
2011-04-24 03:00:00,90.61784
2011-04-24 04:00:00,90.61784
2011-04-24 05:00:00,90.61784
2011-04-24 06:00:00,64.69625
2011-04-24 07:00:00,64.69625
2011-04-24 08:00:00,118.655655
2011-04-24 09:00:00,151.80473
2011-04-24 10:00:00,182.09808
2011-04-24 11:00:00,229.4282
2011-04-24 12:00:00,255.19688
2011-04-24 13:00:00,283.02332
2011-04-24 14:00:00,298.83426
2011-04-24 15:00:00,256.60022
2011-04-24 16:00:00,330.2541
2011-04-24 17:00:00,254.43463
2011-04-24 18:00:00,217.45012
2011-04-24 19:00:00,185.1345
2011-04-24 20:00:00,185.1345
2011-04-24 21:00:00,119.56133
2011-04-24 22:00:00,106.078835
2011-04-24 23:00:00,94.71784
2011-04-25 00:00:00,81.19493
2011-04-25 01:00:00,100.01272
2011-04-25 02:00:00,100.01272
2011-04-25 03:00:00,88.318245
2011-04-25 04:00:00,79.988655
2011-04-25 05:00:00,57.275436
2011-04-25 06:00:00,72.403725
2011-04-25 07:00:00,93.63404
2011-04-25 08:00:00,136.79019
2011-04-25 09:00:00,167.69217
2011-04-25 10:00:00,225.26106
2011-04-25 11:00:00,225.26106
2011-04-25 12:00:00,235.09561
2011-04-25 13:00:00,265.90933
2011-04-25 14:00:00,298.2121
2011-04-25 15:00:00,306.21393
2011-04-25 16:00:00,311.08002
2011-04-25 17:00:00,301.98822
2011-04-25 18:00:00,296.79547
2011-04-25 19:00:00,284.6722
2011-04-25 20:00:00,268.8612
2011-04-25 21:00:00,237.52715
2011-04-25 22:00:00,227.77658
2011-04-25 23:00:00,194.1215
2011-04-26 00:00:00,242.08067
2011-04-26 01:00:00,226.76796
2011-04-26 02:00:00,182.12384
2011-04-26 03:00:00,156.52238
2011-04-26 04:00:00,170.74757
2011-04-26 05:00:00,151.96889
2011-04-26 06:00:00,154.97386
2011-04-26 07:00:00,185.15526
2011-04-26 08:00:00,185.15526
2011-04-26 09:00:00,245.71388
2011-04-26 10:00:00,262.2455
2011-04-26 11:00:00,283.37234
2011-04-26 12:00:00,304.44232
2011-04-26 13:00:00,340.3122
2011-04-26 14:00:00,305.1384
2011-04-26 15:00:00,295.35046
2011-04-26 16:00:00,306.64532
2011-04-26 17:00:00,287.8071
2011-04-26 18:00:00,292.46417
2011-04-26 19:00:00,254.80573
2011-04-26 20:00:00,245.71388
2011-04-26 21:00:00,215.53255
2011-04-26 22:00:00,177.9903
2011-04-26 23:00:00,182.54384
2011-04-27 00:00:00,181.3376
2011-04-27 01:00:00,185.8759
2011-04-27 02:00:00,167.09714
2011-04-27 03:00:00,172.85692
2011-04-27 04:00:00,141.49141
2011-04-27 05:00:00,147.23595
2011-04-27 06:00:00,146.02974
2011-04-27 07:00:00,172.85692
2011-04-27 08:00:00,179.67963
2011-04-27 09:00:00,194.57034
2011-04-27 10:00:00,199.22066
2011-04-27 11:00:00,217.99936
2011-04-27 12:00:00,231.20076
2011-04-27 13:00:00,219.06227
2011-04-27 14:00:00,247.23412
2011-04-27 15:00:00,306.815
2011-04-27 16:00:00,279.68024
2011-04-27 17:00:00,231.46974
2011-04-27 18:00:00,231.46974
2011-04-27 19:00:00,215.53255
2011-04-27 20:00:00,206.09761
2011-04-27 21:00:00,180.45459
2011-04-27 22:00:00,188.48352
2011-04-27 23:00:00,193.02187
2011-04-28 00:00:00,228.1541
2011-04-28 01:00:00,215.13518
2011-04-28 02:00:00,224.22702
2011-04-28 03:00:00,233.9139
2011-04-28 04:00:00,219.67348
2011-04-28 05:00:00,215.13518
2011-04-28 06:00:00,245.2749
2011-04-28 07:00:00,243.00577
2011-04-28 08:00:00,250.59073
2011-04-28 09:00:00,189.68982
2011-04-28 10:00:00,181.66084
2011-04-28 11:00:00,199.22066
2011-04-28 12:00:00,212.18526
2011-04-28 13:00:00,201.48979
2011-04-28 14:00:00,200.28352
2011-04-28 15:00:00,257.70724
2011-04-28 16:00:00,210.97899
2011-04-28 17:00:00,310.42078
2011-04-28 18:00:00,310.42078
2011-04-28 19:00:00,309.0567
2011-04-28 20:00:00,263.67746
2011-04-28 21:00:00,235.70592
2011-04-28 22:00:00,234.96324
2011-04-28 23:00:00,237.0847
2011-04-29 00:00:00,259.04443
2011-04-29 01:00:00,208.43231
2011-04-29 02:00:00,155.12575
2011-04-29 03:00:00,161.84492
2011-04-29 04:00:00,186.62901
2011-04-29 05:00:00,195.61732
2011-04-29 06:00:00,237.977
2011-04-29 07:00:00,238.65779
2011-04-29 08:00:00,268.89853
2011-04-29 09:00:00,273.45206
2011-04-29 10:00:00,271.9256
2011-04-29 11:00:00,307.6705
2011-04-29 12:00:00,278.6668
2011-04-29 13:00:00,280.93597
2011-04-29 14:00:00,330.3264
2011-04-29 15:00:00,275.401
2011-04-29 16:00:00,272.45538
2011-04-29 17:00:00,262.68274
2011-04-29 18:00:00,250.18169
2011-04-29 19:00:00,207.2006
2011-04-29 20:00:00,214.60056
2011-04-29 21:00:00,195.72086
2011-04-29 22:00:00,160.3247
2011-04-29 23:00:00,166.74324
2011-04-30 00:00:00,184.02696
2011-04-30 01:00:00,170.3968
2011-04-30 02:00:00,179.48866
2011-04-30 03:00:00,167.35014
2011-04-30 04:00:00,171.90367
2011-04-30 05:00:00,195.70381
2011-04-30 06:00:00,163.25758
2011-04-30 07:00:00,188.1605
2011-04-30 08:00:00,174.51508
2011-04-30 09:00:00,205.47649
2011-04-30 10:00:00,240.88785
2011-04-30 11:00:00,248.37181
2011-04-30 12:00:00,260.51028
2011-04-30 13:00:00,261.19113
2011-04-30 14:00:00,249.83012
2011-04-30 15:00:00,248.2222
2011-04-30 16:00:00,264.899
2011-04-30 17:00:00,234.73973
2011-04-30 18:00:00,227.19643
2011-04-30 19:00:00,227.19643
2011-04-30 20:00:00,146.66032
2011-04-30 21:00:00,146.66032
2011-04-30 22:00:00,130.8866
2011-04-30 23:00:00,130.8866
2011-05-20 00:00:00,83.19704
2011-05-20 01:00:00,56.069168
2011-05-20 02:00:00,62.171185
2011-05-20 03:00:00,48.525818
2011-05-20 04:00:00,75.65367
2011-05-20 05:00:00,77.92284
2011-05-20 06:00:00,98.94866
2011-05-20 07:00:00,147.88669
2011-05-20 08:00:00,158.27394
2011-05-20 09:00:00,192.3722
2011-05-20 10:00:00,204.3503
2011-05-20 11:00:00,222.12987
2011-05-20 12:00:00,272.96768
2011-05-20 13:00:00,278.72742
2011-05-20 14:00:00,275.22485
2011-05-20 15:00:00,263.87585
2011-05-20 16:00:00,266.07877
2011-05-20 17:00:00,241.12668
2011-05-20 18:00:00,258.13123
2011-05-20 19:00:00,196.03593
2011-05-20 20:00:00,198.30508
2011-05-20 21:00:00,190.72015
2011-05-20 22:00:00,147.03853
2011-05-20 23:00:00,166.70708
2011-05-21 00:00:00,138.67238
2011-05-21 01:00:00,133.99326
2011-05-21 02:00:00,149.90779
2011-05-21 03:00:00,112.30869
2011-05-21 04:00:00,95.77954
2011-05-21 05:00:00,91.24125
2011-05-21 06:00:00,124.390305
2011-05-21 07:00:00,159.78398
2011-05-21 08:00:00,201.29994
2011-05-21 09:00:00,235.25629
2011-05-21 10:00:00,225.07437
2011-05-21 11:00:00,255.13264
2011-05-21 12:00:00,242.68163
2011-05-21 13:00:00,262.7625
2011-05-21 14:00:00,277.04712
2011-05-21 15:00:00,308.94235
2011-05-21 16:00:00,323.6311
2011-05-21 17:00:00,303.25977
2011-05-21 18:00:00,288.97516
2011-05-21 19:00:00,282.01416
2011-05-21 20:00:00,209.15982
2011-05-21 21:00:00,225.07437
2011-05-21 22:00:00,204.05106
2011-05-21 23:00:00,156.86937
2011-05-22 00:00:00,130.63129
2011-05-22 01:00:00,105.010284
2011-05-22 02:00:00,100.47197
2011-05-22 03:00:00,79.404526
2011-05-22 04:00:00,63.490005
2011-05-22 05:00:00,79.404526
2011-05-22 06:00:00,100.47197
2011-05-22 07:00:00,121.539444
2011-05-22 08:00:00,188.25526
2011-05-22 09:00:00,207.09772
2011-05-22 10:00:00,221.88492
2011-05-22 11:00:00,278.3662
2011-05-22 12:00:00,293.89868
2011-05-22 13:00:00,268.99774
2011-05-22 14:00:00,223.14041
2011-05-22 15:00:00,244.17638
2011-05-22 16:00:00,246.00151
2011-05-22 17:00:00,278.46973
2011-05-22 18:00:00,252.06195
2011-05-22 19:00:00,247.50842
2011-05-22 20:00:00,226.43843
2011-05-22 21:00:00,205.41515
2011-05-22 22:00:00,159.98476
2011-05-22 23:00:00,153.64767
2011-05-23 00:00:00,142.53477
2011-05-23 01:00:00,136.79019
2011-05-23 02:00:00,148.29457
2011-05-23 03:00:00,127.26875
2011-05-23 04:00:00,101.05606
2011-05-23 05:00:00,101.05606
2011-05-23 06:00:00,87.57359
2011-05-23 07:00:00,124.51396
2011-05-23 08:00:00,159.26585
2011-05-23 09:00:00,163.8194
2011-05-23 10:00:00,241.9183
2011-05-23 11:00:00,274.38403
2011-05-23 12:00:00,274.38403
2011-05-23 13:00:00,327.51813
2011-05-23 14:00:00,333.18378
2011-05-23 15:00:00,321.82278
2011-05-23 16:00:00,299.0855
2011-05-23 17:00:00,295.9605
2011-05-23 18:00:00,261.1018
2011-05-23 19:00:00,252.00998
2011-05-23 20:00:00,190.18307
2011-05-23 21:00:00,176.70059
2011-05-23 22:00:00,151.59746
2011-05-23 23:00:00,168.01549
2011-05-24 00:00:00,134.38249
2011-05-24 01:00:00,129.84416
2011-05-24 02:00:00,134.38249
2011-05-24 03:00:00,132.0989
2011-05-24 04:00:00,145.63568
2011-05-24 05:00:00,154.8209
2011-05-24 06:00:00,145.72902
2011-05-24 07:00:00,205.56024
2011-05-24 08:00:00,191.33507
2011-05-24 09:00:00,221.91385
2011-05-24 10:00:00,290.81216
2011-05-24 11:00:00,306.21393
2011-05-24 12:00:00,352.24615
2011-05-24 13:00:00,337.11594
2011-05-24 14:00:00,341.66946
2011-05-24 15:00:00,335.4656
2011-05-24 16:00:00,237.23921
2011-05-24 17:00:00,256.71396
2011-05-24 18:00:00,250.12038
2011-05-24 19:00:00,226.00378
2011-05-24 20:00:00,210.10443
2011-05-24 21:00:00,187.24841
2011-05-24 22:00:00,173.77525
2011-05-24 23:00:00,223.87799
2011-05-25 00:00:00,183.75012
2011-05-25 01:00:00,171.65326
2011-05-25 02:00:00,108.5994
2011-05-25 03:00:00,106.82019
2011-05-25 04:00:00,102.28185
2011-05-25 05:00:00,134.52106
2011-05-25 06:00:00,121.03856
2011-05-25 07:00:00,204.03075
2011-05-25 08:00:00,234.24942
2011-05-25 09:00:00,237.91313
2011-05-25 10:00:00,254.44485
2011-05-25 11:00:00,285.7611
2011-05-25 12:00:00,289.863
2011-05-25 13:00:00,289.863
2011-05-25 14:00:00,294.41656
2011-05-25 15:00:00,322.3729
2011-05-25 16:00:00,315.30576
2011-05-25 17:00:00,306.21393
2011-05-25 18:00:00,289.22382
2011-05-25 19:00:00,261.25226
2011-05-25 20:00:00,265.80585
2011-05-25 21:00:00,228.14732
2011-05-25 22:00:00,246.33102
2011-05-25 23:00:00,211.61569
2011-05-26 00:00:00,211.61569
2011-05-26 01:00:00,211.61569
2011-05-26 02:00:00,170.73885
2011-05-26 03:00:00,143.36655
2011-05-26 04:00:00,129.72113
2011-05-26 05:00:00,144.57281
2011-05-26 06:00:00,98.67628
2011-05-26 07:00:00,157.34203
2011-05-26 08:00:00,196.16522
2011-05-26 09:00:00,259.44977
2011-05-26 10:00:00,261.1018
2011-05-26 11:00:00,285.1149
2011-05-26 12:00:00,338.17
2011-05-26 13:00:00,362.2052
2011-05-26 14:00:00,362.2052
2011-05-26 15:00:00,370.6112
2011-05-26 16:00:00,367.64594
2011-05-26 17:00:00,355.5372
2011-05-26 18:00:00,362.3599
2011-05-26 19:00:00,348.4922
2011-05-26 20:00:00,280.13196
2011-05-26 21:00:00,266.06546
2011-05-26 22:00:00,252.26396
2011-05-26 23:00:00,261.35574
2011-05-27 00:00:00,253.91597
2011-05-27 01:00:00,292.99988
2011-05-27 02:00:00,267.35428
2011-05-27 03:00:00,230.32819
2011-05-27 04:00:00,220.60403
2011-05-27 05:00:00,252.32956
2011-05-27 06:00:00,213.79654
2011-05-27 07:00:00,216.1692
2011-05-27 08:00:00,239.64914
2011-05-27 09:00:00,275.00116
2011-05-27 10:00:00,323.21848
2011-05-27 11:00:00,320.62918
2011-05-27 12:00:00,323.66055
2011-05-27 13:00:00,292.21362
2011-05-27 14:00:00,315.6316
2011-05-27 15:00:00,341.211
2011-05-27 16:00:00,337.30594
2011-05-27 17:00:00,321.77356
2011-05-27 18:00:00,299.0855
2011-05-27 19:00:00,205.84822
2011-05-27 20:00:00,218.8824
2011-05-27 21:00:00,163.15385
2011-05-27 22:00:00,185.25198
2011-05-27 23:00:00,148.91345
2011-05-28 00:00:00,141.20602
2011-05-28 01:00:00,150.29788
2011-05-28 02:00:00,129.23042
2011-05-28 03:00:00,147.26646
2011-05-28 04:00:00,151.80473
2011-05-28 05:00:00,147.26646
2011-05-28 06:00:00,170.62514
2011-05-28 07:00:00,178.16846
2011-05-28 08:00:00,194.17975
2011-05-28 09:00:00,222.09196
2011-05-28 10:00:00,258.2019
2011-05-28 11:00:00,258.2019
2011-05-28 12:00:00,286.05466
2011-05-28 13:00:00,278.81085
2011-05-28 14:00:00,289.05975
2011-05-28 15:00:00,295.80096
2011-05-28 16:00:00,312.47772
2011-05-28 17:00:00,307.162
2011-05-28 18:00:00,283.34918
2011-05-28 19:00:00,253.64836
2011-05-28 20:00:00,258.2019
2011-05-28 21:00:00,234.21089
2011-05-28 22:00:00,207.5788
2011-05-28 23:00:00,177.92213
2011-05-29 00:00:00,182.47566
2011-05-29 01:00:00,154.56345
2011-05-29 02:00:00,145.47163
2011-05-29 03:00:00,145.47163
2011-05-29 04:00:00,135.65907
2011-05-29 05:00:00,120.930435
2011-05-29 06:00:00,160.30801
2011-05-29 07:00:00,169.3999
2011-05-29 08:00:00,164.86157
2011-05-29 09:00:00,149.6346
2011-05-29 10:00:00,197.54965
2011-05-29 11:00:00,206.64146
2011-05-29 12:00:00,245.50885
2011-05-29 13:00:00,269.926
2011-05-29 14:00:00,277.51096
2011-05-29 15:00:00,279.78006
2011-05-29 16:00:00,277.51096
2011-05-29 17:00:00,277.51096
2011-05-29 18:00:00,267.26205
2011-05-29 19:00:00,262.70853
2011-05-29 20:00:00,228.51361
2011-05-29 21:00:00,201.11925
2011-05-29 22:00:00,162.8911
2011-05-29 23:00:00,167.44464
2011-05-30 00:00:00,143.43407
2011-05-30 01:00:00,134.3422
2011-05-30 02:00:00,143.43407
2011-05-30 03:00:00,143.43407
2011-05-30 04:00:00,131.3524
2011-05-30 05:00:00,123.466835
2011-05-30 06:00:00,128.741
2011-05-30 07:00:00,115.09561
2011-05-30 08:00:00,156.1133
2011-05-30 09:00:00,234.27168
2011-05-30 10:00:00,332.2139
2011-05-30 11:00:00,307.86197
2011-05-30 12:00:00,350.1402
2011-05-30 13:00:00,348.32944
2011-05-30 14:00:00,353.4628
2011-05-30 15:00:00,392.09937
2011-05-30 16:00:00,394.8643
2011-05-30 17:00:00,375.52356
2011-05-30 18:00:00,366.43173
2011-05-30 19:00:00,201.59825
2011-05-30 20:00:00,265.38342
2011-05-30 21:00:00,251.32802
2011-05-30 22:00:00,245.63264
2011-05-30 23:00:00,200.20226
2011-05-31 00:00:00,220.32175
2011-05-31 01:00:00,183.98315
2011-05-31 02:00:00,160.56938
2011-05-31 03:00:00,126.24882
2011-05-31 04:00:00,183.59798
2011-05-31 05:00:00,183.59798
2011-05-31 06:00:00,206.45398
2011-05-31 07:00:00,266.9312
2011-05-31 08:00:00,308.61014
2011-05-31 09:00:00,325.18344
2011-05-31 10:00:00,336.80405
2011-05-31 11:00:00,345.37878
2011-05-31 12:00:00,365.8317
2011-05-31 13:00:00,403.49014
2011-05-31 14:00:00,376.69513
2011-05-31 15:00:00,401.7015
2011-05-31 16:00:00,398.93658
2011-05-31 17:00:00,364.73407
2011-05-31 18:00:00,360.1805
2011-05-31 19:00:00,297.33057
2011-05-31 20:00:00,297.33057
2011-05-31 21:00:00,280.79895
2011-05-31 22:00:00,267.03467
2011-05-31 23:00:00,234.18942
2011-06-20 00:00:00,194.95895
2011-06-20 01:00:00,156.24773
2011-06-20 02:00:00,156.24773
2011-06-20 03:00:00,145.01491
2011-06-20 04:00:00,164.68343
2011-06-20 05:00:00,177.68967
2011-06-20 06:00:00,187.6645
2011-06-20 07:00:00,152.83287
2011-06-20 08:00:00,164.06828
2011-06-20 09:00:00,204.64195
2011-06-20 10:00:00,204.64195
2011-06-20 11:00:00,181.91997
2011-06-20 12:00:00,216.01143
2011-06-20 13:00:00,225.05403
2011-06-20 14:00:00,241.58568
2011-06-20 15:00:00,246.12398
2011-06-20 16:00:00,272.54703
2011-06-20 17:00:00,256.529
2011-06-20 18:00:00,279.43597
2011-06-20 19:00:00,250.78105
2011-06-20 20:00:00,241.79271
2011-06-20 21:00:00,216.16922
2011-06-20 22:00:00,226.46732
2011-06-20 23:00:00,210.97899
2011-06-21 00:00:00,212.40038
2011-06-21 01:00:00,214.81293
2011-06-21 02:00:00,197.29475
2011-06-21 03:00:00,197.29475
2011-06-21 04:00:00,161.89345
2011-06-21 05:00:00,166.4318
2011-06-21 06:00:00,166.4318
2011-06-21 07:00:00,119.889275
2011-06-21 08:00:00,169.43686
2011-06-21 09:00:00,192.15881
2011-06-21 10:00:00,201.88736
2011-06-21 11:00:00,210.0105
2011-06-21 12:00:00,257.9696
2011-06-21 13:00:00,291.0746
2011-06-21 14:00:00,316.6981
2011-06-21 15:00:00,341.84537
2011-06-21 16:00:00,351.17477
2011-06-21 17:00:00,327.90192
2011-06-21 18:00:00,310.79044
2011-06-21 19:00:00,289.6788
2011-06-21 20:00:00,293.59064
2011-06-21 21:00:00,276.37564
2011-06-21 22:00:00,237.64235
2011-06-21 23:00:00,248.87782
2011-06-22 00:00:00,225.78421
2011-06-22 01:00:00,216.69234
2011-06-22 02:00:00,196.2395
2011-06-22 03:00:00,216.69234
2011-06-22 04:00:00,171.13637
2011-06-22 05:00:00,157.65388
2011-06-22 06:00:00,185.00412
2011-06-22 07:00:00,221.72786
2011-06-22 08:00:00,262.74545
2011-06-22 09:00:00,260.60193
2011-06-22 10:00:00,295.7163
2011-06-22 11:00:00,282.0862
2011-06-22 12:00:00,352.38098
2011-06-22 13:00:00,371.2455
2011-06-22 14:00:00,378.46298
2011-06-22 15:00:00,375.799
2011-06-22 16:00:00,382.16333
2011-06-22 17:00:00,380.09296
2011-06-22 18:00:00,356.91928
2011-06-22 19:00:00,360.04175
2011-06-22 20:00:00,274.82715
2011-06-22 21:00:00,268.1453
2011-06-22 22:00:00,266.3465
2011-06-22 23:00:00,270.90005
2011-06-23 00:00:00,269.6938
2011-06-23 01:00:00,280.92917
2011-06-23 02:00:00,280.92917
2011-06-23 03:00:00,273.0436
2011-06-23 04:00:00,243.38701
2011-06-23 05:00:00,271.83737
2011-06-23 06:00:00,271.83737
2011-06-23 07:00:00,268.4901
2011-06-23 08:00:00,287.83078
2011-06-23 09:00:00,278.73895
2011-06-23 10:00:00,301.59506
2011-06-23 11:00:00,320.98495
2011-06-23 12:00:00,324.33224
2011-06-23 13:00:00,326.99615
2011-06-23 14:00:00,326.6014
2011-06-23 15:00:00,354.54523
2011-06-23 16:00:00,315.3976
2011-06-23 17:00:00,305.25223
2011-06-23 18:00:00,313.1378
2011-06-23 19:00:00,304.04596
2011-06-23 20:00:00,267.06146
2011-06-23 21:00:00,262.508
2011-06-23 22:00:00,268.26776
2011-06-23 23:00:00,276.15332
2011-06-24 00:00:00,237.40486
2011-06-24 01:00:00,235.01689
2011-06-24 02:00:00,235.01689
2011-06-24 03:00:00,210.0105
2011-06-24 04:00:00,198.64948
2011-06-24 05:00:00,171.29927
2011-06-24 06:00:00,205.45691
2011-06-24 07:00:00,220.3086
2011-06-24 08:00:00,267.06146
2011-06-24 09:00:00,289.18494
2011-06-24 10:00:00,377.32996
2011-06-24 11:00:00,389.06363
2011-06-24 12:00:00,375.4997
2011-06-24 13:00:00,377.6433
2011-06-24 14:00:00,363.46228
2011-06-24 15:00:00,414.7288
2011-06-24 16:00:00,407.64642
2011-06-24 17:00:00,358.52344
2011-06-24 18:00:00,365.34616
2011-06-24 19:00:00,339.659
2011-06-24 20:00:00,318.07117
2011-06-24 21:00:00,305.51584
2011-06-24 22:00:00,285.06302
2011-06-24 23:00:00,291.23126
2011-06-25 00:00:00,297.06567
2011-06-25 01:00:00,282.73944
2011-06-25 02:00:00,288.48407
2011-06-25 03:00:00,270.2877
2011-06-25 04:00:00,270.2877
2011-06-25 05:00:00,244.6642
2011-06-25 06:00:00,274.84122
2011-06-25 07:00:00,283.93307
2011-06-25 08:00:00,315.99213
2011-06-25 09:00:00,323.9939
2011-06-25 10:00:00,314.90204
2011-06-25 11:00:00,299.68353
2011-06-25 12:00:00,341.04337
2011-06-25 13:00:00,341.04337
2011-06-25 14:00:00,338.40152
2011-06-25 15:00:00,292.94226
2011-06-25 16:00:00,350.439
2011-06-25 17:00:00,333.78174
2011-06-25 18:00:00,323.9939
2011-06-25 19:00:00,328.13055
2011-06-25 20:00:00,306.9002
2011-06-25 21:00:00,288.07736
2011-06-25 22:00:00,301.604
2011-06-25 23:00:00,304.39862
2011-06-26 00:00:00,249.73137
2011-06-26 01:00:00,265.64587
2011-06-26 02:00:00,255.39697
2011-06-26 03:00:00,232.12407
2011-06-26 04:00:00,229.85495
2011-06-26 05:00:00,216.20953
2011-06-26 06:00:00,216.20953
2011-06-26 07:00:00,224.21135
2011-06-26 08:00:00,261.29938
2011-06-26 09:00:00,262.3902
2011-06-26 10:00:00,300.855
2011-06-26 11:00:00,305.8102
2011-06-26 12:00:00,322.85968
2011-06-26 13:00:00,297.85333
2011-06-26 14:00:00,318.30615
2011-06-26 15:00:00,297.85333
2011-06-26 16:00:00,329.2282
2011-06-26 17:00:00,318.31125
2011-06-26 18:00:00,325.2002
2011-06-26 19:00:00,306.5996
2011-06-26 20:00:00,294.47635
2011-06-26 21:00:00,280.99384
2011-06-26 22:00:00,270.61432
2011-06-26 23:00:00,277.51843
2011-06-27 00:00:00,251.81694
2011-06-27 01:00:00,209.05315
2011-06-27 02:00:00,210.25935
2011-06-27 03:00:00,210.25935
2011-06-27 04:00:00,188.50356
2011-06-27 05:00:00,196.08844
2011-06-27 06:00:00,213.60664
2011-06-27 07:00:00,241.51892
2011-06-27 08:00:00,241.05528
2011-06-27 09:00:00,280.37167
2011-06-27 10:00:00,300.82455
2011-06-27 11:00:00,263.79846
2011-06-27 12:00:00,280.37167
2011-06-27 13:00:00,305.4816
2011-06-27 14:00:00,285.02875
2011-06-27 15:00:00,285.668
2011-06-27 16:00:00,300.37625
2011-06-27 17:00:00,304.91455
2011-06-27 18:00:00,287.16727
2011-06-27 19:00:00,297.0163
2011-06-27 20:00:00,262.77713
2011-06-27 21:00:00,246.86261
2011-06-27 22:00:00,230.33092
2011-06-27 23:00:00,230.33092
2011-06-28 00:00:00,217.89864
2011-06-28 01:00:00,211.5106
2011-06-28 02:00:00,212.71686
2011-06-28 03:00:00,212.71686
2011-06-28 04:00:00,211.5106
2011-06-28 05:00:00,196.2395
2011-06-28 06:00:00,210.0105
2011-06-28 07:00:00,228.4165
2011-06-28 08:00:00,246.73422
2011-06-28 09:00:00,257.0799
2011-06-28 10:00:00,351.94653
2011-06-28 11:00:00,341.2664
2011-06-28 12:00:00,380.66083
2011-06-28 13:00:00,347.0211
2011-06-28 14:00:00,394.98703
2011-06-28 15:00:00,367.63004
2011-06-28 16:00:00,403.62036
2011-06-28 17:00:00,377.0053
2011-06-28 18:00:00,367.6539
2011-06-28 19:00:00,349.39227
2011-06-28 20:00:00,268.73212
2011-06-28 21:00:00,309.2582
2011-06-28 22:00:00,281.08646
2011-06-28 23:00:00,278.8173
2011-06-29 00:00:00,252.25648
2011-06-29 01:00:00,253.31935
2011-06-29 02:00:00,219.10231
2011-06-29 03:00:00,202.1249
2011-06-29 04:00:00,200.91864
2011-06-29 05:00:00,200.68109
2011-06-29 06:00:00,268.2052
2011-06-29 07:00:00,305.67877
2011-06-29 08:00:00,328.25308
2011-06-29 09:00:00,352.16943
2011-06-29 10:00:00,350.58102
2011-06-29 11:00:00,358.4793
2011-06-29 12:00:00,363.0176
2011-06-29 13:00:00,398.51047
2011-06-29 14:00:00,378.04236
2011-06-29 15:00:00,383.2945
2011-06-29 16:00:00,421.93106
2011-06-29 17:00:00,430.91934
2011-06-29 18:00:00,398.45105
2011-06-29 19:00:00,383.48572
2011-06-29 20:00:00,357.76123
2011-06-29 21:00:00,340.64548
2011-06-29 22:00:00,321.80737
2011-06-29 23:00:00,309.31143
2011-06-30 00:00:00,290.44696
2011-06-30 01:00:00,277.89157
2011-06-30 02:00:00,267.6427
2011-06-30 03:00:00,257.91168
2011-06-30 04:00:00,217.89493
2011-06-30 05:00:00,236.07863
2011-06-30 06:00:00,262.55353
2011-06-30 07:00:00,266.017
2011-06-30 08:00:00,313.86493
2011-06-30 09:00:00,326.3609
2011-06-30 10:00:00,329.3507
2011-06-30 11:00:00,332.75485
2011-06-30 12:00:00,349.38742
2011-06-30 13:00:00,358.4199
2011-06-30 14:00:00,370.45746
2011-06-30 15:00:00,386.749
2011-06-30 16:00:00,380.18594
2011-06-30 17:00:00,404.45215
2011-06-30 18:00:00,376.50012
2011-06-30 19:00:00,350.83502
2011-06-30 20:00:00,350.83502
2011-06-30 21:00:00,326.95593
2011-06-30 22:00:00,317.2691
2011-06-30 23:00:00,265.44052
2011-07-20 00:00:00,226.40701
2011-07-20 01:00:00,210.49245
2011-07-20 02:00:00,210.49245
2011-07-20 03:00:00,226.40701
2011-07-20 04:00:00,198.87178
2011-07-20 05:00:00,214.78635
2011-07-20 06:00:00,202.51012
2011-07-20 07:00:00,227.61324
2011-07-20 08:00:00,254.37431
2011-07-20 09:00:00,270.72522
2011-07-20 10:00:00,270.9476
2011-07-20 11:00:00,328.05798
2011-07-20 12:00:00,330.94427
2011-07-20 13:00:00,374.81512
2011-07-20 14:00:00,393.65323
2011-07-20 15:00:00,385.01984
2011-07-20 16:00:00,345.27042
2011-07-20 17:00:00,374.35666
2011-07-20 18:00:00,378.91022
2011-07-20 19:00:00,356.90552
2011-07-20 20:00:00,340.4358
2011-07-20 21:00:00,338.96054
2011-07-20 22:00:00,325.1963
2011-07-20 23:00:00,304.6314
2011-07-21 00:00:00,296.74588
2011-07-21 01:00:00,273.5324
2011-07-21 02:00:00,273.5324
2011-07-21 03:00:00,264.79803
2011-07-21 04:00:00,247.76373
2011-07-21 05:00:00,247.76373
2011-07-21 06:00:00,247.76373
2011-07-21 07:00:00,259.88702
2011-07-21 08:00:00,289.5437
2011-07-21 09:00:00,339.89755
2011-07-21 10:00:00,364.4981
2011-07-21 11:00:00,408.96405
2011-07-21 12:00:00,429.3015
2011-07-21 13:00:00,424.7479
2011-07-21 14:00:00,448.58276
2011-07-21 15:00:00,438.53415
2011-07-21 16:00:00,455.58368
2011-07-21 17:00:00,458.31128
2011-07-21 18:00:00,437.2218
2011-07-21 19:00:00,409.10742
2011-07-21 20:00:00,377.1596
2011-07-21 21:00:00,366.91068
2011-07-21 22:00:00,354.20004
2011-07-21 23:00:00,334.04953
2011-07-22 00:00:00,355.016
2011-07-22 01:00:00,314.41257
2011-07-22 02:00:00,303.93436
2011-07-22 03:00:00,302.10162
2011-07-22 04:00:00,281.9095
2011-07-22 05:00:00,259.05344
2011-07-22 06:00:00,279.64032
2011-07-22 07:00:00,331.07495
2011-07-22 08:00:00,368.3607
2011-07-22 09:00:00,375.9439
2011-07-22 10:00:00,413.54303
2011-07-22 11:00:00,409.94623
2011-07-22 12:00:00,451.26773
2011-07-22 13:00:00,457.13364
2011-07-22 14:00:00,491.9126
2011-07-22 15:00:00,477.58646
2011-07-22 16:00:00,441.40698
2011-07-22 17:00:00,396.537
2011-07-22 18:00:00,416.75308
2011-07-22 19:00:00,384.75085
2011-07-22 20:00:00,345.27042
2011-07-22 21:00:00,344.58972
2011-07-22 22:00:00,363.2445
2011-07-22 23:00:00,343.95728
2011-07-23 00:00:00,323.6953
2011-07-23 01:00:00,342.27374
2011-07-23 02:00:00,326.35922
2011-07-23 03:00:00,299.7416
2011-07-23 04:00:00,288.143
2011-07-23 05:00:00,295.34528
2011-07-23 06:00:00,332.94437
2011-07-23 07:00:00,328.40604
2011-07-23 08:00:00,379.32196
2011-07-23 09:00:00,365.69177
2011-07-23 10:00:00,394.0208
2011-07-23 11:00:00,413.58395
2011-07-23 12:00:00,420.10425
2011-07-23 13:00:00,434.53394
2011-07-23 14:00:00,405.56143
2011-07-23 15:00:00,409.52762
2011-07-23 16:00:00,429.98047
2011-07-23 17:00:00,429.98047
2011-07-23 18:00:00,437.8711
2011-07-23 19:00:00,344.8959
2011-07-23 20:00:00,357.33508
2011-07-23 21:00:00,357.33508
2011-07-23 22:00:00,338.91382
2011-07-23 23:00:00,325.28363
2011-07-24 00:00:00,325.28363
2011-07-24 01:00:00,302.0108
2011-07-24 02:00:00,320.35056
2011-07-24 03:00:00,320.35056
2011-07-24 04:00:00,302.0108
2011-07-24 05:00:00,299.7416
2011-07-24 06:00:00,321.55682
2011-07-24 07:00:00,329.82193
2011-07-24 08:00:00,366.8853
2011-07-24 09:00:00,382.79993
2011-07-24 10:00:00,402.31885
2011-07-24 11:00:00,376.6164
2011-07-24 12:00:00,409.95892
2011-07-24 13:00:00,386.82114
2011-07-24 14:00:00,395.49612
2011-07-24 15:00:00,424.04758
2011-07-24 16:00:00,424.04758
2011-07-24 17:00:00,401.7424
2011-07-24 18:00:00,396.54968
2011-07-24 19:00:00,377.7293
2011-07-24 20:00:00,365.69177
2011-07-24 21:00:00,327.15805
2011-07-24 22:00:00,286.09616
2011-07-24 23:00:00,278.09183
2011-07-25 00:00:00,272.15387
2011-07-25 01:00:00,280.8466
2011-07-25 02:00:00,257.99057
2011-07-25 03:00:00,243.13889
2011-07-25 04:00:00,244.28833
2011-07-25 05:00:00,244.28833
2011-07-25 06:00:00,245.4946
2011-07-25 07:00:00,244.34517
2011-07-25 08:00:00,267.2012
2011-07-25 09:00:00,313.95413
2011-07-25 10:00:00,330.94427
2011-07-25 11:00:00,375.56296
2011-07-25 12:00:00,375.56296
2011-07-25 13:00:00,276.0334
2011-07-25 14:00:00,266.34653
2011-07-25 15:00:00,269.59705
2011-07-25 16:00:00,244.59071
2011-07-25 17:00:00,246.831
2011-07-25 18:00:00,268.01968
2011-07-25 19:00:00,270.72522
2011-07-25 20:00:00,267.2838
2011-07-25 21:00:00,210.49245
2011-07-25 22:00:00,210.49245
2011-07-25 23:00:00,224.13783
2011-07-26 00:00:00,237.64241
2011-07-26 01:00:00,237.64241
2011-07-26 02:00:00,201.30383
2011-07-26 03:00:00,205.84218
2011-07-26 04:00:00,212.6428
2011-07-26 05:00:00,178.84256
2011-07-26 06:00:00,232.97005
2011-07-26 07:00:00,301.67334
2011-07-26 08:00:00,314.00638
2011-07-26 09:00:00,353.5267
2011-07-26 10:00:00,382.5959
2011-07-26 11:00:00,358.28806
2011-07-26 12:00:00,370.3672
2011-07-26 13:00:00,406.8381
2011-07-26 14:00:00,416.60645
2011-07-26 15:00:00,435.50827
2011-07-26 16:00:00,409.44836
2011-07-26 17:00:00,420.80936
2011-07-26 18:00:00,411.0367
2011-07-26 19:00:00,387.14246
2011-07-26 20:00:00,366.03522
2011-07-26 21:00:00,347.17072
2011-07-26 22:00:00,312.49948
2011-07-26 23:00:00,307.50266
2011-07-27 00:00:00,332.54385
2011-07-27 01:00:00,342.61713
2011-07-27 02:00:00,344.2471
2011-07-27 03:00:00,295.1835
2011-07-27 04:00:00,315.45142
2011-07-27 05:00:00,314.77057
2011-07-27 06:00:00,305.67877
2011-07-27 07:00:00,331.2845
2011-07-27 08:00:00,346.02753
2011-07-27 09:00:00,363.0176
2011-07-27 10:00:00,336.4186
2011-07-27 11:00:00,348.49765
2011-07-27 12:00:00,401.47815
2011-07-27 13:00:00,420.4241
2011-07-27 14:00:00,404.46542
2011-07-27 15:00:00,421.0412
2011-07-27 16:00:00,403.37543
2011-07-27 17:00:00,402.6352
2011-07-27 18:00:00,378.69672
2011-07-27 19:00:00,366.63724
2011-07-27 20:00:00,342.29132
2011-07-27 21:00:00,309.82303
2011-07-27 22:00:00,292.64795
2011-07-27 23:00:00,314.29507
2011-07-28 00:00:00,298.77457
2011-07-28 01:00:00,285.90662
2011-07-28 02:00:00,295.07996
2011-07-28 03:00:00,279.1654
2011-07-28 04:00:00,271.7655
2011-07-28 05:00:00,262.77713
2011-07-28 06:00:00,249.27258
2011-07-28 07:00:00,274.5013
2011-07-28 08:00:00,291.0746
2011-07-28 09:00:00,332.75348
2011-07-28 10:00:00,362.97217
2011-07-28 11:00:00,388.46045
2011-07-28 12:00:00,384.3238
2011-07-28 13:00:00,399.0669
2011-07-28 14:00:00,388.23563
2011-07-28 15:00:00,389.55817
2011-07-28 16:00:00,385.4367
2011-07-28 17:00:00,375.23203
2011-07-28 18:00:00,379.36865
2011-07-28 19:00:00,360.48895
2011-07-28 20:00:00,343.95728
2011-07-28 21:00:00,336.99368
2011-07-28 22:00:00,309.58417
2011-07-28 23:00:00,295.53964
2011-07-29 00:00:00,268.1453
2011-07-29 01:00:00,263.59177
2011-07-29 02:00:00,243.13889
2011-07-29 03:00:00,243.13889
2011-07-29 04:00:00,251.09581
2011-07-29 05:00:00,230.64297
2011-07-29 06:00:00,231.84926
2011-07-29 07:00:00,257.99057
2011-07-29 08:00:00,275.31424
2011-07-29 09:00:00,399.0669
2011-07-29 10:00:00,436.30844
2011-07-29 11:00:00,456.93958
2011-07-29 12:00:00,471.09082
2011-07-29 13:00:00,414.03305
2011-07-29 14:00:00,464.24612
2011-07-29 15:00:00,468.7844
2011-07-29 16:00:00,489.25244
2011-07-29 17:00:00,475.60706
2011-07-29 18:00:00,461.9099
2011-07-29 19:00:00,427.21667
2011-07-29 20:00:00,417.64285
2011-07-29 21:00:00,366.27277
2011-07-29 22:00:00,361.0384
2011-07-29 23:00:00,322.24573
2011-07-30 00:00:00,313.8839
2011-07-30 01:00:00,297.9846
2011-07-30 02:00:00,300.25372
2011-07-30 03:00:00,286.03104
2011-07-30 04:00:00,275.78217
2011-07-30 05:00:00,284.9775
2011-07-30 06:00:00,287.2467
2011-07-30 07:00:00,301.77313
2011-07-30 08:00:00,329.5996
2011-07-30 09:00:00,379.0182
2011-07-30 10:00:00,383.92914
2011-07-30 11:00:00,380.51062
2011-07-30 12:00:00,378.67786
2011-07-30 13:00:00,375.54095
2011-07-30 14:00:00,389.4087
2011-07-30 15:00:00,411.65018
2011-07-30 16:00:00,428.00113
2011-07-30 17:00:00,405.32324
2011-07-30 18:00:00,407.33282
2011-07-30 19:00:00,347.68112
2011-07-30 20:00:00,354.42865
2011-07-30 21:00:00,344.23914
2011-07-30 22:00:00,314.53833
2011-07-30 23:00:00,297.9846
2011-07-31 00:00:00,297.9846
2011-07-31 01:00:00,274.67007
2011-07-31 02:00:00,272.0061
2011-07-31 03:00:00,258.36072
2011-07-31 04:00:00,241.78752
2011-07-31 05:00:00,244.03459
2011-07-31 06:00:00,249.3724
2011-07-31 07:00:00,290.4659
2011-07-31 08:00:00,318.43744
2011-07-31 09:00:00,319.23276
2011-07-31 10:00:00,375.97232
2011-07-31 11:00:00,395.2095
2011-07-31 12:00:00,421.6173
2011-07-31 13:00:00,414.77258
2011-07-31 14:00:00,419.32614
2011-07-31 15:00:00,454.52203
2011-07-31 16:00:00,454.49994
2011-07-31 17:00:00,438.56332
2011-07-31 18:00:00,403.11267
2011-07-31 19:00:00,362.08743
2011-07-31 20:00:00,362.08743
2011-07-31 21:00:00,340.96057
2011-07-31 22:00:00,294.83163
2011-07-31 23:00:00,292.45892
2011-08-20 00:00:00,137.06522
2011-08-20 01:00:00,162.16838
2011-08-20 02:00:00,179.68657
2011-08-20 03:00:00,179.68657
2011-08-20 04:00:00,138.2715
2011-08-20 05:00:00,154.58344
2011-08-20 06:00:00,176.24254
2011-08-20 07:00:00,162.1684
2011-08-20 08:00:00,215.03854
2011-08-20 09:00:00,239.15521
2011-08-20 10:00:00,275.67862
2011-08-20 11:00:00,262.46967
2011-08-20 12:00:00,290.4659
2011-08-20 13:00:00,304.79202
2011-08-20 14:00:00,348.77737
2011-08-20 15:00:00,355.97717
2011-08-20 16:00:00,349.23596
2011-08-20 17:00:00,348.77737
2011-08-20 18:00:00,322.51727
2011-08-20 19:00:00,290.56943
2011-08-20 20:00:00,295.12296
2011-08-20 21:00:00,275.8857
2011-08-20 22:00:00,256.00677
2011-08-20 23:00:00,245.70865
2011-08-21 00:00:00,254.8005
2011-08-21 01:00:00,234.25098
2011-08-21 02:00:00,229.69743
2011-08-21 03:00:00,211.39488
2011-08-21 04:00:00,225.2626
2011-08-21 05:00:00,202.94899
2011-08-21 06:00:00,200.67989
2011-08-21 07:00:00,236.6236
2011-08-21 08:00:00,248.11867
2011-08-21 09:00:00,273.22174
2011-08-21 10:00:00,285.30338
2011-08-21 11:00:00,349.89523
2011-08-21 12:00:00,366.42688
2011-08-21 13:00:00,373.01202
2011-08-21 14:00:00,275.53754
2011-08-21 15:00:00,245.97505
2011-08-21 16:00:00,252.8945
2011-08-21 17:00:00,248.34099
2011-08-21 18:00:00,266.52463
2011-08-21 19:00:00,280.424
2011-08-21 20:00:00,252.65698
2011-08-21 21:00:00,252.65698
2011-08-21 22:00:00,244.77138
2011-08-21 23:00:00,250.26222
2011-08-22 00:00:00,232.86653
2011-08-22 01:00:00,221.5055
2011-08-22 02:00:00,263.98343
2011-08-22 03:00:00,269.728
2011-08-22 04:00:00,268.86392
2011-08-22 05:00:00,286.28534
2011-08-22 06:00:00,286.1819
2011-08-22 07:00:00,290.73544
2011-08-22 08:00:00,290.73544
2011-08-22 09:00:00,302.67365
2011-08-22 10:00:00,328.25308
2011-08-22 11:00:00,367.79544
2011-08-22 12:00:00,375.90076
2011-08-22 13:00:00,398.49716
2011-08-22 14:00:00,387.13617
2011-08-22 15:00:00,373.49078
2011-08-22 16:00:00,387.13617
2011-08-22 17:00:00,384.7856
2011-08-22 18:00:00,376.72437
2011-08-22 19:00:00,362.41772
2011-08-22 20:00:00,330.93854
2011-08-22 21:00:00,320.68967
2011-08-22 22:00:00,336.60413
2011-08-22 23:00:00,321.77966
2011-08-23 00:00:00,306.93314
2011-08-23 01:00:00,260.69302
2011-08-23 02:00:00,246.36684
2011-08-23 03:00:00,260.01218
2011-08-23 04:00:00,225.29684
2011-08-23 05:00:00,229.83516
2011-08-23 06:00:00,220.84683
2011-08-23 07:00:00,293.45062
2011-08-23 08:00:00,264.12567
2011-08-23 09:00:00,280.12933
2011-08-23 10:00:00,303.49814
2011-08-23 11:00:00,326.15387
2011-08-23 12:00:00,312.6493
2011-08-23 13:00:00,342.68555
2011-08-23 14:00:00,340.41638
2011-08-23 15:00:00,351.88095
2011-08-23 16:00:00,342.72968
2011-08-23 17:00:00,351.88095
2011-08-23 18:00:00,347.32736
2011-08-23 19:00:00,299.53876
2011-08-23 20:00:00,296.0753
2011-08-23 21:00:00,247.1899
2011-08-23 22:00:00,267.6427
2011-08-23 23:00:00,252.37161
2011-08-24 00:00:00,267.6427
2011-08-24 01:00:00,248.81984
2011-08-24 02:00:00,208.90657
2011-08-24 03:00:00,208.90657
2011-08-24 04:00:00,185.54794
2011-08-24 05:00:00,185.54794
2011-08-24 06:00:00,169.6334
2011-08-24 07:00:00,237.56238
2011-08-24 08:00:00,234.39497
2011-08-24 09:00:00,253.83922
2011-08-24 10:00:00,305.78223
2011-08-24 11:00:00,324.62466
2011-08-24 12:00:00,334.4745
2011-08-24 13:00:00,365.09473
2011-08-24 14:00:00,365.09473
2011-08-24 15:00:00,369.6483
2011-08-24 16:00:00,362.43076
2011-08-24 17:00:00,353.3389
2011-08-24 18:00:00,329.9209
2011-08-24 19:00:00,329.9209
2011-08-24 20:00:00,315.63632
2011-08-24 21:00:00,310.40198
2011-08-24 22:00:00,301.4137
2011-08-24 23:00:00,275.79016
2011-08-25 00:00:00,264.55475
2011-08-25 01:00:00,289.43555
2011-08-25 02:00:00,289.43555
2011-08-25 03:00:00,261.52332
2011-08-25 04:00:00,255.34412
2011-08-25 05:00:00,248.64702
2011-08-25 06:00:00,235.01689
2011-08-25 07:00:00,259.07916
2011-08-25 08:00:00,279.62872
2011-08-25 09:00:00,296.1604
2011-08-25 10:00:00,312.73367
2011-08-25 11:00:00,224.1404
2011-08-25 12:00:00,224.1404
2011-08-25 13:00:00,237.64241
2011-08-25 14:00:00,248.03728
2011-08-25 15:00:00,258.28616
2011-08-25 16:00:00,230.64297
2011-08-25 17:00:00,230.64297
2011-08-25 18:00:00,252.30206
2011-08-25 19:00:00,247.45854
2011-08-25 20:00:00,243.20561
2011-08-25 21:00:00,231.84464
2011-08-25 22:00:00,169.8758
2011-08-25 23:00:00,183.52118
2011-08-26 00:00:00,190.32867
2011-08-26 01:00:00,169.8758
2011-08-26 02:00:00,172.76889
2011-08-26 03:00:00,160.68723
2011-08-26 04:00:00,152.31602
2011-08-26 05:00:00,153.5223
2011-08-26 06:00:00,152.31602
2011-08-26 07:00:00,171.13637
2011-08-26 08:00:00,200.91864
2011-08-26 09:00:00,232.96327
2011-08-26 10:00:00,279.71353
2011-08-26 11:00:00,283.80612
2011-08-26 12:00:00,297.05667
2011-08-26 13:00:00,320.3296
2011-08-26 14:00:00,317.0765
2011-08-26 15:00:00,347.8275
2011-08-26 16:00:00,312.3821
2011-08-26 17:00:00,293.01083
2011-08-26 18:00:00,276.0334
2011-08-26 19:00:00,251.51009
2011-08-26 20:00:00,249.24094
2011-08-26 21:00:00,260.60193
2011-08-26 22:00:00,251.51012
2011-08-26 23:00:00,224.1378
2011-08-27 00:00:00,218.69957
2011-08-27 01:00:00,227.79144
2011-08-27 02:00:00,232.32974
2011-08-27 03:00:00,238.08948
2011-08-27 04:00:00,238.08948
2011-08-27 05:00:00,249.45053
2011-08-27 06:00:00,249.45053
2011-08-27 07:00:00,258.54236
2011-08-27 08:00:00,242.62779
2011-08-27 09:00:00,267.6342
2011-08-27 10:00:00,285.69226
2011-08-27 11:00:00,223.54523
2011-08-27 12:00:00,254.71309
2011-08-27 13:00:00,238.8138
2011-08-27 14:00:00,236.45474
2011-08-27 15:00:00,236.45474
2011-08-27 16:00:00,231.9164
2011-08-27 17:00:00,279.64478
2011-08-28 07:00:00,219.13199
2011-08-28 08:00:00,228.22385
2011-08-28 09:00:00,267.44604
2011-08-28 10:00:00,341.33112
2011-08-28 11:00:00,313.98932
2011-08-28 12:00:00,338.56436
2011-08-28 13:00:00,355.03668
2011-08-28 14:00:00,376.2076
2011-08-28 15:00:00,367.11578
2011-08-28 16:00:00,394.94226
2011-08-28 17:00:00,357.18027
2011-08-28 18:00:00,333.78174
2011-08-28 19:00:00,300.855
2011-08-28 20:00:00,301.27188
2011-08-28 21:00:00,253.46805
2011-08-28 22:00:00,223.40977
2011-08-28 23:00:00,206.83644
2011-08-29 00:00:00,214.54393
2011-08-29 01:00:00,222.27173
2011-08-29 02:00:00,235.9019
2011-08-29 03:00:00,222.27173
2011-08-29 04:00:00,201.32166
2011-08-29 05:00:00,190.08626
2011-08-29 06:00:00,190.08626
2011-08-29 07:00:00,267.00354
2011-08-29 08:00:00,285.8264
2011-08-29 09:00:00,294.8147
2011-08-29 10:00:00,306.28
2011-08-29 11:00:00,297.18817
2011-08-29 12:00:00,312.72058
2011-08-29 13:00:00,300.21024
2011-08-29 14:00:00,292.2627
2011-08-29 15:00:00,317.2691
2011-08-29 16:00:00,324.81238
2011-08-29 17:00:00,316.3318
2011-08-29 18:00:00,310.8183
2011-08-29 19:00:00,310.8183
2011-08-29 20:00:00,282.4451
2011-08-29 21:00:00,286.98346
2011-08-29 22:00:00,267.6427
2011-08-29 23:00:00,246.55069
2011-08-30 00:00:00,190.08626
2011-08-30 01:00:00,196.78334
2011-08-30 02:00:00,178.00461
2011-08-30 03:00:00,191.6348
2011-08-30 04:00:00,170.52315
2011-08-30 05:00:00,159.16216
2011-08-30 06:00:00,178.00461
2011-08-30 07:00:00,201.32166
2011-08-30 08:00:00,267.6427
2011-08-30 09:00:00,299.53876
2011-08-30 10:00:00,333.1021
2011-08-30 11:00:00,340.58615
2011-08-30 12:00:00,311.04144
2011-08-30 13:00:00,332.71066
2011-08-30 14:00:00,346.2967
2011-08-30 15:00:00,350.89435
2011-08-30 16:00:00,337.30835
2011-08-30 17:00:00,329.3507
2011-08-30 18:00:00,310.52783
2011-08-30 19:00:00,279.0859
2011-08-30 20:00:00,265.44052
2011-08-30 21:00:00,237.83638
2011-08-30 22:00:00,231.91878
2011-08-30 23:00:00,231.91878
2011-08-31 00:00:00,206.35716
2011-08-31 01:00:00,206.35716
2011-08-31 02:00:00,169.63339
2011-08-31 03:00:00,158.39796
2011-08-31 04:00:00,169.63339
2011-08-31 05:00:00,153.26465
2011-08-31 06:00:00,153.10173
2011-08-31 07:00:00,179.85068
2011-08-31 08:00:00,213.94215
2011-08-31 09:00:00,228.84807
2011-08-31 10:00:00,301.43597
2011-08-31 11:00:00,320.25888
2011-08-31 12:00:00,325.59674
2011-08-31 13:00:00,328.21655
2011-08-31 14:00:00,326.01358
2011-08-31 15:00:00,326.01358
2011-08-31 16:00:00,327.8438
2011-08-31 17:00:00,313.51767
2011-08-31 18:00:00,312.42
2011-08-31 19:00:00,385.1991
2011-08-31 20:00:00,270.16385
2011-08-31 21:00:00,254.36809
2011-08-31 22:00:00,215.2027
2011-08-31 23:00:00,195.76521
2011-09-20 00:00:00,195.84605
2011-09-20 01:00:00,154.59647
2011-09-20 02:00:00,154.59647
2011-09-20 03:00:00,174.92372
2011-09-20 04:00:00,157.92851
2011-09-20 05:00:00,159.13478
2011-09-20 06:00:00,159.13478
2011-09-20 07:00:00,154.59647
2011-09-20 08:00:00,155.95042
2011-09-20 09:00:00,151.41211
2011-09-20 10:00:00,163.3461
2011-09-20 11:00:00,163.3461
2011-09-20 12:00:00,148.65735
2011-09-20 13:00:00,144.10379
2011-09-20 14:00:00,174.26306
2011-09-20 15:00:00,204.5148
2011-09-20 16:00:00,188.50356
2011-09-20 17:00:00,178.2054
2011-09-20 18:00:00,178.2054
2011-09-20 19:00:00,143.51213
2011-09-20 20:00:00,122.44468
2011-09-20 21:00:00,122.44469
2011-09-20 22:00:00,122.44469
2011-09-20 23:00:00,122.44469
2011-09-21 00:00:00,101.41885
2011-09-21 01:00:00,114.90135
2011-09-21 02:00:00,114.90135
2011-09-21 03:00:00,129.753
2011-09-21 04:00:00,123.07796
2011-09-21 05:00:00,127.63154
2011-09-21 06:00:00,132.16982
2011-09-21 07:00:00,132.16982
2011-09-21 08:00:00,118.53964
2011-09-21 09:00:00,123.813835
2011-09-21 10:00:00,145.97894
2011-09-21 11:00:00,196.08844
2011-09-21 12:00:00,203.5062
2011-09-21 13:00:00,237.72325
2011-09-21 14:00:00,242.26157
2011-09-21 15:00:00,228.63141
2011-09-21 16:00:00,228.63141
2011-09-21 17:00:00,238.92952
2011-09-21 18:00:00,198.55531
2011-09-21 19:00:00,134.96327
2011-09-21 20:00:00,134.96327
2011-09-21 21:00:00,113.727776
2011-09-21 22:00:00,133.757
2011-09-21 23:00:00,134.59755
2011-09-22 00:00:00,134.59755
2011-09-22 01:00:00,133.53468
2011-09-22 02:00:00,135.80377
2011-09-22 03:00:00,133.53468
2011-09-22 04:00:00,133.53468
2011-09-22 05:00:00,135.80377
2011-09-22 06:00:00,120.53526
2011-09-22 07:00:00,115.99693
2011-09-22 08:00:00,125.08878
2011-09-22 09:00:00,163.3017
2011-09-22 10:00:00,192.95837
2011-09-22 11:00:00,188.40486
2011-09-22 12:00:00,211.21674
2011-09-22 13:00:00,215.75505
2011-09-22 14:00:00,220.3086
2011-09-22 15:00:00,234.07275
2011-09-22 16:00:00,240.75465
2011-09-22 17:00:00,211.09116
2011-09-22 18:00:00,188.25719
2011-09-22 19:00:00,172.50552
2011-09-22 20:00:00,154.20984
2011-09-22 21:00:00,172.50552
2011-09-22 22:00:00,121.31275
2011-09-22 23:00:00,133.757
2011-09-23 00:00:00,162.45393
2011-09-23 01:00:00,115.13395
2011-09-23 02:00:00,131.04843
2011-09-23 03:00:00,115.13395
2011-09-23 04:00:00,116.34019
2011-09-23 05:00:00,148.80855
2011-09-23 06:00:00,162.45393
2011-09-23 07:00:00,170.4676
2011-09-23 08:00:00,170.4676
2011-09-23 09:00:00,144.37798
2011-09-23 10:00:00,139.83966
2011-09-23 11:00:00,139.83968
2011-09-23 12:00:00,165.92929
2011-09-23 13:00:00,129.98561
2011-09-23 14:00:00,129.98561
2011-09-23 15:00:00,165.92934
2011-09-23 16:00:00,150.01482
2011-09-23 17:00:00,115.13395
2011-09-23 18:00:00,113.92767
2011-09-23 19:00:00,168.0551
2011-09-23 20:00:00,133.73453
2011-09-23 21:00:00,138.93407
2011-09-23 22:00:00,158.74095
2011-09-23 23:00:00,153.25778
2011-09-24 00:00:00,137.5366
2011-09-24 01:00:00,152.22536
2011-09-24 02:00:00,152.22536
2011-09-24 03:00:00,137.3737
2011-09-24 04:00:00,145.70331
2011-09-24 05:00:00,146.90955
2011-09-24 06:00:00,146.90955
2011-09-24 07:00:00,160.39206
2011-09-24 08:00:00,161.2137
2011-09-24 09:00:00,166.96841
2011-09-24 10:00:00,166.96841
2011-09-24 11:00:00,192.07158
2011-09-24 12:00:00,192.07158
2011-09-24 13:00:00,195.99864
2011-09-24 14:00:00,240.51381
2011-09-24 15:00:00,240.51381
2011-09-24 16:00:00,210.85027
2011-09-24 17:00:00,234.7692
2011-09-24 18:00:00,211.91312
2011-09-24 19:00:00,159.66011
2011-09-24 20:00:00,177.21991
2011-09-24 21:00:00,190.86528
2011-09-24 22:00:00,160.86635
2011-09-24 23:00:00,166.96841
2011-09-25 00:00:00,153.32301
2011-09-25 01:00:00,169.23756
2011-09-25 02:00:00,128.43964
2011-09-25 03:00:00,128.43964
2011-09-25 04:00:00,148.89252
2011-09-25 05:00:00,165.76215
2011-09-25 06:00:00,169.23756
2011-09-25 07:00:00,147.68623
2011-09-25 08:00:00,160.86635
2011-09-25 09:00:00,179.68672
2011-09-25 10:00:00,179.68672
2011-09-25 11:00:00,225.24274
2011-09-25 12:00:00,204.78987
2011-09-25 13:00:00,227.6459
2011-09-25 14:00:00,204.78987
2011-09-25 15:00:00,204.78987
2011-09-25 16:00:00,242.97127
2011-09-25 17:00:00,226.43962
2011-09-25 18:00:00,226.43962
2011-09-25 19:00:00,198.93332
2011-09-25 20:00:00,192.12584
2011-09-25 21:00:00,153.54022
2011-09-25 22:00:00,173.30548
2011-09-25 23:00:00,157.01564
2011-09-26 00:00:00,148.80855
2011-09-26 01:00:00,184.48834
2011-09-26 02:00:00,184.48834
2011-09-26 03:00:00,148.80853
2011-09-26 04:00:00,162.45392
2011-09-26 05:00:00,168.57379
2011-09-26 06:00:00,162.45393
2011-09-26 07:00:00,148.80855
2011-09-26 08:00:00,148.80855
2011-09-26 09:00:00,203.4564
2011-09-26 10:00:00,203.4564
2011-09-26 11:00:00,257.00986
2011-09-26 12:00:00,249.1243
2011-09-26 13:00:00,274.22745
2011-09-26 14:00:00,275.6851
2011-09-26 15:00:00,302.97595
2011-09-26 16:00:00,286.9205
2011-09-26 17:00:00,271.13156
2011-09-26 18:00:00,215.97017
2011-09-26 19:00:00,215.9481
2011-09-26 20:00:00,193.15822
2011-09-26 21:00:00,193.15822
2011-09-26 22:00:00,168.0551
2011-09-26 23:00:00,168.0551
2011-09-27 00:00:00,168.0551
2011-09-27 01:00:00,172.60864
2011-09-27 02:00:00,163.5168
2011-09-27 03:00:00,148.80855
2011-09-27 04:00:00,163.66019
2011-09-27 05:00:00,163.66019
2011-09-27 06:00:00,164.72307
2011-09-27 07:00:00,164.72307
2011-09-27 08:00:00,189.8262
2011-09-27 09:00:00,204.66263
2011-09-27 10:00:00,182.5645
2011-09-27 11:00:00,197.36952
2011-09-27 12:00:00,201.90785
2011-09-27 13:00:00,283.31924
2011-09-27 14:00:00,240.03246
2011-09-27 15:00:00,228.77501
2011-09-27 16:00:00,230.80655
2011-09-27 17:00:00,210.99971
2011-09-27 18:00:00,208.00992
2011-09-27 19:00:00,194.36453
2011-09-27 20:00:00,202.4455
2011-09-27 21:00:00,177.34239
2011-09-27 22:00:00,173.46956
2011-09-27 23:00:00,173.46956
2011-09-28 00:00:00,159.82419
2011-09-28 01:00:00,159.82419
2011-09-28 02:00:00,198.4607
2011-09-28 03:00:00,148.58621
2011-09-28 04:00:00,159.82419
2011-09-28 05:00:00,134.94081
2011-09-28 06:00:00,161.15343
2011-09-28 07:00:00,161.15343
2011-09-28 08:00:00,184.11305
2011-09-28 09:00:00,184.11305
2011-09-28 10:00:00,148.80855
2011-09-28 11:00:00,217.1764
2011-09-28 12:00:00,224.11787
2011-09-28 13:00:00,286.6513
2011-09-28 14:00:00,321.1596
2011-09-28 15:00:00,271.13156
2011-09-28 16:00:00,280.22342
2011-09-28 17:00:00,284.77698
2011-09-28 18:00:00,241.10466
2011-09-28 19:00:00,241.10466
2011-09-28 20:00:00,225.21419
2011-09-28 21:00:00,200.87325
2011-09-28 22:00:00,173.46956
2011-09-28 23:00:00,154.18742
2011-09-29 00:00:00,163.27925
2011-09-29 01:00:00,144.67863
2011-09-29 02:00:00,144.67863
2011-09-29 03:00:00,164.48549
2011-09-29 04:00:00,190.57516
2011-09-29 05:00:00,176.94499
2011-09-29 06:00:00,174.67587
2011-09-29 07:00:00,180.27705
2011-09-29 08:00:00,177.34239
2011-09-29 09:00:00,241.08205
2011-09-29 10:00:00,268.7872
2011-09-29 11:00:00,276.51495
2011-09-29 12:00:00,280.78052
2011-09-29 13:00:00,284.0583
2011-09-29 14:00:00,331.28912
2011-09-29 15:00:00,358.417
2011-09-29 16:00:00,362.8518
2011-09-29 17:00:00,332.69254
2011-09-29 18:00:00,333.55344
2011-09-29 19:00:00,291.61633
2011-09-29 20:00:00,283.61456
2011-09-29 21:00:00,230.47025
2011-09-29 22:00:00,195.92032
2011-09-29 23:00:00,176.48283
2011-09-30 00:00:00,163.00037
2011-09-30 01:00:00,174.2137
2011-09-30 02:00:00,163.00037
2011-09-30 03:00:00,163.00037
2011-09-30 04:00:00,176.63052
2011-09-30 05:00:00,176.63054
2011-09-30 06:00:00,181.18408
2011-09-30 07:00:00,181.18408
2011-09-30 08:00:00,188.60614
2011-09-30 09:00:00,214.22961
2011-09-30 10:00:00,238.96849
2011-09-30 11:00:00,277.14728
2011-09-30 12:00:00,294.2529
2011-09-30 13:00:00,338.45233
2011-09-30 14:00:00,332.63828
2011-09-30 15:00:00,322.42157
2011-09-30 16:00:00,305.32794
2011-09-30 17:00:00,300.77438
2011-09-30 18:00:00,300.7509
2011-09-30 19:00:00,267.5204
2011-09-30 20:00:00,267.5204
2011-09-30 21:00:00,239.5488
2011-09-30 22:00:00,260.01688
2011-09-30 23:00:00,260.01688
2011-10-20 00:00:00,182.95546
2011-10-20 01:00:00,205.52983
2011-10-20 02:00:00,219.17514
2011-10-20 03:00:00,212.21355
2011-10-20 04:00:00,212.21355
2011-10-20 05:00:00,188.7557
2011-10-20 06:00:00,182.71925
2011-10-20 07:00:00,190.92323
2011-10-20 08:00:00,232.34
2011-10-20 09:00:00,241.43185
2011-10-20 10:00:00,246.49902
2011-10-20 11:00:00,274.43326
2011-10-20 12:00:00,290.16287
2011-10-20 13:00:00,313.53928
2011-10-20 14:00:00,295.90735
2011-10-20 15:00:00,273.26685
2011-10-20 16:00:00,273.26685
2011-10-20 17:00:00,270.9162
2011-10-20 18:00:00,242.94472
2011-10-20 19:00:00,250.83029
2011-10-20 20:00:00,247.49826
2011-10-20 21:00:00,234.1951
2011-10-20 22:00:00,238.74863
2011-10-20 23:00:00,204.05786
2011-10-21 00:00:00,187.52623
2011-10-21 01:00:00,182.98793
2011-10-21 02:00:00,157.32278
2011-10-21 03:00:00,121.38332
2011-10-21 04:00:00,125.93688
2011-10-21 05:00:00,111.65483
2011-10-21 06:00:00,125.93688
2011-10-21 07:00:00,125.93688
2011-10-21 08:00:00,178.43439
2011-10-21 09:00:00,187.08044
2011-10-21 10:00:00,221.2856
2011-10-21 11:00:00,258.98816
2011-10-21 12:00:00,270.34918
2011-10-21 13:00:00,260.61816
2011-10-21 14:00:00,284.67535
2011-10-21 15:00:00,268.08005
2011-10-21 16:00:00,263.52646
2011-10-21 17:00:00,236.12202
2011-10-21 18:00:00,221.83742
2011-10-21 19:00:00,242.3055
2011-10-21 20:00:00,217.29912
2011-10-21 21:00:00,190.42773
2011-10-21 22:00:00,199.41605
2011-10-21 23:00:00,182.98793
2011-10-22 00:00:00,170.72697
2011-10-22 01:00:00,170.72697
2011-10-22 02:00:00,179.81883
2011-10-22 03:00:00,161.63512
2011-10-22 04:00:00,138.25436
2011-10-22 05:00:00,124.60897
2011-10-22 06:00:00,105.83022
2011-10-22 07:00:00,104.18495
2011-10-22 08:00:00,120.95851
2011-10-22 09:00:00,151.13553
2011-10-22 10:00:00,173.43135
2011-10-22 11:00:00,173.43135
2011-10-22 12:00:00,193.22882
2011-10-22 13:00:00,217.18254
2011-10-22 14:00:00,238.20245
2011-10-22 15:00:00,230.25493
2011-10-22 16:00:00,246.72722
2011-10-22 17:00:00,200.03625
2011-10-22 18:00:00,187.93259
2011-10-22 19:00:00,145.07513
2011-10-22 20:00:00,137.49014
2011-10-22 21:00:00,109.72311
2011-10-22 22:00:00,109.72311
2011-10-22 23:00:00,88.655685
2011-10-23 00:00:00,69.876945
2011-10-23 01:00:00,69.876945
2011-10-23 02:00:00,69.65457
2011-10-23 03:00:00,62.291958
2011-10-23 04:00:00,62.291958
2011-10-23 05:00:00,54.748653
2011-10-23 06:00:00,64.338844
2011-10-23 07:00:00,69.65457
2011-10-23 08:00:00,77.722626
2011-10-23 09:00:00,109.72311
2011-10-23 10:00:00,142.14723
2011-10-23 11:00:00,166.38947
2011-10-23 12:00:00,224.35994
2011-10-23 13:00:00,231.84137
2011-10-23 14:00:00,236.39488
2011-10-23 15:00:00,234.04433
2011-10-23 16:00:00,231.84137
2011-10-23 17:00:00,197.18796
2011-10-23 18:00:00,192.64963
2011-10-23 19:00:00,130.14763
2011-10-23 20:00:00,147.4851
2011-10-23 21:00:00,147.4851
2011-10-23 22:00:00,130.93387
2011-10-23 23:00:00,140.02574
2011-10-24 00:00:00,122.72676
2011-10-24 01:00:00,124.40089
2011-10-24 02:00:00,108.62717
2011-10-24 03:00:00,117.59343
2011-10-24 04:00:00,103.94803
2011-10-24 05:00:00,85.12768
2011-10-24 06:00:00,108.62717
2011-10-24 07:00:00,86.51893
2011-10-24 08:00:00,124.221535
2011-10-24 09:00:00,145.28897
2011-10-24 10:00:00,166.46248
2011-10-24 11:00:00,190.43143
2011-10-24 12:00:00,197.91287
2011-10-24 13:00:00,232.66983
2011-10-24 14:00:00,228.11632
2011-10-24 15:00:00,238.90338
2011-10-24 16:00:00,226.91
2011-10-24 17:00:00,201.2449
2011-10-24 18:00:00,219.99904
2011-10-24 19:00:00,136.61716
2011-10-24 20:00:00,150.11917
2011-10-24 21:00:00,131.29881
2011-10-24 22:00:00,174.94057
2011-10-24 23:00:00,151.50047
2011-10-25 00:00:00,150.7646
2011-10-25 01:00:00,150.7646
2011-10-25 02:00:00,131.9442
2011-10-25 03:00:00,92.71265
2011-10-25 04:00:00,105.58053
2011-10-25 05:00:00,105.58053
2011-10-25 06:00:00,112.277626
2011-10-25 07:00:00,146.97523
2011-10-25 08:00:00,141.54715
2011-10-25 09:00:00,228.97406
2011-10-25 10:00:00,250.04399
2011-10-25 11:00:00,268.92374
2011-10-25 12:00:00,308.09338
2011-10-25 13:00:00,324.68445
2011-10-25 14:00:00,297.4751
2011-10-25 15:00:00,281.49435
2011-10-25 16:00:00,295.1245
2011-10-25 17:00:00,281.49435
2011-10-25 18:00:00,255.13069
2011-10-25 19:00:00,197.45552
2011-10-25 20:00:00,176.24045
2011-10-25 21:00:00,162.00002
2011-10-25 22:00:00,189.87059
2011-10-25 23:00:00,162.00002
2011-10-26 00:00:00,171.09183
2011-10-26 01:00:00,191.41908
2011-10-26 02:00:00,177.78896
2011-10-26 03:00:00,186.88078
2011-10-26 04:00:00,174.84586
2011-10-26 05:00:00,170.30754
2011-10-26 06:00:00,170.30754
2011-10-26 07:00:00,161.21568
2011-10-26 08:00:00,183.53352
2011-10-26 09:00:00,212.2037
2011-10-26 10:00:00,234.11736
2011-10-26 11:00:00,251.02855
2011-10-26 12:00:00,273.72223
2011-10-26 13:00:00,232.22406
2011-10-26 14:00:00,161.77458
2011-10-26 15:00:00,161.77458
2011-10-26 16:00:00,175.41995
2011-10-26 17:00:00,177.6891
2011-10-26 18:00:00,185.57472
2011-10-26 19:00:00,141.74796
2011-10-26 20:00:00,128.26546
2011-10-26 21:00:00,161.77458
2011-10-26 22:00:00,135.57375
2011-10-26 23:00:00,135.57375
2011-10-27 00:00:00,99.65471
2011-10-27 01:00:00,99.65471
2011-10-27 02:00:00,102.06723
2011-10-27 03:00:00,102.06724
2011-10-27 04:00:00,123.13465
2011-10-27 05:00:00,136.78001
2011-10-27 06:00:00,144.16049
2011-10-27 07:00:00,114.50636
2011-10-27 08:00:00,152.67935
2011-10-27 09:00:00,167.9606
2011-10-27 10:00:00,160.2227
2011-10-27 11:00:00,151.13084
2011-10-27 12:00:00,151.13084
2011-10-27 13:00:00,154.47812
2011-10-27 14:00:00,148.29213
2011-10-27 15:00:00,164.20663
2011-10-27 16:00:00,210.89755
2011-10-27 17:00:00,235.89064
2011-10-27 18:00:00,239.5827
2011-10-27 19:00:00,224.45442
2011-10-27 20:00:00,220.20155
2011-10-27 21:00:00,228.44716
2011-10-27 22:00:00,174.5627
2011-10-27 23:00:00,166.85211
2011-10-28 00:00:00,136.93472
2011-10-28 01:00:00,129.34978
2011-10-28 02:00:00,133.90329
2011-10-28 03:00:00,117.37164
2011-10-28 04:00:00,128.60709
2011-10-28 05:00:00,134.24811
2011-10-28 06:00:00,116.468575
2011-10-28 07:00:00,116.468575
2011-10-28 08:00:00,137.5954
2011-10-28 09:00:00,145.03522
2011-10-28 10:00:00,152.62016
2011-10-28 11:00:00,182.21745
2011-10-28 12:00:00,216.95316
2011-10-28 13:00:00,221.55086
2011-10-28 14:00:00,187.8585
2011-10-28 15:00:00,197.36722
2011-10-28 16:00:00,183.32019
2011-10-28 17:00:00,169.77835
2011-10-28 18:00:00,167.59062
2011-10-28 19:00:00,169.77835
2011-10-28 20:00:00,146.04436
2011-10-28 21:00:00,115.46822
2011-10-28 22:00:00,108.54877
2011-10-28 23:00:00,95.56461
2011-10-29 00:00:00,62.27781
2011-10-29 01:00:00,69.82113
2011-10-29 02:00:00,69.82113
2011-10-29 03:00:00,101.48732
2011-10-29 04:00:00,101.48732
2011-10-29 05:00:00,44.01941
2011-10-29 06:00:00,57.501904
2011-10-29 07:00:00,57.501904
2011-10-29 08:00:00,71.36966
2011-10-29 09:00:00,71.36966
2011-10-29 10:00:00,39.481117
2011-10-29 11:00:00,48.572964
2011-10-29 12:00:00,64.08708
2011-10-29 13:00:00,68.64059
2011-10-29 14:00:00,57.279587
2011-10-29 15:00:00,19.259403
2011-10-29 16:00:00,24.352846
2011-10-29 17:00:00,24.352846
2011-10-29 18:00:00,24.352846
2011-10-29 19:00:00,47.504482
2011-10-29 20:00:00,47.504482
2011-10-29 21:00:00,47.50444
2011-10-29 22:00:00,25.791048
2011-10-29 23:00:00,27.561897
2011-10-30 00:00:00,25.791048
2011-10-30 01:00:00,30.32934
2011-10-30 02:00:00,34.88287
2011-10-30 03:00:00,74.46941
2011-10-30 04:00:00,51.152386
2011-10-30 05:00:00,65.377556
2011-10-30 06:00:00,64.87927
2011-10-30 07:00:00,51.457054
2011-10-30 08:00:00,85.4441
2011-10-30 09:00:00,116.34611
2011-10-30 10:00:00,120.49378
2011-10-30 11:00:00,167.76875
2011-10-30 12:00:00,190.107
2011-10-30 13:00:00,217.97504
2011-10-30 14:00:00,232.20023
2011-10-30 15:00:00,234.40315
2011-10-30 16:00:00,236.59085
2011-10-30 17:00:00,217.76796
2011-10-30 18:00:00,183.33543
2011-10-30 19:00:00,276.3666
2011-10-30 20:00:00,129.70445
2011-10-30 21:00:00,101.937355
2011-10-30 22:00:00,74.1287
2011-10-30 23:00:00,32.03538
2011-10-31 00:00:00,39.742832
2011-10-31 01:00:00,53.225365
2011-10-31 02:00:00,32.199516
2011-10-31 03:00:00,35.506912
2011-10-31 04:00:00,32.19952
2011-10-31 05:00:00,11.132116
2011-10-31 06:00:00,32.199516
2011-10-31 07:00:00,18.717026
2011-10-31 08:00:00,48.534073
2011-10-31 09:00:00,100.77948
2011-10-31 10:00:00,158.60233
2011-10-31 11:00:00,196.30751
2011-10-31 12:00:00,230.97871
2011-10-31 13:00:00,239.76993
2011-10-31 14:00:00,233.02869
2011-10-31 15:00:00,222.7306
2011-10-31 16:00:00,199.41605
2011-10-31 17:00:00,194.86253
2011-10-31 18:00:00,153.54674
2011-10-31 19:00:00,153.54674
2011-10-31 20:00:00,153.54674
2011-10-31 21:00:00,120.44604
2011-10-31 22:00:00,120.44604
2011-10-31 23:00:00,120.44604
2011-11-20 00:00:00,149.61536
2011-11-20 01:00:00,179.81883
2011-11-20 02:00:00,184.37234
2011-11-20 03:00:00,176.59027
2011-11-20 04:00:00,165.35487
2011-11-20 05:00:00,181.88647
2011-11-20 06:00:00,177.333
2011-11-20 07:00:00,171.58838
2011-11-20 08:00:00,172.8982
2011-11-20 09:00:00,158.84612
2011-11-20 10:00:00,150.96054
2011-11-20 11:00:00,193.85588
2011-11-20 12:00:00,198.39417
2011-11-20 13:00:00,229.39716
2011-11-20 14:00:00,222.95656
2011-11-20 15:00:00,203.83557
2011-11-20 16:00:00,205.97913
2011-11-20 17:00:00,215.07098
2011-11-20 18:00:00,220.40883
2011-11-20 19:00:00,173.63214
2011-11-20 20:00:00,190.20543
2011-11-20 21:00:00,152.58424
2011-11-20 22:00:00,121.48767
2011-11-20 23:00:00,121.48767
2011-11-21 00:00:00,100.86095
2011-11-21 01:00:00,131.61195
2011-11-21 02:00:00,110.58608
2011-11-21 03:00:00,101.49423
2011-11-21 04:00:00,101.49423
2011-11-21 05:00:00,79.83514
2011-11-21 06:00:00,72.25018
2011-11-21 07:00:00,125.86734
2011-11-21 08:00:00,100.86095
2011-11-21 09:00:00,124.36043
2011-11-21 10:00:00,148.29213
2011-11-21 11:00:00,164.20663
2011-11-21 12:00:00,174.64243
2011-11-21 13:00:00,174.64243
2011-11-21 14:00:00,164.95558
2011-11-21 15:00:00,128.62212
2011-11-21 16:00:00,128.62212
2011-11-21 17:00:00,132.39815
2011-11-21 18:00:00,129.96613
2011-11-21 19:00:00,108.9403
2011-11-21 20:00:00,129.2234
2011-11-21 21:00:00,120.13155
2011-11-21 22:00:00,115.577995
2011-11-21 23:00:00,120.13155
2011-11-22 00:00:00,87.7252
2011-11-22 01:00:00,99.84842
2011-11-22 02:00:00,74.24268
2011-11-22 03:00:00,74.24268
2011-11-22 04:00:00,96.81705
2011-11-22 05:00:00,96.81705
2011-11-22 06:00:00,86.51893
2011-11-22 07:00:00,105.908905
2011-11-22 08:00:00,105.908905
2011-11-22 09:00:00,79.39561
2011-11-22 10:00:00,79.39561
2011-11-22 11:00:00,99.84842
2011-11-22 12:00:00,79.5585
2011-11-22 13:00:00,87.101845
2011-11-22 14:00:00,87.101845
2011-11-22 15:00:00,94.5239
2011-11-22 16:00:00,94.5239
2011-11-22 17:00:00,94.686806
2011-11-22 18:00:00,81.04141
2011-11-22 19:00:00,117.98178
2011-11-22 20:00:00,121.47668
2011-11-22 21:00:00,126.01498
2011-11-22 22:00:00,145.53395
2011-11-22 23:00:00,147.08241
2011-11-23 00:00:00,147.08241
2011-11-23 01:00:00,153.90515
2011-11-23 02:00:00,171.74663
2011-11-23 03:00:00,171.74663
2011-11-23 04:00:00,192.81404
2011-11-23 05:00:00,130.40567
2011-11-23 06:00:00,79.83514
2011-11-23 07:00:00,101.02387
2011-11-23 08:00:00,124.36043
2011-11-23 09:00:00,153.11887
2011-11-23 10:00:00,153.11887
2011-11-23 11:00:00,229.06798
2011-11-23 12:00:00,258.51874
2011-11-23 13:00:00,258.20477
2011-11-23 14:00:00,244.87524
2011-11-23 15:00:00,243.81238
2011-11-23 16:00:00,220.56155
2011-11-23 17:00:00,182.59818
2011-11-23 18:00:00,238.64174
2011-11-23 19:00:00,209.39764
2011-11-23 20:00:00,173.93448
2011-11-23 21:00:00,190.24811
2011-11-23 22:00:00,171.40564
2011-11-23 23:00:00,157.76027
2011-11-24 00:00:00,133.88199
2011-11-24 01:00:00,157.14392
2011-11-24 02:00:00,126.44219
2011-11-24 03:00:00,93.45609
2011-11-24 04:00:00,109.504654
2011-11-24 05:00:00,111.773834
2011-11-24 06:00:00,109.504654
2011-11-24 07:00:00,58.86201
2011-11-24 08:00:00,100.51633
2011-11-24 09:00:00,110.987564
2011-11-24 10:00:00,133.84361
2011-11-24 11:00:00,237.92773
2011-11-24 12:00:00,252.93044
2011-11-24 13:00:00,267.2566
2011-11-24 14:00:00,290.65512
2011-11-24 15:00:00,283.83243
2011-11-24 16:00:00,281.64468
2011-11-24 17:00:00,249.07294
2011-11-24 18:00:00,185.89017
2011-11-24 19:00:00,171.62769
2011-11-24 20:00:00,103.548256
2011-11-24 21:00:00,114.783676
2011-11-24 22:00:00,114.783676
2011-11-24 23:00:00,93.19586
2011-11-25 00:00:00,107.11653
2011-11-25 01:00:00,94.7173
2011-11-25 02:00:00,64.117676
2011-11-25 03:00:00,77.60017
2011-11-25 04:00:00,91.46789
2011-11-25 05:00:00,74.29278
2011-11-25 06:00:00,56.532715
2011-11-25 07:00:00,53.225365
2011-11-25 08:00:00,61.071
2011-11-25 09:00:00,87.17397
2011-11-25 10:00:00,125.93688
2011-11-25 11:00:00,155.8159
2011-11-25 12:00:00,212.19376
2011-11-25 13:00:00,258.98816
2011-11-25 14:00:00,280.0556
2011-11-25 15:00:00,282.24335
2011-11-25 16:00:00,263.37885
2011-11-25 17:00:00,265.52237
2011-11-25 18:00:00,225.65416
2011-11-25 19:00:00,145.19759
2011-11-25 20:00:00,171.52338
2011-11-25 21:00:00,113.53767
2011-11-25 22:00:00,113.315315
2011-11-25 23:00:00,104.34904
2011-11-26 00:00:00,96.64161
2011-11-26 01:00:00,86.787544
2011-11-26 02:00:00,70.277954
2011-11-26 03:00:00,60.64622
2011-11-26 04:00:00,60.64622
2011-11-26 05:00:00,83.760445
2011-11-26 06:00:00,82.69756
2011-11-26 07:00:00,35.34279
2011-11-26 08:00:00,86.787544
2011-11-26 09:00:00,94.37247
2011-11-26 10:00:00,83.35942
2011-11-26 11:00:00,157.09679
2011-11-26 12:00:00,181.02841
2011-11-26 13:00:00,211.88629
2011-11-26 14:00:00,224.55705
2011-11-26 15:00:00,241.04459
2011-11-26 16:00:00,219.2192
2011-11-26 17:00:00,219.2192
2011-11-26 18:00:00,174.93826
2011-11-26 19:00:00,135.81018
2011-11-26 20:00:00,158.9202
2011-11-26 21:00:00,89.861946
2011-11-26 22:00:00,103.34441
2011-11-26 23:00:00,83.35942
2011-11-27 00:00:00,83.35942
2011-11-27 01:00:00,83.35942
2011-11-27 02:00:00,75.77449
2011-11-27 03:00:00,62.291958
2011-11-27 04:00:00,71.92374
2011-11-27 05:00:00,86.81443
2011-11-27 06:00:00,113.66206
2011-11-27 07:00:00,111.5185
2011-11-27 08:00:00,141.69986
2011-11-27 09:00:00,184.57312
2011-11-27 10:00:00,184.57312
2011-11-27 11:00:00,231.28616
2011-11-27 12:00:00,250.82457
2011-11-27 13:00:00,228.19092
2011-11-27 14:00:00,356.45865
2011-11-27 15:00:00,329.18314
2011-11-27 16:00:00,262.80273
2011-11-27 17:00:00,237.17921
2011-11-27 18:00:00,201.74149
2011-11-27 19:00:00,194.30165
2011-11-27 20:00:00,215.37164
2011-11-27 21:00:00,203.39346
2011-11-27 22:00:00,187.60455
2011-11-27 23:00:00,187.60455
2011-11-28 00:00:00,181.04518
2011-11-28 01:00:00,183.31435
2011-11-28 03:00:00,139.69203
2011-11-28 04:00:00,132.72171
2011-11-28 05:00:00,92.71265
2011-11-28 06:00:00,125.136734
2011-11-28 07:00:00,98.00888
2011-11-28 08:00:00,85.73267
2011-11-28 09:00:00,140.89832
2011-11-28 10:00:00,167.09914
2011-11-28 11:00:00,197.91283
2011-11-28 12:00:00,229.81151
2011-11-28 13:00:00,231.67653
2011-11-28 14:00:00,263.22794
2011-11-28 15:00:00,246.48833
2011-11-28 16:00:00,243.4417
2011-11-28 17:00:00,260.01492
2011-11-28 18:00:00,239.00691
2011-11-28 19:00:00,211.23985
2011-11-28 20:00:00,216.98439
2011-11-28 21:00:00,203.4578
2011-11-28 22:00:00,164.20663
2011-11-28 23:00:00,168.7449
2011-11-29 00:00:00,147.08582
2011-11-29 01:00:00,160.73122
2011-11-29 02:00:00,129.47176
2011-11-29 03:00:00,129.47176
2011-11-29 04:00:00,198.30486
2011-11-29 05:00:00,171.45555
2011-11-29 06:00:00,190.27591
2011-11-29 07:00:00,194.66652
2011-11-29 08:00:00,211.34334
2011-11-29 09:00:00,250.74037
2011-11-29 10:00:00,250.74037
2011-11-29 11:00:00,176.13725
2011-11-29 12:00:00,177.54684
2011-11-29 13:00:00,168.32936
2011-11-29 14:00:00,108.94029
2011-11-29 15:00:00,145.13792
2011-11-29 16:00:00,129.22339
2011-11-29 17:00:00,139.37813
2011-11-29 18:00:00,150.61356
2011-11-29 19:00:00,155.1671
2011-11-29 20:00:00,124.97048
2011-11-29 21:00:00,124.97048
2011-11-29 22:00:00,141.82236
2011-11-29 23:00:00,142.47536
2011-11-30 00:00:00,178.4728
2011-11-30 01:00:00,141.98657
2011-11-30 02:00:00,113.05569
2011-11-30 03:00:00,113.05569
2011-11-30 04:00:00,97.044395
2011-11-30 05:00:00,71.42342
2011-11-30 06:00:00,43.050217
2011-11-30 07:00:00,56.532715
2011-11-30 08:00:00,71.42342
2011-11-30 09:00:00,106.136246
2011-11-30 10:00:00,132.39642
2011-11-30 11:00:00,204.74062
2011-11-30 12:00:00,179.44994
2011-11-30 13:00:00,239.75665
2011-11-30 14:00:00,239.75665
2011-11-30 15:00:00,200.79594
2011-11-30 16:00:00,193.97324
2011-11-30 17:00:00,181.39323
2011-11-30 18:00:00,180.18694
2011-11-30 19:00:00,155.33333
2011-11-30 20:00:00,155.33333
2011-11-30 21:00:00,172.74715
2011-11-30 22:00:00,144.77559
2011-11-30 23:00:00,143.9514
2011-12-20 00:00:00,154.58698
2011-12-20 01:00:00,153.98515
2011-12-20 02:00:00,129.6298
2011-12-20 03:00:00,129.6298
2011-12-20 04:00:00,164.78154
2011-12-20 05:00:00,146.2031
2011-12-20 06:00:00,146.20311
2011-12-20 07:00:00,134.96768
2011-12-20 08:00:00,189.2613
2011-12-20 09:00:00,125.97935
2011-12-20 10:00:00,196.1723
2011-12-20 11:00:00,175.10237
2011-12-20 12:00:00,203.6537
2011-12-20 13:00:00,203.6537
2011-12-20 14:00:00,190.1271
2011-12-20 15:00:00,183.2009
2011-12-20 16:00:00,181.99463
2011-12-20 17:00:00,173.89606
2011-12-20 18:00:00,161.86111
2011-12-20 19:00:00,132.3164
2011-12-20 20:00:00,124.77306
2011-12-20 21:00:00,132.09407
2011-12-20 22:00:00,125.97935
2011-12-20 23:00:00,142.511
2011-12-21 00:00:00,69.850136
2011-12-21 01:00:00,90.414925
2011-12-21 02:00:00,69.58938
2011-12-21 03:00:00,69.58938
2011-12-21 04:00:00,69.58938
2011-12-21 05:00:00,68.32935
2011-12-21 06:00:00,33.636055
2011-12-21 07:00:00,43.22621
2011-12-21 08:00:00,21.359835
2011-12-21 09:00:00,82.86254
2011-12-21 10:00:00,153.89926
2011-12-21 11:00:00,153.89926
2011-12-21 12:00:00,129.49976
2011-12-21 13:00:00,94.828545
2011-12-21 14:00:00,131.3249
2011-12-21 15:00:00,135.87846
2011-12-21 16:00:00,85.8996
2011-12-21 17:00:00,85.8996
2011-12-21 18:00:00,80.139786
2011-12-21 19:00:00,120.84745
2011-12-21 20:00:00,125.38576
2011-12-21 21:00:00,126.300964
2011-12-21 22:00:00,121.747406
2011-12-21 23:00:00,112.65558
2011-12-22 00:00:00,113.714165
2011-12-22 01:00:00,60.602165
2011-12-22 02:00:00,104.96461
2011-12-22 03:00:00,132.63435
2011-12-22 04:00:00,71.6614
2011-12-22 05:00:00,51.208557
2011-12-22 06:00:00,32.42979
2011-12-22 07:00:00,11.362399
2011-12-22 08:00:00,33.636055
2011-12-22 09:00:00,54.82479
2011-12-22 10:00:00,73.64512
2011-12-22 11:00:00,86.363464
2011-12-22 12:00:00,150.92755
2011-12-22 13:00:00,125.36592
2011-12-22 14:00:00,125.36592
2011-12-22 15:00:00,141.93922
2011-12-22 16:00:00,125.36592
2011-12-22 17:00:00,133.84064
2011-12-22 18:00:00,133.71503
2011-12-22 19:00:00,120.06964
2011-12-22 20:00:00,93.46726
2011-12-22 21:00:00,93.46726
2011-12-22 22:00:00,30.949987
2011-12-22 23:00:00,49.9706
2011-12-23 00:00:00,79.51531
2011-12-23 01:00:00,79.51531
2011-12-23 02:00:00,47.108982
2011-12-23 03:00:00,47.108982
2011-12-23 04:00:00,69.84619
2011-12-23 05:00:00,35.884804
2011-12-23 06:00:00,89.84508
2011-12-23 07:00:00,85.30678
2011-12-23 08:00:00,110.9125
2011-12-23 09:00:00,140.20604
2011-12-23 10:00:00,158.28624
2011-12-23 11:00:00,180.91989
2011-12-23 12:00:00,201.26926
2011-12-23 13:00:00,201.16571
2011-12-23 14:00:00,185.35469
2011-12-23 15:00:00,168.67789
2011-12-23 16:00:00,168.57442
2011-12-23 17:00:00,130.32164
2011-12-23 18:00:00,135.27682
2011-12-23 19:00:00,118.183174
2011-12-23 20:00:00,106.80685
2011-12-23 21:00:00,90.892334
2011-12-23 22:00:00,81.42777
2011-12-23 23:00:00,78.61872
2011-12-24 00:00:00,61.39997
2011-12-24 01:00:00,57.989075
2011-12-24 02:00:00,65.310074
2011-12-24 03:00:00,56.321754
2011-12-24 04:00:00,70.38833
2011-12-24 05:00:00,70.38833
2011-12-24 06:00:00,42.579605
2011-12-24 07:00:00,69.54627
2011-12-24 08:00:00,43.279324
2011-12-24 09:00:00,134.81516
2011-12-24 10:00:00,146.63461
2011-12-24 11:00:00,146.79076
2011-12-24 12:00:00,149.29747
2011-12-24 13:00:00,145.24223
2011-12-24 14:00:00,145.24223
2011-12-24 15:00:00,132.62068
2011-12-24 16:00:00,127.65029
2011-12-24 17:00:00,96.68891
2011-12-24 18:00:00,110.49042
2011-12-24 19:00:00,88.01959
2011-12-24 20:00:00,64.386086
2011-12-24 21:00:00,62.656853
2011-12-24 22:00:00,57.985397
2011-12-24 23:00:00,36.389885
2011-12-25 00:00:00,44.33908
2011-12-25 01:00:00,13.762948
2011-12-25 02:00:00,6.0802126
2011-12-25 03:00:00,5.4588175
2011-12-25 05:00:00,-5.518412
2011-12-25 06:00:00,-5.518412
2011-12-25 07:00:00,-9.210486
2011-12-25 08:00:00,-13.986344
2011-12-25 09:00:00,-14.58762
2011-12-25 10:00:00,13.785587
2011-12-25 11:00:00,52.60875
2011-12-25 12:00:00,49.219
2011-12-25 13:00:00,67.499466
2011-12-25 14:00:00,95.30815
2011-12-25 15:00:00,92.4991
2011-12-25 16:00:00,101.72497
2011-12-25 17:00:00,83.40724
2011-12-25 18:00:00,64.732
2011-12-25 19:00:00,91.13501
2011-12-25 20:00:00,102.30419
2011-12-25 21:00:00,79.51434
2011-12-25 22:00:00,58.964767
2011-12-25 23:00:00,44.16234
2011-12-26 00:00:00,1.3882523
2011-12-26 01:00:00,71.2927
2011-12-26 02:00:00,121.03027
2011-12-26 04:00:00,126.066864
2011-12-26 05:00:00,148.7006
2011-12-26 06:00:00,124.78425
2011-12-26 07:00:00,117.463264
2011-12-26 08:00:00,114.65421
2011-12-26 09:00:00,126.066864
2011-12-26 10:00:00,162.87067
2011-12-26 11:00:00,162.9742
2011-12-26 12:00:00,165.39946
2011-12-26 13:00:00,179.89201
2011-12-26 14:00:00,184.44553
2011-12-26 15:00:00,173.06934
2011-12-26 16:00:00,144.40674
2011-12-26 17:00:00,121.03027
2011-12-26 18:00:00,98.858406
2011-12-26 19:00:00,55.361767
2011-12-26 20:00:00,75.58551
2011-12-26 21:00:00,21.635479
2011-12-26 22:00:00,21.63546
2011-12-26 23:00:00,24.942867
2011-12-27 00:00:00,38.905132
2011-12-27 01:00:00,40.63435
2011-12-27 02:00:00,40.63435
2011-12-27 03:00:00,84.55526
2011-12-27 04:00:00,75.56694
2011-12-27 05:00:00,80.58146
2011-12-27 06:00:00,89.59185
2011-12-27 07:00:00,84.65878
2011-12-27 08:00:00,72.757866
2011-12-27 09:00:00,76.49296
2011-12-27 10:00:00,73.017525
2011-12-27 11:00:00,76.49296
2011-12-27 12:00:00,32.974216
2011-12-27 13:00:00,19.974792
2011-12-27 14:00:00,127.85397
2011-12-27 15:00:00,127.85397
2011-12-27 16:00:00,112.86458
2011-12-27 17:00:00,70.423454
2011-12-27 18:00:00,83.16323
2011-12-27 19:00:00,37.244102
2011-12-27 20:00:00,11.140074
2011-12-27 21:00:00,24.622545
2011-12-27 22:00:00,24.622545
2011-12-27 23:00:00,4.079799
2011-12-28 00:00:00,29.70075
2011-12-28 01:00:00,54.418648
2011-12-28 02:00:00,95.430626
2011-12-28 03:00:00,95.430626
2011-12-28 05:00:00,114.05071
2011-12-28 06:00:00,104.418945
2011-12-28 07:00:00,104.41894
2011-12-28 08:00:00,114.050705
2011-12-28 09:00:00,115.79518
2011-12-28 10:00:00,107.46557
2011-12-28 11:00:00,160.17969
2011-12-28 12:00:00,169.57385
2011-12-28 13:00:00,171.67326
2011-12-28 14:00:00,159.05176
2011-12-28 15:00:00,170.33128
2011-12-28 16:00:00,162.74634
2011-12-28 17:00:00,131.98523
2011-12-28 18:00:00,123.210915
2011-12-28 19:00:00,103.83291
2011-12-28 20:00:00,99.29459
2011-12-28 21:00:00,77.64742
2011-12-28 22:00:00,79.39189
2011-12-28 23:00:00,89.50671
2011-12-29 00:00:00,81.204285
2011-12-29 01:00:00,78.22715
2011-12-29 02:00:00,56.118988
2011-12-29 03:00:00,48.15364
2011-12-29 04:00:00,49.898106
2011-12-29 05:00:00,47.130653
2011-12-29 06:00:00,34.834957
2011-12-29 07:00:00,17.052814
2011-12-29 08:00:00,24.805819
2011-12-29 09:00:00,26.32709
2011-12-29 10:00:00,38.465588
2011-12-29 11:00:00,49.960648
2011-12-29 12:00:00,68.76146
2011-12-29 13:00:00,85.334724
2011-12-29 14:00:00,89.5707
2011-12-29 15:00:00,96.933334
2011-12-29 16:00:00,100.763664
2011-12-29 17:00:00,80.53991
2011-12-29 18:00:00,87.22178
2011-12-29 19:00:00,89.00788
2011-12-29 20:00:00,54.916416
2011-12-29 21:00:00,69.649345
2011-12-29 22:00:00,59.454723
2011-12-29 23:00:00,71.55158
2011-12-30 00:00:00,48.219322
2011-12-30 01:00:00,51.386696
2011-12-30 02:00:00,28.5527
2011-12-30 03:00:00,28.5527
2011-12-30 04:00:00,26.283564
2011-12-30 05:00:00,13.787607
2011-12-30 06:00:00,26.283564
2011-12-30 07:00:00,15.048158
2011-12-30 08:00:00,16.25445
2011-12-30 09:00:00,21.553259
2011-12-30 10:00:00,78.898964
2011-12-30 11:00:00,81.42777
2011-12-30 12:00:00,98.84246
2011-12-30 13:00:00,117.88251
2011-12-30 14:00:00,152.293
2011-12-30 15:00:00,151.7259
2011-12-30 16:00:00,174.52937
2011-12-30 17:00:00,139.13321
2011-12-30 18:00:00,96.45251
2011-12-30 19:00:00,149.86882
2011-12-30 20:00:00,82.8716
2011-12-30 21:00:00,90.414925
2011-12-30 22:00:00,74.40366
2011-12-30 23:00:00,100.52977
2011-12-31 00:00:00,139.66176
2011-12-31 01:00:00,140.42403
2011-12-31 02:00:00,140.42403
2011-12-31 03:00:00,140.42403
2011-12-31 04:00:00,102.317245
2011-12-31 05:00:00,72.13758
2011-12-31 06:00:00,90.655594
2011-12-31 07:00:00,59.396137
2011-12-31 08:00:00,38.46564
2011-12-31 09:00:00,56.983597
2011-12-31 10:00:00,89.57492
2011-12-31 11:00:00,108.353676
2011-12-31 12:00:00,238.55463
2011-12-31 13:00:00,253.77312
2011-12-31 14:00:00,193.42998
2011-12-31 15:00:00,227.40947
2011-12-31 16:00:00,194.97847
2011-12-31 17:00:00,151.09236
2011-12-31 18:00:00,142.00053
2011-12-31 19:00:00,155.6459
2011-12-31 20:00:00,155.6459
2011-12-31 21:00:00,134.5607
2011-12-31 22:00:00,108.89558
2011-12-31 23:00:00,71.91111
2012-01-20 00:00:00,97.39287
2012-01-20 01:00:00,90.07016
2012-01-20 02:00:00,90.07016
2012-01-20 03:00:00,69.00018
2012-01-20 04:00:00,43.438595
2012-01-20 05:00:00,43.438595
2012-01-20 06:00:00,59.367523
2012-01-20 07:00:00,28.791386
2012-01-20 08:00:00,44.5651
2012-01-20 09:00:00,96.95079
2012-01-20 10:00:00,95.26651
2012-01-20 11:00:00,119.72477
2012-01-20 12:00:00,110.692314
2012-01-20 13:00:00,123.29438
2012-01-20 14:00:00,117.75942
2012-01-20 15:00:00,108.16926
2012-01-20 16:00:00,91.55184
2012-01-20 17:00:00,111.61837
2012-01-20 18:00:00,93.25648
2012-01-20 19:00:00,88.784386
2012-01-20 20:00:00,93.25648
2012-01-20 21:00:00,86.51523
2012-01-20 22:00:00,94.36091
2012-01-20 23:00:00,13.443313
2012-01-21 00:00:00,5.7358904
2012-01-21 01:00:00,-54.59051
2012-01-21 02:00:00,-53.844376
2012-01-21 03:00:00,-68.5357
2012-01-21 04:00:00,-45.221195
2012-01-21 05:00:00,-49.27643
2012-01-21 06:00:00,-62.19692
2012-01-21 07:00:00,-62.19692
2012-01-21 08:00:00,-56.097435
2012-01-21 09:00:00,-56.097435
2012-01-21 10:00:00,-54.89116
2012-01-21 11:00:00,-36.61496
2012-01-21 12:00:00,-12.780061
2012-01-21 13:00:00,-5.4327087
2012-01-21 14:00:00,-13.318263
2012-01-21 15:00:00,-13.318273
2012-01-21 16:00:00,-4.934394
2012-01-21 17:00:00,8.710967
2012-01-21 18:00:00,19.946384
2012-01-21 19:00:00,-5.1567497
2012-01-21 20:00:00,-12.47771
2012-01-21 21:00:00,-1.9723525
2012-01-21 22:00:00,1.0047636
2012-01-21 23:00:00,-26.885372
2012-01-22 00:00:00,-27.551725
2012-01-22 01:00:00,1.0047636
2012-01-22 02:00:00,-1.2644024
2012-01-22 03:00:00,9.971016
2012-01-22 04:00:00,-27.408348
2012-01-22 05:00:00,-16.734955
2012-01-22 06:00:00,-17.941208
2012-01-22 07:00:00,-17.941208
2012-01-22 08:00:00,-17.941208
2012-01-22 09:00:00,-17.941208
2012-01-22 10:00:00,-15.132127
2012-01-22 11:00:00,-25.679104
2012-01-22 12:00:00,-31.423681
2012-01-22 13:00:00,-32.461876
2012-01-22 14:00:00,-34.19113
2012-01-22 15:00:00,-35.977222
2012-01-22 16:00:00,-35.977222
2012-01-22 17:00:00,-37.000202
2012-01-22 18:00:00,-49.27643
2012-01-22 19:00:00,-49.27643
2012-01-22 20:00:00,-46.46736
2012-01-22 21:00:00,-49.27643
2012-01-22 22:00:00,-62.15703
2012-01-22 23:00:00,-66.21225
2012-01-23 00:00:00,-32.21492
2012-01-23 01:00:00,-28.907534
2012-01-23 02:00:00,-28.907534
2012-01-23 03:00:00,-32.214924
2012-01-23 04:00:00,-11.147451
2012-01-23 05:00:00,-24.629957
2012-01-23 06:00:00,-24.629957
2012-01-23 07:00:00,-23.423712
2012-01-23 08:00:00,-21.902426
2012-01-23 09:00:00,-23.591736
2012-01-23 10:00:00,-40.359535
2012-01-23 11:00:00,-39.321316
2012-01-23 12:00:00,-32.816208
2012-01-23 13:00:00,-24.247372
2012-01-23 14:00:00,-20.9552
2012-01-23 15:00:00,-39.661892
2012-01-23 16:00:00,-19.156431
2012-01-23 17:00:00,-28.665104
2012-01-23 18:00:00,-23.709969
2012-01-23 19:00:00,-11.571475
2012-01-23 20:00:00,-27.30107
2012-01-23 21:00:00,-15.441742
2012-01-23 22:00:00,-15.441742
2012-01-23 23:00:00,14.695457
2012-01-24 00:00:00,6.010909
2012-01-24 01:00:00,24.730299
2012-01-24 02:00:00,20.191978
2012-01-24 03:00:00,19.153774
2012-01-24 04:00:00,-10.926618
2012-01-24 05:00:00,-10.926618
2012-01-24 06:00:00,21.96281
2012-01-24 07:00:00,19.153786
2012-01-24 08:00:00,19.153786
2012-01-24 09:00:00,25.828787
2012-01-24 10:00:00,11.140074
2012-01-24 11:00:00,32.690575
2012-01-24 12:00:00,37.244102
2012-01-24 13:00:00,37.244102
2012-01-24 14:00:00,67.40336
2012-01-24 15:00:00,109.724045
2012-01-24 16:00:00,103.964264
2012-01-24 17:00:00,113.68842
2012-01-24 18:00:00,117.3805
2012-01-24 19:00:00,157.22668
2012-01-24 20:00:00,42.019417
2012-01-24 21:00:00,68.3831
2012-01-24 22:00:00,30.784035
2012-01-24 23:00:00,42.019417
2012-01-25 00:00:00,-18.894192
2012-01-25 01:00:00,63.12526
2012-01-25 02:00:00,50.98675
2012-01-25 03:00:00,32.20801
2012-01-25 04:00:00,50.76444
2012-01-25 05:00:00,50.76444
2012-01-25 06:00:00,27.387993
2012-01-25 07:00:00,22.893822
2012-01-25 08:00:00,38.667545
2012-01-25 09:00:00,38.667545
2012-01-25 10:00:00,52.510624
2012-01-25 11:00:00,89.59185
2012-01-25 12:00:00,107.83075
2012-01-25 13:00:00,118.07963
2012-01-25 14:00:00,117.59655
2012-01-25 15:00:00,124.56016
2012-01-25 16:00:00,113.64488
2012-01-25 17:00:00,121.229805
2012-01-25 18:00:00,78.61872
2012-01-25 19:00:00,102.45189
2012-01-25 20:00:00,92.6632
2012-01-25 21:00:00,59.152378
2012-01-25 22:00:00,66.51496
2012-01-25 23:00:00,52.81531
2012-01-26 00:00:00,33.65188
2012-01-26 01:00:00,30.344503
2012-01-26 02:00:00,36.419334
2012-01-26 03:00:00,37.665493
2012-01-26 04:00:00,29.138214
2012-01-26 05:00:00,47.519585
2012-01-26 06:00:00,16.86201
2012-01-26 07:00:00,24.183008
2012-01-26 08:00:00,24.183008
2012-01-26 09:00:00,24.405342
2012-01-26 10:00:00,32.251038
2012-01-26 11:00:00,20.554583
2012-01-26 12:00:00,47.379314
2012-01-26 13:00:00,77.13271
2012-01-26 14:00:00,100.632195
2012-01-26 15:00:00,108.17551
2012-01-26 16:00:00,98.36306
2012-01-26 17:00:00,92.26097
2012-01-26 18:00:00,92.26097
2012-01-26 19:00:00,89.39678
2012-01-26 20:00:00,80.45259
2012-01-26 21:00:00,89.39678
2012-01-26 22:00:00,67.12308
2012-01-26 23:00:00,59.999733
2012-01-27 00:00:00,98.636284
2012-01-27 01:00:00,82.86254
2012-01-27 02:00:00,59.8247
2012-01-27 03:00:00,83.76817
2012-01-27 04:00:00,65.011505
2012-01-27 05:00:00,90.59087
2012-01-27 06:00:00,77.10838
2012-01-27 07:00:00,72.55484
2012-01-27 08:00:00,128.71352
2012-01-27 09:00:00,128.71352
2012-01-27 10:00:00,76.02153
2012-01-27 11:00:00,83.74418
2012-01-27 12:00:00,109.32353
2012-01-27 13:00:00,218.7419
2012-01-27 14:00:00,241.36034
2012-01-27 15:00:00,208.7224
2012-01-27 16:00:00,227.67705
2012-01-27 17:00:00,226.89272
2012-01-27 18:00:00,205.70401
2012-01-27 19:00:00,155.74489
2012-01-27 20:00:00,130.58241
2012-01-27 21:00:00,149.30597
2012-01-27 22:00:00,144.12422
2012-01-27 23:00:00,141.11922
2012-01-28 00:00:00,104.957146
2012-01-28 01:00:00,93.056206
2012-01-28 02:00:00,47.552055
2012-01-28 03:00:00,54.914658
2012-01-28 04:00:00,53.66849
2012-01-28 05:00:00,7.3407283
2012-01-28 06:00:00,17.537893
2012-01-28 07:00:00,-1.2824392
2012-01-28 08:00:00,-19.022974
2012-01-28 09:00:00,-12.51785
2012-01-28 10:00:00,32.926937
2012-01-28 11:00:00,79.51434
2012-01-28 12:00:00,84.73338
2012-01-28 13:00:00,104.296486
2012-01-28 14:00:00,174.51234
2012-01-28 15:00:00,179.74666
2012-01-28 16:00:00,198.56958
2012-01-28 17:00:00,203.1231
2012-01-28 18:00:00,184.85796
2012-01-28 19:00:00,236.06175
2012-01-28 20:00:00,215.8035
2012-01-28 21:00:00,190.67262
2012-01-28 22:00:00,153.17029
2012-01-28 23:00:00,152.36818
2012-01-29 00:00:00,138.55984
2012-01-29 01:00:00,163.92372
2012-01-29 02:00:00,156.3362
2012-01-29 03:00:00,130.11342
2012-01-29 04:00:00,94.814
2012-01-29 05:00:00,46.625458
2012-01-29 06:00:00,73.12943
2012-01-29 07:00:00,78.0846
2012-01-29 08:00:00,63.80003
2012-01-29 09:00:00,57.058784
2012-01-29 10:00:00,97.707054
2012-01-29 11:00:00,142.21031
2012-01-29 12:00:00,161.83273
2012-01-29 13:00:00,161.83273
2012-01-29 14:00:00,166.37105
2012-01-29 15:00:00,188.29994
2012-01-29 16:00:00,217.74113
2012-01-29 17:00:00,217.74113
2012-01-29 18:00:00,190.28738
2012-01-29 19:00:00,159.62982
2012-01-29 20:00:00,125.07733
2012-01-29 21:00:00,147.65167
2012-01-29 22:00:00,180.55637
2012-01-29 23:00:00,148.14998
2012-01-30 00:00:00,194.00835
2012-01-30 01:00:00,78.31344
2012-01-30 02:00:00,97.693474
2012-01-30 03:00:00,79.011475
2012-01-30 04:00:00,54.3329
2012-01-30 05:00:00,54.3329
2012-01-30 06:00:00,89.50671
2012-01-30 07:00:00,94.06025
2012-01-30 08:00:00,70.68383
2012-01-30 09:00:00,70.68383
2012-01-30 10:00:00,100.801506
2012-01-30 11:00:00,85.805336
2012-01-30 12:00:00,139.04404
2012-01-30 13:00:00,146.20789
2012-01-30 14:00:00,172.99611
2012-01-30 15:00:00,175.80518
2012-01-30 16:00:00,181.10146
2012-01-30 17:00:00,197.67473
2012-01-30 18:00:00,181.05728
2012-01-30 19:00:00,113.72577
2012-01-30 20:00:00,129.9757
2012-01-30 21:00:00,123.23445
2012-01-30 22:00:00,104.9761
2012-01-30 23:00:00,65.91425
2012-01-31 00:00:00,100.52608
2012-01-31 01:00:00,131.08014
2012-01-31 02:00:00,126.04353
2012-01-31 03:00:00,119.30228
2012-01-31 04:00:00,105.76042
2012-01-31 05:00:00,105.76042
2012-01-31 06:00:00,86.895935
2012-01-31 07:00:00,65.91422
2012-01-31 08:00:00,58.566864
2012-01-31 09:00:00,99.01918
2012-01-31 10:00:00,102.85778
2012-01-31 11:00:00,203.10222
2012-01-31 12:00:00,191.88892
2012-01-31 13:00:00,218.92906
2012-01-31 14:00:00,265.70148
2012-01-31 15:00:00,305.79626
2012-01-31 16:00:00,305.79626
2012-01-31 17:00:00,301.2428
2012-01-31 18:00:00,296.64505
2012-01-31 19:00:00,258.87878
2012-01-31 20:00:00,128.63802
2012-01-31 21:00:00,237.0313
2012-01-31 22:00:00,224.99382
2012-01-31 23:00:00,211.42987
2012-02-20 00:00:00,-21.863735
2012-02-20 01:00:00,-21.863735
2012-02-20 02:00:00,-21.863735
2012-02-20 03:00:00,-5.089132
2012-02-20 05:00:00,60.781586
2012-02-20 06:00:00,80.36104
2012-02-20 07:00:00,59.93532
2012-02-20 08:00:00,46.69412
2012-02-20 09:00:00,46.69412
2012-02-20 10:00:00,76.912766
2012-02-20 11:00:00,94.12522
2012-02-20 12:00:00,100.56415
2012-02-20 13:00:00,123.98217
2012-02-20 14:00:00,137.687
2012-02-20 15:00:00,147.99527
2012-02-20 16:00:00,167.52187
2012-02-20 17:00:00,202.28136
2012-02-20 18:00:00,147.99527
2012-02-20 19:00:00,147.99527
2012-02-20 20:00:00,149.72453
2012-02-20 21:00:00,118.8225
2012-02-20 22:00:00,100.30338
2012-02-20 23:00:00,106.4233
2012-02-21 00:00:00,44.024097
2012-02-21 01:00:00,64.24781
2012-02-21 02:00:00,47.71617
2012-02-21 04:00:00,31.142899
2012-02-21 05:00:00,12.364146
2012-02-21 06:00:00,-1.1183262
2012-02-21 07:00:00,31.142899
2012-02-21 08:00:00,13.402367
2012-02-21 09:00:00,2.1890516
2012-02-21 10:00:00,29.575695
2012-02-21 11:00:00,51.970688
2012-02-21 12:00:00,114.47266
2012-02-21 13:00:00,148.66255
2012-02-21 14:00:00,128.79886
2012-02-21 15:00:00,148.66255
2012-02-21 16:00:00,169.27155
2012-02-21 17:00:00,213.78242
2012-02-21 18:00:00,213.78242
2012-02-21 19:00:00,151.08783
2012-02-21 20:00:00,120.99224
2012-02-21 21:00:00,95.66823
2012-02-21 22:00:00,78.94198
2012-02-21 23:00:00,79.6569
2012-02-22 00:00:00,79.6569
2012-02-22 01:00:00,69.63039
2012-02-22 02:00:00,96.33371
2012-02-22 03:00:00,77.212715
2012-02-22 04:00:00,73.19738
2012-02-22 05:00:00,65.09208
2012-02-22 06:00:00,54.418648
2012-02-22 07:00:00,49.340427
2012-02-22 08:00:00,44.044163
2012-02-22 09:00:00,62.822903
2012-02-22 10:00:00,68.160774
2012-02-22 11:00:00,92.017715
2012-02-22 12:00:00,146.92519
2012-02-22 13:00:00,174.71434
2012-02-22 14:00:00,186.85283
2012-02-22 15:00:00,274.83743
2012-02-22 16:00:00,293.73926
2012-02-22 17:00:00,275.63696
2012-02-22 18:00:00,232.39943
2012-02-22 19:00:00,211.25053
2012-02-22 20:00:00,183.32059
2012-02-22 21:00:00,243.55338
2012-02-22 22:00:00,192.41245
2012-02-22 23:00:00,217.99179
2012-02-23 00:00:00,192.41245
2012-02-23 01:00:00,172.2481
2012-02-23 02:00:00,154.1679
2012-02-23 03:00:00,139.58522
2012-02-23 04:00:00,106.3742
2012-02-23 05:00:00,106.3742
2012-02-23 06:00:00,49.36731
2012-02-23 07:00:00,67.40336
2012-02-23 08:00:00,41.782383
2012-02-23 09:00:00,65.61731
2012-02-23 10:00:00,129.58775
2012-02-23 11:00:00,208.6409
2012-02-23 12:00:00,225.11319
2012-02-23 13:00:00,230.34753
2012-02-23 14:00:00,251.51848
2012-02-23 15:00:00,242.3231
2012-02-23 16:00:00,231.66072
2012-02-23 17:00:00,249.12375
2012-02-23 18:00:00,233.3348
2012-02-23 19:00:00,206.86328
2012-02-23 20:00:00,187.30705
2012-02-23 21:00:00,177.67955
2012-02-23 22:00:00,175.47661
2012-02-23 23:00:00,136.84004
2012-02-24 00:00:00,142.7034
2012-02-24 01:00:00,148.40808
2012-02-24 02:00:00,123.17483
2012-02-24 03:00:00,86.789665
2012-02-24 04:00:00,68.01093
2012-02-24 05:00:00,78.309044
2012-02-24 06:00:00,73.770744
2012-02-24 07:00:00,107.58047
2012-02-24 08:00:00,115.91006
2012-02-24 09:00:00,68.02981
2012-02-24 10:00:00,60.724022
2012-02-24 11:00:00,56.708717
2012-02-24 12:00:00,93.9351
2012-02-24 13:00:00,108.17551
2012-02-24 14:00:00,132.29214
2012-02-24 15:00:00,79.51531
2012-02-24 16:00:00,79.51531
2012-02-24 17:00:00,57.69892
2012-02-24 18:00:00,40.57812
2012-02-24 19:00:00,77.56006
2012-02-24 20:00:00,182.5063
2012-02-24 21:00:00,294.6971
2012-02-24 22:00:00,248.56146
2012-02-24 23:00:00,256.89105
2012-02-25 00:00:00,163.76704
2012-02-25 01:00:00,147.59286
2012-02-25 02:00:00,123.67649
2012-02-25 03:00:00,116.63145
2012-02-25 04:00:00,127.92625
2012-02-25 05:00:00,124.57897
2012-02-25 06:00:00,124.57897
2012-02-25 07:00:00,125.50095
2012-02-25 08:00:00,88.47916
2012-02-25 09:00:00,19.64576
2012-02-25 10:00:00,70.60602
2012-02-25 11:00:00,171.55954
2012-02-25 12:00:00,208.3964
2012-02-25 13:00:00,185.22025
2012-02-25 14:00:00,192.48189
2012-02-25 15:00:00,178.3534
2012-02-25 16:00:00,203.77666
2012-02-25 17:00:00,152.6883
2012-02-25 18:00:00,191.73915
2012-02-25 19:00:00,138.5982
2012-02-25 20:00:00,161.2388
2012-02-25 21:00:00,114.659805
2012-02-25 22:00:00,122.08862
2012-02-25 23:00:00,108.5247
2012-02-26 00:00:00,105.715645
2012-02-26 01:00:00,94.43607
2012-02-26 02:00:00,94.43607
2012-02-26 03:00:00,87.03363
2012-02-26 04:00:00,87.03363
2012-02-26 05:00:00,77.26098
2012-02-26 06:00:00,86.89273
2012-02-26 07:00:00,59.024677
2012-02-26 08:00:00,58.526386
2012-02-26 09:00:00,70.51973
2012-02-26 10:00:00,96.36304
2012-02-26 11:00:00,115.80728
2012-02-26 12:00:00,117.714714
2012-02-26 13:00:00,117.87086
2012-02-26 14:00:00,136.69122
2012-02-26 15:00:00,142.44594
2012-02-26 16:00:00,168.01685
2012-02-26 17:00:00,169.8029
2012-02-26 18:00:00,156.03871
2012-02-26 19:00:00,148.63199
2012-02-26 20:00:00,123.11197
2012-02-26 21:00:00,104.23225
2012-02-26 22:00:00,118.3361
2012-02-26 23:00:00,62.656853
2012-02-27 00:00:00,68.68169
2012-02-27 01:00:00,59.23239
2012-02-27 02:00:00,46.750816
2012-02-27 03:00:00,20.08479
2012-02-27 04:00:00,-3.2475157
2012-02-27 05:00:00,-3.2475157
2012-02-27 06:00:00,38.667545
2012-02-27 07:00:00,56.600048
2012-02-27 08:00:00,28.78462
2012-02-27 09:00:00,65.91422
2012-02-27 10:00:00,131.38394
2012-02-27 11:00:00,151.00641
2012-02-27 12:00:00,205.37135
2012-02-27 13:00:00,189.61972
2012-02-27 14:00:00,228.0209
2012-02-27 15:00:00,295.90488
2012-02-27 16:00:00,305.79626
2012-02-27 17:00:00,310.2904
2012-02-27 18:00:00,291.4107
2012-02-27 19:00:00,274.79333
2012-02-27 20:00:00,253.70815
2012-02-27 21:00:00,228.0209
2012-02-27 22:00:00,197.94739
2012-02-27 23:00:00,163.24983
2012-02-28 00:00:00,149.70795
2012-02-28 01:00:00,121.15656
2012-02-28 02:00:00,137.6263
2012-02-28 03:00:00,225.69862
2012-02-28 04:00:00,147.75693
2012-02-28 05:00:00,147.75693
2012-02-28 06:00:00,128.89244
2012-02-28 07:00:00,116.79554
2012-02-28 08:00:00,100.2002
2012-02-28 09:00:00,125.88741
2012-02-28 10:00:00,131.08012
2012-02-28 11:00:00,159.19261
2012-02-28 12:00:00,159.37083
2012-02-28 13:00:00,165.60944
2012-02-28 14:00:00,196.05043
2012-02-28 15:00:00,205.81876
2012-02-28 16:00:00,201.32462
2012-02-28 17:00:00,205.81876
2012-02-28 18:00:00,212.68562
2012-02-28 19:00:00,192.17339
2012-02-28 20:00:00,196.09456
2012-02-28 21:00:00,126.60694
2012-02-28 22:00:00,126.60694
2012-02-28 23:00:00,108.868965
2012-02-29 00:00:00,103.292465
2012-02-29 01:00:00,112.28079
2012-02-29 02:00:00,94.58437
2012-02-29 03:00:00,47.694614
2012-02-29 05:00:00,28.91591
2012-02-29 06:00:00,37.665493
2012-02-29 07:00:00,17.122759
2012-02-29 08:00:00,33.65188
2012-02-29 09:00:00,38.010838
2012-02-29 10:00:00,38.010838
2012-02-29 11:00:00,22.783844
2012-02-29 12:00:00,37.3128
2012-02-29 13:00:00,55.77309
2012-02-29 14:00:00,55.77309
2012-02-29 15:00:00,103.189835
2012-02-29 16:00:00,95.30426
2012-02-29 17:00:00,73.770744
2012-02-29 18:00:00,49.970615
2012-02-29 19:00:00,64.67886
2012-02-29 20:00:00,80.27326
2012-02-29 21:00:00,80.27326
2012-02-29 22:00:00,80.42093
2012-02-29 23:00:00,80.42093
2012-03-20 00:00:00,143.14664
2012-03-20 01:00:00,98.2808
2012-03-20 02:00:00,111.9262
2012-03-20 03:00:00,99.48703
2012-03-20 04:00:00,112.35496
2012-03-20 05:00:00,78.41961
2012-03-20 06:00:00,103.426
2012-03-20 07:00:00,113.72415
2012-03-20 08:00:00,107.81665
2012-03-20 09:00:00,124.49345
2012-03-20 10:00:00,127.8255
2012-03-20 11:00:00,145.09732
2012-03-20 12:00:00,188.38417
2012-03-20 13:00:00,179.29234
2012-03-20 14:00:00,193.47847
2012-03-20 15:00:00,200.95992
2012-03-20 16:00:00,224.67856
2012-03-20 17:00:00,196.8105
2012-03-20 18:00:00,214.89069
2012-03-20 19:00:00,167.56816
2012-03-20 20:00:00,171.99612
2012-03-20 21:00:00,139.53035
2012-03-20 22:00:00,122.99869
2012-03-20 23:00:00,101.931244
2012-03-21 00:00:00,105.74735
2012-03-21 01:00:00,130.62817
2012-03-21 02:00:00,118.615265
2012-03-21 03:00:00,128.91339
2012-03-21 04:00:00,119.82152
2012-03-21 05:00:00,119.82152
2012-03-21 06:00:00,112.44108
2012-03-21 07:00:00,109.09382
2012-03-21 08:00:00,95.46368
2012-03-21 09:00:00,124.375046
2012-03-21 10:00:00,143.19543
2012-03-21 11:00:00,143.19543
2012-03-21 12:00:00,139.25647
2012-03-21 13:00:00,125.77398
2012-03-21 14:00:00,144.55275
2012-03-21 15:00:00,144.55275
2012-03-21 16:00:00,162.16684
2012-03-21 17:00:00,204.95102
2012-03-21 18:00:00,191.30563
2012-03-21 19:00:00,208.86543
2012-03-21 20:00:00,156.99187
2012-03-21 21:00:00,140.48224
2012-03-21 22:00:00,141.98917
2012-03-21 23:00:00,138.05019
2012-03-22 00:00:00,130.62817
2012-03-22 01:00:00,130.62817
2012-03-22 02:00:00,130.62817
2012-03-22 03:00:00,130.62817
2012-03-22 04:00:00,78.50576
2012-03-22 05:00:00,78.50576
2012-03-22 06:00:00,78.50576
2012-03-22 07:00:00,78.50576
2012-03-22 08:00:00,99.531586
2012-03-22 09:00:00,99.531586
2012-03-22 10:00:00,86.04909
2012-03-22 11:00:00,93.47115
2012-03-22 12:00:00,144.08328
2012-03-22 13:00:00,164.57678
2012-03-22 14:00:00,198.23184
2012-03-22 15:00:00,228.43532
2012-03-22 16:00:00,238.68416
2012-03-22 17:00:00,241.68916
2012-03-22 18:00:00,241.68916
2012-03-22 19:00:00,225.67113
2012-03-22 20:00:00,226.76796
2012-03-22 21:00:00,175.93777
2012-03-22 22:00:00,161.65573
2012-03-22 23:00:00,145.75647
2012-03-23 00:00:00,132.11105
2012-03-23 01:00:00,113.3323
2012-03-23 02:00:00,126.977715
2012-03-23 03:00:00,121.66192
2012-03-23 04:00:00,101.800705
2012-03-23 05:00:00,85.88619
2012-03-23 06:00:00,99.36867
2012-03-23 07:00:00,108.586105
2012-03-23 08:00:00,106.33903
2012-03-23 09:00:00,116.10486
2012-03-23 10:00:00,137.99648
2012-03-23 11:00:00,200.6987
2012-03-23 12:00:00,260.97565
2012-03-23 13:00:00,271.2177
2012-03-23 14:00:00,301.87537
2012-03-23 15:00:00,306.41367
2012-03-23 16:00:00,310.96713
2012-03-23 17:00:00,310.96713
2012-03-23 18:00:00,295.47635
2012-03-23 19:00:00,279.9337
2012-03-23 20:00:00,277.58313
2012-03-23 21:00:00,257.0412
2012-03-23 22:00:00,252.05553
2012-03-23 23:00:00,229.94218
2012-03-24 00:00:00,165.6948
2012-03-24 01:00:00,160.5198
2012-03-24 02:00:00,146.25735
2012-03-24 03:00:00,146.25735
2012-03-24 04:00:00,122.9207
2012-03-24 05:00:00,135.488
2012-03-24 06:00:00,135.488
2012-03-24 07:00:00,112.114105
2012-03-24 08:00:00,107.72345
2012-03-24 09:00:00,130.93448
2012-03-24 10:00:00,128.79091
2012-03-24 11:00:00,107.72345
2012-03-24 12:00:00,121.06821
2012-03-24 13:00:00,125.606514
2012-03-24 14:00:00,155.00354
2012-03-24 15:00:00,143.02797
2012-03-24 16:00:00,124.84426
2012-03-24 17:00:00,126.96575
2012-03-24 18:00:00,98.35498
2012-03-24 19:00:00,84.70962
2012-03-24 20:00:00,72.77562
2012-03-24 21:00:00,72.77562
2012-03-24 22:00:00,81.86742
2012-03-24 23:00:00,98.697205
2012-03-25 00:00:00,98.697205
2012-03-25 01:00:00,73.07622
2012-03-25 02:00:00,81.10521
2012-03-25 03:00:00,94.5877
2012-03-25 04:00:00,97.934944
2012-03-25 05:00:00,65.53292
2012-03-25 06:00:00,65.53292
2012-03-25 07:00:00,90.39161
2012-03-25 08:00:00,90.39161
2012-03-25 09:00:00,79.01541
2012-03-25 10:00:00,106.121185
2012-03-25 11:00:00,79.01541
2012-03-25 12:00:00,74.47711
2012-03-25 13:00:00,86.41109
2012-03-25 14:00:00,93.99602
2012-03-25 15:00:00,98.53433
2012-03-25 16:00:00,107.62957
2012-03-25 17:00:00,140.0537
2012-03-25 18:00:00,140.0537
2012-03-25 19:00:00,165.04486
2012-03-25 20:00:00,141.7278
2012-03-25 21:00:00,132.63597
2012-03-25 22:00:00,109.262024
2012-03-25 23:00:00,116.84701
2012-03-26 00:00:00,130.31422
2012-03-26 01:00:00,142.73814
2012-03-26 02:00:00,117.13235
2012-03-26 03:00:00,126.06133
2012-03-26 04:00:00,113.97966
2012-03-26 05:00:00,125.215065
2012-03-26 06:00:00,110.93303
2012-03-26 07:00:00,140.9888
2012-03-26 08:00:00,168.01317
2012-03-26 09:00:00,218.35457
2012-03-26 10:00:00,303.6599
2012-03-26 11:00:00,307.352
2012-03-26 12:00:00,293.76602
2012-03-26 13:00:00,327.76074
2012-03-26 14:00:00,282.405
2012-03-26 15:00:00,316.3845
2012-03-26 16:00:00,329.92636
2012-03-26 17:00:00,295.0438
2012-03-26 18:00:00,283.00632
2012-03-26 19:00:00,266.27014
2012-03-26 20:00:00,279.23898
2012-03-26 21:00:00,269.34763
2012-03-26 22:00:00,222.41992
2012-03-26 23:00:00,227.27577
2012-03-27 00:00:00,223.76814
2012-03-27 01:00:00,207.09135
2012-03-27 02:00:00,151.6856
2012-03-27 03:00:00,156.23914
2012-03-27 04:00:00,148.69832
2012-03-27 05:00:00,124.84134
2012-03-27 06:00:00,117.52035
2012-03-27 07:00:00,117.52035
2012-03-27 08:00:00,127.11049
2012-03-27 09:00:00,116.53381
2012-03-27 10:00:00,141.69633
2012-03-27 11:00:00,163.0039
2012-03-27 12:00:00,170.58882
2012-03-27 13:00:00,169.69905
2012-03-27 14:00:00,224.6286
2012-03-27 15:00:00,220.70738
2012-03-27 16:00:00,220.70738
2012-03-27 17:00:00,237.28065
2012-03-27 18:00:00,241.09401
2012-03-27 19:00:00,227.44865
2012-03-27 20:00:00,241.09401
2012-03-27 21:00:00,172.2346
2012-03-27 22:00:00,167.6811
2012-03-27 23:00:00,176.77293
2012-03-28 00:00:00,177.35269
2012-03-28 01:00:00,166.13936
2012-03-28 02:00:00,145.53038
2012-03-28 03:00:00,165.81348
2012-03-28 04:00:00,172.8806
2012-03-28 05:00:00,172.8806
2012-03-28 06:00:00,175.23123
2012-03-28 07:00:00,170.6929
2012-03-28 08:00:00,201.7061
2012-03-28 09:00:00,229.67763
2012-03-28 10:00:00,252.2899
2012-03-28 11:00:00,260.63278
2012-03-28 12:00:00,279.19666
2012-03-28 13:00:00,272.00702
2012-03-28 14:00:00,329.3839
2012-03-28 15:00:00,314.75714
2012-03-28 16:00:00,279.65543
2012-03-28 17:00:00,251.95201
2012-03-28 18:00:00,251.95201
2012-03-28 19:00:00,262.66953
2012-03-28 20:00:00,278.58408
2012-03-28 21:00:00,230.01543
2012-03-28 22:00:00,195.25847
2012-03-28 23:00:00,178.72682
2012-03-29 00:00:00,187.81865
2012-03-29 01:00:00,204.24678
2012-03-29 02:00:00,335.21957
2012-03-29 03:00:00,301.92197
2012-03-29 04:00:00,261.23218
2012-03-29 05:00:00,228.88516
2012-03-29 06:00:00,186.83606
2012-03-29 07:00:00,220.72725
2012-03-29 08:00:00,238.8074
2012-03-29 09:00:00,244.1453
2012-03-29 10:00:00,243.36093
2012-03-29 11:00:00,258.42987
2012-03-29 12:00:00,276.53204
2012-03-29 13:00:00,231.91847
2012-03-29 14:00:00,256.07922
2012-03-29 15:00:00,270.4054
2012-03-29 16:00:00,272.60837
2012-03-29 17:00:00,277.2061
2012-03-29 18:00:00,253.72864
2012-03-29 19:00:00,243.91612
2012-03-29 20:00:00,240.84749
2012-03-29 21:00:00,217.55247
2012-03-29 22:00:00,209.96751
2012-03-29 23:00:00,205.4954
2012-03-30 00:00:00,197.95209
2012-03-30 01:00:00,181.35675
2012-03-30 02:00:00,150.40979
2012-03-30 03:00:00,106.16619
2012-03-30 04:00:00,123.65975
2012-03-30 05:00:00,98.09817
2012-03-30 06:00:00,113.89394
2012-03-30 07:00:00,112.164696
2012-03-30 08:00:00,91.94096
2012-03-30 09:00:00,119.70805
2012-03-30 10:00:00,125.69017
2012-03-30 11:00:00,125.08833
2012-03-30 12:00:00,130.38464
2012-03-30 13:00:00,148.16415
2012-03-30 14:00:00,139.17583
2012-03-30 15:00:00,146.71915
2012-03-30 16:00:00,164.38925
2012-03-30 17:00:00,154.09114
2012-03-30 18:00:00,173.85132
2012-03-30 19:00:00,152.88489
2012-03-30 20:00:00,143.79301
2012-03-30 21:00:00,122.66621
2012-03-30 22:00:00,95.83384
2012-03-30 23:00:00,83.43465
2012-03-31 00:00:00,88.09729
2012-03-31 01:00:00,110.37102
2012-03-31 02:00:00,124.759125
2012-03-31 03:00:00,104.7741
2012-03-31 04:00:00,148.55922
2012-03-31 05:00:00,100.2358
2012-03-31 06:00:00,53.379356
2012-03-31 07:00:00,53.379356
2012-03-31 08:00:00,57.91765
2012-03-31 09:00:00,110.37102
2012-03-31 10:00:00,101.27918
2012-03-31 11:00:00,131.73286
2012-03-31 12:00:00,130.10039
2012-03-31 13:00:00,188.99603
2012-03-31 14:00:00,186.47482
2012-03-31 15:00:00,207.60164
2012-03-31 16:00:00,193.29753
2012-03-31 17:00:00,193.7433
2012-03-31 18:00:00,175.40857
2012-03-31 19:00:00,166.59528
2012-03-31 20:00:00,142.07451
2012-03-31 21:00:00,142.07451
2012-03-31 22:00:00,123.11336
2012-03-31 23:00:00,89.95657
2012-04-20 00:00:00,153.72235
2012-04-20 01:00:00,126.06133
2012-04-20 02:00:00,105.03545
2012-04-20 03:00:00,91.40532
2012-04-20 04:00:00,70.337875
2012-04-20 05:00:00,54.42333
2012-04-20 06:00:00,67.90587
2012-04-20 07:00:00,54.42333
2012-04-20 08:00:00,62.00831
2012-04-20 09:00:00,96.67951
2012-04-20 10:00:00,152.42497
2012-04-20 11:00:00,183.28033
2012-04-20 12:00:00,236.65315
2012-04-20 13:00:00,293.1422
2012-04-20 14:00:00,296.70917
2012-04-20 15:00:00,285.41437
2012-04-20 16:00:00,293.41617
2012-04-20 17:00:00,299.05978
2012-04-20 18:00:00,291.05798
2012-04-20 19:00:00,269.41083
2012-04-20 20:00:00,225.37361
2012-04-20 21:00:00,186.27014
2012-04-20 22:00:00,196.91049
2012-04-20 23:00:00,162.15353
2012-04-21 00:00:00,156.8561
2012-04-21 01:00:00,156.8561
2012-04-21 02:00:00,143.21066
2012-04-21 03:00:00,138.03569
2012-04-21 04:00:00,142.57402
2012-04-21 05:00:00,142.57402
2012-04-21 06:00:00,138.0357
2012-04-21 07:00:00,147.12756
2012-04-21 08:00:00,152.40604
2012-04-21 09:00:00,155.34917
2012-04-21 10:00:00,244.34807
2012-04-21 11:00:00,259.17258
2012-04-21 12:00:00,259.7897
2012-04-21 13:00:00,267.79147
2012-04-21 14:00:00,305.95258
2012-04-21 15:00:00,322.42493
2012-04-21 16:00:00,319.5165
2012-04-21 17:00:00,365.58347
2012-04-21 18:00:00,333.218
2012-04-21 19:00:00,224.2909
2012-04-21 20:00:00,151.80925
2012-04-21 21:00:00,165.45464
2012-04-21 22:00:00,141.8534
2012-04-21 23:00:00,133.20554
2012-04-22 00:00:00,119.560135
2012-04-22 01:00:00,140.02824
2012-04-22 02:00:00,154.47014
2012-04-22 03:00:00,107.47851
2012-04-22 04:00:00,118.7139
2012-04-22 05:00:00,127.805756
2012-04-22 06:00:00,154.9557
2012-04-22 07:00:00,146.43346
2012-04-22 08:00:00,107.18665
2012-04-22 09:00:00,107.18665
2012-04-22 10:00:00,110.97792
2012-04-22 11:00:00,95.188965
2012-04-22 12:00:00,99.742546
2012-04-22 13:00:00,115.51625
2012-04-22 14:00:00,99.742546
2012-04-22 15:00:00,108.83439
2012-04-22 16:00:00,117.92622
2012-04-22 17:00:00,71.68604
2012-04-22 18:00:00,71.68604
2012-04-22 19:00:00,96.52953
2012-04-22 20:00:00,73.41532
2012-04-22 21:00:00,82.359474
2012-04-22 22:00:00,82.66183
2012-04-22 23:00:00,100.9202
2012-04-23 00:00:00,108.08774
2012-04-23 01:00:00,71.64565
2012-04-23 02:00:00,64.6405
2012-04-23 03:00:00,71.30032
2012-04-23 04:00:00,64.96326
2012-04-23 05:00:00,64.96326
2012-04-23 06:00:00,59.701763
2012-04-23 07:00:00,60.409737
2012-04-23 08:00:00,77.73778
2012-04-23 09:00:00,86.82964
2012-04-23 10:00:00,102.84089
2012-04-23 11:00:00,101.096436
2012-04-23 12:00:00,107.59894
2012-04-23 13:00:00,123.387924
2012-04-23 14:00:00,149.05304
2012-04-23 15:00:00,145.03769
2012-04-23 16:00:00,69.999886
2012-04-23 17:00:00,63.214462
2012-04-23 18:00:00,62.376526
2012-04-23 19:00:00,81.02877
2012-04-23 20:00:00,70.67643
2012-04-23 21:00:00,62.208477
2012-04-23 22:00:00,74.00846
2012-04-23 23:00:00,69.47017
2012-04-24 00:00:00,72.40569
2012-04-24 01:00:00,61.17028
2012-04-24 02:00:00,62.773064
2012-04-24 03:00:00,61.00222
2012-04-24 04:00:00,73.62322
2012-04-24 05:00:00,73.62322
2012-04-24 06:00:00,78.17678
2012-04-24 07:00:00,103.800255
2012-04-24 08:00:00,118.0671
2012-04-24 09:00:00,207.04395
2012-04-24 10:00:00,205.4954
2012-04-24 11:00:00,270.22238
2012-04-24 12:00:00,282.3015
2012-04-24 13:00:00,289.84482
2012-04-24 14:00:00,298.83316
2012-04-24 15:00:00,307.86563
2012-04-24 16:00:00,273.7674
2012-04-24 17:00:00,313.15936
2012-04-24 18:00:00,255.45808
2012-04-24 19:00:00,294.09467
2012-04-24 20:00:00,291.18628
2012-04-24 21:00:00,244.07167
2012-04-24 22:00:00,210.50066
2012-04-24 23:00:00,193.90532
2012-04-25 00:00:00,187.84485
2012-04-25 01:00:00,173.51869
2012-04-25 02:00:00,103.65836
2012-04-25 03:00:00,77.87442
2012-04-25 04:00:00,94.447716
2012-04-25 05:00:00,87.085106
2012-04-25 06:00:00,87.085106
2012-04-25 07:00:00,75.849686
2012-04-25 08:00:00,79.52019
2012-04-25 09:00:00,144.30663
2012-04-25 10:00:00,227.0898
2012-04-25 11:00:00,252.03677
2012-04-25 12:00:00,291.34726
2012-04-25 13:00:00,294.2929
2012-04-25 14:00:00,323.73407
2012-04-25 15:00:00,308.51556
2012-04-25 16:00:00,351.42532
2012-04-25 17:00:00,346.87186
2012-04-25 18:00:00,344.60266
2012-04-25 19:00:00,330.95728
2012-04-25 20:00:00,282.82837
2012-04-25 21:00:00,207.09514
2012-04-25 22:00:00,181.30443
2012-04-25 23:00:00,196.15607
2012-04-26 00:00:00,148.00241
2012-04-26 01:00:00,195.354
2012-04-26 02:00:00,181.89357
2012-04-26 03:00:00,179.62444
2012-04-26 04:00:00,170.6361
2012-04-26 05:00:00,168.45523
2012-04-26 06:00:00,186.63893
2012-04-26 07:00:00,153.48027
2012-04-26 08:00:00,128.47389
2012-04-26 09:00:00,110.45304
2012-04-26 10:00:00,95.76432
2012-04-26 11:00:00,104.85617
2012-04-26 12:00:00,138.64189
2012-04-26 13:00:00,137.85759
2012-04-26 14:00:00,168.80115
2012-04-26 15:00:00,168.20183
2012-04-26 16:00:00,152.28726
2012-04-26 17:00:00,163.0566
2012-04-26 18:00:00,168.80115
2012-04-26 19:00:00,173.35472
2012-04-26 20:00:00,167.59488
2012-04-26 21:00:00,151.08102
2012-04-26 22:00:00,141.98917
2012-04-26 23:00:00,123.16881
2012-04-27 00:00:00,242.3697
2012-04-27 01:00:00,231.52425
2012-04-27 02:00:00,219.42737
2012-04-27 03:00:00,242.62505
2012-04-27 04:00:00,205.41399
2012-04-27 05:00:00,221.32855
2012-04-27 06:00:00,200.11778
2012-04-27 07:00:00,181.35675
2012-04-27 08:00:00,145.75165
2012-04-27 09:00:00,241.78134
2012-04-27 10:00:00,251.48781
2012-04-27 11:00:00,237.85764
2012-04-27 12:00:00,254.43347
2012-04-27 13:00:00,265.7282
2012-04-27 14:00:00,256.63635
2012-04-27 15:00:00,313.32904
2012-04-27 16:00:00,276.96173
2012-04-27 17:00:00,316.25012
2012-04-27 18:00:00,301.86453
2012-04-27 19:00:00,294.33902
2012-04-27 20:00:00,254.30788
2012-04-27 21:00:00,244.53949
2012-04-27 22:00:00,218.89645
2012-04-27 23:00:00,206.85898
2012-04-28 00:00:00,171.19524
2012-04-28 01:00:00,149.4436
2012-04-28 02:00:00,151.0447
2012-04-28 03:00:00,132.78633
2012-04-28 04:00:00,129.97725
2012-04-28 05:00:00,132.165
2012-04-28 06:00:00,134.5156
2012-04-28 07:00:00,129.97725
2012-04-28 08:00:00,173.38292
2012-04-28 09:00:00,160.87756
2012-04-28 10:00:00,179.14272
2012-04-28 11:00:00,170.05084
2012-04-28 12:00:00,147.3951
2012-04-28 13:00:00,168.46252
2012-04-28 14:00:00,188.46703
2012-04-28 15:00:00,199.90948
2012-04-28 16:00:00,210.88843
2012-04-28 17:00:00,187.47034
2012-04-28 18:00:00,147.19795
2012-04-28 19:00:00,85.98543
2012-04-28 20:00:00,95.71222
2012-04-28 21:00:00,95.07723
2012-04-28 22:00:00,84.77915
2012-04-28 23:00:00,86.886765
2012-04-29 00:00:00,63.514614
2012-04-29 01:00:00,62.308334
2012-04-29 02:00:00,50.570297
2012-04-29 03:00:00,57.917664
2012-04-29 04:00:00,48.82583
2012-04-29 05:00:00,32.188957
2012-04-29 06:00:00,40.034645
2012-04-29 07:00:00,41.240925
2012-04-29 08:00:00,92.48797
2012-04-29 09:00:00,111.308334
2012-04-29 10:00:00,121.03251
2012-04-29 11:00:00,158.46873
2012-04-29 12:00:00,197.6978
2012-04-29 13:00:00,202.99402
2012-04-29 14:00:00,226.9673
2012-04-29 15:00:00,248.2222
2012-04-29 16:00:00,311.5976
2012-04-29 17:00:00,331.0198
2012-04-29 18:00:00,329.73712
2012-04-29 19:00:00,252.71638
2012-04-29 20:00:00,252.65018
2012-04-29 21:00:00,208.376
2012-04-29 22:00:00,187.07951
2012-04-29 23:00:00,148.07704
2012-04-30 00:00:00,127.358635
2012-04-30 01:00:00,106.26911
2012-04-30 02:00:00,126.559074
2012-04-30 03:00:00,112.3339
2012-04-30 04:00:00,149.83824
2012-04-30 05:00:00,149.83824
2012-04-30 06:00:00,182.03755
2012-04-30 07:00:00,175.29633
2012-04-30 08:00:00,191.0259
2012-04-30 09:00:00,192.23216
2012-04-30 10:00:00,199.73137
2012-04-30 11:00:00,191.48318
2012-04-30 12:00:00,189.28029
2012-04-30 13:00:00,188.6128
2012-04-30 14:00:00,193.9752
2012-04-30 15:00:00,197.0219
2012-04-30 16:00:00,213.33862
2012-04-30 17:00:00,208.80035
2012-04-30 18:00:00,219.09846
2012-04-30 19:00:00,207.10507
2012-04-30 20:00:00,201.66371
2012-04-30 21:00:00,201.66371
2012-04-30 22:00:00,206.11372
2012-04-30 23:00:00,215.20555
2012-05-20 00:00:00,215.31555
2012-05-20 01:00:00,194.06316
2012-05-20 02:00:00,194.06316
2012-05-20 03:00:00,191.1769
2012-05-20 04:00:00,156.62694
2012-05-20 05:00:00,142.32283
2012-05-20 06:00:00,167.08488
2012-05-20 07:00:00,172.52625
2012-05-20 08:00:00,210.08122
2012-05-20 09:00:00,319.24445
2012-05-20 10:00:00,324.09412
2012-05-20 11:00:00,324.15347
2012-05-20 12:00:00,331.73843
2012-05-20 13:00:00,323.92917
2012-05-20 14:00:00,342.8929
2012-05-20 15:00:00,341.09418
2012-05-20 16:00:00,331.59814
2012-05-20 17:00:00,320.31857
2012-05-20 18:00:00,305.57556
2012-05-20 19:00:00,281.6066
2012-05-20 20:00:00,281.60663
2012-05-20 21:00:00,251.54834
2012-05-20 22:00:00,225.88322
2012-05-20 23:00:00,214.05534
2012-05-21 00:00:00,176.33235
2012-05-21 01:00:00,185.4242
2012-05-21 02:00:00,148.44221
2012-05-21 03:00:00,167.54114
2012-05-21 04:00:00,168.74742
2012-05-21 05:00:00,168.74742
2012-05-21 06:00:00,168.74742
2012-05-21 07:00:00,168.74742
2012-05-21 08:00:00,161.92471
2012-05-21 09:00:00,157.38643
2012-05-21 10:00:00,174.06317
2012-05-21 11:00:00,173.45201
2012-05-21 12:00:00,187.08214
2012-05-21 13:00:00,188.2884
2012-05-21 14:00:00,179.19658
2012-05-21 15:00:00,221.91385
2012-05-21 16:00:00,231.00566
2012-05-21 17:00:00,247.53728
2012-05-21 18:00:00,207.07735
2012-05-21 19:00:00,221.33984
2012-05-21 20:00:00,220.60403
2012-05-21 21:00:00,212.53604
2012-05-21 22:00:00,209.79056
2012-05-21 23:00:00,226.76796
2012-05-22 00:00:00,178.33255
2012-05-22 01:00:00,161.35515
2012-05-22 02:00:00,156.8168
2012-05-22 03:00:00,156.8168
2012-05-22 04:00:00,147.0883
2012-05-22 05:00:00,152.83287
2012-05-22 06:00:00,139.2027
2012-05-22 07:00:00,139.2027
2012-05-22 08:00:00,142.53477
2012-05-22 09:00:00,164.36015
2012-05-22 10:00:00,179.6508
2012-05-22 11:00:00,166.00542
2012-05-22 12:00:00,189.46324
2012-05-22 13:00:00,192.36908
2012-05-22 14:00:00,208.28365
2012-05-22 15:00:00,254.44485
2012-05-22 16:00:00,249.17061
2012-05-22 17:00:00,264.1139
2012-05-22 18:00:00,253.70892
2012-05-22 19:00:00,241.79271
2012-05-22 20:00:00,229.79936
2012-05-22 21:00:00,192.79532
2012-05-22 22:00:00,197.22325
2012-05-22 23:00:00,199.49242
2012-05-23 00:00:00,192.79532
2012-05-23 01:00:00,172.24573
2012-05-23 02:00:00,173.45201
2012-05-23 03:00:00,180.71367
2012-05-23 04:00:00,171.65326
2012-05-23 05:00:00,161.92471
2012-05-23 06:00:00,136.79019
2012-05-23 07:00:00,139.69603
2012-05-23 08:00:00,139.69603
2012-05-23 09:00:00,173.54874
2012-05-23 10:00:00,185.98785
2012-05-23 11:00:00,191.16281
2012-05-23 12:00:00,222.54614
2012-05-23 13:00:00,222.67174
2012-05-23 14:00:00,244.7206
2012-05-23 15:00:00,242.0057
2012-05-23 16:00:00,256.85733
2012-05-23 17:00:00,218.47821
2012-05-23 18:00:00,218.47821
2012-05-23 19:00:00,181.03694
2012-05-23 20:00:00,169.67595
2012-05-23 21:00:00,156.0306
2012-05-23 22:00:00,181.03694
2012-05-23 23:00:00,167.69217
2012-05-24 00:00:00,160.88472
2012-05-24 01:00:00,143.36655
2012-05-24 02:00:00,129.72113
2012-05-24 03:00:00,146.84198
2012-05-24 04:00:00,155.9338
2012-05-24 05:00:00,155.9338
2012-05-24 06:00:00,155.9338
2012-05-24 07:00:00,163.15385
2012-05-24 08:00:00,204.03075
2012-05-24 09:00:00,208.58427
2012-05-24 10:00:00,229.5923
2012-05-24 11:00:00,237.13562
2012-05-24 12:00:00,263.45517
2012-05-24 13:00:00,289.1203
2012-05-24 14:00:00,303.50842
2012-05-24 15:00:00,308.04672
2012-05-24 16:00:00,323.96127
2012-05-24 17:00:00,312.60022
2012-05-24 18:00:00,314.12668
2012-05-24 19:00:00,286.25864
2012-05-24 20:00:00,252.09084
2012-05-24 21:00:00,201.02193
2012-05-24 22:00:00,190.72386
2012-05-24 23:00:00,195.26213
2012-05-25 00:00:00,175.27713
2012-05-25 01:00:00,168.4697
2012-05-25 02:00:00,156.0306
2012-05-25 03:00:00,154.38531
2012-05-25 04:00:00,138.47076
2012-05-25 05:00:00,152.11618
2012-05-25 06:00:00,154.38531
2012-05-25 07:00:00,163.47716
2012-05-25 08:00:00,159.72318
2012-05-25 09:00:00,164.26146
2012-05-25 10:00:00,217.81499
2012-05-25 11:00:00,213.26143
2012-05-25 12:00:00,259.34628
2012-05-25 13:00:00,274.13345
2012-05-25 14:00:00,283.1218
2012-05-25 15:00:00,297.09296
2012-05-25 16:00:00,325.37796
2012-05-25 17:00:00,310.7383
2012-05-25 18:00:00,297.09296
2012-05-25 19:00:00,292.31714
2012-05-25 20:00:00,256.81747
2012-05-25 21:00:00,252.26396
2012-05-25 22:00:00,212.37361
2012-05-25 23:00:00,215.28624
2012-05-26 00:00:00,173.3838
2012-05-26 01:00:00,168.83026
2012-05-26 02:00:00,155.34781
2012-05-26 03:00:00,145.47159
2012-05-26 04:00:00,150.00993
2012-05-26 05:00:00,185.7534
2012-05-26 06:00:00,159.10179
2012-05-26 07:00:00,155.76971
2012-05-26 08:00:00,186.34842
2012-05-26 09:00:00,177.92213
2012-05-26 10:00:00,219.19943
2012-05-26 11:00:00,239.74904
2012-05-26 12:00:00,277.40747
2012-05-26 13:00:00,286.72162
2012-05-26 14:00:00,291.27518
2012-05-26 15:00:00,300.36703
2012-05-26 16:00:00,321.7919
2012-05-26 17:00:00,323.41504
2012-05-26 18:00:00,306.77985
2012-05-26 19:00:00,278.6137
2012-05-26 20:00:00,292.45374
2012-05-26 21:00:00,275.46356
2012-05-26 22:00:00,248.84085
2012-05-26 23:00:00,248.84085
2012-05-27 00:00:00,233.78468
2012-05-27 01:00:00,222.84988
2012-05-27 02:00:00,217.55367
2012-05-27 03:00:00,208.4618
2012-05-27 04:00:00,176.66159
2012-05-27 05:00:00,176.66159
2012-05-27 06:00:00,172.12325
2012-05-27 07:00:00,154.56345
2012-05-27 08:00:00,177.92213
2012-05-27 09:00:00,196.34337
2012-05-27 10:00:00,234.97313
2012-05-27 11:00:00,269.8225
2012-05-27 12:00:00,281.94574
2012-05-27 13:00:00,298.37393
2012-05-27 14:00:00,307.46573
2012-05-27 15:00:00,326.76233
2012-05-27 16:00:00,326.76233
2012-05-27 17:00:00,335.7727
2012-05-27 18:00:00,314.28842
2012-05-27 19:00:00,298.37393
2012-05-27 20:00:00,286.7091
2012-05-27 21:00:00,266.04248
2012-05-27 22:00:00,149.5294
2012-05-27 23:00:00,169.98222
2012-05-28 00:00:00,177.76932
2012-05-28 01:00:00,207.85478
2012-05-28 02:00:00,170.1844
2012-05-28 03:00:00,197.43108
2012-05-28 04:00:00,174.09879
2012-05-28 05:00:00,174.09879
2012-05-28 06:00:00,197.43108
2012-05-28 07:00:00,177.1038
2012-05-28 08:00:00,196.54128
2012-05-28 09:00:00,229.64621
2012-05-28 10:00:00,229.64621
2012-05-28 11:00:00,252.73137
2012-05-28 12:00:00,276.848
2012-05-28 13:00:00,331.39795
2012-05-28 14:00:00,331.39795
2012-05-28 15:00:00,350.6572
2012-05-28 16:00:00,355.2108
2012-05-28 17:00:00,350.6572
2012-05-28 18:00:00,336.331
2012-05-28 19:00:00,339.03656
2012-05-28 20:00:00,315.72205
2012-05-28 21:00:00,296.92123
2012-05-28 22:00:00,255.88148
2012-05-28 23:00:00,245.63264
2012-05-29 00:00:00,236.22101
2012-05-29 01:00:00,236.22101
2012-05-29 02:00:00,204.27313
2012-05-29 03:00:00,235.99869
2012-05-29 04:00:00,215.28624
2012-05-29 05:00:00,215.28624
2012-05-29 06:00:00,215.28624
2012-05-29 07:00:00,215.28624
2012-05-29 08:00:00,247.45648
2012-05-29 09:00:00,273.08
2012-05-29 10:00:00,287.48755
2012-05-29 11:00:00,313.00754
2012-05-29 12:00:00,354.74332
2012-05-29 13:00:00,378.11972
2012-05-29 14:00:00,382.65805
2012-05-29 15:00:00,384.861
2012-05-29 16:00:00,400.76028
2012-05-29 17:00:00,389.8578
2012-05-29 18:00:00,386.89252
2012-05-29 19:00:00,345.83078
2012-05-29 20:00:00,322.76938
2012-05-29 21:00:00,200.33015
2012-05-29 22:00:00,152.11618
2012-05-29 23:00:00,119.911736
2012-05-30 00:00:00,160.92944
2012-05-30 01:00:00,174.55965
2012-05-30 02:00:00,133.55711
2012-05-30 03:00:00,160.12987
2012-05-30 04:00:00,158.92366
2012-05-30 05:00:00,194.00156
2012-05-30 06:00:00,181.91997
2012-05-30 07:00:00,196.7564
2012-05-30 08:00:00,208.52998
2012-05-30 09:00:00,229.64157
2012-05-30 10:00:00,243.28697
2012-05-30 11:00:00,247.43379
2012-05-30 12:00:00,256.529
2012-05-30 13:00:00,263.27026
2012-05-30 14:00:00,305.20737
2012-05-30 15:00:00,291.30804
2012-05-30 16:00:00,295.8615
2012-05-30 17:00:00,292.50232
2012-05-30 18:00:00,303.86337
2012-05-30 19:00:00,289.1203
2012-05-30 20:00:00,197.90971
2012-05-30 21:00:00,258.15894
2012-05-30 22:00:00,223.60904
2012-05-30 23:00:00,232.59737
2012-05-31 00:00:00,220.60403
2012-05-31 01:00:00,213.79655
2012-05-31 02:00:00,222.78488
2012-05-31 03:00:00,212.53604
2012-05-31 04:00:00,198.8906
2012-05-31 05:00:00,237.52715
2012-05-31 06:00:00,216.41554
2012-05-31 07:00:00,252.05553
2012-05-31 08:00:00,270.7749
2012-05-31 09:00:00,295.76678
2012-05-31 10:00:00,343.057
2012-05-31 11:00:00,339.17993
2012-05-31 12:00:00,325.5346
2012-05-31 13:00:00,322.19748
2012-05-31 14:00:00,347.86255
2012-05-31 15:00:00,359.28296
2012-05-31 16:00:00,357.0138
2012-05-31 17:00:00,343.32428
2012-05-31 18:00:00,342.52475
2012-05-31 19:00:00,327.73752
2012-05-31 20:00:00,296.46286
2012-05-31 21:00:00,296.46286
2012-05-31 22:00:00,275.39536
2012-05-31 23:00:00,275.49893
2012-06-20 00:00:00,236.22101
2012-06-20 01:00:00,222.35333
2012-06-20 02:00:00,194.95895
2012-06-20 03:00:00,190.40544
2012-06-20 04:00:00,183.59798
2012-06-20 05:00:00,183.59798
2012-06-20 06:00:00,157.454
2012-06-20 07:00:00,151.35197
2012-06-20 08:00:00,223.79716
2012-06-20 09:00:00,232.98572
2012-06-20 10:00:00,339.46802
2012-06-20 11:00:00,362.88602
2012-06-20 12:00:00,370.38525
2012-06-20 13:00:00,361.75183
2012-06-20 14:00:00,394.16077
2012-06-20 15:00:00,381.18927
2012-06-20 16:00:00,397.10382
2012-06-20 17:00:00,376.69513
2012-06-20 18:00:00,376.69513
2012-06-20 19:00:00,401.46396
2012-06-20 20:00:00,384.8465
2012-06-20 21:00:00,345.615
2012-06-20 22:00:00,342.1294
2012-06-20 23:00:00,304.07184
2012-06-21 00:00:00,270.72522
2012-06-21 01:00:00,256.0484
2012-06-21 02:00:00,251.51009
2012-06-21 03:00:00,246.831
2012-06-21 04:00:00,224.13783
2012-06-21 05:00:00,226.40701
2012-06-21 06:00:00,225.3441
2012-06-21 07:00:00,225.3441
2012-06-21 08:00:00,257.0799
2012-06-21 09:00:00,349.32678
2012-06-21 10:00:00,364.30737
2012-06-21 11:00:00,388.0829
2012-06-21 12:00:00,425.78552
2012-06-21 13:00:00,396.24084
2012-06-21 14:00:00,402.88535
2012-06-21 15:00:00,433.2847
2012-06-21 16:00:00,416.6936
2012-06-21 17:00:00,377.87894
2012-06-21 18:00:00,397.17474
2012-06-21 19:00:00,413.76578
2012-06-21 20:00:00,390.4335
2012-06-21 21:00:00,363.61133
2012-06-21 22:00:00,339.41898
2012-06-21 23:00:00,330.7219
2012-06-22 00:00:00,288.06836
2012-06-22 01:00:00,291.00128
2012-06-22 02:00:00,243.1389
2012-06-22 03:00:00,243.1389
2012-06-22 04:00:00,281.14218
2012-06-22 05:00:00,280.9198
2012-06-22 06:00:00,267.27444
2012-06-22 07:00:00,302.72684
2012-06-22 08:00:00,312.49945
2012-06-22 09:00:00,325.68637
2012-06-22 10:00:00,374.75
2012-06-22 11:00:00,351.94653
2012-06-22 12:00:00,368.8456
2012-06-22 13:00:00,413.76578
2012-06-22 14:00:00,413.76578
2012-06-22 15:00:00,450.79193
2012-06-22 16:00:00,433.00302
2012-06-22 17:00:00,372.84857
2012-06-22 18:00:00,350.53305
2012-06-22 19:00:00,372.8103
2012-06-22 20:00:00,372.8103
2012-06-22 21:00:00,284.92188
2012-06-22 22:00:00,250.78378
2012-06-22 23:00:00,212.71686
2012-06-23 00:00:00,163.42894
2012-06-23 01:00:00,208.98491
2012-06-23 02:00:00,194.17987
2012-06-23 03:00:00,178.28056
2012-06-23 04:00:00,189.64156
2012-06-23 05:00:00,194.17987
2012-06-23 06:00:00,177.07431
2012-06-23 07:00:00,188.43532
2012-06-23 08:00:00,256.72177
2012-06-23 09:00:00,289.3088
2012-06-23 10:00:00,306.29898
2012-06-23 11:00:00,327.84265
2012-06-23 12:00:00,355.97717
2012-06-23 13:00:00,377.46146
2012-06-23 14:00:00,367.3477
2012-06-23 15:00:00,408.17844
2012-06-23 16:00:00,406.28876
2012-06-23 17:00:00,398.20554
2012-06-23 18:00:00,405.02826
2012-06-23 19:00:00,379.32327
2012-06-23 20:00:00,362.75003
2012-06-23 21:00:00,341.62064
2012-06-23 22:00:00,320.50912
2012-06-23 23:00:00,287.6044
2012-06-24 00:00:00,270.61432
2012-06-24 01:00:00,271.18137
2012-06-24 02:00:00,264.27722
2012-06-24 03:00:00,238.87859
2012-06-24 04:00:00,225.23315
2012-06-24 05:00:00,226.68755
2012-06-24 06:00:00,241.48996
2012-06-24 07:00:00,223.40977
2012-06-24 08:00:00,254.8848
2012-06-24 09:00:00,278.19922
2012-06-24 10:00:00,311.721
2012-06-24 11:00:00,332.1739
2012-06-24 12:00:00,370.39432
2012-06-24 13:00:00,379.4861
2012-06-24 14:00:00,403.62485
2012-06-24 15:00:00,404.30133
2012-06-24 16:00:00,396.80215
2012-06-24 17:00:00,392.30798
2012-06-24 18:00:00,386.55325
2012-06-24 19:00:00,376.80273
2012-06-24 20:00:00,344.46002
2012-06-24 21:00:00,318.43744
2012-06-24 22:00:00,292.66882
2012-06-24 23:00:00,285.92758
2012-06-25 00:00:00,306.10812
2012-06-25 01:00:00,280.96082
2012-06-25 02:00:00,269.72546
2012-06-25 03:00:00,268.96744
2012-06-25 04:00:00,234.87605
2012-06-25 05:00:00,236.51698
2012-06-25 06:00:00,213.66093
2012-06-25 07:00:00,245.60883
2012-06-25 08:00:00,252.2907
2012-06-25 09:00:00,276.4073
2012-06-25 10:00:00,317.053
2012-06-25 11:00:00,384.15265
2012-06-25 12:00:00,354.85855
2012-06-25 13:00:00,331.36588
2012-06-25 14:00:00,358.90866
2012-06-25 15:00:00,395.6488
2012-06-25 16:00:00,407.6023
2012-06-25 17:00:00,428.3685
2012-06-25 18:00:00,410.55417
2012-06-25 19:00:00,405.2384
2012-06-25 20:00:00,394.96747
2012-06-25 21:00:00,361.65546
2012-06-25 22:00:00,371.73383
2012-06-25 23:00:00,352.3931
2012-06-26 00:00:00,351.13257
2012-06-26 01:00:00,354.46973
2012-06-26 02:00:00,280.23584
2012-06-26 03:00:00,268.19836
2012-06-26 04:00:00,270.46753
2012-06-26 05:00:00,269.78674
2012-06-26 06:00:00,247.15309
2012-06-26 07:00:00,256.24487
2012-06-26 08:00:00,273.57608
2012-06-26 09:00:00,301.5324
2012-06-26 10:00:00,337.69418
2012-06-26 11:00:00,359.28207
2012-06-26 12:00:00,369.59027
2012-06-26 13:00:00,389.69327
2012-06-26 14:00:00,389.69327
2012-06-26 15:00:00,401.73077
2012-06-26 16:00:00,404.4804
2012-06-26 17:00:00,394.90808
2012-06-26 18:00:00,385.81628
2012-06-26 19:00:00,365.36343
2012-06-26 20:00:00,362.41772
2012-06-26 21:00:00,338.52344
2012-06-26 22:00:00,340.0304
2012-06-26 23:00:00,303.59595
2012-06-27 00:00:00,312.68784
2012-06-27 01:00:00,302.39484
2012-06-27 02:00:00,244.0162
2012-06-27 03:00:00,251.5349
2012-06-27 04:00:00,322.76617
2012-06-27 05:00:00,320.57852
2012-06-27 06:00:00,281.0796
2012-06-27 07:00:00,331.93942
2012-06-27 08:00:00,328.6617
2012-06-27 09:00:00,340.21533
2012-06-27 10:00:00,342.13464
2012-06-27 11:00:00,378.0443
2012-06-27 12:00:00,383.32278
2012-06-27 13:00:00,407.49875
2012-06-27 14:00:00,412.45392
2012-06-27 15:00:00,430.19864
2012-06-27 16:00:00,433.68427
2012-06-27 17:00:00,424.5924
2012-06-27 18:00:00,407.49875
2012-06-27 19:00:00,395.41974
2012-06-27 20:00:00,362.91406
2012-06-27 21:00:00,337.24896
2012-06-27 22:00:00,320.19263
2012-06-27 23:00:00,300.2196
2012-06-28 00:00:00,281.35504
2012-06-28 01:00:00,256.45224
2012-06-28 02:00:00,279.0859
2012-06-28 03:00:00,279.0859
2012-06-28 04:00:00,247.83328
2012-06-28 05:00:00,260.83524
2012-06-28 06:00:00,260.83524
2012-06-28 07:00:00,247.83328
2012-06-28 08:00:00,285.89337
2012-06-28 09:00:00,296.58685
2012-06-28 10:00:00,323.45316
2012-06-28 11:00:00,378.04236
2012-06-28 12:00:00,411.72702
2012-06-28 13:00:00,416.50293
2012-06-28 14:00:00,428.38177
2012-06-28 15:00:00,428.38177
2012-06-28 16:00:00,419.95123
2012-06-28 17:00:00,422.1983
2012-06-28 18:00:00,412.46722
2012-06-28 19:00:00,411.33234
2012-06-28 20:00:00,385.1689
2012-06-28 21:00:00,321.59134
2012-06-28 22:00:00,323.79425
2012-06-28 23:00:00,314.3613
2012-06-29 00:00:00,314.3613
2012-06-29 01:00:00,312.1736
2012-06-29 02:00:00,299.72177
2012-06-29 03:00:00,299.72177
2012-06-29 04:00:00,271.869
2012-06-29 05:00:00,271.7655
2012-06-29 06:00:00,282.06357
2012-06-29 07:00:00,271.7655
2012-06-29 08:00:00,301.58252
2012-06-29 09:00:00,317.053
2012-06-29 10:00:00,438.99445
2012-06-29 11:00:00,437.5147
2012-06-29 12:00:00,451.32306
2012-06-29 13:00:00,446.7797
2012-06-29 14:00:00,469.69513
2012-06-29 15:00:00,435.59692
2012-06-29 16:00:00,435.59692
2012-06-29 17:00:00,477.17914
2012-06-29 18:00:00,427.90076
2012-06-29 19:00:00,424.03485
2012-06-29 20:00:00,451.9054
2012-06-29 21:00:00,390.30603
2012-06-29 22:00:00,366.5204
2012-06-29 23:00:00,366.5204
2012-06-30 00:00:00,177.36537
2012-06-30 01:00:00,186.4572
2012-06-30 02:00:00,151.15276
2012-06-30 03:00:00,151.15276
2012-06-30 04:00:00,126.04956
2012-06-30 05:00:00,174.95284
2012-06-30 06:00:00,174.95284
2012-06-30 07:00:00,174.95284
2012-06-30 08:00:00,174.95284
2012-06-30 09:00:00,174.95284
2012-06-30 10:00:00,418.21317
2012-06-30 11:00:00,418.21317
2012-06-30 12:00:00,418.21317
2012-06-30 13:00:00,418.21317
2012-06-30 14:00:00,418.21317
2012-06-30 15:00:00,418.21317
2012-06-30 16:00:00,414.41507
2012-06-30 17:00:00,395.53537
2012-06-30 18:00:00,374.66562
2012-06-30 19:00:00,377.95016
2012-06-30 20:00:00,351.36563
2012-06-30 21:00:00,351.36563
2012-06-30 22:00:00,313.7665
2012-06-30 23:00:00,302.40552
2012-07-20 00:00:00,181.25511
2012-07-20 01:00:00,185.65005
2012-07-20 02:00:00,180.04884
2012-07-20 03:00:00,182.31801
2012-07-20 04:00:00,191.40988
2012-07-20 05:00:00,186.85632
2012-07-20 06:00:00,191.40988
2012-07-20 07:00:00,195.94814
2012-07-20 08:00:00,225.08441
2012-07-20 09:00:00,243.38701
2012-07-20 10:00:00,247.94048
2012-07-20 11:00:00,278.78818
2012-07-20 12:00:00,226.29073
2012-07-20 13:00:00,217.19887
2012-07-20 14:00:00,237.91136
2012-07-20 15:00:00,257.158
2012-07-20 16:00:00,250.09084
2012-07-20 17:00:00,230.04639
2012-07-20 18:00:00,247.45854
2012-07-20 19:00:00,215.53268
2012-07-20 20:00:00,232.65355
2012-07-20 21:00:00,222.30112
2012-07-20 22:00:00,200.62679
2012-07-20 23:00:00,214.27213
2012-07-21 00:00:00,207.77101
2012-07-21 01:00:00,202.01118
2012-07-21 02:00:00,182.66783
2012-07-21 03:00:00,178.11432
2012-07-21 04:00:00,181.4073
2012-07-21 05:00:00,176.85376
2012-07-21 06:00:00,176.85376
2012-07-21 07:00:00,175.64748
2012-07-21 08:00:00,186.8829
2012-07-21 09:00:00,177.79103
2012-07-21 10:00:00,176.85376
2012-07-21 11:00:00,194.42624
2012-07-21 12:00:00,191.09422
2012-07-21 13:00:00,182.00237
2012-07-21 14:00:00,176.90804
2012-07-21 15:00:00,178.11432
2012-07-21 16:00:00,169.02249
2012-07-21 17:00:00,164.48412
2012-07-21 18:00:00,167.81621
2012-07-21 19:00:00,163.27788
2012-07-21 20:00:00,164.48412
2012-07-21 21:00:00,163.27788
2012-07-21 22:00:00,154.18607
2012-07-21 23:00:00,138.2715
2012-07-22 00:00:00,154.18607
2012-07-22 01:00:00,163.27788
2012-07-22 02:00:00,154.18607
2012-07-22 03:00:00,154.18607
2012-07-22 04:00:00,137.06522
2012-07-22 05:00:00,137.06522
2012-07-22 06:00:00,177.02
2012-07-22 07:00:00,163.37465
2012-07-22 08:00:00,182.15337
2012-07-22 09:00:00,216.24484
2012-07-22 10:00:00,205.00945
2012-07-22 11:00:00,205.00945
2012-07-22 12:00:00,245.0406
2012-07-22 13:00:00,254.00687
2012-07-22 14:00:00,266.6903
2012-07-22 15:00:00,266.6903
2012-07-22 16:00:00,274.27527
2012-07-22 17:00:00,292.45892
2012-07-22 18:00:00,283.3671
2012-07-22 19:00:00,266.79388
2012-07-22 20:00:00,250.26222
2012-07-22 21:00:00,229.93495
2012-07-22 22:00:00,254.8005
2012-07-22 23:00:00,225.15907
2012-07-23 00:00:00,178.84256
2012-07-23 01:00:00,194.7419
2012-07-23 02:00:00,168.81349
2012-07-23 03:00:00,168.81349
2012-07-23 04:00:00,175.62093
2012-07-23 05:00:00,175.62093
2012-07-23 06:00:00,200.241
2012-07-23 07:00:00,230.94531
2012-07-23 08:00:00,251.51009
2012-07-23 09:00:00,276.0334
2012-07-23 10:00:00,297.67383
2012-07-23 11:00:00,346.4116
2012-07-23 12:00:00,346.4116
2012-07-23 13:00:00,337.31973
2012-07-23 14:00:00,329.42145
2012-07-23 15:00:00,349.32678
2012-07-23 16:00:00,354.51953
2012-07-23 17:00:00,354.51953
2012-07-23 18:00:00,357.18094
2012-07-23 19:00:00,358.83545
2012-07-23 20:00:00,307.6062
2012-07-23 21:00:00,312.1445
2012-07-23 22:00:00,298.27682
2012-07-23 23:00:00,283.48962
2012-07-24 00:00:00,253.41612
2012-07-24 01:00:00,232.86653
2012-07-24 02:00:00,210.0105
2012-07-24 03:00:00,210.0105
2012-07-24 04:00:00,198.64948
2012-07-24 05:00:00,200.91864
2012-07-24 06:00:00,205.45691
2012-07-24 07:00:00,257.9696
2012-07-24 08:00:00,286.62454
2012-07-24 09:00:00,345.6873
2012-07-24 10:00:00,376.8619
2012-07-24 11:00:00,396.9063
2012-07-24 12:00:00,366.7072
2012-07-24 13:00:00,392.3528
2012-07-24 14:00:00,380.9918
2012-07-24 15:00:00,386.2671
2012-07-24 16:00:00,365.24127
2012-07-24 17:00:00,370.21167
2012-07-24 18:00:00,332.61258
2012-07-24 19:00:00,307.6062
2012-07-24 20:00:00,291.0746
2012-07-24 21:00:00,300.1664
2012-07-24 22:00:00,304.70465
2012-07-24 23:00:00,327.73325
2012-07-25 00:00:00,315.63632
2012-07-25 01:00:00,292.1369
2012-07-25 02:00:00,282.40582
2012-07-25 03:00:00,265.83255
2012-07-25 04:00:00,258.2892
2012-07-25 05:00:00,249.19737
2012-07-25 06:00:00,253.7357
2012-07-25 07:00:00,315.45328
2012-07-25 08:00:00,330.89923
2012-07-25 09:00:00,356.50064
2012-07-25 10:00:00,312.302
2012-07-25 11:00:00,328.87527
2012-07-25 12:00:00,328.87527
2012-07-25 13:00:00,365.91916
2012-07-25 14:00:00,373.4447
2012-07-25 15:00:00,354.55814
2012-07-25 16:00:00,377.99823
2012-07-25 17:00:00,348.49765
2012-07-25 18:00:00,377.93887
2012-07-25 19:00:00,349.3281
2012-07-25 20:00:00,330.56717
2012-07-25 21:00:00,313.51767
2012-07-25 22:00:00,283.04504
2012-07-25 23:00:00,302.75513
2012-07-26 00:00:00,261.279
2012-07-26 01:00:00,265.83255
2012-07-26 02:00:00,261.3825
2012-07-26 03:00:00,256.84424
2012-07-26 04:00:00,241.05528
2012-07-26 05:00:00,241.05528
2012-07-26 06:00:00,234.87605
2012-07-26 07:00:00,271.59976
2012-07-26 08:00:00,272.80606
2012-07-26 09:00:00,271.15402
2012-07-26 10:00:00,291.17807
2012-07-26 11:00:00,348.05237
2012-07-26 12:00:00,383.90698
2012-07-26 13:00:00,405.0143
2012-07-26 14:00:00,433.12668
2012-07-26 15:00:00,458.72815
2012-07-26 16:00:00,476.33957
2012-07-26 17:00:00,456.30292
2012-07-26 18:00:00,466.03137
2012-07-26 19:00:00,442.67273
2012-07-26 20:00:00,398.65002
2012-07-26 21:00:00,420.12778
2012-07-26 22:00:00,420.12778
2012-07-26 23:00:00,269.94775
2012-07-27 00:00:00,249.49493
2012-07-27 01:00:00,265.40945
2012-07-27 02:00:00,242.18071
2012-07-27 03:00:00,257.9696
2012-07-27 04:00:00,221.72786
2012-07-27 05:00:00,210.49245
2012-07-27 06:00:00,221.72786
2012-07-27 07:00:00,279.0396
2012-07-27 08:00:00,293.5813
2012-07-27 09:00:00,383.998
2012-07-27 10:00:00,346.56262
2012-07-27 11:00:00,396.57535
2012-07-27 12:00:00,402.94394
2012-07-27 13:00:00,389.7527
2012-07-27 14:00:00,405.8896
2012-07-27 15:00:00,401.72827
2012-07-27 16:00:00,380.66083
2012-07-27 17:00:00,410.82016
2012-07-27 18:00:00,366.27277
2012-07-27 19:00:00,363.61133
2012-07-27 20:00:00,319.12335
2012-07-27 21:00:00,319.12335
2012-07-27 22:00:00,323.66165
2012-07-27 23:00:00,279.9359
2012-07-28 00:00:00,281.4775
2012-07-28 01:00:00,255.43286
2012-07-28 02:00:00,241.78752
2012-07-28 03:00:00,241.78752
2012-07-28 04:00:00,243.56512
2012-07-28 05:00:00,225.15907
2012-07-28 06:00:00,243.83427
2012-07-28 07:00:00,262.24036
2012-07-28 08:00:00,283.3671
2012-07-28 09:00:00,311.4159
2012-07-28 10:00:00,360.4574
2012-07-28 11:00:00,378.3229
2012-07-28 12:00:00,380.15314
2012-07-28 13:00:00,403.11267
2012-07-28 14:00:00,396.72888
2012-07-28 15:00:00,418.27258
2012-07-28 16:00:00,392.1906
2012-07-28 17:00:00,363.10367
2012-07-28 18:00:00,377.16583
2012-07-28 19:00:00,191.16438
2012-07-28 20:00:00,211.39488
2012-07-28 21:00:00,202.17746
2012-07-28 22:00:00,202.17746
2012-07-28 23:00:00,190.94206
2012-07-29 00:00:00,177.94266
2012-07-29 01:00:00,193.21121
2012-07-29 02:00:00,224.256
2012-07-29 03:00:00,249.13678
2012-07-29 04:00:00,237.03995
2012-07-29 05:00:00,209.23122
2012-07-29 06:00:00,223.5133
2012-07-29 07:00:00,253.6751
2012-07-29 08:00:00,273.25345
2012-07-29 09:00:00,298.40063
2012-07-29 10:00:00,261.0247
2012-07-29 11:00:00,318.43744
2012-07-29 12:00:00,334.35193
2012-07-29 13:00:00,353.331
2012-07-29 14:00:00,349.23596
2012-07-29 15:00:00,346.88528
2012-07-29 16:00:00,346.88528
2012-07-29 17:00:00,363.47632
2012-07-29 18:00:00,370.06143
2012-07-29 19:00:00,309.34558
2012-07-29 20:00:00,274.27527
2012-07-29 21:00:00,262.24036
2012-07-29 22:00:00,243.83427
2012-07-29 23:00:00,227.91978
2012-07-30 00:00:00,246.60864
2012-07-30 01:00:00,232.96327
2012-07-30 02:00:00,219.09554
2012-07-30 03:00:00,185.00412
2012-07-30 04:00:00,185.00412
2012-07-30 05:00:00,200.91864
2012-07-30 06:00:00,210.0105
2012-07-30 07:00:00,235.37326
2012-07-30 08:00:00,263.95178
2012-07-30 09:00:00,258.2861
2012-07-30 10:00:00,301.37262
2012-07-30 11:00:00,327.5735
2012-07-30 12:00:00,308.70898
2012-07-30 13:00:00,351.94653
2012-07-30 14:00:00,361.0384
2012-07-30 15:00:00,365.57672
2012-07-30 16:00:00,370.13022
2012-07-30 17:00:00,342.0594
2012-07-30 18:00:00,355.23102
2012-07-30 19:00:00,359.07303
2012-07-30 20:00:00,283.59317
2012-07-30 21:00:00,279.0396
2012-07-30 22:00:00,268.26776
2012-07-30 23:00:00,262.508
2012-07-31 00:00:00,228.31302
2012-07-31 01:00:00,205.45691
2012-07-31 02:00:00,205.45695
2012-07-31 03:00:00,198.64948
2012-07-31 04:00:00,198.64948
2012-07-31 05:00:00,210.0105
2012-07-31 06:00:00,182.66026
2012-07-31 07:00:00,232.97005
2012-07-31 08:00:00,242.18071
2012-07-31 09:00:00,265.40945
2012-07-31 10:00:00,258.48325
2012-07-31 11:00:00,291.58813
2012-07-31 12:00:00,327.39865
2012-07-31 13:00:00,362.97217
2012-07-31 14:00:00,362.97217
2012-07-31 15:00:00,303.0527
2012-07-31 16:00:00,325.68637
2012-07-31 17:00:00,340.42947
2012-07-31 18:00:00,335.2367
2012-07-31 19:00:00,325.69568
2012-07-31 20:00:00,267.58444
2012-07-31 21:00:00,237.40486
2012-07-31 22:00:00,257.73206
2012-07-31 23:00:00,211.21674
2012-08-20 00:00:00,179.4117
2012-08-20 01:00:00,187.29724
2012-08-20 02:00:00,187.29724
2012-08-20 03:00:00,160.68723
2012-08-20 04:00:00,177.1425
2012-08-20 05:00:00,163.49715
2012-08-20 06:00:00,201.50977
2012-08-20 07:00:00,209.05315
2012-08-20 08:00:00,215.75021
2012-08-20 09:00:00,216.40892
2012-08-20 10:00:00,230.05437
2012-08-20 11:00:00,247.64888
2012-08-20 12:00:00,257.84344
2012-08-20 13:00:00,283.04504
2012-08-20 14:00:00,304.1718
2012-08-20 15:00:00,317.80194
2012-08-20 16:00:00,317.80194
2012-08-20 17:00:00,305.78223
2012-08-20 18:00:00,227.23682
2012-08-20 19:00:00,218.14494
2012-08-20 20:00:00,214.27213
2012-08-20 21:00:00,162.29086
2012-08-20 22:00:00,163.49715
2012-08-20 23:00:00,163.49715
2012-08-21 00:00:00,177.1425
2012-08-21 01:00:00,183.95
2012-08-21 02:00:00,187.90845
2012-08-21 03:00:00,135.92719
2012-08-21 04:00:00,135.92719
2012-08-21 05:00:00,160.80797
2012-08-21 06:00:00,163.07712
2012-08-21 07:00:00,195.76521
2012-08-21 08:00:00,200.30348
2012-08-21 09:00:00,215.2027
2012-08-21 10:00:00,256.63718
2012-08-21 11:00:00,271.5805
2012-08-21 12:00:00,293.06476
2012-08-21 13:00:00,305.56076
2012-08-21 14:00:00,333.5323
2012-08-21 15:00:00,319.88693
2012-08-21 16:00:00,319.88693
2012-08-21 17:00:00,330.3573
2012-08-21 18:00:00,313.26367
2012-08-21 19:00:00,216.95647
2012-08-21 20:00:00,206.21434
2012-08-21 21:00:00,206.21434
2012-08-21 22:00:00,188.65457
2012-08-21 23:00:00,169.8758
2012-08-22 00:00:00,185.79034
2012-08-22 01:00:00,187.394
2012-08-22 02:00:00,187.394
2012-08-22 03:00:00,187.394
2012-08-22 04:00:00,170.66206
2012-08-22 05:00:00,179.85068
2012-08-22 06:00:00,198.6294
2012-08-22 07:00:00,187.394
2012-08-22 08:00:00,219.85974
2012-08-22 09:00:00,239.31929
2012-08-22 10:00:00,269.49634
2012-08-22 11:00:00,283.82248
2012-08-22 12:00:00,287.16727
2012-08-22 13:00:00,317.3664
2012-08-22 14:00:00,324.1076
2012-08-22 15:00:00,321.9047
2012-08-22 16:00:00,320.97244
2012-08-22 17:00:00,320.97244
2012-08-22 18:00:00,277.2334
2012-08-22 19:00:00,212.71686
2012-08-22 20:00:00,235.75906
2012-08-22 21:00:00,206.21434
2012-08-22 22:00:00,206.21434
2012-08-22 23:00:00,171.13637
2012-08-23 00:00:00,188.65457
2012-08-23 01:00:00,169.8758
2012-08-23 02:00:00,169.87582
2012-08-23 03:00:00,183.5212
2012-08-23 04:00:00,169.8758
2012-08-23 05:00:00,169.8758
2012-08-23 06:00:00,159.62433
2012-08-23 07:00:00,184.72746
2012-08-23 08:00:00,226.36224
2012-08-23 09:00:00,236.83348
2012-08-23 10:00:00,291.3658
2012-08-23 11:00:00,315.0972
2012-08-23 12:00:00,325.18317
2012-08-23 13:00:00,360.28125
2012-08-23 14:00:00,347.62912
2012-08-23 15:00:00,333.98373
2012-08-23 16:00:00,326.4582
2012-08-23 17:00:00,342.29132
2012-08-23 18:00:00,328.0067
2012-08-23 19:00:00,299.55206
2012-08-23 20:00:00,271.7655
2012-08-23 21:00:00,276.30374
2012-08-23 22:00:00,265.4284
2012-08-23 23:00:00,223.95227
2012-08-24 00:00:00,223.95227
2012-08-24 01:00:00,207.42062
2012-08-24 02:00:00,222.74599
2012-08-24 03:00:00,206.21434
2012-08-24 04:00:00,207.42062
2012-08-24 05:00:00,188.65457
2012-08-24 06:00:00,171.08205
2012-08-24 07:00:00,189.86081
2012-08-24 08:00:00,212.71686
2012-08-24 09:00:00,271.3834
2012-08-24 10:00:00,302.6581
2012-08-24 11:00:00,318.5726
2012-08-24 12:00:00,323.0447
2012-08-24 13:00:00,349.43048
2012-08-24 14:00:00,336.1867
2012-08-24 15:00:00,323.11093
2012-08-24 16:00:00,323.11093
2012-08-24 17:00:00,322.4717
2012-08-24 18:00:00,298.22253
2012-08-24 19:00:00,296.38977
2012-08-24 20:00:00,282.1671
2012-08-24 21:00:00,282.06357
2012-08-24 22:00:00,257.05722
2012-08-24 23:00:00,245.1826
2012-08-25 00:00:00,249.34975
2012-08-25 01:00:00,223.82979
2012-08-25 02:00:00,218.65482
2012-08-25 03:00:00,228.68398
2012-08-25 04:00:00,232.15938
2012-08-25 05:00:00,224.71957
2012-08-25 06:00:00,207.15977
2012-08-25 07:00:00,211.69806
2012-08-25 08:00:00,243.64597
2012-08-25 09:00:00,267.01984
2012-08-25 10:00:00,285.82068
2012-08-25 11:00:00,304.16043
2012-08-25 12:00:00,332.9751
2012-08-25 13:00:00,333.9566
2012-08-25 14:00:00,265.07593
2012-08-25 15:00:00,249.72598
2012-08-25 16:00:00,250.46866
2012-08-25 17:00:00,255.0222
2012-08-25 18:00:00,286.71042
2012-08-25 19:00:00,227.61263
2012-08-25 20:00:00,203.21748
2012-08-25 21:00:00,216.71947
2012-08-25 22:00:00,216.71947
2012-08-25 23:00:00,202.01118
2012-08-26 00:00:00,188.58298
2012-08-26 01:00:00,179.49115
2012-08-26 02:00:00,185.25093
2012-08-26 03:00:00,189.78925
2012-08-26 04:00:00,180.6974
2012-08-26 05:00:00,179.49115
2012-08-26 06:00:00,190.06781
2012-08-26 07:00:00,179.49115
2012-08-26 08:00:00,243.34279
2012-08-26 09:00:00,238.78925
2012-08-26 10:00:00,317.46533
2012-08-26 11:00:00,312.91177
2012-08-26 12:00:00,296.0871
2012-08-26 13:00:00,254.58752
2012-08-26 14:00:00,165.86098
2012-08-26 15:00:00,195.54903
2012-08-26 16:00:00,195.54903
2012-08-26 17:00:00,184.04466
2012-08-26 18:00:00,164.79811
2012-08-26 19:00:00,176.15906
2012-08-26 20:00:00,174.95284
2012-08-26 21:00:00,183.88174
2012-08-26 22:00:00,158.25395
2012-08-26 23:00:00,175.81377
2012-08-27 00:00:00,169.8758
2012-08-27 01:00:00,165.96141
2012-08-27 02:00:00,172.76889
2012-08-27 03:00:00,165.9614
2012-08-27 04:00:00,169.8758
2012-08-27 05:00:00,152.31602
2012-08-27 06:00:00,152.31602
2012-08-27 07:00:00,185.00412
2012-08-27 08:00:00,198.64948
2012-08-27 09:00:00,200.91864
2012-08-27 10:00:00,267.2838
2012-08-27 11:00:00,295.61288
2012-08-27 12:00:00,282.59982
2012-08-27 13:00:00,318.84164
2012-08-27 14:00:00,340.5856
2012-08-27 15:00:00,365.24127
2012-08-27 16:00:00,358.41858
2012-08-27 17:00:00,361.4969
2012-08-27 18:00:00,344.9677
2012-08-27 19:00:00,291.17807
2012-08-27 20:00:00,286.62454
2012-08-27 21:00:00,276.37564
2012-08-27 22:00:00,240.03719
2012-08-27 23:00:00,235.49884
2012-08-28 00:00:00,249.12904
2012-08-28 01:00:00,214.93402
2012-08-28 02:00:00,237.50835
2012-08-28 03:00:00,185.65005
2012-08-28 04:00:00,205.45691
2012-08-28 05:00:00,199.85579
2012-08-28 06:00:00,182.31801
2012-08-28 07:00:00,202.1249
2012-08-28 08:00:00,203.91351
2012-08-28 09:00:00,247.94054
2012-08-28 10:00:00,307.3686
2012-08-28 11:00:00,344.5509
2012-08-28 12:00:00,370.13022
2012-08-28 13:00:00,387.14246
2012-08-28 14:00:00,404.19193
2012-08-28 15:00:00,401.08344
2012-08-28 16:00:00,401.55966
2012-08-28 17:00:00,398.6139
2012-08-28 18:00:00,365.64993
2012-08-28 19:00:00,325.65613
2012-08-28 20:00:00,308.56244
2012-08-28 21:00:00,306.29333
2012-08-28 22:00:00,271.5805
2012-08-28 23:00:00,257.2959
2012-08-29 00:00:00,222.74599
2012-08-29 01:00:00,235.65555
2012-08-29 02:00:00,219.08226
2012-08-29 03:00:00,214.54393
2012-08-29 04:00:00,231.4671
2012-08-29 05:00:00,226.91351
2012-08-29 06:00:00,226.91351
2012-08-29 07:00:00,237.83638
2012-08-29 08:00:00,265.72906
2012-08-29 09:00:00,307.86646
2012-08-29 10:00:00,317.6543
2012-08-29 11:00:00,293.06476
2012-08-29 12:00:00,319.4285
2012-08-29 13:00:00,307.391
2012-08-29 14:00:00,333.07385
2012-08-29 15:00:00,348.97324
2012-08-29 16:00:00,340.33978
2012-08-29 17:00:00,366.02267
2012-08-29 18:00:00,332.3974
2012-08-29 19:00:00,301.12518
2012-08-29 20:00:00,257.2959
2012-08-29 21:00:00,272.36673
2012-08-29 22:00:00,256.45224
2012-08-29 23:00:00,249.71097
2012-08-30 00:00:00,215.2027
2012-08-30 01:00:00,224.191
2012-08-30 02:00:00,198.6294
2012-08-30 03:00:00,198.6294
2012-08-30 04:00:00,198.6294
2012-08-30 05:00:00,198.6294
2012-08-30 06:00:00,187.29724
2012-08-30 07:00:00,206.21434
2012-08-30 08:00:00,231.73431
2012-08-30 09:00:00,262.5922
2012-08-30 10:00:00,279.1654
2012-08-30 11:00:00,333.07385
2012-08-30 12:00:00,328.64587
2012-08-30 13:00:00,317.3664
2012-08-30 14:00:00,321.9047
2012-08-30 15:00:00,352.40506
2012-08-30 16:00:00,359.1463
2012-08-30 17:00:00,389.72238
2012-08-30 18:00:00,359.50366
2012-08-30 19:00:00,321.9047
2012-08-30 20:00:00,302.72684
2012-08-30 21:00:00,278.93607
2012-08-30 22:00:00,235.6272
2012-08-30 23:00:00,248.8778
2012-08-31 00:00:00,223.87817
2012-08-31 01:00:00,223.87817
2012-08-31 02:00:00,185.65005
2012-08-31 03:00:00,181.11176
2012-08-31 04:00:00,178.10677
2012-08-31 05:00:00,182.66026
2012-08-31 06:00:00,183.86655
2012-08-31 07:00:00,172.50552
2012-08-31 08:00:00,234.16953
2012-08-31 09:00:00,257.0799
2012-08-31 10:00:00,296.24518
2012-08-31 11:00:00,423.36972
2012-08-31 12:00:00,421.0412
2012-08-31 13:00:00,437.75537
2012-08-31 14:00:00,433.8783
2012-08-31 15:00:00,447.06958
2012-08-31 16:00:00,440.24683
2012-08-31 17:00:00,407.79633
2012-08-31 18:00:00,404.8948
2012-08-31 19:00:00,347.393
2012-08-31 20:00:00,347.393
2012-08-31 21:00:00,321.13287
2012-08-31 22:00:00,321.13287
2012-08-31 23:00:00,284.64664
2012-09-20 00:00:00,169.39098
2012-09-20 01:00:00,149.95354
2012-09-20 02:00:00,147.68437
2012-09-20 03:00:00,115.260185
2012-09-20 04:00:00,131.17474
2012-09-20 05:00:00,131.17474
2012-09-20 06:00:00,115.260185
2012-09-20 07:00:00,127.48267
2012-09-20 08:00:00,171.80096
2012-09-20 09:00:00,212.49083
2012-09-20 10:00:00,235.80534
2012-09-20 11:00:00,278.649
2012-09-20 12:00:00,299.10187
2012-09-20 13:00:00,298.1153
2012-09-20 14:00:00,300.46594
2012-09-20 15:00:00,301.72647
2012-09-20 16:00:00,295.9276
2012-09-20 17:00:00,298.2782
2012-09-20 18:00:00,286.81293
2012-09-20 19:00:00,240.52863
2012-09-20 20:00:00,210.30995
2012-09-20 21:00:00,219.40182
2012-09-20 22:00:00,178.00461
2012-09-20 23:00:00,189.24002
2012-09-21 00:00:00,173.32547
2012-09-21 01:00:00,156.75217
2012-09-21 02:00:00,156.75217
2012-09-21 03:00:00,151.57722
2012-09-21 04:00:00,137.93185
2012-09-21 05:00:00,126.69641
2012-09-21 06:00:00,151.57722
2012-09-21 07:00:00,145.51683
2012-09-21 08:00:00,182.54294
2012-09-21 09:00:00,208.90657
2012-09-21 10:00:00,266.017
2012-09-21 11:00:00,283.8092
2012-09-21 12:00:00,282.30228
2012-09-21 13:00:00,296.58685
2012-09-21 14:00:00,317.0397
2012-09-21 15:00:00,305.67877
2012-09-21 16:00:00,301.12518
2012-09-21 17:00:00,300.486
2012-09-21 18:00:00,279.3592
2012-09-21 19:00:00,262.8275
2012-09-21 20:00:00,243.48683
2012-09-21 21:00:00,236.00536
2012-09-21 22:00:00,226.91351
2012-09-21 23:00:00,247.3816
2012-09-22 00:00:00,232.85152
2012-09-22 01:00:00,192.49934
2012-09-22 02:00:00,166.8563
2012-09-22 03:00:00,182.64522
2012-09-22 04:00:00,182.64522
2012-09-22 05:00:00,189.4679
2012-09-22 06:00:00,184.9144
2012-09-22 07:00:00,196.912
2012-09-22 08:00:00,235.12065
2012-09-22 09:00:00,246.1318
2012-09-22 10:00:00,274.03967
2012-09-22 11:00:00,298.0748
2012-09-22 12:00:00,316.9172
2012-09-22 13:00:00,334.0109
2012-09-22 14:00:00,336.93442
2012-09-22 15:00:00,345.30563
2012-09-22 16:00:00,329.4726
2012-09-22 17:00:00,329.4726
2012-09-22 18:00:00,314.648
2012-09-22 19:00:00,284.4294
2012-09-22 20:00:00,302.5096
2012-09-22 21:00:00,279.37955
2012-09-22 22:00:00,269.02713
2012-09-22 23:00:00,284.75668
2012-09-23 00:00:00,335.865
2012-09-23 01:00:00,271.17392
2012-09-23 02:00:00,256.66275
2012-09-23 03:00:00,232.62761
2012-09-23 04:00:00,213.68167
2012-09-23 05:00:00,209.23164
2012-09-23 06:00:00,194.94708
2012-09-23 07:00:00,204.69334
2012-09-23 08:00:00,241.71945
2012-09-23 09:00:00,253.71284
2012-09-23 10:00:00,270.98895
2012-09-23 11:00:00,276.28516
2012-09-23 12:00:00,260.30447
2012-09-23 13:00:00,320.9743
2012-09-23 14:00:00,325.51266
2012-09-23 15:00:00,341.3016
2012-09-23 16:00:00,357.21613
2012-09-23 17:00:00,307.82574
2012-09-23 18:00:00,279.87375
2012-09-23 19:00:00,256.51508
2012-09-23 20:00:00,256.51508
2012-09-23 21:00:00,235.14705
2012-09-23 22:00:00,218.02625
2012-09-23 23:00:00,202.84421
2012-09-24 00:00:00,198.8589
2012-09-24 01:00:00,180.77876
2012-09-24 02:00:00,190.97334
2012-09-24 03:00:00,194.32063
2012-09-24 04:00:00,168.6971
2012-09-24 05:00:00,169.31425
2012-09-24 06:00:00,178.30255
2012-09-24 07:00:00,180.77876
2012-09-24 08:00:00,231.96387
2012-09-24 09:00:00,246.29002
2012-09-24 10:00:00,265.16977
2012-09-24 11:00:00,295.1245
2012-09-24 12:00:00,315.53323
2012-09-24 13:00:00,364.8642
2012-09-24 14:00:00,319.86337
2012-09-24 15:00:00,319.4049
2012-09-24 16:00:00,327.53088
2012-09-24 17:00:00,288.89438
2012-09-24 18:00:00,283.04288
2012-09-24 19:00:00,266.41025
2012-09-24 20:00:00,232.65987
2012-09-24 21:00:00,231.86035
2012-09-24 22:00:00,245.50569
2012-09-24 23:00:00,189.76707
2012-09-25 00:00:00,185.33229
2012-09-25 01:00:00,162.00002
2012-09-25 02:00:00,143.17964
2012-09-25 03:00:00,149.85468
2012-09-25 04:00:00,156.66214
2012-09-25 05:00:00,136.37215
2012-09-25 06:00:00,164.40999
2012-09-25 07:00:00,159.85643
2012-09-25 08:00:00,197.45552
2012-09-25 09:00:00,253.97853
2012-09-25 10:00:00,277.33282
2012-09-25 11:00:00,331.1579
2012-09-25 12:00:00,336.89053
2012-09-25 13:00:00,324.60925
2012-09-25 14:00:00,355.22272
2012-09-25 15:00:00,361.96396
2012-09-25 16:00:00,350.66916
2012-09-25 17:00:00,348.40002
2012-09-25 18:00:00,333.55344
2012-09-25 19:00:00,316.60748
2012-09-25 20:00:00,308.6871
2012-09-25 21:00:00,308.6871
2012-09-25 22:00:00,306.41797
2012-09-25 23:00:00,313.2407
2012-09-26 00:00:00,257.95282
2012-09-26 01:00:00,262.50635
2012-09-26 02:00:00,256.88995
2012-09-26 03:00:00,256.88995
2012-09-26 04:00:00,223.32146
2012-09-26 05:00:00,218.78316
2012-09-26 06:00:00,206.68625
2012-09-26 07:00:00,188.60614
2012-09-26 08:00:00,230.14412
2012-09-26 09:00:00,268.51318
2012-09-26 10:00:00,255.61043
2012-09-26 11:00:00,293.15012
2012-09-26 12:00:00,297.45737
2012-09-26 13:00:00,311.74194
2012-09-26 14:00:00,352.1501
2012-09-26 15:00:00,354.41922
2012-09-26 16:00:00,358.89127
2012-09-26 17:00:00,354.41922
2012-09-26 18:00:00,343.05823
2012-09-26 19:00:00,311.6384
2012-09-26 20:00:00,267.34222
2012-09-26 21:00:00,276.33057
2012-09-26 22:00:00,260.9509
2012-09-26 23:00:00,234.74501
2012-09-27 00:00:00,208.54753
2012-09-27 01:00:00,208.54753
2012-09-27 02:00:00,208.54756
2012-09-27 03:00:00,194.90219
2012-09-27 04:00:00,157.94904
2012-09-27 05:00:00,169.79903
2012-09-27 06:00:00,164.62408
2012-09-27 07:00:00,194.9022
2012-09-27 08:00:00,238.14488
2012-09-27 09:00:00,246.78584
2012-09-27 10:00:00,337.76962
2012-09-27 11:00:00,327.17084
2012-09-27 12:00:00,330.6191
2012-09-27 13:00:00,310.16626
2012-09-27 14:00:00,338.09622
2012-09-27 15:00:00,324.4508
2012-09-27 16:00:00,336.44766
2012-09-27 17:00:00,284.463
2012-09-27 18:00:00,273.10202
2012-09-27 19:00:00,267.23868
2012-09-27 20:00:00,265.5587
2012-09-27 21:00:00,232.79912
2012-09-27 22:00:00,232.79912
2012-09-27 23:00:00,212.34628
2012-09-28 00:00:00,187.24312
2012-09-28 01:00:00,162.23672
2012-09-28 02:00:00,207.69598
2012-09-28 03:00:00,199.00151
2012-09-28 04:00:00,169.30574
2012-09-28 05:00:00,150.97871
2012-09-28 06:00:00,152.34784
2012-09-28 07:00:00,138.70244
2012-09-28 08:00:00,190.98778
2012-09-28 09:00:00,202.04813
2012-09-28 10:00:00,225.3652
2012-09-28 11:00:00,239.0038
2012-09-28 12:00:00,326.47482
2012-09-28 13:00:00,333.21606
2012-09-28 14:00:00,326.47482
2012-09-28 15:00:00,323.485
2012-09-28 16:00:00,315.7966
2012-09-28 17:00:00,318.16925
2012-09-28 18:00:00,314.536
2012-09-28 19:00:00,319.02002
2012-09-28 20:00:00,297.38806
2012-09-28 21:00:00,301.92636
2012-09-28 22:00:00,272.516
2012-09-28 23:00:00,253.63628
2012-09-29 00:00:00,232.74446
2012-09-29 01:00:00,232.74446
2012-09-29 02:00:00,242.93904
2012-09-29 03:00:00,224.05928
2012-09-29 04:00:00,231.9449
2012-09-29 05:00:00,206.27977
2012-09-29 06:00:00,215.37164
2012-09-29 07:00:00,203.39346
2012-09-29 08:00:00,208.68973
2012-09-29 09:00:00,206.27977
2012-09-29 10:00:00,246.27107
2012-09-29 11:00:00,267.35626
2012-09-29 12:00:00,335.94647
2012-09-29 13:00:00,335.94647
2012-09-29 14:00:00,330.11023
2012-09-29 15:00:00,323.36908
2012-09-29 16:00:00,329.12378
2012-09-29 17:00:00,350.51895
2012-09-29 18:00:00,267.19336
2012-09-29 19:00:00,227.30305
2012-09-29 20:00:00,231.84137
2012-09-29 21:00:00,222.7495
2012-09-29 22:00:00,192.64963
2012-09-29 23:00:00,199.3688
2012-09-30 00:00:00,185.72342
2012-09-30 01:00:00,185.72342
2012-09-30 02:00:00,169.19174
2012-09-30 03:00:00,166.26387
2012-09-30 04:00:00,166.26387
2012-09-30 05:00:00,133.83972
2012-09-30 06:00:00,147.4851
2012-09-30 07:00:00,122.60428
2012-09-30 08:00:00,176.11794
2012-09-30 09:00:00,200.23457
2012-09-30 10:00:00,270.24002
2012-09-30 11:00:00,318.83075
2012-09-30 12:00:00,335.94647
2012-09-30 13:00:00,329.12378
2012-09-30 14:00:00,329.12378
2012-09-30 15:00:00,341.61975
2012-09-30 16:00:00,337.0814
2012-09-30 17:00:00,347.15985
2012-09-30 18:00:00,261.5048
2012-09-30 19:00:00,179.37674
2012-09-30 20:00:00,179.37674
2012-09-30 21:00:00,165.49966
2012-09-30 22:00:00,148.96802
2012-09-30 23:00:00,162.61337
2012-10-20 00:00:00,139.36507
2012-10-20 01:00:00,161.83589
2012-10-20 02:00:00,138.51883
2012-10-20 03:00:00,135.47221
2012-10-20 04:00:00,133.83972
2012-10-20 05:00:00,96.2406
2012-10-20 06:00:00,128.50183
2012-10-20 07:00:00,96.2406
2012-10-20 08:00:00,173.0713
2012-10-20 09:00:00,206.17625
2012-10-20 10:00:00,229.49078
2012-10-20 11:00:00,250.72108
2012-10-20 12:00:00,253.56325
2012-10-20 13:00:00,269.39633
2012-10-20 14:00:00,251.13118
2012-10-20 15:00:00,244.38992
2012-10-20 16:00:00,282.28372
2012-10-20 17:00:00,284.42728
2012-10-20 18:00:00,272.34818
2012-10-20 19:00:00,237.6354
2012-10-20 20:00:00,264.76324
2012-10-20 21:00:00,231.65833
2012-10-20 22:00:00,196.94298
2012-10-20 23:00:00,157.71391
2012-10-21 00:00:00,199.29358
2012-10-21 01:00:00,191.81215
2012-10-21 02:00:00,166.18864
2012-10-21 03:00:00,138.25436
2012-10-21 04:00:00,118.22943
2012-10-21 05:00:00,138.25436
2012-10-21 06:00:00,141.18227
2012-10-21 07:00:00,141.18227
2012-10-21 08:00:00,137.49014
2012-10-21 09:00:00,204.58984
2012-10-21 10:00:00,255.90051
2012-10-21 11:00:00,277.02728
2012-10-21 12:00:00,295.8476
2012-10-21 13:00:00,296.50894
2012-10-21 14:00:00,291.9112
2012-10-21 15:00:00,312.37933
2012-10-21 16:00:00,284.42728
2012-10-21 17:00:00,276.88654
2012-10-21 18:00:00,267.79465
2012-10-21 19:00:00,248.93016
2012-10-21 20:00:00,241.43095
2012-10-21 21:00:00,191.7086
2012-10-21 22:00:00,166.70226
2012-10-21 23:00:00,174.28716
2012-10-22 00:00:00,148.88968
2012-10-22 01:00:00,128.66594
2012-10-22 02:00:00,121.08101
2012-10-22 03:00:00,148.88968
2012-10-22 04:00:00,132.3164
2012-10-22 05:00:00,123.49096
2012-10-22 06:00:00,109.62325
2012-10-22 07:00:00,145.96178
2012-10-22 08:00:00,152.78256
2012-10-22 09:00:00,182.95961
2012-10-22 10:00:00,202.41917
2012-10-22 11:00:00,290.58624
2012-10-22 12:00:00,277.65894
2012-10-22 13:00:00,350.16602
2012-10-22 14:00:00,352.9157
2012-10-22 15:00:00,351.4266
2012-10-22 16:00:00,341.17767
2012-10-22 17:00:00,332.08585
2012-10-22 18:00:00,213.27988
2012-10-22 19:00:00,232.6599
2012-10-22 20:00:00,209.34537
2012-10-22 21:00:00,181.55624
2012-10-22 22:00:00,147.07253
2012-10-22 23:00:00,142.53421
2012-10-23 00:00:00,138.14355
2012-10-23 01:00:00,162.86147
2012-10-23 02:00:00,126.04667
2012-10-23 03:00:00,150.7646
2012-10-23 04:00:00,138.6413
2012-10-23 05:00:00,143.95709
2012-10-23 06:00:00,117.59343
2012-10-23 07:00:00,147.43254
2012-10-23 08:00:00,163.94212
2012-10-23 09:00:00,181.33958
2012-10-23 10:00:00,206.35365
2012-10-23 11:00:00,269.96915
2012-10-23 12:00:00,301.81094
2012-10-23 13:00:00,293.92023
2012-10-23 14:00:00,333.30707
2012-10-23 15:00:00,342.399
2012-10-23 16:00:00,315.20483
2012-10-23 17:00:00,308.30078
2012-10-23 18:00:00,284.87506
2012-10-23 19:00:00,275.88678
2012-10-23 20:00:00,232.94646
2012-10-23 21:00:00,195.92032
2012-10-23 22:00:00,211.83487
2012-10-23 23:00:00,193.05614
2012-10-24 00:00:00,190.78697
2012-10-24 01:00:00,188.377
2012-10-24 02:00:00,188.377
2012-10-24 03:00:00,166.62875
2012-10-24 04:00:00,166.62872
2012-10-24 05:00:00,141.74796
2012-10-24 06:00:00,150.11917
2012-10-24 07:00:00,141.91081
2012-10-24 08:00:00,164.20663
2012-10-24 09:00:00,175.41995
2012-10-24 10:00:00,178.34785
2012-10-24 11:00:00,212.49364
2012-10-24 12:00:00,260.61566
2012-10-24 13:00:00,271.50375
2012-10-24 14:00:00,381.7196
2012-10-24 15:00:00,329.97
2012-10-24 16:00:00,356.7947
2012-10-24 17:00:00,287.23328
2012-10-24 18:00:00,293.97455
2012-10-24 19:00:00,287.34192
2012-10-24 20:00:00,261.822
2012-10-24 21:00:00,264.0911
2012-10-24 22:00:00,260.6276
2012-10-24 23:00:00,218.35692
2012-10-25 00:00:00,256.08932
2012-10-25 01:00:00,203.50528
2012-10-25 02:00:00,168.15324
2012-10-25 03:00:00,157.5095
2012-10-25 04:00:00,152.9712
2012-10-25 05:00:00,162.06306
2012-10-25 06:00:00,166.60135
2012-10-25 07:00:00,166.60135
2012-10-25 08:00:00,173.2985
2012-10-25 09:00:00,177.83676
2012-10-25 10:00:00,176.32983
2012-10-25 11:00:00,171.79155
2012-10-25 12:00:00,190.57033
2012-10-25 13:00:00,174.65578
2012-10-25 14:00:00,232.8732
2012-10-25 15:00:00,258.4348
2012-10-25 16:00:00,246.41505
2012-10-25 17:00:00,246.41505
2012-10-25 18:00:00,178.12863
2012-10-25 19:00:00,184.21547
2012-10-25 20:00:00,157.5095
2012-10-25 21:00:00,157.5095
2012-10-25 22:00:00,169.5224
2012-10-25 23:00:00,176.32983
2012-10-26 00:00:00,169.35953
2012-10-26 01:00:00,150.7021
2012-10-26 02:00:00,152.9712
2012-10-26 03:00:00,162.06306
2012-10-26 04:00:00,162.06306
2012-10-26 05:00:00,152.9712
2012-10-26 06:00:00,150.7021
2012-10-26 07:00:00,152.9712
2012-10-26 08:00:00,165.09445
2012-10-26 09:00:00,165.09445
2012-10-26 10:00:00,160.55617
2012-10-26 11:00:00,199.66217
2012-10-26 12:00:00,223.02084
2012-10-26 13:00:00,225.16441
2012-10-26 14:00:00,260.6276
2012-10-26 15:00:00,264.0911
2012-10-26 16:00:00,218.48254
2012-10-26 17:00:00,208.69464
2012-10-26 18:00:00,195.10861
2012-10-26 19:00:00,180.88344
2012-10-26 20:00:00,180.8834
2012-10-26 21:00:00,189.81233
2012-10-26 22:00:00,168.7449
2012-10-26 23:00:00,172.09224
2012-10-27 00:00:00,141.01088
2012-10-27 01:00:00,142.21715
2012-10-27 02:00:00,151.309
2012-10-27 03:00:00,145.56444
2012-10-27 04:00:00,146.7707
2012-10-27 05:00:00,164.7915
2012-10-27 06:00:00,164.7915
2012-10-27 07:00:00,153.79482
2012-10-27 08:00:00,183.91246
2012-10-27 09:00:00,183.91246
2012-10-27 10:00:00,212.62419
2012-10-27 11:00:00,240.39128
2012-10-27 12:00:00,300.89822
2012-10-27 13:00:00,323.36908
2012-10-27 14:00:00,316.6278
2012-10-27 15:00:00,250.58585
2012-10-27 16:00:00,241.59753
2012-10-27 17:00:00,241.59753
2012-10-27 18:00:00,241.59753
2012-10-27 19:00:00,199.40079
2012-10-27 20:00:00,199.40079
2012-10-27 21:00:00,199.40079
2012-10-27 22:00:00,203.9391
2012-10-27 23:00:00,233.39552
2012-10-28 00:00:00,220.95639
2012-10-28 01:00:00,200.90767
2012-10-28 02:00:00,212.16519
2012-10-28 03:00:00,227.9541
2012-10-28 04:00:00,232.49243
2012-10-28 05:00:00,223.4006
2012-10-28 06:00:00,236.94243
2012-10-28 07:00:00,232.3889
2012-10-28 08:00:00,271.02542
2012-10-28 09:00:00,259.56088
2012-10-28 10:00:00,261.00592
2012-10-28 11:00:00,264.0109
2012-10-28 12:00:00,254.39027
2012-10-28 13:00:00,243.02928
2012-10-28 14:00:00,255.12611
2012-10-28 15:00:00,252.94528
2012-10-28 16:00:00,233.08154
2012-10-28 17:00:00,212.11763
2012-10-28 18:00:00,154.23541
2012-10-28 19:00:00,133.78255
2012-10-28 20:00:00,149.69714
2012-10-28 21:00:00,163.94186
2012-10-28 22:00:00,154.85
2012-10-28 23:00:00,133.78255
2012-10-29 00:00:00,162.55748
2012-10-30 13:00:00,100.10289
2012-10-30 14:00:00,100.10289
2012-10-30 15:00:00,77.030266
2012-10-30 16:00:00,77.030266
2012-10-30 17:00:00,72.49195
2012-10-30 18:00:00,65.12934
2012-10-30 19:00:00,203.95805
2012-10-30 20:00:00,80.21467
2012-10-30 21:00:00,65.70917
2012-10-30 22:00:00,76.19929
2012-10-30 23:00:00,76.19929
2012-10-31 00:00:00,79.19163
2012-10-31 01:00:00,76.92251
2012-10-31 02:00:00,77.40558
2012-10-31 03:00:00,79.19163
2012-10-31 04:00:00,66.73213
2012-10-31 05:00:00,77.40558
2012-10-31 06:00:00,80.75284
2012-10-31 07:00:00,63.923084
2012-10-31 08:00:00,90.067055
2012-10-31 09:00:00,102.56299
2012-10-31 10:00:00,137.79619
2012-10-31 11:00:00,147.4704
2012-10-31 12:00:00,187.42271
2012-10-31 13:00:00,217.49619
2012-10-31 14:00:00,218.7025
2012-10-31 15:00:00,199.41605
2012-10-31 16:00:00,209.71416
2012-10-31 17:00:00,184.09068
2012-10-31 18:00:00,184.09068
2012-10-31 19:00:00,206.60564
2012-10-31 20:00:00,206.60564
2012-10-31 21:00:00,206.60564
2012-10-31 22:00:00,152.8425
2012-10-31 23:00:00,152.31781
2012-11-20 00:00:00,114.78492
2012-11-20 01:00:00,126.81986
2012-11-20 02:00:00,95.70123
2012-11-20 03:00:00,116.79076
2012-11-20 04:00:00,135.33192
2012-11-20 05:00:00,126.24008
2012-11-20 06:00:00,119.55821
2012-11-20 07:00:00,94.49496
2012-11-20 08:00:00,113.79839
2012-11-20 09:00:00,114.74393
2012-11-20 10:00:00,154.753
2012-11-20 11:00:00,160.04927
2012-11-20 12:00:00,146.4039
2012-11-20 13:00:00,174.21257
2012-11-20 14:00:00,190.1271
2012-11-20 15:00:00,204.41168
2012-11-20 16:00:00,171.28467
2012-11-20 17:00:00,154.87862
2012-11-20 18:00:00,154.753
2012-11-20 19:00:00,129.87221
2012-11-20 20:00:00,111.051834
2012-11-20 21:00:00,113.53767
2012-11-20 22:00:00,113.53767
2012-11-20 23:00:00,85.52875
2012-11-21 00:00:00,83.48191
2012-11-21 01:00:00,85.52875
2012-11-21 02:00:00,50.63517
2012-11-21 03:00:00,50.63517
2012-11-21 04:00:00,50.63517
2012-11-21 05:00:00,50.63517
2012-11-21 06:00:00,54.648796
2012-11-21 07:00:00,47.10547
2012-11-21 08:00:00,69.337555
2012-11-21 09:00:00,94.49498
2012-11-21 10:00:00,133.76141
2012-11-21 11:00:00,205.39934
2012-11-21 12:00:00,240.75137
2012-11-21 13:00:00,258.78735
2012-11-21 14:00:00,266.2713
2012-11-21 15:00:00,243.63081
2012-11-21 16:00:00,249.63615
2012-11-21 17:00:00,223.33183
2012-11-21 18:00:00,226.27751
2012-11-21 19:00:00,213.544
2012-11-21 20:00:00,138.05527
2012-11-21 21:00:00,160.72641
2012-11-21 22:00:00,155.38853
2012-11-21 23:00:00,120.880196
2012-11-22 00:00:00,105.812614
2012-11-22 01:00:00,92.93139
2012-11-22 02:00:00,49.049507
2012-11-22 03:00:00,51.318657
2012-11-22 04:00:00,30.753868
2012-11-22 05:00:00,51.318657
2012-11-22 06:00:00,70.097404
2012-11-22 07:00:00,41.989277
2012-11-22 08:00:00,49.53259
2012-11-22 09:00:00,93.15374
2012-11-22 10:00:00,143.43376
2012-11-22 11:00:00,206.1139
2012-11-22 12:00:00,213.53595
2012-11-22 13:00:00,230.06763
2012-11-22 14:00:00,242.14676
2012-11-22 15:00:00,242.14676
2012-11-22 16:00:00,225.57349
2012-11-22 17:00:00,213.53595
2012-11-22 18:00:00,180.43105
2012-11-22 19:00:00,91.14907
2012-11-22 20:00:00,94.79951
2012-11-22 21:00:00,124.63293
2012-11-22 22:00:00,109.72698
2012-11-22 23:00:00,81.91833
2012-11-23 00:00:00,96.76359
2012-11-23 01:00:00,68.13129
2012-11-23 02:00:00,74.07041
2012-11-23 03:00:00,77.94322
2012-11-23 04:00:00,62.471867
2012-11-23 05:00:00,45.682007
2012-11-23 06:00:00,45.682007
2012-11-23 07:00:00,45.682007
2012-11-23 08:00:00,33.237717
2012-11-23 09:00:00,77.60017
2012-11-23 10:00:00,140.82275
2012-11-23 11:00:00,205.39934
2012-11-23 12:00:00,256.58444
2012-11-23 13:00:00,268.68127
2012-11-23 14:00:00,283.75024
2012-11-23 15:00:00,264.97147
2012-11-23 16:00:00,243.45576
2012-11-23 17:00:00,245.6808
2012-11-23 18:00:00,213.21503
2012-11-23 19:00:00,231.4802
2012-11-23 20:00:00,232.3954
2012-11-23 21:00:00,243.90407
2012-11-23 22:00:00,308.7407
2012-11-23 23:00:00,278.5594
2012-11-24 00:00:00,261.0022
2012-11-24 01:00:00,206.91747
2012-11-24 02:00:00,224.25746
2012-11-24 03:00:00,172.32288
2012-11-24 04:00:00,165.77614
2012-11-24 05:00:00,153.91684
2012-11-24 06:00:00,132.76796
2012-11-24 07:00:00,155.1231
2012-11-24 08:00:00,162.51031
2012-11-24 09:00:00,166.98238
2012-11-24 10:00:00,143.8283
2012-11-24 11:00:00,164.43729
2012-11-24 12:00:00,224.66164
2012-11-24 13:00:00,200.431
2012-11-24 14:00:00,221.34233
2012-11-24 15:00:00,207.01614
2012-11-24 16:00:00,186.3851
2012-11-24 17:00:00,163.00865
2012-11-24 18:00:00,169.74991
2012-11-24 19:00:00,148.82341
2012-11-24 20:00:00,132.76794
2012-11-24 21:00:00,125.44694
2012-11-24 22:00:00,134.5388
2012-11-24 23:00:00,125.44694
2012-11-25 00:00:00,120.21261
2012-11-25 01:00:00,124.18639
2012-11-25 02:00:00,136.58562
2012-11-25 03:00:00,113.53165
2012-11-25 04:00:00,113.53165
2012-11-25 05:00:00,114.113106
2012-11-25 06:00:00,111.30404
2012-11-25 07:00:00,102.3157
2012-11-25 08:00:00,109.663086
2012-11-25 09:00:00,122.21844
2012-11-25 10:00:00,125.550476
2012-11-25 11:00:00,151.81573
2012-11-25 12:00:00,151.81573
2012-11-25 13:00:00,142.7239
2012-11-25 14:00:00,169.23524
2012-11-25 15:00:00,168.02899
2012-11-25 16:00:00,170.2319
2012-11-25 17:00:00,149.06097
2012-11-25 18:00:00,134.77637
2012-11-25 19:00:00,135.40117
2012-11-25 20:00:00,85.16329
2012-11-25 21:00:00,119.67161
2012-11-25 22:00:00,85.16329
2012-11-25 23:00:00,64.71722
2012-11-26 00:00:00,65.06206
2012-11-26 01:00:00,57.5187
2012-11-26 02:00:00,57.5187
2012-11-26 03:00:00,57.5187
2012-11-26 04:00:00,65.06206
2012-11-26 05:00:00,71.178474
2012-11-26 06:00:00,65.06206
2012-11-26 07:00:00,81.635315
2012-11-26 08:00:00,81.635315
2012-11-26 09:00:00,124.30831
2012-11-26 10:00:00,147.84518
2012-11-26 11:00:00,250.52596
2012-11-26 12:00:00,233.01874
2012-11-26 13:00:00,233.01874
2012-11-26 14:00:00,217.10422
2012-11-26 15:00:00,230.74959
2012-11-26 16:00:00,235.92459
2012-11-26 17:00:00,223.84543
2012-11-26 18:00:00,173.12563
2012-11-26 19:00:00,146.40019
2012-11-26 20:00:00,155.38853
2012-11-26 21:00:00,155.38853
2012-11-26 22:00:00,120.8802
2012-11-26 23:00:00,120.44121
2012-11-27 00:00:00,118.172066
2012-11-27 01:00:00,115.99121
2012-11-27 02:00:00,114.26197
2012-11-27 03:00:00,117.197464
2012-11-27 04:00:00,81.42091
2012-11-27 05:00:00,84.76818
2012-11-27 06:00:00,81.95909
2012-11-27 07:00:00,78.611824
2012-11-27 08:00:00,90.75033
2012-11-27 09:00:00,91.27331
2012-11-27 10:00:00,95.28863
2012-11-27 11:00:00,77.52856
2012-11-27 12:00:00,83.63061
2012-11-27 13:00:00,69.44528
2012-11-27 14:00:00,79.07706
2012-11-27 15:00:00,103.28727
2012-11-27 16:00:00,103.28727
2012-11-27 17:00:00,116.93267
2012-11-27 18:00:00,76.2793
2012-11-27 19:00:00,97.77131
2012-11-27 20:00:00,85.22348
2012-11-27 21:00:00,57.33338
2012-11-27 22:00:00,51.75683
2012-11-27 23:00:00,67.853806
2012-11-28 00:00:00,81.33628
2012-11-28 01:00:00,83.12237
2012-11-28 02:00:00,83.12237
2012-11-28 03:00:00,94.3578
2012-11-28 04:00:00,89.804276
2012-11-28 05:00:00,86.99518
2012-11-28 06:00:00,105.59321
2012-11-28 07:00:00,121.263405
2012-11-28 08:00:00,104.52206
2012-11-28 09:00:00,136.58879
2012-11-28 10:00:00,149.89197
2012-11-28 11:00:00,169.23276
2012-11-28 12:00:00,205.00838
2012-11-28 13:00:00,188.05562
2012-11-28 14:00:00,209.72484
2012-11-28 15:00:00,232.25507
2012-11-28 16:00:00,227.62009
2012-11-28 17:00:00,203.68166
2012-11-28 18:00:00,208.057
2012-11-28 19:00:00,189.45645
2012-11-28 20:00:00,191.18575
2012-11-28 21:00:00,175.13026
2012-11-28 22:00:00,147.78006
2012-11-28 23:00:00,135.22473
2012-11-29 00:00:00,102.897285
2012-11-29 01:00:00,83.66006
2012-11-29 02:00:00,76.29745
2012-11-29 04:00:00,45.07445
2012-11-29 05:00:00,57.5187
2012-11-29 06:00:00,65.06206
2012-11-29 07:00:00,68.754135
2012-11-29 08:00:00,60.826077
2012-11-29 09:00:00,92.87073
2012-11-29 10:00:00,104.08458
2012-11-29 11:00:00,211.42946
2012-11-29 12:00:00,195.59642
2012-11-29 13:00:00,229.17003
2012-11-29 14:00:00,197.94704
2012-11-29 15:00:00,200.71446
2012-11-29 16:00:00,204.68826
2012-11-29 17:00:00,194.79686
2012-11-29 18:00:00,160.2444
2012-11-29 19:00:00,144.17375
2012-11-29 20:00:00,145.91823
2012-11-29 21:00:00,97.024345
2012-11-29 22:00:00,85.30585
2012-11-29 23:00:00,105.751915
2012-11-30 00:00:00,84.059685
2012-11-30 01:00:00,71.43813
2012-11-30 02:00:00,59.164505
2012-11-30 03:00:00,59.164505
2012-11-30 04:00:00,51.57955
2012-11-30 05:00:00,32.800827
2012-11-30 06:00:00,19.318325
2012-11-30 07:00:00,40.344147
2012-11-30 08:00:00,48.913017
2012-11-30 09:00:00,60.20272
2012-11-30 10:00:00,105.51321
2012-11-30 11:00:00,154.96906
2012-11-30 12:00:00,178.46431
2012-11-30 13:00:00,224.53813
2012-11-30 14:00:00,215.44627
2012-11-30 15:00:00,227.48375
2012-11-30 16:00:00,212.03708
2012-11-30 17:00:00,177.66391
2012-11-30 18:00:00,129.6298
2012-11-30 19:00:00,109.6448
2012-11-30 20:00:00,109.6448
2012-11-30 21:00:00,89.1987
2012-11-30 22:00:00,81.83612
2012-11-30 23:00:00,90.40497
2012-12-20 00:00:00,135.00868
2012-12-20 01:00:00,109.6448
2012-12-20 02:00:00,109.6448
2012-12-20 03:00:00,101.6404
2012-12-20 04:00:00,101.6404
2012-12-20 05:00:00,103.90957
2012-12-20 06:00:00,105.51321
2012-12-20 07:00:00,94.27781
2012-12-20 08:00:00,94.27781
2012-12-20 09:00:00,94.27781
2012-12-20 10:00:00,104.526665
2012-12-20 11:00:00,153.82645
2012-12-20 12:00:00,167.59062
2012-12-20 13:00:00,163.1406
2012-12-20 14:00:00,172.12892
2012-12-20 15:00:00,155.55568
2012-12-20 16:00:00,172.40489
2012-12-20 17:00:00,135.33192
2012-12-20 18:00:00,124.09653
2012-12-20 19:00:00,128.11186
2012-12-20 20:00:00,109.52908
2012-12-20 21:00:00,109.52908
2012-12-20 22:00:00,89.349464
2012-12-20 23:00:00,151.81982
2012-12-21 00:00:00,100.72608
2012-12-21 01:00:00,121.9564
2012-12-21 02:00:00,116.01727
2012-12-21 03:00:00,116.01727
2012-12-21 04:00:00,119.37894
2012-12-21 05:00:00,89.1976
2012-12-21 06:00:00,150.61578
2012-12-21 07:00:00,102.857735
2012-12-21 08:00:00,110.17874
2012-12-21 09:00:00,165.44228
2012-12-21 10:00:00,163.6715
2012-12-21 11:00:00,158.05505
2012-12-21 12:00:00,155.70445
2012-12-21 13:00:00,164.79631
2012-12-21 14:00:00,169.34982
2012-12-21 15:00:00,145.93182
2012-12-21 16:00:00,143.5812
2012-12-21 17:00:00,83.969734
2012-12-21 18:00:00,79.41619
2012-12-21 19:00:00,116.79554
2012-12-21 20:00:00,125.24398
2012-12-21 21:00:00,130.09985
2012-12-21 22:00:00,105.17493
2012-12-21 23:00:00,109.18854
2012-12-22 00:00:00,134.33318
2012-12-22 01:00:00,113.880325
2012-12-22 02:00:00,125.24131
2012-12-22 03:00:00,104.892006
2012-12-22 04:00:00,85.17179
2012-12-22 05:00:00,106.662834
2012-12-22 06:00:00,115.651184
2012-12-22 07:00:00,115.651184
2012-12-22 08:00:00,138.87148
2012-12-22 09:00:00,102.124535
2012-12-22 10:00:00,93.03269
2012-12-22 11:00:00,127.168304
2012-12-22 12:00:00,185.1235
2012-12-22 13:00:00,167.17738
2012-12-22 14:00:00,169.44652
2012-12-22 15:00:00,188.04709
2012-12-22 16:00:00,152.85118
2012-12-22 17:00:00,118.07644
2012-12-22 18:00:00,116.14949
2012-12-22 19:00:00,89.98605
2012-12-22 20:00:00,73.04852
2012-12-22 21:00:00,70.62326
2012-12-22 22:00:00,70.62326
2012-12-22 23:00:00,63.30226
2012-12-23 00:00:00,79.61158
2012-12-23 01:00:00,72.29058
2012-12-23 02:00:00,51.179005
2012-12-23 03:00:00,46.625458
2012-12-23 04:00:00,55.613796
2012-12-23 05:00:00,45.104183
2012-12-23 06:00:00,1.8020732
2012-12-23 07:00:00,1.8020732
2012-12-23 08:00:00,-21.031921
2012-12-23 09:00:00,30.434916
2012-12-23 10:00:00,34.090202
2012-12-23 11:00:00,62.31575
2012-12-23 12:00:00,113.782555
2012-12-23 13:00:00,132.62068
2012-12-23 14:00:00,163.21889
2012-12-23 15:00:00,144.07845
2012-12-23 16:00:00,153.17029
2012-12-23 17:00:00,111.92071
2012-12-23 18:00:00,108.78577
2012-12-23 19:00:00,103.127815
2012-12-23 20:00:00,36.316643
2012-12-23 21:00:00,17.537893
2012-12-23 22:00:00,43.31611
2012-12-23 23:00:00,40.008743
2012-12-24 00:00:00,19.907513
2012-12-24 01:00:00,19.907507
2012-12-24 02:00:00,-1.1183262
2012-12-24 03:00:00,-1.1183262
2012-12-24 05:00:00,-18.375774
2012-12-24 06:00:00,-1.1183262
2012-12-24 07:00:00,12.364146
2012-12-24 08:00:00,19.907507
2012-12-24 09:00:00,40.9944
2012-12-24 10:00:00,45.230366
2012-12-24 11:00:00,62.582214
2012-12-24 12:00:00,80.36003
2012-12-24 13:00:00,6.2473717
2012-12-24 14:00:00,-7.2351284
2012-12-24 15:00:00,-1.6586037
2012-12-24 16:00:00,-1.6586037
2012-12-24 17:00:00,-17.950157
2012-12-24 18:00:00,-20.71761
2012-12-24 19:00:00,-23.709969
2012-12-24 20:00:00,-22.503723
2012-12-24 21:00:00,-22.986774
2012-12-24 22:00:00,-25.231255
2012-12-24 23:00:00,-24.025002
2012-12-25 00:00:00,-34.139957
2012-12-25 01:00:00,-9.242179
2012-12-25 02:00:00,-9.242179
2012-12-25 04:00:00,-21.863735
2012-12-25 05:00:00,-42.40651
2012-12-25 06:00:00,-42.40651
2012-12-25 07:00:00,-37.852947
2012-12-25 08:00:00,-22.901962
2012-12-25 09:00:00,-35.509117
2012-12-25 10:00:00,4.5025425
2012-12-25 11:00:00,32.890953
2012-12-25 12:00:00,38.18722
2012-12-25 13:00:00,169.55966
2012-12-25 14:00:00,166.40952
2012-12-25 15:00:00,124.12362
2012-12-25 16:00:00,125.32987
2012-12-25 17:00:00,94.472015
2012-12-25 18:00:00,74.24829
2012-12-25 19:00:00,69.70997
2012-12-25 20:00:00,78.80183
2012-12-25 21:00:00,59.8602
2012-12-25 22:00:00,50.369255
2012-12-25 23:00:00,61.367096
2012-12-26 00:00:00,72.52028
2012-12-26 01:00:00,59.192474
2012-12-26 02:00:00,59.192474
2012-12-26 03:00:00,49.463936
2012-12-26 04:00:00,42.961452
2012-12-26 05:00:00,39.089516
2012-12-26 06:00:00,29.997665
2012-12-26 07:00:00,-4.9496484
2012-12-26 08:00:00,-4.9496484
2012-12-26 09:00:00,-4.9496484
2012-12-26 10:00:00,-9.503203
2012-12-26 11:00:00,9.220387
2012-12-26 12:00:00,0.38822025
2012-12-26 13:00:00,0.38822025
2012-12-26 14:00:00,-18.187733
2012-12-26 15:00:00,20.054806
2012-12-26 16:00:00,20.054806
2012-12-26 17:00:00,6.5723257
2012-12-26 18:00:00,11.348196
2012-12-26 19:00:00,22.783844
2012-12-26 20:00:00,25.936548
2012-12-26 21:00:00,31.16775
2012-12-26 22:00:00,6.349973
2012-12-26 23:00:00,10.962968
2012-12-27 00:00:00,10.962968
2012-12-27 01:00:00,6.349973
2012-12-27 02:00:00,18.62619
2012-12-27 03:00:00,-2.8648686
2012-12-27 04:00:00,6.7252727
2012-12-27 05:00:00,20.08479
2012-12-27 06:00:00,62.42777
2012-12-27 07:00:00,34.12924
2012-12-27 08:00:00,67.07805
2012-12-27 09:00:00,92.441895
2012-12-27 10:00:00,113.56875
2012-12-27 11:00:00,109.696785
2012-12-27 12:00:00,140.35695
2012-12-27 13:00:00,140.35695
2012-12-27 14:00:00,107.190025
2012-12-27 15:00:00,95.82901
2012-12-27 16:00:00,92.418144
2012-12-27 17:00:00,92.418144
2012-12-27 18:00:00,62.344643
2012-12-27 19:00:00,59.367523
2012-12-27 20:00:00,53.79099
2012-12-27 21:00:00,62.344643
2012-12-27 22:00:00,60.573776
2012-12-27 23:00:00,62.344643
2012-12-28 00:00:00,54.99725
2012-12-28 01:00:00,52.046516
2012-12-28 02:00:00,61.138382
2012-12-28 03:00:00,54.99725
2012-12-28 04:00:00,52.229813
2012-12-28 05:00:00,49.960648
2012-12-28 06:00:00,49.11864
2012-12-28 07:00:00,37.25933
2012-12-28 08:00:00,50.443714
2012-12-28 09:00:00,60.573776
2012-12-28 10:00:00,78.876274
2012-12-28 11:00:00,97.19403
2012-12-28 12:00:00,104.15761
2012-12-28 13:00:00,104.15761
2012-12-28 14:00:00,104.15761
2012-12-28 15:00:00,90.02915
2012-12-28 16:00:00,102.95135
2012-12-28 17:00:00,49.237457
2012-12-28 18:00:00,49.237457
2012-12-28 19:00:00,42.01737
2012-12-28 20:00:00,40.9944
2012-12-28 21:00:00,27.972885
2012-12-28 22:00:00,27.489834
2012-12-28 23:00:00,38.725243
2012-12-29 00:00:00,-0.18737942
2012-12-29 01:00:00,2.2226038
2012-12-29 02:00:00,-0.18737942
2012-12-29 03:00:00,-11.422784
2012-12-29 04:00:00,2.2226038
2012-12-29 05:00:00,2.2226038
2012-12-29 06:00:00,16.987728
2012-12-29 07:00:00,21.526028
2012-12-29 08:00:00,-23.644726
2012-12-29 09:00:00,-23.644728
2012-12-29 10:00:00,-1.9855962
2012-12-29 11:00:00,-39.539726
2012-12-29 12:00:00,-68.91468
2012-12-29 13:00:00,-68.91468
2012-12-29 14:00:00,-24.74236
2012-12-29 15:00:00,-38.387733
2012-12-29 16:00:00,7.0671453
2012-12-29 17:00:00,-4.442277
2012-12-29 18:00:00,31.932709
2012-12-29 19:00:00,62.45455
2012-12-29 20:00:00,119.14916
2012-12-29 21:00:00,108.7968
2012-12-29 22:00:00,94.00958
2012-12-29 23:00:00,23.543978
2012-12-30 00:00:00,54.874756
2012-12-30 01:00:00,89.89246
2012-12-30 02:00:00,75.7224
2012-12-30 03:00:00,89.89246
2012-12-30 04:00:00,72.95495
2012-12-30 05:00:00,89.68543
2012-12-30 06:00:00,85.01308
2012-12-30 07:00:00,72.009384
2012-12-30 08:00:00,90.6295
2012-12-30 09:00:00,85.55129
2012-12-30 10:00:00,141.07442
2012-12-30 11:00:00,122.39242
2012-12-30 12:00:00,159.89476
2012-12-30 13:00:00,185.1235
2012-12-30 14:00:00,161.86159
2012-12-30 15:00:00,129.37125
2012-12-30 16:00:00,136.677
2012-12-30 17:00:00,108.76226
2012-12-30 18:00:00,91.0888
2012-12-30 19:00:00,75.56155
2012-12-30 20:00:00,80.1515
2012-12-30 21:00:00,51.179005
2012-12-30 22:00:00,40.4462
2012-12-30 23:00:00,53.98808
2012-12-31 00:00:00,40.568687
2012-12-31 01:00:00,40.568687
2012-12-31 02:00:00,19.498726
2012-12-31 03:00:00,16.689657
2012-12-31 04:00:00,-13.324472
2012-12-31 05:00:00,6.477237
2012-12-31 06:00:00,8.263323
2012-12-31 07:00:00,9.992561
2012-12-31 08:00:00,-15.1105585
2012-12-31 09:00:00,20.528238
2012-12-31 10:00:00,15.091701
2012-12-31 11:00:00,51.99224
2012-12-31 12:00:00,62.241108
2012-12-31 13:00:00,98.53551
2012-12-31 14:00:00,112.92361
2012-12-31 15:00:00,105.60262
2012-12-31 16:00:00,94.08549
2012-12-31 17:00:00,90.79336
2012-12-31 18:00:00,91.27643
2012-12-31 19:00:00,62.582214
2012-12-31 20:00:00,62.582214
2012-12-31 21:00:00,61.37593
2012-12-31 22:00:00,72.09349
2012-12-31 23:00:00,51.869762
