datetime,count
2011-01-20 00:00:00,95.230545
2011-01-20 01:00:00,87.86389
2011-01-20 02:00:00,87.86389
2011-01-20 03:00:00,92.0175
2011-01-20 04:00:00,92.0175
2011-01-20 05:00:00,73.27911
2011-01-20 06:00:00,67.5255
2011-01-20 07:00:00,82.61234
2011-01-20 08:00:00,85.50816
2011-01-20 09:00:00,103.08222
2011-01-20 10:00:00,115.02331
2011-01-20 11:00:00,136.60107
2011-01-20 12:00:00,154.90068
2011-01-20 13:00:00,137.54163
2011-01-20 14:00:00,144.71547
2011-01-20 15:00:00,153.36488
2011-01-20 16:00:00,132.646
2011-01-20 17:00:00,135.03687
2011-01-20 18:00:00,99.12715
2011-01-20 19:00:00,92.334724
2011-01-20 20:00:00,87.56747
2011-01-20 21:00:00,80.388756
2011-01-20 22:00:00,62.915905
2011-01-20 23:00:00,65.08898
2011-01-21 00:00:00,50.21509
2011-01-21 01:00:00,50.21509
2011-01-21 02:00:00,40.262257
2011-01-21 03:00:00,22.125074
2011-01-21 04:00:00,-3.3097463
2011-01-21 05:00:00,75.041824
2011-01-21 06:00:00,84.05782
2011-01-21 07:00:00,88.01289
2011-01-21 08:00:00,102.25545
2011-01-21 09:00:00,91.63146
2011-01-21 10:00:00,104.958694
2011-01-21 11:00:00,128.79129
2011-01-21 12:00:00,176.82605
2011-01-21 13:00:00,185.36552
2011-01-21 14:00:00,170.40024
2011-01-21 15:00:00,152.28233
2011-01-21 16:00:00,151.77254
2011-01-21 17:00:00,139.9842
2011-01-21 18:00:00,126.96332
2011-01-21 19:00:00,126.77562
2011-01-21 20:00:00,112.5001
2011-01-21 21:00:00,88.981636
2011-01-21 22:00:00,71.59734
2011-01-21 23:00:00,81.58997
2011-01-22 00:00:00,52.289932
2011-01-22 01:00:00,68.89532
2011-01-22 02:00:00,70.02356
2011-01-22 03:00:00,71.4739
2011-01-22 04:00:00,45.346718
2011-01-22 06:00:00,57.60874
2011-01-22 07:00:00,51.029274
2011-01-22 08:00:00,49.36598
2011-01-22 09:00:00,64.3594
2011-01-22 10:00:00,73.32976
2011-01-22 11:00:00,86.68513
2011-01-22 12:00:00,92.887146
2011-01-22 13:00:00,108.41839
2011-01-22 14:00:00,113.79176
2011-01-22 15:00:00,129.53806
2011-01-22 16:00:00,135.13716
2011-01-22 17:00:00,141.02194
2011-01-22 18:00:00,98.69724
2011-01-22 19:00:00,99.63779
2011-01-22 20:00:00,61.34973
2011-01-22 21:00:00,77.44812
2011-01-22 22:00:00,60.421654
2011-01-22 23:00:00,20.328268
2011-01-23 00:00:00,20.328268
2011-01-23 01:00:00,20.328268
2011-01-23 02:00:00,0.9333167
2011-01-23 03:00:00,0.9333167
2011-01-23 05:00:00,25.99243
2011-01-23 06:00:00,25.99243
2011-01-23 07:00:00,31.68868
2011-01-23 08:00:00,10.054493
2011-01-23 09:00:00,47.438107
2011-01-23 10:00:00,84.50934
2011-01-23 11:00:00,93.24422
2011-01-23 12:00:00,121.01258
2011-01-23 13:00:00,123.735115
2011-01-23 14:00:00,146.93634
2011-01-23 15:00:00,146.93634
2011-01-23 16:00:00,151.5256
2011-01-23 17:00:00,144.85667
2011-01-23 18:00:00,128.16188
2011-01-23 19:00:00,129.61221
2011-01-23 20:00:00,104.32931
2011-01-23 21:00:00,101.43348
2011-01-23 22:00:00,89.645134
2011-01-23 23:00:00,72.47864
2011-01-24 00:00:00,69.829765
2011-01-24 01:00:00,52.03193
2011-01-24 03:00:00,51.09138
2011-01-24 04:00:00,41.977886
2011-01-24 05:00:00,41.977886
2011-01-24 06:00:00,43.646027
2011-01-24 07:00:00,50.75851
2011-01-24 08:00:00,53.494743
2011-01-24 09:00:00,83.36205
2011-01-24 10:00:00,80.36801
2011-01-24 11:00:00,70.97658
2011-01-24 12:00:00,97.35964
2011-01-24 13:00:00,97.70985
2011-01-24 14:00:00,88.657745
2011-01-24 15:00:00,107.766685
2011-01-24 16:00:00,87.150055
2011-01-24 17:00:00,68.533226
2011-01-24 18:00:00,42.317467
2011-01-24 19:00:00,59.76993
2011-01-24 20:00:00,42.317467
2011-01-24 21:00:00,32.61363
2011-01-24 22:00:00,37.36252
2011-01-24 23:00:00,41.518993
2011-01-25 00:00:00,24.071394
2011-01-25 01:00:00,25.92724
2011-01-25 02:00:00,19.322498
2011-01-25 04:00:00,0.3631549
2011-01-25 05:00:00,-1.4926901
2011-01-25 06:00:00,6.091541
2011-01-25 07:00:00,4.235676
2011-01-25 08:00:00,13.201181
2011-01-25 09:00:00,56.524952
2011-01-25 10:00:00,75.045525
2011-01-25 11:00:00,78.40824
2011-01-25 12:00:00,101.71059
2011-01-25 13:00:00,100.04245
2011-01-25 14:00:00,145.84856
2011-01-25 15:00:00,160.65427
2011-01-25 16:00:00,160.65427
2011-01-25 17:00:00,140.1844
2011-01-25 18:00:00,134.31415
2011-01-25 19:00:00,70.52535
2011-01-25 20:00:00,56.741943
2011-01-25 21:00:00,56.741943
2011-01-25 22:00:00,56.39658
2011-01-25 23:00:00,62.060757
2011-01-26 00:00:00,45.523586
2011-01-26 01:00:00,63.32143
2011-01-26 02:00:00,54.083584
2011-01-26 05:00:00,-6.266604
2011-01-26 06:00:00,-6.266604
2011-01-26 07:00:00,1.0035176
2011-01-26 08:00:00,1.0035176
2011-01-26 09:00:00,1.0035176
2011-01-26 10:00:00,-17.823416
2011-01-26 11:00:00,-19.461466
2011-01-26 12:00:00,-19.461466
2011-01-26 13:00:00,-19.461466
2011-01-26 14:00:00,-18.015963
2011-01-26 15:00:00,-16.783442
2011-01-26 16:00:00,-13.797297
2011-01-26 17:00:00,-23.769596
2011-01-27 16:00:00,84.99838
2011-01-27 17:00:00,84.468185
2011-01-27 18:00:00,35.773945
2011-01-27 19:00:00,35.773945
2011-01-27 20:00:00,14.933496
2011-01-27 21:00:00,14.933496
2011-01-27 22:00:00,14.933496
2011-01-27 23:00:00,-3.3632407
2011-01-28 00:00:00,21.665777
2011-01-28 01:00:00,21.665777
2011-01-28 02:00:00,23.116117
2011-01-28 03:00:00,24.056671
2011-01-28 05:00:00,3.2162457
2011-01-28 06:00:00,0.850615
2011-01-28 07:00:00,-21.339052
2011-01-28 08:00:00,-21.339052
2011-01-28 09:00:00,-9.946545
2011-01-28 10:00:00,-9.223789
2011-01-28 11:00:00,-30.345362
2011-01-28 12:00:00,-30.345362
2011-01-28 13:00:00,-30.345362
2011-01-28 14:00:00,22.940964
2011-01-28 15:00:00,-6.555774
2011-01-28 16:00:00,11.6126175
2011-01-28 17:00:00,27.483578
2011-01-28 18:00:00,26.56827
2011-01-28 19:00:00,33.147743
2011-01-28 20:00:00,47.319267
2011-01-28 21:00:00,27.419376
2011-01-28 22:00:00,60.870293
2011-01-28 23:00:00,73.27911
2011-01-29 00:00:00,59.357845
2011-01-29 01:00:00,59.040615
2011-01-29 02:00:00,57.595127
2011-01-29 03:00:00,50.391186
2011-01-29 04:00:00,22.376919
2011-01-29 06:00:00,38.909203
2011-01-29 07:00:00,52.550568
2011-01-29 08:00:00,73.269455
2011-01-29 09:00:00,61.39255
2011-01-29 10:00:00,52.692642
2011-01-29 11:00:00,50.326992
2011-01-29 12:00:00,70.22688
2011-01-29 13:00:00,90.415596
2011-01-29 14:00:00,73.87841
2011-01-29 15:00:00,43.01323
2011-01-29 16:00:00,75.39295
2011-01-29 17:00:00,78.9121
2011-01-29 18:00:00,41.057953
2011-01-29 19:00:00,48.6774
2011-01-29 20:00:00,16.132053
2011-01-29 21:00:00,16.132053
2011-01-29 22:00:00,-7.7004914
2011-01-29 23:00:00,-7.7004914
2011-01-30 00:00:00,-10.814125
2011-01-30 01:00:00,-10.152796
2011-01-30 02:00:00,-4.3991714
2011-01-30 03:00:00,-49.378555
2011-01-30 04:00:00,-49.378555
2011-01-30 05:00:00,-28.256979
2011-01-30 07:00:00,-28.256979
2011-01-30 08:00:00,-22.592804
2011-01-30 09:00:00,1.2650154
2011-01-30 10:00:00,6.993364
2011-01-30 11:00:00,27.897997
2011-01-30 12:00:00,121.51913
2011-01-30 13:00:00,84.798096
2011-01-30 14:00:00,87.88648
2011-01-30 15:00:00,108.19189
2011-01-30 16:00:00,108.19189
2011-01-30 17:00:00,106.14349
2011-01-30 18:00:00,66.05972
2011-01-30 19:00:00,67.50521
2011-01-30 20:00:00,72.639206
2011-01-30 21:00:00,50.883457
2011-01-30 22:00:00,48.517826
2011-01-30 23:00:00,64.11445
2011-01-31 00:00:00,63.85644
2011-01-31 01:00:00,56.901527
2011-01-31 02:00:00,57.842075
2011-01-31 03:00:00,57.842075
2011-01-31 04:00:00,64.8145
2011-01-31 05:00:00,43.058754
2011-01-31 06:00:00,20.580296
2011-01-31 07:00:00,39.15821
2011-01-31 08:00:00,54.24504
2011-01-31 09:00:00,54.96778
2011-01-31 10:00:00,53.710007
2011-01-31 11:00:00,53.710007
2011-01-31 12:00:00,78.65038
2011-01-31 13:00:00,63.431156
2011-01-31 14:00:00,76.28475
2011-01-31 15:00:00,58.46169
2011-01-31 16:00:00,70.4096
2011-01-31 17:00:00,53.710007
2011-01-31 18:00:00,67.2298
2011-01-31 19:00:00,93.16429
2011-01-31 20:00:00,61.76506
2011-01-31 21:00:00,65.794
2011-01-31 22:00:00,57.01619
2011-01-31 23:00:00,45.042988
2011-02-20 00:00:00,158.85324
2011-02-20 01:00:00,135.74344
2011-02-20 02:00:00,140.08473
2011-02-20 03:00:00,125.27904
2011-02-20 04:00:00,125.27904
2011-02-20 06:00:00,102.00366
2011-02-20 07:00:00,82.03273
2011-02-20 08:00:00,92.00783
2011-02-20 09:00:00,110.84563
2011-02-20 10:00:00,145.58621
2011-02-20 11:00:00,183.57275
2011-02-20 12:00:00,178.84912
2011-02-20 13:00:00,193.49525
2011-02-20 14:00:00,213.24835
2011-02-20 15:00:00,213.44092
2011-02-20 16:00:00,207.40616
2011-02-20 17:00:00,193.2269
2011-02-20 18:00:00,184.55229
2011-02-20 19:00:00,184.55229
2011-02-20 20:00:00,167.58119
2011-02-20 21:00:00,128.66179
2011-02-20 22:00:00,115.968994
2011-02-20 23:00:00,99.08647
2011-02-21 00:00:00,159.22235
2011-02-21 01:00:00,159.22235
2011-02-21 02:00:00,159.22235
2011-02-21 03:00:00,157.77202
2011-02-21 04:00:00,138.46048
2011-02-21 05:00:00,176.69211
2011-02-21 06:00:00,244.30882
2011-02-21 07:00:00,243.58606
2011-02-21 08:00:00,110.59427
2011-02-21 09:00:00,109.87153
2011-02-21 10:00:00,108.421196
2011-02-21 11:00:00,108.83157
2011-02-21 12:00:00,82.20544
2011-02-21 13:00:00,35.72726
2011-02-21 14:00:00,51.09122
2011-02-21 15:00:00,69.04576
2011-02-21 16:00:00,48.60804
2011-02-21 17:00:00,45.334743
2011-02-21 18:00:00,-7.6423326
2011-02-21 19:00:00,-7.6423326
2011-02-21 20:00:00,17.576397
2011-02-21 21:00:00,32.84804
2011-02-21 22:00:00,21.832956
2011-02-21 23:00:00,21.832956
2011-02-22 06:00:00,-16.790483
2011-02-22 07:00:00,-16.790483
2011-02-22 08:00:00,-18.240835
2011-02-22 09:00:00,1.78058
2011-02-22 10:00:00,16.109465
2011-02-22 11:00:00,42.680145
2011-02-22 12:00:00,66.670364
2011-02-22 13:00:00,83.55289
2011-02-22 14:00:00,84.99838
2011-02-22 15:00:00,108.03718
2011-02-22 16:00:00,95.622345
2011-02-22 17:00:00,94.68179
2011-02-22 18:00:00,106.24149
2011-02-22 19:00:00,100.08236
2011-02-22 20:00:00,101.0229
2011-02-22 21:00:00,102.46841
2011-02-22 22:00:00,99.21952
2011-02-22 23:00:00,99.21952
2011-02-23 00:00:00,69.47377
2011-02-23 01:00:00,83.90887
2011-02-23 02:00:00,68.47184
2011-02-23 03:00:00,66.111046
2011-02-23 05:00:00,67.02636
2011-02-23 06:00:00,67.02636
2011-02-23 07:00:00,56.402374
2011-02-23 08:00:00,59.76993
2011-02-23 09:00:00,84.332954
2011-02-23 10:00:00,126.5789
2011-02-23 11:00:00,132.46494
2011-02-23 12:00:00,159.41113
2011-02-23 13:00:00,192.01468
2011-02-23 14:00:00,195.44841
2011-02-23 15:00:00,212.5487
2011-02-23 16:00:00,212.01369
2011-02-23 17:00:00,212.5487
2011-02-23 18:00:00,203.77776
2011-02-23 19:00:00,176.3928
2011-02-23 20:00:00,74.19442
2011-02-23 21:00:00,113.92196
2011-02-23 22:00:00,113.92196
2011-02-23 23:00:00,87.58182
2011-02-24 00:00:00,87.58182
2011-02-24 01:00:00,72.49498
2011-02-24 02:00:00,50.860786
2011-02-24 03:00:00,49.192642
2011-02-24 05:00:00,34.10582
2011-02-24 06:00:00,33.190514
2011-02-24 07:00:00,24.138418
2011-02-24 08:00:00,43.105442
2011-02-24 09:00:00,33.46496
2011-02-24 10:00:00,57.393803
2011-02-24 11:00:00,118.92405
2011-02-24 12:00:00,144.83627
2011-02-24 13:00:00,156.13533
2011-02-24 14:00:00,173.95839
2011-02-24 15:00:00,171.89925
2011-02-24 16:00:00,136.93782
2011-02-24 17:00:00,107.146324
2011-02-24 18:00:00,31.235575
2011-02-24 19:00:00,17.345219
2011-02-24 20:00:00,14.576874
2011-02-24 21:00:00,31.235575
2011-02-24 22:00:00,38.56303
2011-02-24 23:00:00,6.1452456
2011-02-25 00:00:00,12.43273
2011-02-25 01:00:00,-14.35302
2011-02-25 02:00:00,-14.35302
2011-02-25 03:00:00,8.001089
2011-02-25 05:00:00,8.001089
2011-02-25 06:00:00,18.696146
2011-02-25 07:00:00,-4.0935607
2011-02-25 08:00:00,22.781607
2011-02-25 09:00:00,20.241049
2011-02-25 10:00:00,54.037125
2011-02-25 11:00:00,128.5132
2011-02-25 12:00:00,197.61313
2011-02-25 13:00:00,197.61313
2011-02-25 14:00:00,222.64809
2011-02-25 15:00:00,237.27779
2011-02-25 16:00:00,141.0174
2011-02-25 17:00:00,150.9374
2011-02-25 18:00:00,142.46289
2011-02-25 19:00:00,125.48892
2011-02-25 20:00:00,138.68979
2011-02-25 21:00:00,128.9342
2011-02-25 22:00:00,118.428925
2011-02-25 23:00:00,116.473656
2011-02-26 00:00:00,97.16626
2011-02-26 01:00:00,98.39878
2011-02-26 02:00:00,71.42731
2011-02-26 03:00:00,83.301094
2011-02-26 04:00:00,79.3577
2011-02-26 05:00:00,64.17461
2011-02-26 06:00:00,73.15849
2011-02-26 07:00:00,73.69352
2011-02-26 08:00:00,84.57628
2011-02-26 09:00:00,98.88021
2011-02-26 10:00:00,133.84453
2011-02-26 11:00:00,141.38295
2011-02-26 12:00:00,153.11794
2011-02-26 13:00:00,168.42859
2011-02-26 14:00:00,186.31985
2011-02-26 15:00:00,181.64204
2011-02-26 16:00:00,157.87364
2011-02-26 17:00:00,167.86629
2011-02-26 18:00:00,151.61026
2011-02-26 19:00:00,135.88925
2011-02-26 20:00:00,108.50912
2011-02-26 21:00:00,76.1294
2011-02-26 22:00:00,44.510246
2011-02-26 23:00:00,43.594944
2011-02-27 00:00:00,1.6329234
2011-02-27 01:00:00,1.1231422
2011-02-27 02:00:00,2.0384488
2011-02-27 03:00:00,3.7065806
2011-02-27 04:00:00,-7.526275
2011-02-27 06:00:00,-2.5568118
2011-02-27 07:00:00,-7.526275
2011-02-27 08:00:00,3.1715498
2011-02-27 09:00:00,9.434958
2011-02-27 10:00:00,33.07496
2011-02-27 11:00:00,106.190155
2011-02-27 12:00:00,147.29034
2011-02-27 13:00:00,169.7941
2011-02-27 14:00:00,179.89388
2011-02-27 15:00:00,196.84258
2011-02-27 16:00:00,204.0465
2011-02-27 17:00:00,158.08273
2011-02-27 18:00:00,152.35439
2011-02-27 19:00:00,149.45857
2011-02-27 20:00:00,147.29034
2011-02-27 21:00:00,121.01637
2011-02-27 22:00:00,123.78472
2011-02-27 23:00:00,113.30467
2011-02-28 00:00:00,100.95198
2011-02-28 01:00:00,38.34523
2011-02-28 03:00:00,12.74995
2011-02-28 05:00:00,12.496931
2011-02-28 06:00:00,4.702613
2011-02-28 07:00:00,19.483068
2011-02-28 08:00:00,11.681061
2011-02-28 09:00:00,76.7441
2011-02-28 10:00:00,151.43245
2011-02-28 11:00:00,177.64313
2011-02-28 12:00:00,177.64313
2011-02-28 13:00:00,60.45019
2011-02-28 14:00:00,34.48258
2011-02-28 15:00:00,34.48258
2011-02-28 16:00:00,26.517849
2011-02-28 17:00:00,28.754227
2011-02-28 18:00:00,58.99985
2011-02-28 19:00:00,91.64646
2011-02-28 20:00:00,91.64646
2011-02-28 21:00:00,60.908375
2011-02-28 22:00:00,23.13688
2011-02-28 23:00:00,46.507225
2011-03-20 00:00:00,145.77122
2011-03-20 01:00:00,125.07756
2011-03-20 02:00:00,122.55913
2011-03-20 03:00:00,103.28569
2011-03-20 04:00:00,96.111855
2011-03-20 05:00:00,82.59205
2011-03-20 06:00:00,84.04238
2011-03-20 07:00:00,74.47765
2011-03-20 08:00:00,98.94439
2011-03-20 09:00:00,119.12826
2011-03-20 10:00:00,152.80072
2011-03-20 11:00:00,172.22688
2011-03-20 12:00:00,174.93788
2011-03-20 13:00:00,197.5379
2011-03-20 14:00:00,215.361
2011-03-20 15:00:00,213.6724
2011-03-20 16:00:00,215.05458
2011-03-20 17:00:00,214.03052
2011-03-20 18:00:00,196.80862
2011-03-20 19:00:00,166.92575
2011-03-20 20:00:00,157.87364
2011-03-20 21:00:00,136.6879
2011-03-20 22:00:00,135.02461
2011-03-20 23:00:00,119.44566
2011-03-21 00:00:00,125.29485
2011-03-21 01:00:00,104.543846
2011-03-21 02:00:00,101.64801
2011-03-21 03:00:00,101.64801
2011-03-21 05:00:00,62.442616
2011-03-21 06:00:00,86.68471
2011-03-21 07:00:00,51.893673
2011-03-21 08:00:00,46.229477
2011-03-21 09:00:00,71.47435
2011-03-21 10:00:00,116.23398
2011-03-21 11:00:00,138.45663
2011-03-21 12:00:00,123.932945
2011-03-21 13:00:00,181.94095
2011-03-21 14:00:00,190.43077
2011-03-21 15:00:00,208.2286
2011-03-21 16:00:00,193.3266
2011-03-21 17:00:00,191.87625
2011-03-21 18:00:00,160.53824
2011-03-21 19:00:00,217.72827
2011-03-21 20:00:00,189.04462
2011-03-21 21:00:00,69.806076
2011-03-21 22:00:00,89.36062
2011-03-21 23:00:00,82.846214
2011-03-22 00:00:00,87.91028
2011-03-22 01:00:00,37.324074
2011-03-22 02:00:00,59.013657
2011-03-22 03:00:00,101.73643
2011-03-22 04:00:00,98.751175
2011-03-22 05:00:00,76.48566
2011-03-22 06:00:00,76.613144
2011-03-22 07:00:00,108.23122
2011-03-22 08:00:00,171.95406
2011-03-22 09:00:00,179.91876
2011-03-22 10:00:00,195.50545
2011-03-22 11:00:00,200.3437
2011-03-22 12:00:00,214.51816
2011-03-22 13:00:00,230.58936
2011-03-22 14:00:00,244.71037
2011-03-22 15:00:00,239.64145
2011-03-22 16:00:00,233.84982
2011-03-22 17:00:00,233.84982
2011-03-22 18:00:00,221.36395
2011-03-22 19:00:00,193.3324
2011-03-22 20:00:00,198.40128
2011-03-22 21:00:00,189.02911
2011-03-22 22:00:00,169.78096
2011-03-22 23:00:00,169.78096
2011-03-23 00:00:00,115.644394
2011-03-23 01:00:00,90.99283
2011-03-23 02:00:00,90.99283
2011-03-23 03:00:00,86.77414
2011-03-23 05:00:00,54.43423
2011-03-23 06:00:00,53.583115
2011-03-23 07:00:00,28.279825
2011-03-23 08:00:00,48.770058
2011-03-23 09:00:00,65.933716
2011-03-23 10:00:00,73.13766
2011-03-23 11:00:00,54.498413
2011-03-23 12:00:00,52.137623
2011-03-23 13:00:00,57.266773
2011-03-23 14:00:00,59.72183
2011-03-23 15:00:00,90.165054
2011-03-23 16:00:00,114.02286
2011-03-23 17:00:00,114.02286
2011-03-23 18:00:00,97.27471
2011-03-23 19:00:00,97.27471
2011-03-23 20:00:00,76.15342
2011-03-23 21:00:00,18.421509
2011-03-23 22:00:00,29.220354
2011-03-23 23:00:00,39.783047
2011-03-24 00:00:00,28.279825
2011-03-24 01:00:00,1.4298916
2011-03-24 02:00:00,2.8753922
2011-03-24 03:00:00,-5.7740273
2011-03-24 04:00:00,-5.7740273
2011-03-24 05:00:00,16.797865
2011-03-24 06:00:00,16.797865
2011-03-24 07:00:00,-4.3879075
2011-03-24 08:00:00,-8.41684
2011-03-24 09:00:00,11.069469
2011-03-24 10:00:00,8.490877
2011-03-24 11:00:00,58.542053
2011-03-24 12:00:00,93.18341
2011-03-24 13:00:00,97.67926
2011-03-24 14:00:00,91.41586
2011-03-24 15:00:00,93.39638
2011-03-24 16:00:00,107.03773
2011-03-24 17:00:00,91.95088
2011-03-24 18:00:00,118.889404
2011-03-24 19:00:00,132.65822
2011-03-24 20:00:00,106.77412
2011-03-24 21:00:00,89.891594
2011-03-24 22:00:00,86.99575
2011-03-24 23:00:00,78.87652
2011-03-25 00:00:00,93.96333
2011-03-25 01:00:00,57.690712
2011-03-25 02:00:00,56.775402
2011-03-25 03:00:00,58.63126
2011-03-25 04:00:00,37.79083
2011-03-25 05:00:00,36.875523
2011-03-25 06:00:00,35.93498
2011-03-25 07:00:00,89.6271
2011-03-25 08:00:00,119.712204
2011-03-25 09:00:00,131.40428
2011-03-25 10:00:00,130.32628
2011-03-25 11:00:00,164.61673
2011-03-25 12:00:00,177.94685
2011-03-25 13:00:00,187.93945
2011-03-25 14:00:00,223.22589
2011-03-25 15:00:00,207.46878
2011-03-25 16:00:00,211.84029
2011-03-25 17:00:00,202.97299
2011-03-25 18:00:00,181.2706
2011-03-25 19:00:00,197.4372
2011-03-25 20:00:00,184.95425
2011-03-25 21:00:00,186.40457
2011-03-25 22:00:00,184.0108
2011-03-25 23:00:00,176.0841
2011-03-26 00:00:00,177.28267
2011-03-26 01:00:00,168.5301
2011-03-26 02:00:00,139.13649
2011-03-26 03:00:00,122.905685
2011-03-26 04:00:00,139.13649
2011-03-26 05:00:00,110.83623
2011-03-26 06:00:00,93.01316
2011-03-26 07:00:00,110.836205
2011-03-26 08:00:00,138.6267
2011-03-26 09:00:00,153.40715
2011-03-26 10:00:00,160.61111
2011-03-26 11:00:00,175.3916
2011-03-26 12:00:00,188.6254
2011-03-26 13:00:00,204.85619
2011-03-26 14:00:00,222.67928
2011-03-26 15:00:00,225.04008
2011-03-26 16:00:00,243.14429
2011-03-26 17:00:00,232.0125
2011-03-26 18:00:00,247.66933
2011-03-26 19:00:00,164.2755
2011-03-26 20:00:00,164.2755
2011-03-26 21:00:00,158.66867
2011-03-26 22:00:00,174.89948
2011-03-26 23:00:00,159.17845
2011-03-27 00:00:00,166.27528
2011-03-27 01:00:00,124.96499
2011-03-27 02:00:00,119.65984
2011-03-27 03:00:00,69.30229
2011-03-27 04:00:00,49.402416
2011-03-27 06:00:00,5.9900613
2011-03-27 07:00:00,3.6292796
2011-03-27 08:00:00,57.973946
2011-03-27 09:00:00,105.43567
2011-03-27 10:00:00,111.60962
2011-03-27 11:00:00,139.4001
2011-03-27 12:00:00,160.11902
2011-03-27 13:00:00,181.02364
2011-03-27 14:00:00,196.74464
2011-03-27 15:00:00,198.69987
2011-03-27 16:00:00,200.54301
2011-03-27 17:00:00,212.3364
2011-03-27 18:00:00,197.6775
2011-03-27 19:00:00,205.16257
2011-03-27 20:00:00,181.4263
2011-03-27 21:00:00,160.61111
2011-03-27 22:00:00,160.61111
2011-03-27 23:00:00,153.00449
2011-03-28 00:00:00,107.13295
2011-03-28 01:00:00,140.32397
2011-03-28 02:00:00,138.87848
2011-03-28 03:00:00,138.87848
2011-03-28 05:00:00,128.02301
2011-03-28 06:00:00,155.71437
2011-03-28 07:00:00,169.65051
2011-03-28 08:00:00,162.38326
2011-03-28 09:00:00,179.81053
2011-03-28 10:00:00,184.48436
2011-03-28 11:00:00,200.22304
2011-03-28 12:00:00,209.201
2011-03-28 13:00:00,230.74977
2011-03-28 14:00:00,236.84866
2011-03-28 15:00:00,233.70976
2011-03-28 16:00:00,239.58492
2011-03-28 17:00:00,239.36714
2011-03-28 18:00:00,242.76187
2011-03-28 19:00:00,230.58528
2011-03-28 20:00:00,238.70453
2011-03-28 21:00:00,243.16739
2011-03-28 22:00:00,231.12032
2011-03-28 23:00:00,219.1394
2011-03-29 00:00:00,198.95555
2011-03-29 01:00:00,179.68216
2011-03-29 02:00:00,179.68216
2011-03-29 03:00:00,179.68216
2011-03-29 04:00:00,133.12488
2011-03-29 05:00:00,160.50502
2011-03-29 06:00:00,150.60861
2011-03-29 07:00:00,149.69331
2011-03-29 08:00:00,173.5259
2011-03-29 09:00:00,211.4161
2011-03-29 10:00:00,224.8678
2011-03-29 11:00:00,243.34273
2011-03-29 12:00:00,234.46552
2011-03-29 13:00:00,233.33238
2011-03-29 14:00:00,240.72406
2011-03-29 15:00:00,256.49078
2011-03-29 16:00:00,262.64706
2011-03-29 17:00:00,272.98508
2011-03-29 18:00:00,252.48114
2011-03-29 19:00:00,241.94574
2011-03-29 20:00:00,252.48114
2011-03-29 21:00:00,182.85306
2011-03-29 22:00:00,161.73148
2011-03-29 23:00:00,138.76088
2011-03-30 00:00:00,137.52835
2011-03-30 01:00:00,186.17676
2011-03-30 02:00:00,137.52835
2011-03-30 03:00:00,161.66727
2011-03-30 04:00:00,137.52835
2011-03-30 05:00:00,132.7437
2011-03-30 06:00:00,154.78056
2011-03-30 07:00:00,174.96931
2011-03-30 08:00:00,161.98451
2011-03-30 09:00:00,173.11345
2011-03-30 10:00:00,175.84967
2011-03-30 11:00:00,177.29517
2011-03-30 12:00:00,176.76497
2011-03-30 13:00:00,185.4144
2011-03-30 14:00:00,185.19661
2011-03-30 15:00:00,58.477856
2011-03-30 16:00:00,42.011696
2011-03-30 17:00:00,14.753141
2011-03-30 18:00:00,11.069469
2011-03-30 19:00:00,11.069469
2011-03-30 20:00:00,6.9511337
2011-03-30 21:00:00,2.950233
2011-03-30 22:00:00,7.168918
2011-03-30 23:00:00,6.2283874
2011-03-31 00:00:00,7.168918
2011-03-31 01:00:00,5.718595
2011-03-31 02:00:00,5.718595
2011-03-31 03:00:00,7.168918
2011-03-31 04:00:00,8.6144085
2011-03-31 05:00:00,7.168918
2011-03-31 06:00:00,6.9511337
2011-03-31 07:00:00,8.6144085
2011-03-31 08:00:00,-18.17134
2011-03-31 09:00:00,14.342779
2011-03-31 10:00:00,14.342779
2011-03-31 11:00:00,21.011703
2011-03-31 12:00:00,21.011703
2011-03-31 13:00:00,45.784782
2011-03-31 14:00:00,45.784782
2011-03-31 15:00:00,46.10202
2011-03-31 16:00:00,42.101128
2011-03-31 17:00:00,42.101128
2011-03-31 18:00:00,40.12061
2011-03-31 19:00:00,40.12061
2011-03-31 20:00:00,21.546734
2011-03-31 21:00:00,13.902025
2011-03-31 22:00:00,23.907526
2011-03-31 23:00:00,-7.283731
2011-04-20 00:00:00,79.28608
2011-04-20 01:00:00,56.8786
2011-04-20 02:00:00,56.8786
2011-04-20 03:00:00,48.913868
2011-04-20 04:00:00,30.150242
2011-04-20 05:00:00,52.595737
2011-04-20 06:00:00,56.8786
2011-04-20 07:00:00,54.667496
2011-04-20 08:00:00,211.8745
2011-04-20 09:00:00,234.97156
2011-04-20 10:00:00,193.77681
2011-04-20 11:00:00,193.77681
2011-04-20 12:00:00,290.74823
2011-04-20 13:00:00,290.74823
2011-04-20 14:00:00,322.34018
2011-04-20 15:00:00,343.77588
2011-04-20 16:00:00,343.77588
2011-04-20 17:00:00,334.88336
2011-04-20 18:00:00,347.44498
2011-04-20 19:00:00,328.6957
2011-04-20 20:00:00,315.705
2011-04-20 21:00:00,310.40573
2011-04-20 22:00:00,290.03412
2011-04-20 23:00:00,294.75763
2011-04-21 00:00:00,260.37402
2011-04-21 01:00:00,236.34296
2011-04-21 02:00:00,247.60617
2011-04-21 03:00:00,218.25067
2011-04-21 04:00:00,202.74744
2011-04-21 05:00:00,202.05789
2011-04-21 06:00:00,185.71042
2011-04-21 07:00:00,218.83817
2011-04-21 08:00:00,205.50316
2011-04-21 09:00:00,210.1507
2011-04-21 10:00:00,217.15717
2011-04-21 11:00:00,228.3443
2011-04-21 12:00:00,237.33311
2011-04-21 13:00:00,266.13834
2011-04-21 14:00:00,271.74515
2011-04-21 15:00:00,294.03104
2011-04-21 16:00:00,297.16998
2011-04-21 17:00:00,275.9714
2011-04-21 18:00:00,293.83252
2011-04-21 19:00:00,273.29846
2011-04-21 20:00:00,254.29338
2011-04-21 21:00:00,200.14035
2011-04-21 22:00:00,222.2326
2011-04-21 23:00:00,202.14015
2011-04-22 00:00:00,130.02202
2011-04-22 01:00:00,156.2378
2011-04-22 02:00:00,158.41084
2011-04-22 03:00:00,158.41084
2011-04-22 04:00:00,151.95976
2011-04-22 05:00:00,149.06392
2011-04-22 06:00:00,151.95973
2011-04-22 07:00:00,157.62392
2011-04-22 08:00:00,156.17358
2011-04-22 09:00:00,136.03554
2011-04-22 10:00:00,135.68619
2011-04-22 11:00:00,123.5273
2011-04-22 12:00:00,90.45781
2011-04-22 13:00:00,60.16259
2011-04-22 14:00:00,59.247276
2011-04-22 15:00:00,60.16259
2011-04-22 16:00:00,57.266773
2011-04-22 17:00:00,33.943993
2011-04-22 18:00:00,33.943993
2011-04-22 19:00:00,33.943993
2011-04-22 20:00:00,52.048195
2011-04-22 21:00:00,29.130932
2011-04-22 22:00:00,6.559027
2011-04-22 23:00:00,35.799835
2011-04-23 00:00:00,10.742836
2011-04-23 01:00:00,10.742836
2011-04-23 02:00:00,17.32232
2011-04-23 03:00:00,15.154091
2011-04-23 04:00:00,20.37265
2011-04-23 05:00:00,20.37265
2011-04-23 06:00:00,15.025694
2011-04-23 07:00:00,20.689878
2011-04-23 08:00:00,21.284239
2011-04-23 09:00:00,58.77375
2011-04-23 10:00:00,84.74136
2011-04-23 11:00:00,96.22333
2011-04-23 12:00:00,132.29176
2011-04-23 13:00:00,130.8463
2011-04-23 14:00:00,161.71837
2011-04-23 15:00:00,191.6314
2011-04-23 16:00:00,186.56248
2011-04-23 17:00:00,188.73553
2011-04-23 18:00:00,153.75366
2011-04-23 19:00:00,137.25935
2011-04-23 20:00:00,120.65799
2011-04-23 21:00:00,142.92354
2011-04-23 22:00:00,162.31364
2011-04-23 23:00:00,116.31669
2011-04-24 00:00:00,122.88155
2011-04-24 01:00:00,100.59079
2011-04-24 02:00:00,100.59079
2011-04-24 03:00:00,77.42253
2011-04-24 04:00:00,77.42253
2011-04-24 05:00:00,77.42253
2011-04-24 06:00:00,60.636345
2011-04-24 07:00:00,60.636345
2011-04-24 08:00:00,89.69053
2011-04-24 09:00:00,120.72219
2011-04-24 10:00:00,161.8729
2011-04-24 11:00:00,216.85864
2011-04-24 12:00:00,228.4039
2011-04-24 13:00:00,256.70416
2011-04-24 14:00:00,270.94675
2011-04-24 15:00:00,234.71977
2011-04-24 16:00:00,299.61755
2011-04-24 17:00:00,224.82338
2011-04-24 18:00:00,200.51117
2011-04-24 19:00:00,160.0697
2011-04-24 20:00:00,160.0697
2011-04-24 21:00:00,103.87666
2011-04-24 22:00:00,85.77248
2011-04-24 23:00:00,82.153915
2011-04-25 00:00:00,70.85556
2011-04-25 01:00:00,69.62701
2011-04-25 02:00:00,69.62701
2011-04-25 03:00:00,64.5067
2011-04-25 04:00:00,65.19139
2011-04-25 05:00:00,47.955837
2011-04-25 06:00:00,59.437794
2011-04-25 07:00:00,69.53755
2011-04-25 08:00:00,112.28652
2011-04-25 09:00:00,140.3008
2011-04-25 10:00:00,190.13898
2011-04-25 11:00:00,190.13898
2011-04-25 12:00:00,194.29546
2011-04-25 13:00:00,231.48825
2011-04-25 14:00:00,270.43283
2011-04-25 15:00:00,281.40225
2011-04-25 16:00:00,271.19366
2011-04-25 17:00:00,268.29785
2011-04-25 18:00:00,256.4132
2011-04-25 19:00:00,249.21411
2011-04-25 20:00:00,234.97156
2011-04-25 21:00:00,201.73668
2011-04-25 22:00:00,186.0867
2011-04-25 23:00:00,156.90126
2011-04-26 00:00:00,203.18701
2011-04-26 01:00:00,187.28117
2011-04-26 02:00:00,138.23389
2011-04-26 03:00:00,115.24563
2011-04-26 04:00:00,134.61049
2011-04-26 05:00:00,113.79529
2011-04-26 06:00:00,118.07815
2011-04-26 07:00:00,142.53717
2011-04-26 08:00:00,142.53717
2011-04-26 09:00:00,196.65335
2011-04-26 10:00:00,214.45117
2011-04-26 11:00:00,233.72461
2011-04-26 12:00:00,252.96794
2011-04-26 13:00:00,292.26276
2011-04-26 14:00:00,263.4323
2011-04-26 15:00:00,250.07208
2011-04-26 16:00:00,260.57452
2011-04-26 17:00:00,244.3437
2011-04-26 18:00:00,236.62044
2011-04-26 19:00:00,199.54918
2011-04-26 20:00:00,196.65335
2011-04-26 21:00:00,172.19435
2011-04-26 22:00:00,148.86081
2011-04-26 23:00:00,150.31114
2011-04-27 00:00:00,144.64697
2011-04-27 01:00:00,146.09245
2011-04-27 02:00:00,125.27726
2011-04-27 03:00:00,132.39177
2011-04-27 04:00:00,99.97397
2011-04-27 05:00:00,107.08361
2011-04-27 06:00:00,101.41946
2011-04-27 07:00:00,132.39177
2011-04-27 08:00:00,134.56483
2011-04-27 09:00:00,140.82338
2011-04-27 10:00:00,158.96059
2011-04-27 11:00:00,179.77577
2011-04-27 12:00:00,182.03827
2011-04-27 13:00:00,174.83434
2011-04-27 14:00:00,201.49939
2011-04-27 15:00:00,244.51701
2011-04-27 16:00:00,224.36613
2011-04-27 17:00:00,181.17563
2011-04-27 18:00:00,181.17563
2011-04-27 19:00:00,172.19435
2011-04-27 20:00:00,157.3867
2011-04-27 21:00:00,134.3732
2011-04-27 22:00:00,142.21046
2011-04-27 23:00:00,143.65593
2011-04-28 00:00:00,177.73015
2011-04-28 01:00:00,164.02948
2011-04-28 02:00:00,166.92532
2011-04-28 03:00:00,184.84468
2011-04-28 04:00:00,165.47495
2011-04-28 05:00:00,164.02948
2011-04-28 06:00:00,188.46323
2011-04-28 07:00:00,187.74048
2011-04-28 08:00:00,193.4941
2011-04-28 09:00:00,147.87462
2011-04-28 10:00:00,140.03738
2011-04-28 11:00:00,158.96059
2011-04-28 12:00:00,176.40819
2011-04-28 13:00:00,159.68333
2011-04-28 14:00:00,154.01915
2011-04-28 15:00:00,213.00569
2011-04-28 16:00:00,170.744
2011-04-28 17:00:00,278.91602
2011-04-28 18:00:00,278.91602
2011-04-28 19:00:00,286.17242
2011-04-28 20:00:00,259.61328
2011-04-28 21:00:00,240.46141
2011-04-28 22:00:00,239.20076
2011-04-28 23:00:00,253.68639
2011-04-29 00:00:00,257.34296
2011-04-29 01:00:00,224.07498
2011-04-29 02:00:00,159.00316
2011-04-29 03:00:00,170.34988
2011-04-29 04:00:00,196.65701
2011-04-29 05:00:00,208.7265
2011-04-29 06:00:00,233.48517
2011-04-29 07:00:00,243.94473
2011-04-29 08:00:00,263.81934
2011-04-29 09:00:00,265.26968
2011-04-29 10:00:00,265.8076
2011-04-29 11:00:00,295.72345
2011-04-29 12:00:00,274.85968
2011-04-29 13:00:00,275.58243
2011-04-29 14:00:00,309.84442
2011-04-29 15:00:00,272.1945
2011-04-29 16:00:00,263.32724
2011-04-29 17:00:00,249.97186
2011-04-29 18:00:00,233.80524
2011-04-29 19:00:00,194.00261
2011-04-29 20:00:00,215.8089
2011-04-29 21:00:00,199.55287
2011-04-29 22:00:00,165.50381
2011-04-29 23:00:00,185.37253
2011-04-30 00:00:00,194.53093
2011-04-30 01:00:00,190.1896
2011-04-30 02:00:00,193.08542
2011-04-30 03:00:00,185.8815
2011-04-30 04:00:00,187.33183
2011-04-30 05:00:00,189.63239
2011-04-30 06:00:00,166.76562
2011-04-30 07:00:00,183.90402
2011-04-30 08:00:00,179.5579
2011-04-30 09:00:00,202.9877
2011-04-30 10:00:00,237.04164
2011-04-30 11:00:00,247.35442
2011-04-30 12:00:00,254.55832
2011-04-30 13:00:00,265.0179
2011-04-30 14:00:00,261.39932
2011-04-30 15:00:00,268.81628
2011-04-30 16:00:00,277.46567
2011-04-30 17:00:00,250.71204
2011-04-30 18:00:00,244.98366
2011-04-30 19:00:00,244.98366
2011-04-30 20:00:00,158.93617
2011-04-30 21:00:00,158.93617
2011-04-30 22:00:00,142.40385
2011-04-30 23:00:00,142.40385
2011-05-20 00:00:00,64.74203
2011-05-20 01:00:00,42.29166
2011-05-20 02:00:00,40.90944
2011-05-20 03:00:00,36.56329
2011-05-20 04:00:00,59.013657
2011-05-20 05:00:00,59.736397
2011-05-20 06:00:00,83.56897
2011-05-20 07:00:00,131.13779
2011-05-20 08:00:00,161.8366
2011-05-20 09:00:00,172.69713
2011-05-20 10:00:00,189.04462
2011-05-20 11:00:00,212.53186
2011-05-20 12:00:00,248.52054
2011-05-20 13:00:00,255.63501
2011-05-20 14:00:00,252.38019
2011-05-20 15:00:00,245.62468
2011-05-20 16:00:00,253.2313
2011-05-20 17:00:00,241.51962
2011-05-20 18:00:00,238.51503
2011-05-20 19:00:00,189.73418
2011-05-20 20:00:00,190.45692
2011-05-20 21:00:00,184.70332
2011-05-20 22:00:00,146.74976
2011-05-20 23:00:00,151.97823
2011-05-21 00:00:00,135.1941
2011-05-21 01:00:00,145.21204
2011-05-21 02:00:00,150.28094
2011-05-21 03:00:00,108.62532
2011-05-21 04:00:00,86.21299
2011-05-21 05:00:00,84.7675
2011-05-21 06:00:00,115.79917
2011-05-21 07:00:00,154.46269
2011-05-21 08:00:00,182.51988
2011-05-21 09:00:00,214.65933
2011-05-21 10:00:00,219.837
2011-05-21 11:00:00,251.14983
2011-05-21 12:00:00,255.60478
2011-05-21 13:00:00,278.36246
2011-05-21 14:00:00,293.1429
2011-05-21 15:00:00,296.39682
2011-05-21 16:00:00,320.1652
2011-05-21 17:00:00,306.77182
2011-05-21 18:00:00,291.99136
2011-05-21 19:00:00,278.3752
2011-05-21 20:00:00,214.76811
2011-05-21 21:00:00,219.837
2011-05-21 22:00:00,191.38998
2011-05-21 23:00:00,148.68956
2011-05-22 00:00:00,110.65252
2011-05-22 01:00:00,85.34435
2011-05-22 02:00:00,83.89887
2011-05-22 03:00:00,60.041084
2011-05-22 04:00:00,54.97218
2011-05-22 05:00:00,60.041084
2011-05-22 06:00:00,83.89887
2011-05-22 07:00:00,107.75671
2011-05-22 08:00:00,177.15228
2011-05-22 09:00:00,195.69809
2011-05-22 10:00:00,211.13028
2011-05-22 11:00:00,264.42752
2011-05-22 12:00:00,284.89737
2011-05-22 13:00:00,260.06
2011-05-22 14:00:00,211.36777
2011-05-22 15:00:00,236.04262
2011-05-22 16:00:00,234.68175
2011-05-22 17:00:00,255.25385
2011-05-22 18:00:00,233.27429
2011-05-22 19:00:00,231.82393
2011-05-22 20:00:00,212.58061
2011-05-22 21:00:00,184.13358
2011-05-22 22:00:00,141.49933
2011-05-22 23:00:00,141.43518
2011-05-23 00:00:00,119.39617
2011-05-23 01:00:00,112.28652
2011-05-23 02:00:00,126.51067
2011-05-23 03:00:00,102.678116
2011-05-23 04:00:00,89.0492
2011-05-23 05:00:00,89.0492
2011-05-23 06:00:00,70.94502
2011-05-23 07:00:00,99.84646
2011-05-23 08:00:00,124.29865
2011-05-23 09:00:00,125.749
2011-05-23 10:00:00,196.46854
2011-05-23 11:00:00,221.65514
2011-05-23 12:00:00,221.65514
2011-05-23 13:00:00,279.1662
2011-05-23 14:00:00,270.24835
2011-05-23 15:00:00,266.62982
2011-05-23 16:00:00,259.38782
2011-05-23 17:00:00,245.25917
2011-05-23 18:00:00,211.06412
2011-05-23 19:00:00,208.1683
2011-05-23 20:00:00,152.31781
2011-05-23 21:00:00,134.21362
2011-05-23 22:00:00,109.56204
2011-05-23 23:00:00,135.69122
2011-05-24 00:00:00,104.21112
2011-05-24 01:00:00,102.76563
2011-05-24 02:00:00,104.21112
2011-05-24 03:00:00,105.6001
2011-05-24 04:00:00,119.957344
2011-05-24 05:00:00,112.83721
2011-05-24 06:00:00,109.9414
2011-05-24 07:00:00,181.0938
2011-05-24 08:00:00,161.72893
2011-05-24 09:00:00,194.35278
2011-05-24 10:00:00,248.6266
2011-05-24 11:00:00,281.40225
2011-05-24 12:00:00,313.19946
2011-05-24 13:00:00,309.41644
2011-05-24 14:00:00,310.8668
2011-05-24 15:00:00,293.88245
2011-05-24 16:00:00,206.48647
2011-05-24 17:00:00,237.76608
2011-05-24 18:00:00,214.95108
2011-05-24 19:00:00,191.39963
2011-05-24 20:00:00,186.33559
2011-05-24 21:00:00,164.7014
2011-05-24 22:00:00,142.80571
2011-05-24 23:00:00,201.2825
2011-05-25 00:00:00,155.97531
2011-05-25 01:00:00,148.79663
2011-05-25 02:00:00,94.77759
2011-05-25 03:00:00,71.795235
2011-05-25 04:00:00,70.349754
2011-05-25 05:00:00,111.563774
2011-05-25 06:00:00,93.459564
2011-05-25 07:00:00,180.03922
2011-05-25 08:00:00,202.20844
2011-05-25 09:00:00,219.24548
2011-05-25 10:00:00,237.04333
2011-05-25 11:00:00,274.88782
2011-05-25 12:00:00,268.7977
2011-05-25 13:00:00,268.7977
2011-05-25 14:00:00,270.24805
2011-05-25 15:00:00,289.39502
2011-05-25 16:00:00,284.29807
2011-05-25 17:00:00,281.40225
2011-05-25 18:00:00,258.36337
2011-05-25 19:00:00,239.21156
2011-05-25 20:00:00,240.6619
2011-05-25 21:00:00,203.59065
2011-05-25 22:00:00,209.38226
2011-05-25 23:00:00,185.79279
2011-05-26 00:00:00,185.79279
2011-05-26 01:00:00,185.79279
2011-05-26 02:00:00,144.60892
2011-05-26 03:00:00,119.23462
2011-05-26 04:00:00,114.88845
2011-05-26 05:00:00,124.89877
2011-05-26 06:00:00,77.20651
2011-05-26 07:00:00,116.6717
2011-05-26 08:00:00,164.65088
2011-05-26 09:00:00,223.0703
2011-05-26 10:00:00,211.06412
2011-05-26 11:00:00,243.78922
2011-05-26 12:00:00,285.27277
2011-05-26 13:00:00,315.70322
2011-05-26 14:00:00,315.70322
2011-05-26 15:00:00,335.6605
2011-05-26 16:00:00,324.47333
2011-05-26 17:00:00,320.43158
2011-05-26 18:00:00,322.60468
2011-05-26 19:00:00,313.03992
2011-05-26 20:00:00,255.46759
2011-05-26 21:00:00,243.59067
2011-05-26 22:00:00,227.14209
2011-05-26 23:00:00,230.0379
2011-05-27 00:00:00,215.1359
2011-05-27 01:00:00,256.22836
2011-05-27 02:00:00,237.82935
2011-05-27 03:00:00,213.49187
2011-05-27 04:00:00,197.86227
2011-05-27 05:00:00,217.17372
2011-05-27 06:00:00,195.69406
2011-05-27 07:00:00,187.24313
2011-05-27 08:00:00,195.7458
2011-05-27 09:00:00,234.38406
2011-05-27 10:00:00,278.3976
2011-05-27 11:00:00,283.87695
2011-05-27 12:00:00,288.18024
2011-05-27 13:00:00,262.64145
2011-05-27 14:00:00,280.34293
2011-05-27 15:00:00,305.62582
2011-05-27 16:00:00,292.5264
2011-05-27 17:00:00,272.0565
2011-05-27 18:00:00,259.38782
2011-05-27 19:00:00,176.34401
2011-05-27 20:00:00,190.04951
2011-05-27 21:00:00,138.85533
2011-05-27 22:00:00,159.22401
2011-05-27 23:00:00,119.48563
2011-05-28 00:00:00,120.68416
2011-05-28 01:00:00,123.57996
2011-05-28 02:00:00,99.72215
2011-05-28 03:00:00,119.2767
2011-05-28 04:00:00,120.72219
2011-05-28 05:00:00,119.2767
2011-05-28 06:00:00,141.56264
2011-05-28 07:00:00,147.29099
2011-05-28 08:00:00,169.04674
2011-05-28 09:00:00,192.78299
2011-05-28 10:00:00,232.6868
2011-05-28 11:00:00,232.6868
2011-05-28 12:00:00,261.0074
2011-05-28 13:00:00,251.30362
2011-05-28 14:00:00,265.2903
2011-05-28 15:00:00,274.34244
2011-05-28 16:00:00,282.9918
2011-05-28 17:00:00,277.961
2011-05-28 18:00:00,252.74908
2011-05-28 19:00:00,231.23643
2011-05-28 20:00:00,232.6868
2011-05-28 21:00:00,197.66708
2011-05-28 22:00:00,178.16792
2011-05-28 23:00:00,152.06602
2011-05-29 00:00:00,153.51636
2011-05-29 01:00:00,129.7801
2011-05-29 02:00:00,126.884254
2011-05-29 03:00:00,126.884254
2011-05-29 04:00:00,120.43314
2011-05-29 05:00:00,98.3
2011-05-29 06:00:00,136.88977
2011-05-29 07:00:00,139.7856
2011-05-29 08:00:00,138.34012
2011-05-29 09:00:00,117.87023
2011-05-29 10:00:00,168.74524
2011-05-29 11:00:00,171.64108
2011-05-29 12:00:00,215.03102
2011-05-29 13:00:00,230.06049
2011-05-29 14:00:00,235.81409
2011-05-29 15:00:00,236.53685
2011-05-29 16:00:00,235.81409
2011-05-29 17:00:00,235.81409
2011-05-29 18:00:00,221.8274
2011-05-29 19:00:00,220.37704
2011-05-29 20:00:00,192.82967
2011-05-29 21:00:00,169.75002
2011-05-29 22:00:00,136.79433
2011-05-29 23:00:00,138.24467
2011-05-30 00:00:00,106.04534
2011-05-30 01:00:00,103.14951
2011-05-30 02:00:00,106.04534
2011-05-30 03:00:00,106.04534
2011-05-30 04:00:00,98.87147
2011-05-30 05:00:00,101.63984
2011-05-30 06:00:00,106.645454
2011-05-30 07:00:00,102.29928
2011-05-30 08:00:00,132.01974
2011-05-30 09:00:00,203.4239
2011-05-30 10:00:00,291.6777
2011-05-30 11:00:00,294.15207
2011-05-30 12:00:00,325.78983
2011-05-30 13:00:00,330.30804
2011-05-30 14:00:00,346.7771
2011-05-30 15:00:00,359.0832
2011-05-30 16:00:00,362.75705
2011-05-30 17:00:00,345.87454
2011-05-30 18:00:00,342.97873
2011-05-30 19:00:00,219.36865
2011-05-30 20:00:00,255.00124
2011-05-30 21:00:00,219.57883
2011-05-30 22:00:00,207.04245
2011-05-30 23:00:00,164.40826
2011-05-31 00:00:00,186.56708
2011-05-31 01:00:00,146.8287
2011-05-31 02:00:00,126.173134
2011-05-31 03:00:00,110.09404
2011-05-31 04:00:00,155.36815
2011-05-31 05:00:00,155.36815
2011-05-31 06:00:00,177.00235
2011-05-31 07:00:00,237.99754
2011-05-31 08:00:00,275.85773
2011-05-31 09:00:00,293.68076
2011-05-31 10:00:00,300.22818
2011-05-31 11:00:00,328.51566
2011-05-31 12:00:00,335.03006
2011-05-31 13:00:00,372.1013
2011-05-31 14:00:00,366.3602
2011-05-31 15:00:00,374.3249
2011-05-31 16:00:00,370.65097
2011-05-31 17:00:00,319.3548
2011-05-31 18:00:00,317.90442
2011-05-31 19:00:00,265.3601
2011-05-31 20:00:00,265.3601
2011-05-31 21:00:00,247.5623
2011-05-31 22:00:00,228.82393
2011-05-31 23:00:00,196.13177
2011-06-20 00:00:00,158.98671
2011-06-20 01:00:00,127.69922
2011-06-20 02:00:00,127.69922
2011-06-20 03:00:00,134.68141
2011-06-20 04:00:00,139.90991
2011-06-20 05:00:00,157.38277
2011-06-20 06:00:00,170.55237
2011-06-20 07:00:00,127.956154
2011-06-20 08:00:00,143.04303
2011-06-20 09:00:00,170.67982
2011-06-20 10:00:00,170.67982
2011-06-20 11:00:00,163.4427
2011-06-20 12:00:00,200.16373
2011-06-20 13:00:00,208.48624
2011-06-20 14:00:00,226.28409
2011-06-20 15:00:00,227.72957
2011-06-20 16:00:00,249.71397
2011-06-20 17:00:00,253.81874
2011-06-20 18:00:00,245.0032
2011-06-20 19:00:00,220.00626
2011-06-20 20:00:00,207.9368
2011-06-20 21:00:00,187.24315
2011-06-20 22:00:00,195.80312
2011-06-20 23:00:00,170.744
2011-06-21 00:00:00,188.53726
2011-06-21 01:00:00,199.86562
2011-06-21 02:00:00,180.96767
2011-06-21 03:00:00,180.96767
2011-06-21 04:00:00,147.7561
2011-06-21 05:00:00,149.2016
2011-06-21 06:00:00,149.2016
2011-06-21 07:00:00,116.9355
2011-06-21 08:00:00,153.48445
2011-06-21 09:00:00,160.72162
2011-06-21 10:00:00,178.66621
2011-06-21 11:00:00,181.12129
2011-06-21 12:00:00,227.40704
2011-06-21 13:00:00,263.02798
2011-06-21 14:00:00,283.72162
2011-06-21 15:00:00,303.78394
2011-06-21 16:00:00,311.90314
2011-06-21 17:00:00,285.05325
2011-06-21 18:00:00,270.52875
2011-06-21 19:00:00,251.26016
2011-06-21 20:00:00,265.18265
2011-06-21 21:00:00,238.41725
2011-06-21 22:00:00,209.42438
2011-06-21 23:00:00,224.51126
2011-06-22 00:00:00,197.6536
2011-06-22 01:00:00,194.75777
2011-06-22 02:00:00,188.24338
2011-06-22 03:00:00,194.75777
2011-06-22 04:00:00,163.59184
2011-06-22 05:00:00,145.48761
2011-06-22 06:00:00,173.15657
2011-06-22 07:00:00,204.35545
2011-06-22 08:00:00,234.07596
2011-06-22 09:00:00,221.88495
2011-06-22 10:00:00,255.29977
2011-06-22 11:00:00,250.9585
2011-06-22 12:00:00,317.56735
2011-06-22 13:00:00,333.8185
2011-06-22 14:00:00,343.50195
2011-06-22 15:00:00,335.2689
2011-06-22 16:00:00,332.201
2011-06-22 17:00:00,333.79037
2011-06-22 18:00:00,319.01282
2011-06-22 19:00:00,332.4869
2011-06-22 20:00:00,241.24979
2011-06-22 21:00:00,227.61328
2011-06-22 22:00:00,228.99457
2011-06-22 23:00:00,230.44495
2011-06-23 00:00:00,224.78073
2011-06-23 01:00:00,239.86758
2011-06-23 02:00:00,239.86758
2011-06-23 03:00:00,242.63593
2011-06-23 04:00:00,216.53407
2011-06-23 05:00:00,236.97177
2011-06-23 06:00:00,236.97177
2011-06-23 07:00:00,241.18561
2011-06-23 08:00:00,258.0681
2011-06-23 09:00:00,255.1723
2011-06-23 10:00:00,276.80655
2011-06-23 11:00:00,288.26236
2011-06-23 12:00:00,284.04852
2011-06-23 13:00:00,292.2816
2011-06-23 14:00:00,284.77127
2011-06-23 15:00:00,322.2627
2011-06-23 16:00:00,283.43958
2011-06-23 17:00:00,260.27927
2011-06-23 18:00:00,257.5109
2011-06-23 19:00:00,254.61511
2011-06-23 20:00:00,230.30286
2011-06-23 21:00:00,228.85252
2011-06-23 22:00:00,235.96703
2011-06-23 23:00:00,233.19868
2011-06-24 00:00:00,204.20094
2011-06-24 01:00:00,189.086
2011-06-24 02:00:00,189.086
2011-06-24 03:00:00,181.12129
2011-06-24 04:00:00,177.50275
2011-06-24 05:00:00,149.8338
2011-06-24 06:00:00,179.67093
2011-06-24 07:00:00,189.68129
2011-06-24 08:00:00,230.30286
2011-06-24 09:00:00,269.8107
2011-06-24 10:00:00,351.61826
2011-06-24 11:00:00,365.04175
2011-06-24 12:00:00,353.8166
2011-06-24 13:00:00,366.00763
2011-06-24 14:00:00,342.0535
2011-06-24 15:00:00,385.76065
2011-06-24 16:00:00,380.65878
2011-06-24 17:00:00,349.1426
2011-06-24 18:00:00,351.3157
2011-06-24 19:00:00,332.89145
2011-06-24 20:00:00,312.99155
2011-06-24 21:00:00,300.5719
2011-06-24 22:00:00,294.0575
2011-06-24 23:00:00,285.79144
2011-06-25 00:00:00,300.50977
2011-06-25 01:00:00,285.70407
2011-06-25 02:00:00,292.81372
2011-06-25 03:00:00,264.11075
2011-06-25 04:00:00,264.11075
2011-06-25 05:00:00,243.41708
2011-06-25 06:00:00,265.5611
2011-06-25 07:00:00,268.45688
2011-06-25 08:00:00,307.56207
2011-06-25 09:00:00,318.53137
2011-06-25 10:00:00,315.63556
2011-06-25 11:00:00,321.03107
2011-06-25 12:00:00,336.98578
2011-06-25 13:00:00,336.98578
2011-06-25 14:00:00,326.45807
2011-06-25 15:00:00,311.97894
2011-06-25 16:00:00,338.22122
2011-06-25 17:00:00,331.89157
2011-06-25 18:00:00,318.53137
2011-06-25 19:00:00,314.76596
2011-06-25 20:00:00,304.66623
2011-06-25 21:00:00,288.44034
2011-06-25 22:00:00,301.9553
2011-06-25 23:00:00,297.8826
2011-06-26 00:00:00,266.77
2011-06-26 01:00:00,271.83887
2011-06-26 02:00:00,257.8522
2011-06-26 03:00:00,231.00224
2011-06-26 04:00:00,230.27954
2011-06-26 05:00:00,225.93336
2011-06-26 06:00:00,225.93336
2011-06-26 07:00:00,236.9027
2011-06-26 08:00:00,252.04129
2011-06-26 09:00:00,270.01602
2011-06-26 10:00:00,306.07852
2011-06-26 11:00:00,312.73975
2011-06-26 12:00:00,331.19418
2011-06-26 13:00:00,323.2295
2011-06-26 14:00:00,329.74384
2011-06-26 15:00:00,323.2295
2011-06-26 16:00:00,330.44125
2011-06-26 17:00:00,328.9064
2011-06-26 18:00:00,324.19556
2011-06-26 19:00:00,313.18823
2011-06-26 20:00:00,305.98907
2011-06-26 21:00:00,287.88492
2011-06-26 22:00:00,286.20395
2011-06-26 23:00:00,281.49802
2011-06-27 00:00:00,226.49773
2011-06-27 01:00:00,192.7511
2011-06-27 02:00:00,198.41527
2011-06-27 03:00:00,198.41527
2011-06-27 04:00:00,169.5499
2011-06-27 05:00:00,175.30348
2011-06-27 06:00:00,194.20145
2011-06-27 07:00:00,217.93773
2011-06-27 08:00:00,213.5342
2011-06-27 09:00:00,287.37106
2011-06-27 10:00:00,293.88547
2011-06-27 11:00:00,269.548
2011-06-27 12:00:00,287.37106
2011-06-27 13:00:00,286.1622
2011-06-27 14:00:00,279.64777
2011-06-27 15:00:00,290.08206
2011-06-27 16:00:00,289.48682
2011-06-27 17:00:00,290.93225
2011-06-27 18:00:00,292.67624
2011-06-27 19:00:00,270.7893
2011-06-27 20:00:00,247.83119
2011-06-27 21:00:00,242.76227
2011-06-27 22:00:00,224.9644
2011-06-27 23:00:00,224.9644
2011-06-28 00:00:00,200.42195
2011-06-28 01:00:00,204.12398
2011-06-28 02:00:00,209.78816
2011-06-28 03:00:00,209.78816
2011-06-28 04:00:00,204.12398
2011-06-28 05:00:00,188.24338
2011-06-28 06:00:00,181.12129
2011-06-28 07:00:00,192.13148
2011-06-28 08:00:00,212.32022
2011-06-28 09:00:00,242.99376
2011-06-28 10:00:00,331.53348
2011-06-28 11:00:00,338.37448
2011-06-28 12:00:00,351.946
2011-06-28 13:00:00,346.32645
2011-06-28 14:00:00,366.75177
2011-06-28 15:00:00,364.94333
2011-06-28 16:00:00,364.40662
2011-06-28 17:00:00,340.93307
2011-06-28 18:00:00,335.10843
2011-06-28 19:00:00,303.47382
2011-06-28 20:00:00,263.2963
2011-06-28 21:00:00,268.8196
2011-06-28 22:00:00,242.15453
2011-06-28 23:00:00,241.43181
2011-06-29 00:00:00,214.2113
2011-06-29 01:00:00,209.26987
2011-06-29 02:00:00,184.01712
2011-06-29 03:00:00,183.88963
2011-06-29 04:00:00,178.22546
2011-06-29 05:00:00,173.00203
2011-06-29 06:00:00,233.68994
2011-06-29 07:00:00,286.81384
2011-06-29 08:00:00,307.81384
2011-06-29 09:00:00,323.8521
2011-06-29 10:00:00,333.58887
2011-06-29 11:00:00,353.7319
2011-06-29 12:00:00,355.17737
2011-06-29 13:00:00,382.35223
2011-06-29 14:00:00,375.83295
2011-06-29 15:00:00,383.13324
2011-06-29 16:00:00,395.43924
2011-06-29 17:00:00,407.50876
2011-06-29 18:00:00,386.9366
2011-06-29 19:00:00,361.6966
2011-06-29 20:00:00,345.5621
2011-06-29 21:00:00,333.99158
2011-06-29 22:00:00,317.76077
2011-06-29 23:00:00,300.75665
2011-06-30 00:00:00,284.50555
2011-06-30 01:00:00,272.08585
2011-06-30 02:00:00,258.09912
2011-06-30 03:00:00,244.76903
2011-06-30 04:00:00,214.03697
2011-06-30 05:00:00,219.82864
2011-06-30 06:00:00,237.04085
2011-06-30 07:00:00,246.56468
2011-06-30 08:00:00,302.20703
2011-06-30 09:00:00,319.21112
2011-06-30 10:00:00,323.48914
2011-06-30 11:00:00,337.59735
2011-06-30 12:00:00,350.83606
2011-06-30 13:00:00,358.31628
2011-06-30 14:00:00,370.07935
2011-06-30 15:00:00,387.26828
2011-06-30 16:00:00,388.02402
2011-06-30 17:00:00,390.1136
2011-06-30 18:00:00,373.2816
2011-06-30 19:00:00,352.56268
2011-06-30 20:00:00,352.56268
2011-06-30 21:00:00,334.23465
2011-06-30 22:00:00,316.31525
2011-06-30 23:00:00,276.54077
2011-07-20 00:00:00,194.33754
2011-07-20 01:00:00,189.26863
2011-07-20 02:00:00,189.26863
2011-07-20 03:00:00,194.33754
2011-07-20 04:00:00,182.7213
2011-07-20 05:00:00,187.79019
2011-07-20 06:00:00,175.35016
2011-07-20 07:00:00,200.00175
2011-07-20 08:00:00,234.73541
2011-07-20 09:00:00,247.33994
2011-07-20 10:00:00,252.55849
2011-07-20 11:00:00,297.15567
2011-07-20 12:00:00,310.60733
2011-07-20 13:00:00,334.82327
2011-07-20 14:00:00,351.05408
2011-07-20 15:00:00,353.3992
2011-07-20 16:00:00,325.41306
2011-07-20 17:00:00,329.5823
2011-07-20 18:00:00,331.03265
2011-07-20 19:00:00,305.91702
2011-07-20 20:00:00,278.9203
2011-07-20 21:00:00,295.53326
2011-07-20 22:00:00,276.79492
2011-07-20 23:00:00,253.58884
2011-07-21 00:00:00,256.35715
2011-07-21 01:00:00,224.92284
2011-07-21 02:00:00,224.92284
2011-07-21 03:00:00,231.82715
2011-07-21 04:00:00,213.3776
2011-07-21 05:00:00,213.3776
2011-07-21 06:00:00,213.3776
2011-07-21 07:00:00,220.5767
2011-07-21 08:00:00,246.67859
2011-07-21 09:00:00,282.21878
2011-07-21 10:00:00,306.2187
2011-07-21 11:00:00,345.4581
2011-07-21 12:00:00,364.2831
2011-07-21 13:00:00,362.83276
2011-07-21 14:00:00,385.75006
2011-07-21 15:00:00,379.27652
2011-07-21 16:00:00,397.73093
2011-07-21 17:00:00,403.69467
2011-07-21 18:00:00,382.13147
2011-07-21 19:00:00,334.64923
2011-07-21 20:00:00,310.11923
2011-07-21 21:00:00,296.13254
2011-07-21 22:00:00,297.6587
2011-07-21 23:00:00,284.2828
2011-07-22 00:00:00,312.69977
2011-07-22 01:00:00,292.8095
2011-07-22 02:00:00,252.93994
2011-07-22 03:00:00,259.75278
2011-07-22 04:00:00,246.35172
2011-07-22 05:00:00,224.71748
2011-07-22 06:00:00,245.62895
2011-07-22 07:00:00,298.30167
2011-07-22 08:00:00,325.56784
2011-07-22 09:00:00,329.66098
2011-07-22 10:00:00,371.31665
2011-07-22 11:00:00,373.44403
2011-07-22 12:00:00,401.504
2011-07-22 13:00:00,400.0994
2011-07-22 14:00:00,421.4195
2011-07-22 15:00:00,406.61386
2011-07-22 16:00:00,412.0786
2011-07-22 17:00:00,369.1202
2011-07-22 18:00:00,396.45947
2011-07-22 19:00:00,375.67636
2011-07-22 20:00:00,325.41306
2011-07-22 21:00:00,314.95352
2011-07-22 22:00:00,348.89746
2011-07-22 23:00:00,302.21973
2011-07-23 00:00:00,317.04688
2011-07-23 01:00:00,330.34882
2011-07-23 02:00:00,325.27997
2011-07-23 03:00:00,279.73743
2011-07-23 04:00:00,270.8954
2011-07-23 05:00:00,280.57397
2011-07-23 06:00:00,322.22964
2011-07-23 07:00:00,320.78415
2011-07-23 08:00:00,352.39172
2011-07-23 09:00:00,348.05038
2011-07-23 10:00:00,377.0024
2011-07-23 11:00:00,399.10352
2011-07-23 12:00:00,408.138
2011-07-23 13:00:00,413.77008
2011-07-23 14:00:00,395.62982
2011-07-23 15:00:00,405.80536
2011-07-23 16:00:00,412.31976
2011-07-23 17:00:00,412.31976
2011-07-23 18:00:00,408.71396
2011-07-23 19:00:00,323.9845
2011-07-23 20:00:00,322.6664
2011-07-23 21:00:00,322.6664
2011-07-23 22:00:00,311.65137
2011-07-23 23:00:00,307.31006
2011-07-24 00:00:00,307.31006
2011-07-24 01:00:00,280.46014
2011-07-24 02:00:00,298.35422
2011-07-24 03:00:00,298.35422
2011-07-24 04:00:00,280.46014
2011-07-24 05:00:00,279.73743
2011-07-24 06:00:00,304.01843
2011-07-24 07:00:00,308.75555
2011-07-24 08:00:00,330.80322
2011-07-24 09:00:00,335.87216
2011-07-24 10:00:00,362.56247
2011-07-24 11:00:00,344.1334
2011-07-24 12:00:00,384.9777
2011-07-24 13:00:00,362.70932
2011-07-24 14:00:00,360.3894
2011-07-24 15:00:00,394.56
2011-07-24 16:00:00,394.56
2011-07-24 17:00:00,392.5386
2011-07-24 18:00:00,380.65402
2011-07-24 19:00:00,359.81348
2011-07-24 20:00:00,348.05038
2011-07-24 21:00:00,300.52246
2011-07-24 22:00:00,275.39127
2011-07-24 23:00:00,263.7674
2011-07-25 00:00:00,258.22266
2011-07-25 01:00:00,251.29312
2011-07-25 02:00:00,229.65892
2011-07-25 03:00:00,219.64859
2011-07-25 04:00:00,206.99065
2011-07-25 05:00:00,206.99065
2011-07-25 06:00:00,212.65486
2011-07-25 07:00:00,225.31274
2011-07-25 08:00:00,246.94696
2011-07-25 09:00:00,287.56857
2011-07-25 10:00:00,310.60733
2011-07-25 11:00:00,335.24646
2011-07-25 12:00:00,335.24646
2011-07-25 13:00:00,246.91399
2011-07-25 14:00:00,228.99457
2011-07-25 15:00:00,208.09395
2011-07-25 16:00:00,200.12918
2011-07-25 17:00:00,229.00703
2011-07-25 18:00:00,239.08159
2011-07-25 19:00:00,247.33994
2011-07-25 20:00:00,235.52145
2011-07-25 21:00:00,189.26863
2011-07-25 22:00:00,189.26863
2011-07-25 23:00:00,193.61479
2011-07-26 00:00:00,209.42436
2011-07-26 01:00:00,209.42436
2011-07-26 02:00:00,169.686
2011-07-26 03:00:00,171.13147
2011-07-26 04:00:00,175.59918
2011-07-26 05:00:00,155.56218
2011-07-26 06:00:00,193.5818
2011-07-26 07:00:00,263.066
2011-07-26 08:00:00,293.82812
2011-07-26 09:00:00,342.45615
2011-07-26 10:00:00,377.28336
2011-07-26 11:00:00,375.1685
2011-07-26 12:00:00,386.95685
2011-07-26 13:00:00,389.36652
2011-07-26 14:00:00,400.40686
2011-07-26 15:00:00,414.3683
2011-07-26 16:00:00,386.13904
2011-07-26 17:00:00,389.75757
2011-07-26 18:00:00,376.40225
2011-07-26 19:00:00,358.06927
2011-07-26 20:00:00,341.1158
2011-07-26 21:00:00,324.8646
2011-07-26 22:00:00,296.68585
2011-07-26 23:00:00,289.99945
2011-07-27 00:00:00,318.58087
2011-07-27 01:00:00,323.41425
2011-07-27 02:00:00,313.7027
2011-07-27 03:00:00,277.60214
2011-07-27 04:00:00,300.16922
2011-07-27 05:00:00,289.7097
2011-07-27 06:00:00,286.81384
2011-07-27 07:00:00,312.11713
2011-07-27 08:00:00,332.13858
2011-07-27 09:00:00,355.17737
2011-07-27 10:00:00,354.63443
2011-07-27 11:00:00,366.42273
2011-07-27 12:00:00,388.9249
2011-07-27 13:00:00,398.29706
2011-07-27 14:00:00,397.8174
2011-07-27 15:00:00,411.02597
2011-07-27 16:00:00,405.89087
2011-07-27 17:00:00,400.0158
2011-07-27 18:00:00,386.2722
2011-07-27 19:00:00,376.80368
2011-07-27 20:00:00,327.36935
2011-07-27 21:00:00,306.79718
2011-07-27 22:00:00,299.81113
2011-07-27 23:00:00,315.1266
2011-07-28 00:00:00,291.51984
2011-07-28 01:00:00,290.75897
2011-07-28 02:00:00,286.77582
2011-07-28 03:00:00,281.70688
2011-07-28 04:00:00,259.9006
2011-07-28 05:00:00,247.83119
2011-07-28 06:00:00,232.02156
2011-07-28 07:00:00,245.20486
2011-07-28 08:00:00,263.02798
2011-07-28 09:00:00,300.88812
2011-07-28 10:00:00,323.05728
2011-07-28 11:00:00,339.16943
2011-07-28 12:00:00,342.93484
2011-07-28 13:00:00,362.95627
2011-07-28 14:00:00,356.8573
2011-07-28 15:00:00,354.84467
2011-07-28 16:00:00,358.61493
2011-07-28 17:00:00,340.03897
2011-07-28 18:00:00,336.27356
2011-07-28 19:00:00,320.01758
2011-07-28 20:00:00,302.21976
2011-07-28 21:00:00,287.94907
2011-07-28 22:00:00,264.86456
2011-07-28 23:00:00,250.69298
2011-07-29 00:00:00,227.61328
2011-07-29 01:00:00,226.16298
2011-07-29 02:00:00,219.64859
2011-07-29 03:00:00,219.64859
2011-07-29 04:00:00,209.1589
2011-07-29 05:00:00,202.64449
2011-07-29 06:00:00,208.30869
2011-07-29 07:00:00,229.65892
2011-07-29 08:00:00,248.5597
2011-07-29 09:00:00,362.95627
2011-07-29 10:00:00,394.81177
2011-07-29 11:00:00,411.13397
2011-07-29 12:00:00,437.56564
2011-07-29 13:00:00,414.2445
2011-07-29 14:00:00,437.6872
2011-07-29 15:00:00,439.1327
2011-07-29 16:00:00,445.65195
2011-07-29 17:00:00,441.30573
2011-07-29 18:00:00,417.80008
2011-07-29 19:00:00,391.91592
2011-07-29 20:00:00,380.8728
2011-07-29 21:00:00,346.3392
2011-07-29 22:00:00,334.42932
2011-07-29 23:00:00,310.0208
2011-07-30 00:00:00,300.78024
2011-07-30 01:00:00,295.71616
2011-07-30 02:00:00,296.4389
2011-07-30 03:00:00,272.45956
2011-07-30 04:00:00,258.47287
2011-07-30 05:00:00,252.19505
2011-07-30 06:00:00,252.9178
2011-07-30 07:00:00,275.23672
2011-07-30 08:00:00,303.537
2011-07-30 09:00:00,354.05215
2011-07-30 10:00:00,365.3026
2011-07-30 11:00:00,377.23776
2011-07-30 12:00:00,384.05066
2011-07-30 13:00:00,396.62003
2011-07-30 14:00:00,406.1847
2011-07-30 15:00:00,410.47546
2011-07-30 16:00:00,423.08
2011-07-30 17:00:00,411.25357
2011-07-30 18:00:00,409.04755
2011-07-30 19:00:00,355.21158
2011-07-30 20:00:00,351.30316
2011-07-30 21:00:00,332.7321
2011-07-30 22:00:00,311.21936
2011-07-30 23:00:00,295.71616
2011-07-31 00:00:00,295.71616
2011-07-31 01:00:00,268.84106
2011-07-31 02:00:00,260.6079
2011-07-31 03:00:00,256.26178
2011-07-31 04:00:00,238.4387
2011-07-31 05:00:00,241.45605
2011-07-31 06:00:00,244.19234
2011-07-31 07:00:00,283.07877
2011-07-31 08:00:00,302.2306
2011-07-31 09:00:00,324.76736
2011-07-31 10:00:00,375.7923
2011-07-31 11:00:00,401.84848
2011-07-31 12:00:00,423.82797
2011-07-31 13:00:00,423.9496
2011-07-31 14:00:00,425.3999
2011-07-31 15:00:00,451.93573
2011-07-31 16:00:00,454.23038
2011-07-31 17:00:00,451.45602
2011-07-31 18:00:00,379.8982
2011-07-31 19:00:00,326.42896
2011-07-31 20:00:00,326.42896
2011-07-31 21:00:00,307.15555
2011-07-31 22:00:00,258.6714
2011-07-31 23:00:00,267.1223
2011-08-20 00:00:00,138.22156
2011-08-20 01:00:00,162.87312
2011-08-20 02:00:00,181.7711
2011-08-20 03:00:00,181.7711
2011-08-20 04:00:00,143.88574
2011-08-20 05:00:00,157.11954
2011-08-20 06:00:00,169.29811
2011-08-20 07:00:00,162.87314
2011-08-20 08:00:00,220.40938
2011-08-20 09:00:00,243.96078
2011-08-20 10:00:00,267.64655
2011-08-20 11:00:00,270.83597
2011-08-20 12:00:00,283.07877
2011-08-20 13:00:00,297.8844
2011-08-20 14:00:00,334.17758
2011-08-20 15:00:00,348.4706
2011-08-20 16:00:00,339.41852
2011-08-20 17:00:00,334.17758
2011-08-20 18:00:00,298.4351
2011-08-20 19:00:00,273.90506
2011-08-20 20:00:00,275.35547
2011-08-20 21:00:00,249.29927
2011-08-20 22:00:00,235.71526
2011-08-20 23:00:00,227.15524
2011-08-21 00:00:00,230.05107
2011-08-21 01:00:00,206.84984
2011-08-21 02:00:00,205.39949
2011-08-21 03:00:00,185.21565
2011-08-21 04:00:00,194.78036
2011-08-21 05:00:00,166.89366
2011-08-21 06:00:00,166.17091
2011-08-21 07:00:00,198.39896
2011-08-21 08:00:00,216.4146
2011-08-21 09:00:00,241.0661
2011-08-21 10:00:00,248.24
2011-08-21 11:00:00,307.76443
2011-08-21 12:00:00,325.56226
2011-08-21 13:00:00,322.51196
2011-08-21 14:00:00,235.70764
2011-08-21 15:00:00,204.22356
2011-08-21 16:00:00,223.08351
2011-08-21 17:00:00,221.63315
2011-08-21 18:00:00,227.42479
2011-08-21 19:00:00,250.74475
2011-08-21 20:00:00,217.86006
2011-08-21 21:00:00,217.86006
2011-08-21 22:00:00,220.62839
2011-08-21 23:00:00,228.60559
2011-08-22 00:00:00,202.75546
2011-08-22 01:00:00,199.1369
2011-08-22 02:00:00,253.49533
2011-08-22 03:00:00,260.60498
2011-08-22 04:00:00,246.44409
2011-08-22 05:00:00,248.65523
2011-08-22 06:00:00,257.8289
2011-08-22 07:00:00,259.27924
2011-08-22 08:00:00,259.27924
2011-08-22 09:00:00,282.53098
2011-08-22 10:00:00,307.81384
2011-08-22 11:00:00,354.14734
2011-08-22 12:00:00,355.94302
2011-08-22 13:00:00,374.64847
2011-08-22 14:00:00,371.0299
2011-08-22 15:00:00,366.68372
2011-08-22 16:00:00,371.0299
2011-08-22 17:00:00,377.18613
2011-08-22 18:00:00,370.8012
2011-08-22 19:00:00,358.31537
2011-08-22 20:00:00,334.22885
2011-08-22 21:00:00,320.24216
2011-08-22 22:00:00,325.31107
2011-08-22 23:00:00,312.16864
2011-08-23 00:00:00,301.3209
2011-08-23 01:00:00,262.1933
2011-08-23 02:00:00,247.38763
2011-08-23 03:00:00,251.73376
2011-08-23 04:00:00,228.14429
2011-08-23 05:00:00,229.58977
2011-08-23 06:00:00,217.52031
2011-08-23 07:00:00,283.21664
2011-08-23 08:00:00,278.3705
2011-08-23 09:00:00,300.30917
2011-08-23 10:00:00,323.43735
2011-08-23 11:00:00,337.55838
2011-08-23 12:00:00,321.7488
2011-08-23 13:00:00,355.35623
2011-08-23 14:00:00,354.63345
2011-08-23 15:00:00,349.07837
2011-08-23 16:00:00,350.767
2011-08-23 17:00:00,349.07837
2011-08-23 18:00:00,347.6281
2011-08-23 19:00:00,287.40137
2011-08-23 20:00:00,277.87747
2011-08-23 21:00:00,251.58476
2011-08-23 22:00:00,258.09912
2011-08-23 23:00:00,242.21855
2011-08-24 00:00:00,258.09912
2011-08-24 01:00:00,241.87318
2011-08-24 02:00:00,201.96748
2011-08-24 03:00:00,201.96748
2011-08-24 04:00:00,179.6816
2011-08-24 05:00:00,179.6816
2011-08-24 06:00:00,174.61267
2011-08-24 07:00:00,229.08098
2011-08-24 08:00:00,218.07959
2011-08-24 09:00:00,225.7885
2011-08-24 10:00:00,277.6402
2011-08-24 11:00:00,296.186
2011-08-24 12:00:00,300.34732
2011-08-24 13:00:00,327.72745
2011-08-24 14:00:00,327.72745
2011-08-24 15:00:00,329.1778
2011-08-24 16:00:00,319.49435
2011-08-24 17:00:00,316.59848
2011-08-24 18:00:00,298.89697
2011-08-24 19:00:00,298.89697
2011-08-24 20:00:00,284.11655
2011-08-24 21:00:00,272.20667
2011-08-24 22:00:00,260.13718
2011-08-24 23:00:00,239.44354
2011-08-25 00:00:00,224.35672
2011-08-25 01:00:00,243.78972
2011-08-25 02:00:00,243.78972
2011-08-25 03:00:00,220.05342
2011-08-25 04:00:00,207.06865
2011-08-25 05:00:00,193.42729
2011-08-25 06:00:00,189.086
2011-08-25 07:00:00,216.38437
2011-08-25 08:00:00,239.58562
2011-08-25 09:00:00,257.38348
2011-08-25 10:00:00,275.2065
2011-08-25 11:00:00,215.68382
2011-08-25 12:00:00,215.68382
2011-08-25 13:00:00,209.42436
2011-08-25 14:00:00,234.67122
2011-08-25 15:00:00,248.6579
2011-08-25 16:00:00,202.64449
2011-08-25 17:00:00,202.64449
2011-08-25 18:00:00,214.82306
2011-08-25 19:00:00,209.83702
2011-08-25 20:00:00,199.86469
2011-08-25 21:00:00,196.24617
2011-08-25 22:00:00,161.67459
2011-08-25 23:00:00,166.02075
2011-08-26 00:00:00,168.18898
2011-08-26 01:00:00,161.67459
2011-08-26 02:00:00,149.2658
2011-08-26 03:00:00,142.09193
2011-08-26 04:00:00,142.75137
2011-08-26 05:00:00,148.41557
2011-08-26 06:00:00,142.75137
2011-08-26 07:00:00,163.59184
2011-08-26 08:00:00,178.22546
2011-08-26 09:00:00,219.4423
2011-08-26 10:00:00,259.40936
2011-08-26 11:00:00,278.5252
2011-08-26 12:00:00,275.36105
2011-08-26 13:00:00,302.21097
2011-08-26 14:00:00,301.0426
2011-08-26 15:00:00,316.117
2011-08-26 16:00:00,287.49472
2011-08-26 17:00:00,247.04146
2011-08-26 18:00:00,246.91399
2011-08-26 19:00:00,218.98912
2011-08-26 20:00:00,218.26639
2011-08-26 21:00:00,221.88495
2011-08-26 22:00:00,218.98912
2011-08-26 23:00:00,193.6148
2011-08-27 00:00:00,195.53609
2011-08-27 01:00:00,198.43192
2011-08-27 02:00:00,199.8774
2011-08-27 03:00:00,206.9919
2011-08-27 04:00:00,206.9919
2011-08-27 05:00:00,210.61049
2011-08-27 06:00:00,210.61049
2011-08-27 07:00:00,213.50632
2011-08-27 08:00:00,208.43741
2011-08-27 09:00:00,216.4021
2011-08-27 10:00:00,233.66205
2011-08-27 11:00:00,184.01366
2011-08-27 12:00:00,209.5728
2011-08-27 13:00:00,204.50871
2011-08-27 14:00:00,184.79968
2011-08-27 15:00:00,184.79968
2011-08-27 16:00:00,183.35419
2011-08-27 17:00:00,198.55603
2011-08-28 07:00:00,191.57642
2011-08-28 08:00:00,194.47224
2011-08-28 09:00:00,225.59326
2011-08-28 10:00:00,285.71124
2011-08-28 11:00:00,283.90765
2011-08-28 12:00:00,312.70004
2011-08-28 13:00:00,335.08228
2011-08-28 14:00:00,349.76642
2011-08-28 15:00:00,346.8706
2011-08-28 16:00:00,375.17084
2011-08-28 17:00:00,347.2733
2011-08-28 18:00:00,331.89157
2011-08-28 19:00:00,306.07852
2011-08-28 20:00:00,311.29425
2011-08-28 21:00:00,251.06268
2011-08-28 22:00:00,219.74991
2011-08-28 23:00:00,201.92683
2011-08-29 00:00:00,200.72826
2011-08-29 01:00:00,210.88051
2011-08-29 02:00:00,215.22182
2011-08-29 03:00:00,210.88051
2011-08-29 04:00:00,196.21391
2011-08-29 05:00:00,181.12708
2011-08-29 06:00:00,181.12708
2011-08-29 07:00:00,247.66483
2011-08-29 08:00:00,263.89078
2011-08-29 09:00:00,275.96027
2011-08-29 10:00:00,296.45346
2011-08-29 11:00:00,293.55762
2011-08-29 12:00:00,314.02744
2011-08-29 13:00:00,323.0668
2011-08-29 14:00:00,308.35052
2011-08-29 15:00:00,316.31525
2011-08-29 16:00:00,322.0436
2011-08-29 17:00:00,309.78845
2011-08-29 18:00:00,297.8989
2011-08-29 19:00:00,297.8989
2011-08-29 20:00:00,273.5362
2011-08-29 21:00:00,274.98166
2011-08-29 22:00:00,258.09912
2011-08-29 23:00:00,241.15045
2011-08-30 00:00:00,181.12708
2011-08-30 01:00:00,194.76842
2011-08-30 02:00:00,173.95323
2011-08-30 03:00:00,178.29453
2011-08-30 04:00:00,159.02597
2011-08-30 05:00:00,155.40741
2011-08-30 06:00:00,173.95323
2011-08-30 07:00:00,196.21391
2011-08-30 08:00:00,258.09912
2011-08-30 09:00:00,287.40137
2011-08-30 10:00:00,328.2632
2011-08-30 11:00:00,338.57596
2011-08-30 12:00:00,329.1657
2011-08-30 13:00:00,342.18665
2011-08-30 14:00:00,351.1172
2011-08-30 15:00:00,347.9783
2011-08-30 16:00:00,339.04776
2011-08-30 17:00:00,323.48914
2011-08-30 18:00:00,307.26318
2011-08-30 19:00:00,280.88696
2011-08-30 20:00:00,276.54077
2011-08-30 21:00:00,229.89807
2011-08-30 22:00:00,235.70416
2011-08-30 23:00:00,235.70416
2011-08-31 00:00:00,205.81161
2011-08-31 01:00:00,205.81161
2011-08-31 02:00:00,174.61267
2011-08-31 03:00:00,159.52583
2011-08-31 04:00:00,174.61267
2011-08-31 05:00:00,143.05682
2011-08-31 06:00:00,156.81485
2011-08-31 07:00:00,174.84421
2011-08-31 08:00:00,211.56522
2011-08-31 09:00:00,217.82863
2011-08-31 10:00:00,304.36737
2011-08-31 11:00:00,320.59332
2011-08-31 12:00:00,323.3295
2011-08-31 13:00:00,336.1519
2011-08-31 14:00:00,328.54526
2011-08-31 15:00:00,328.54526
2011-08-31 16:00:00,326.34692
2011-08-31 17:00:00,311.54123
2011-08-31 18:00:00,295.86594
2011-08-31 19:00:00,353.39148
2011-08-31 20:00:00,261.93362
2011-08-31 21:00:00,247.69592
2011-08-31 22:00:00,213.48245
2011-08-31 23:00:00,179.91312
2011-09-20 00:00:00,188.24158
2011-09-20 01:00:00,137.25273
2011-09-20 02:00:00,137.25273
2011-09-20 03:00:00,155.23538
2011-09-20 04:00:00,133.03404
2011-09-20 05:00:00,138.6982
2011-09-20 06:00:00,138.6982
2011-09-20 07:00:00,137.25273
2011-09-20 08:00:00,129.15402
2011-09-20 09:00:00,127.70851
2011-09-20 10:00:00,148.64525
2011-09-20 11:00:00,148.64525
2011-09-20 12:00:00,124.87688
2011-09-20 13:00:00,123.42653
2011-09-20 14:00:00,150.18018
2011-09-20 15:00:00,191.30562
2011-09-20 16:00:00,169.5499
2011-09-20 17:00:00,160.98991
2011-09-20 18:00:00,160.98991
2011-09-20 19:00:00,135.10577
2011-09-20 20:00:00,111.247955
2011-09-20 21:00:00,111.24796
2011-09-20 22:00:00,111.24796
2011-09-20 23:00:00,111.24796
2011-09-21 00:00:00,87.415405
2011-09-21 01:00:00,105.51962
2011-09-21 02:00:00,105.51962
2011-09-21 03:00:00,115.52995
2011-09-21 04:00:00,99.59398
2011-09-21 05:00:00,101.044304
2011-09-21 06:00:00,102.4898
2011-09-21 07:00:00,102.4898
2011-09-21 08:00:00,98.14848
2011-09-21 09:00:00,103.15411
2011-09-21 10:00:00,142.6872
2011-09-21 11:00:00,175.30348
2011-09-21 12:00:00,192.5001
2011-09-21 13:00:00,217.75291
2011-09-21 14:00:00,219.19838
2011-09-21 15:00:00,214.85709
2011-09-21 16:00:00,214.85709
2011-09-21 17:00:00,223.41707
2011-09-21 18:00:00,182.88495
2011-09-21 19:00:00,132.16438
2011-09-21 20:00:00,132.16438
2011-09-21 21:00:00,99.34109
2011-09-21 22:00:00,126.50021
2011-09-21 23:00:00,116.34023
2011-09-22 00:00:00,116.34023
2011-09-22 01:00:00,121.281654
2011-09-22 02:00:00,122.004395
2011-09-22 03:00:00,121.281654
2011-09-22 04:00:00,121.281654
2011-09-22 05:00:00,122.004395
2011-09-22 06:00:00,101.509315
2011-09-22 07:00:00,100.06383
2011-09-22 08:00:00,102.95966
2011-09-22 09:00:00,135.91045
2011-09-22 10:00:00,162.01234
2011-09-22 11:00:00,160.56201
2011-09-22 12:00:00,186.78546
2011-09-22 13:00:00,188.23094
2011-09-22 14:00:00,189.68129
2011-09-22 15:00:00,208.41965
2011-09-22 16:00:00,222.05617
2011-09-22 17:00:00,198.25374
2011-09-22 18:00:00,174.32492
2011-09-22 19:00:00,155.49796
2011-09-22 20:00:00,133.01462
2011-09-22 21:00:00,155.49796
2011-09-22 22:00:00,105.09468
2011-09-22 23:00:00,126.50021
2011-09-23 00:00:00,152.98099
2011-09-23 01:00:00,117.12948
2011-09-23 02:00:00,122.198395
2011-09-23 03:00:00,117.12948
2011-09-23 04:00:00,122.79366
2011-09-23 05:00:00,148.63481
2011-09-23 06:00:00,152.98099
2011-09-23 07:00:00,160.81335
2011-09-23 08:00:00,160.81335
2011-09-23 09:00:00,135.06168
2011-09-23 10:00:00,133.6162
2011-09-23 11:00:00,133.61618
2011-09-23 12:00:00,159.36789
2011-09-23 13:00:00,127.139824
2011-09-23 14:00:00,127.139824
2011-09-23 15:00:00,159.36789
2011-09-23 16:00:00,154.29895
2011-09-23 17:00:00,117.12948
2011-09-23 18:00:00,111.465324
2011-09-23 19:00:00,149.48503
2011-09-23 20:00:00,133.40588
2011-09-23 21:00:00,119.430046
2011-09-23 22:00:00,141.37062
2011-09-23 23:00:00,133.21053
2011-09-24 00:00:00,126.57667
2011-09-24 01:00:00,150.34505
2011-09-24 02:00:00,150.34505
2011-09-24 03:00:00,140.33472
2011-09-24 04:00:00,139.65001
2011-09-24 05:00:00,145.31416
2011-09-24 06:00:00,145.31416
2011-09-24 07:00:00,163.41838
2011-09-24 08:00:00,162.4145
2011-09-24 09:00:00,170.36649
2011-09-24 10:00:00,170.36649
2011-09-24 11:00:00,195.01805
2011-09-24 12:00:00,195.01805
2011-09-24 13:00:00,205.82288
2011-09-24 14:00:00,239.63562
2011-09-24 15:00:00,239.63562
2011-09-24 16:00:00,215.83322
2011-09-24 17:00:00,232.52602
2011-09-24 18:00:00,210.8918
2011-09-24 19:00:00,166.0845
2011-09-24 20:00:00,185.00769
2011-09-24 21:00:00,189.35387
2011-09-24 22:00:00,171.74867
2011-09-24 23:00:00,170.36649
2011-09-25 00:00:00,166.02032
2011-09-25 01:00:00,171.0892
2011-09-25 02:00:00,145.93279
2011-09-25 03:00:00,145.93279
2011-09-25 04:00:00,152.44717
2011-09-25 05:00:00,164.7023
2011-09-25 06:00:00,171.0892
2011-09-25 07:00:00,146.783
2011-09-25 08:00:00,171.74867
2011-09-25 09:00:00,192.58911
2011-09-25 10:00:00,192.58911
2011-09-25 11:00:00,223.75507
2011-09-25 12:00:00,217.24068
2011-09-25 13:00:00,238.87491
2011-09-25 14:00:00,217.24068
2011-09-25 15:00:00,217.24068
2011-09-25 16:00:00,251.00854
2011-09-25 17:00:00,233.21071
2011-09-25 18:00:00,233.21071
2011-09-25 19:00:00,193.43933
2011-09-25 20:00:00,191.2711
2011-09-25 21:00:00,148.51534
2011-09-25 22:00:00,170.43066
2011-09-25 23:00:00,154.90225
2011-09-26 00:00:00,148.63481
2011-09-26 01:00:00,175.61905
2011-09-26 02:00:00,175.61905
2011-09-26 03:00:00,148.6348
2011-09-26 04:00:00,152.98096
2011-09-26 05:00:00,170.55014
2011-09-26 06:00:00,152.98099
2011-09-26 07:00:00,148.63481
2011-09-26 08:00:00,148.63481
2011-09-26 09:00:00,182.6966
2011-09-26 10:00:00,182.6966
2011-09-26 11:00:00,227.78587
2011-09-26 12:00:00,230.55424
2011-09-26 13:00:00,255.2058
2011-09-26 14:00:00,257.77472
2011-09-26 15:00:00,290.02808
2011-09-26 16:00:00,272.86154
2011-09-26 17:00:00,256.3244
2011-09-26 18:00:00,200.36
2011-09-26 19:00:00,202.65466
2011-09-26 20:00:00,174.1366
2011-09-26 21:00:00,174.1366
2011-09-26 22:00:00,149.48503
2011-09-26 23:00:00,149.48503
2011-09-27 00:00:00,149.48503
2011-09-27 01:00:00,150.93536
2011-09-27 02:00:00,148.03955
2011-09-27 03:00:00,148.63481
2011-09-27 04:00:00,158.64516
2011-09-27 05:00:00,158.64516
2011-09-27 06:00:00,153.70369
2011-09-27 07:00:00,153.70369
2011-09-27 08:00:00,178.35527
2011-09-27 09:00:00,188.36075
2011-09-27 10:00:00,167.9921
2011-09-27 11:00:00,184.08365
2011-09-27 12:00:00,185.52913
2011-09-27 13:00:00,258.10162
2011-09-27 14:00:00,227.6584
2011-09-27 15:00:00,214.86618
2011-09-27 16:00:00,210.36551
2011-09-27 17:00:00,188.42493
2011-09-27 18:00:00,184.14693
2011-09-27 19:00:00,179.80078
2011-09-27 20:00:00,202.7071
2011-09-27 21:00:00,178.05556
2011-09-27 22:00:00,163.50374
2011-09-27 23:00:00,163.50374
2011-09-28 00:00:00,159.1576
2011-09-28 01:00:00,159.1576
2011-09-28 02:00:00,171.46362
2011-09-28 03:00:00,143.41623
2011-09-28 04:00:00,159.1576
2011-09-28 05:00:00,139.07007
2011-09-28 06:00:00,152.69897
2011-09-28 07:00:00,152.69897
2011-09-28 08:00:00,165.15953
2011-09-28 09:00:00,165.15953
2011-09-28 10:00:00,148.63481
2011-09-28 11:00:00,206.02417
2011-09-28 12:00:00,222.5895
2011-09-28 13:00:00,253.88292
2011-09-28 14:00:00,295.81973
2011-09-28 15:00:00,256.3244
2011-09-28 16:00:00,259.2202
2011-09-28 17:00:00,260.67056
2011-09-28 18:00:00,218.92549
2011-09-28 19:00:00,218.92552
2011-09-28 20:00:00,203.86304
2011-09-28 21:00:00,182.79198
2011-09-28 22:00:00,163.50374
2011-09-28 23:00:00,139.92029
2011-09-29 00:00:00,142.81612
2011-09-29 01:00:00,126.539696
2011-09-29 02:00:00,126.539696
2011-09-29 03:00:00,148.48027
2011-09-29 04:00:00,174.23198
2011-09-29 05:00:00,169.89067
2011-09-29 06:00:00,169.16792
2011-09-29 07:00:00,165.672
2011-09-29 08:00:00,178.05556
2011-09-29 09:00:00,215.01318
2011-09-29 10:00:00,257.0967
2011-09-29 11:00:00,267.24893
2011-09-29 12:00:00,273.44907
2011-09-29 13:00:00,272.9773
2011-09-29 14:00:00,315.89072
2011-09-29 15:00:00,338.34106
2011-09-29 16:00:00,348.96017
2011-09-29 17:00:00,322.20657
2011-09-29 18:00:00,334.77502
2011-09-29 19:00:00,299.18704
2011-09-29 20:00:00,288.21768
2011-09-29 21:00:00,253.7961
2011-09-29 22:00:00,211.83409
2011-09-29 23:00:00,178.26472
2011-09-30 00:00:00,160.16052
2011-09-30 01:00:00,177.54198
2011-09-30 02:00:00,160.16052
2011-09-30 03:00:00,160.16049
2011-09-30 04:00:00,164.50183
2011-09-30 05:00:00,164.50183
2011-09-30 06:00:00,165.95216
2011-09-30 07:00:00,165.95216
2011-09-30 08:00:00,185.46382
2011-09-30 09:00:00,206.15746
2011-09-30 10:00:00,246.86937
2011-09-30 11:00:00,279.98273
2011-09-30 12:00:00,290.71097
2011-09-30 13:00:00,329.32108
2011-09-30 14:00:00,325.9535
2011-09-30 15:00:00,310.51447
2011-09-30 16:00:00,296.64935
2011-09-30 17:00:00,295.199
2011-09-30 18:00:00,292.2926
2011-09-30 19:00:00,268.13995
2011-09-30 20:00:00,268.13995
2011-09-30 21:00:00,248.98811
2011-09-30 22:00:00,255.50734
2011-09-30 23:00:00,255.50734
2011-10-20 00:00:00,147.86168
2011-10-20 01:00:00,168.8617
2011-10-20 02:00:00,173.20786
2011-10-20 03:00:00,174.79921
2011-10-20 04:00:00,174.79921
2011-10-20 05:00:00,164.00197
2011-10-20 06:00:00,155.4158
2011-10-20 07:00:00,166.19936
2011-10-20 08:00:00,205.74518
2011-10-20 09:00:00,208.64102
2011-10-20 10:00:00,231.99393
2011-10-20 11:00:00,253.43561
2011-10-20 12:00:00,274.55716
2011-10-20 13:00:00,292.23346
2011-10-20 14:00:00,281.66684
2011-10-20 15:00:00,267.55066
2011-10-20 16:00:00,267.55066
2011-10-20 17:00:00,273.7069
2011-10-20 18:00:00,254.55507
2011-10-20 19:00:00,251.78671
2011-10-20 20:00:00,256.00543
2011-10-20 21:00:00,243.16254
2011-10-20 22:00:00,244.61288
2011-10-20 23:00:00,214.11427
2011-10-21 00:00:00,196.31645
2011-10-21 01:00:00,194.87097
2011-10-21 02:00:00,174.15207
2011-10-21 03:00:00,144.23901
2011-10-21 04:00:00,145.68938
2011-10-21 05:00:00,126.29441
2011-10-21 06:00:00,145.68938
2011-10-21 07:00:00,145.68938
2011-10-21 08:00:00,193.4206
2011-10-21 09:00:00,213.98682
2011-10-21 10:00:00,242.37651
2011-10-21 11:00:00,274.8585
2011-10-21 12:00:00,278.47702
2011-10-21 13:00:00,265.14688
2011-10-21 14:00:00,293.28278
2011-10-21 15:00:00,277.7543
2011-10-21 16:00:00,276.304
2011-10-21 17:00:00,252.38202
2011-10-21 18:00:00,237.60153
2011-10-21 19:00:00,244.12077
2011-10-21 20:00:00,236.15604
2011-10-21 21:00:00,209.77296
2011-10-21 22:00:00,221.84242
2011-10-21 23:00:00,194.87097
2011-10-22 00:00:00,194.61917
2011-10-22 01:00:00,194.61917
2011-10-22 02:00:00,197.515
2011-10-22 03:00:00,191.72336
2011-10-22 04:00:00,171.73204
2011-10-22 05:00:00,167.3859
2011-10-22 06:00:00,146.57068
2011-10-22 07:00:00,132.7164
2011-10-22 08:00:00,158.05264
2011-10-22 09:00:00,180.19664
2011-10-22 10:00:00,207.42397
2011-10-22 11:00:00,207.42397
2011-10-22 12:00:00,227.88702
2011-10-22 13:00:00,265.1965
2011-10-22 14:00:00,266.94077
2011-10-22 15:00:00,252.2245
2011-10-22 16:00:00,274.60675
2011-10-22 17:00:00,230.05524
2011-10-22 18:00:00,225.176
2011-10-22 19:00:00,181.6041
2011-10-22 20:00:00,175.85048
2011-10-22 21:00:00,142.96579
2011-10-22 22:00:00,142.96579
2011-10-22 23:00:00,119.10801
2011-10-23 00:00:00,98.292816
2011-10-23 01:00:00,98.292816
2011-10-23 02:00:00,93.074234
2011-10-23 03:00:00,92.53921
2011-10-23 04:00:00,92.53921
2011-10-23 05:00:00,86.810844
2011-10-23 06:00:00,88.04339
2011-10-23 07:00:00,93.074234
2011-10-23 08:00:00,97.15968
2011-10-23 09:00:00,142.96579
2011-10-23 10:00:00,168.12717
2011-10-23 11:00:00,180.21037
2011-10-23 12:00:00,235.2594
2011-10-23 13:00:00,250.18665
2011-10-23 14:00:00,251.63696
2011-10-23 15:00:00,257.79327
2011-10-23 16:00:00,250.18665
2011-10-23 17:00:00,217.3983
2011-10-23 18:00:00,215.95279
2011-10-23 19:00:00,157.15881
2011-10-23 20:00:00,170.86342
2011-10-23 21:00:00,170.86342
2011-10-23 22:00:00,150.74571
2011-10-23 23:00:00,153.64153
2011-10-24 00:00:00,144.47826
2011-10-24 01:00:00,130.17746
2011-10-24 02:00:00,113.64515
2011-10-24 03:00:00,128.00923
2011-10-24 04:00:00,123.66308
2011-10-24 05:00:00,102.82265
2011-10-24 06:00:00,113.64515
2011-10-24 07:00:00,92.43414
2011-10-24 08:00:00,124.91614
2011-10-24 09:00:00,148.77396
2011-10-24 10:00:00,158.84364
2011-10-24 11:00:00,196.15793
2011-10-24 12:00:00,211.08519
2011-10-24 13:00:00,234.69992
2011-10-24 14:00:00,233.24957
2011-10-24 15:00:00,243.93777
2011-10-24 16:00:00,227.5854
2011-10-24 17:00:00,206.8665
2011-10-24 18:00:00,234.59082
2011-10-24 19:00:00,157.95537
2011-10-24 20:00:00,151.69592
2011-10-24 21:00:00,130.8555
2011-10-24 22:00:00,175.71332
2011-10-24 23:00:00,160.30641
2011-10-25 00:00:00,156.74626
2011-10-25 01:00:00,156.74626
2011-10-25 02:00:00,135.90584
2011-10-25 03:00:00,108.57625
2011-10-25 04:00:00,109.337036
2011-10-25 05:00:00,109.337036
2011-10-25 06:00:00,122.97836
2011-10-25 07:00:00,151.17749
2011-10-25 08:00:00,165.31871
2011-10-25 09:00:00,238.95647
2011-10-25 10:00:00,258.1998
2011-10-25 11:00:00,274.4558
2011-10-25 12:00:00,310.98428
2011-10-25 13:00:00,324.19772
2011-10-25 14:00:00,308.62643
2011-10-25 15:00:00,310.44135
2011-10-25 16:00:00,314.78268
2011-10-25 17:00:00,310.44135
2011-10-25 18:00:00,283.8726
2011-10-25 19:00:00,201.29773
2011-10-25 20:00:00,191.20284
2011-10-25 21:00:00,171.8331
2011-10-25 22:00:00,195.54413
2011-10-25 23:00:00,171.8331
2011-10-26 00:00:00,174.72893
2011-10-26 01:00:00,192.71158
2011-10-26 02:00:00,188.37029
2011-10-26 03:00:00,191.2661
2011-10-26 04:00:00,174.88849
2011-10-26 05:00:00,173.44302
2011-10-26 06:00:00,173.44302
2011-10-26 07:00:00,170.5472
2011-10-26 08:00:00,195.47993
2011-10-26 09:00:00,220.48172
2011-10-26 10:00:00,236.42651
2011-10-26 11:00:00,243.43787
2011-10-26 12:00:00,285.0371
2011-10-26 13:00:00,252.37029
2011-10-26 14:00:00,178.85999
2011-10-26 15:00:00,178.85999
2011-10-26 16:00:00,183.20615
2011-10-26 17:00:00,183.92891
2011-10-26 18:00:00,181.16054
2011-10-26 19:00:00,152.3554
2011-10-26 20:00:00,134.25119
2011-10-26 21:00:00,178.85999
2011-10-26 22:00:00,138.53314
2011-10-26 23:00:00,138.53314
2011-10-27 00:00:00,104.665016
2011-10-27 01:00:00,104.665016
2011-10-27 02:00:00,115.99336
2011-10-27 03:00:00,115.993355
2011-10-27 04:00:00,139.85117
2011-10-27 05:00:00,144.19734
2011-10-27 06:00:00,163.68373
2011-10-27 07:00:00,114.675354
2011-10-27 08:00:00,149.26138
2011-10-27 09:00:00,165.98427
2011-10-27 10:00:00,154.98975
2011-10-27 11:00:00,152.0939
2011-10-27 12:00:00,152.0939
2011-10-27 13:00:00,147.88008
2011-10-27 14:00:00,160.7558
2011-10-27 15:00:00,165.82469
2011-10-27 16:00:00,210.37616
2011-10-27 17:00:00,210.63707
2011-10-27 18:00:00,219.99551
2011-10-27 19:00:00,208.51357
2011-10-27 20:00:00,198.54126
2011-10-27 21:00:00,209.35008
2011-10-27 22:00:00,169.05331
2011-10-27 23:00:00,174.76799
2011-10-28 00:00:00,155.55276
2011-10-28 01:00:00,149.7992
2011-10-28 02:00:00,151.24953
2011-10-28 03:00:00,133.45169
2011-10-28 04:00:00,148.53854
2011-10-28 05:00:00,164.82184
2011-10-28 06:00:00,141.33456
2011-10-28 07:00:00,141.33456
2011-10-28 08:00:00,160.608
2011-10-28 09:00:00,175.51
2011-10-28 10:00:00,181.2636
2011-10-28 11:00:00,211.9499
2011-10-28 12:00:00,258.26776
2011-10-28 13:00:00,255.12886
2011-10-28 14:00:00,228.2332
2011-10-28 15:00:00,236.34474
2011-10-28 16:00:00,226.78772
2011-10-28 17:00:00,213.26793
2011-10-28 18:00:00,205.66614
2011-10-28 19:00:00,213.26793
2011-10-28 20:00:00,180.5225
2011-10-28 21:00:00,148.55313
2011-10-28 22:00:00,129.69319
2011-10-28 23:00:00,109.925705
2011-10-29 00:00:00,85.84135
2011-10-29 01:00:00,91.56972
2011-10-29 02:00:00,91.56972
2011-10-29 03:00:00,115.46555
2011-10-29 04:00:00,115.46555
2011-10-29 05:00:00,61.06824
2011-10-29 06:00:00,79.17243
2011-10-29 07:00:00,79.17243
2011-10-29 08:00:00,88.73717
2011-10-29 09:00:00,88.73717
2011-10-29 10:00:00,59.62274
2011-10-29 11:00:00,62.518574
2011-10-29 12:00:00,76.1221
2011-10-29 13:00:00,77.57244
2011-10-29 14:00:00,73.95387
2011-10-29 15:00:00,48.328495
2011-10-29 16:00:00,48.140793
2011-10-29 17:00:00,48.140793
2011-10-29 18:00:00,48.140793
2011-10-29 19:00:00,62.090473
2011-10-29 20:00:00,62.090473
2011-10-29 21:00:00,62.09048
2011-10-29 22:00:00,53.658867
2011-10-29 23:00:00,56.0449
2011-10-30 00:00:00,53.658867
2011-10-30 01:00:00,55.10435
2011-10-30 02:00:00,56.554684
2011-10-30 03:00:00,98.29889
2011-10-30 04:00:00,76.0382
2011-10-30 05:00:00,95.40306
2011-10-30 06:00:00,97.06634
2011-10-30 07:00:00,100.05531
2011-10-30 08:00:00,120.272446
2011-10-30 09:00:00,148.28673
2011-10-30 10:00:00,165.7722
2011-10-30 11:00:00,204.09631
2011-10-30 12:00:00,225.07396
2011-10-30 13:00:00,253.39944
2011-10-30 14:00:00,272.76434
2011-10-30 15:00:00,280.3709
2011-10-30 16:00:00,287.97272
2011-10-30 17:00:00,271.74677
2011-10-30 18:00:00,238.97592
2011-10-30 19:00:00,284.84177
2011-10-30 20:00:00,183.06021
2011-10-30 21:00:00,150.17555
2011-10-30 22:00:00,117.26563
2011-10-30 23:00:00,69.57528
2011-10-31 00:00:00,68.37674
2011-10-31 01:00:00,86.480934
2011-10-31 02:00:00,62.64837
2011-10-31 03:00:00,60.069775
2011-10-31 04:00:00,62.648357
2011-10-31 05:00:00,38.79057
2011-10-31 06:00:00,62.64837
2011-10-31 07:00:00,44.544167
2011-10-31 08:00:00,79.79452
2011-10-31 09:00:00,124.784744
2011-10-31 10:00:00,193.59668
2011-10-31 11:00:00,226.7332
2011-10-31 12:00:00,254.91196
2011-10-31 13:00:00,266.3297
2011-10-31 14:00:00,257.2776
2011-10-31 15:00:00,248.7176
2011-10-31 16:00:00,221.84242
2011-10-31 17:00:00,220.39209
2011-10-31 18:00:00,176.28711
2011-10-31 19:00:00,176.28711
2011-10-31 20:00:00,176.28711
2011-10-31 21:00:00,137.71219
2011-10-31 22:00:00,137.71219
2011-10-31 23:00:00,137.71219
2011-11-20 00:00:00,175.35062
2011-11-20 01:00:00,197.515
2011-11-20 02:00:00,198.96532
2011-11-20 03:00:00,192.56003
2011-11-20 04:00:00,177.47319
2011-11-20 05:00:00,195.27103
2011-11-20 06:00:00,193.82071
2011-11-20 07:00:00,186.71101
2011-11-20 08:00:00,183.20158
2011-11-20 09:00:00,174.482
2011-11-20 10:00:00,177.25035
2011-11-20 11:00:00,221.61694
2011-11-20 12:00:00,223.06245
2011-11-20 13:00:00,246.5176
2011-11-20 14:00:00,228.94353
2011-11-20 15:00:00,216.62505
2011-11-20 16:00:00,228.81604
2011-11-20 17:00:00,231.71188
2011-11-20 18:00:00,234.44809
2011-11-20 19:00:00,194.46066
2011-11-20 20:00:00,212.2837
2011-11-20 21:00:00,172.92273
2011-11-20 22:00:00,139.64229
2011-11-20 23:00:00,139.64229
2011-11-21 00:00:00,110.329185
2011-11-21 01:00:00,125.40358
2011-11-21 02:00:00,101.57101
2011-11-21 03:00:00,98.67518
2011-11-21 04:00:00,98.67518
2011-11-21 05:00:00,86.49662
2011-11-21 06:00:00,80.743004
2011-11-21 07:00:00,118.29392
2011-11-21 08:00:00,110.329185
2011-11-21 09:00:00,121.15168
2011-11-21 10:00:00,160.7558
2011-11-21 11:00:00,165.82469
2011-11-21 12:00:00,179.62079
2011-11-21 13:00:00,179.62079
2011-11-21 14:00:00,161.70142
2011-11-21 15:00:00,121.12555
2011-11-21 16:00:00,121.12555
2011-11-21 17:00:00,118.99049
2011-11-21 18:00:00,132.0258
2011-11-21 19:00:00,108.193214
2011-11-21 20:00:00,130.76514
2011-11-21 21:00:00,127.86931
2011-11-21 22:00:00,126.41899
2011-11-21 23:00:00,127.86931
2011-11-22 00:00:00,98.09831
2011-11-22 01:00:00,105.2974
2011-11-22 02:00:00,79.99412
2011-11-22 03:00:00,79.99412
2011-11-22 04:00:00,100.99414
2011-11-22 05:00:00,100.99414
2011-11-22 06:00:00,92.43414
2011-11-22 07:00:00,103.88998
2011-11-22 08:00:00,103.88998
2011-11-22 09:00:00,98.783005
2011-11-22 10:00:00,98.783005
2011-11-22 11:00:00,105.2974
2011-11-22 12:00:00,85.02497
2011-11-22 13:00:00,90.75334
2011-11-22 14:00:00,90.75334
2011-11-22 15:00:00,110.264984
2011-11-22 16:00:00,110.264984
2011-11-22 17:00:00,96.50694
2011-11-22 18:00:00,92.16079
2011-11-22 19:00:00,121.06228
2011-11-22 20:00:00,103.08554
2011-11-22 21:00:00,104.53102
2011-11-22 22:00:00,131.22137
2011-11-22 23:00:00,128.38882
2011-11-23 00:00:00,128.38882
2011-11-23 01:00:00,130.5619
2011-11-23 02:00:00,144.85025
2011-11-23 03:00:00,144.85027
2011-11-23 04:00:00,168.70807
2011-11-23 05:00:00,119.73939
2011-11-23 06:00:00,86.49662
2011-11-23 07:00:00,96.57115
2011-11-23 08:00:00,121.15168
2011-11-23 09:00:00,136.97496
2011-11-23 10:00:00,136.97496
2011-11-23 11:00:00,208.46397
2011-11-23 12:00:00,248.36668
2011-11-23 13:00:00,249.18484
2011-11-23 14:00:00,236.32155
2011-11-23 15:00:00,241.26299
2011-11-23 16:00:00,212.11844
2011-11-23 17:00:00,181.25415
2011-11-23 18:00:00,227.0837
2011-11-23 19:00:00,209.15152
2011-11-23 20:00:00,179.86986
2011-11-23 21:00:00,194.76411
2011-11-23 22:00:00,176.21832
2011-11-23 23:00:00,171.87216
2011-11-24 00:00:00,167.71527
2011-11-24 01:00:00,173.31436
2011-11-24 02:00:00,152.81323
2011-11-24 03:00:00,131.58456
2011-11-24 04:00:00,151.05054
2011-11-24 05:00:00,151.77327
2011-11-24 06:00:00,151.05054
2011-11-24 07:00:00,94.21181
2011-11-24 08:00:00,138.98108
2011-11-24 09:00:00,158.18631
2011-11-24 10:00:00,179.82054
2011-11-24 11:00:00,259.78784
2011-11-24 12:00:00,282.73813
2011-11-24 13:00:00,297.54382
2011-11-24 14:00:00,312.92548
2011-11-24 15:00:00,310.75238
2011-11-24 16:00:00,303.1506
2011-11-24 17:00:00,291.75214
2011-11-24 18:00:00,222.49861
2011-11-24 19:00:00,205.4235
2011-11-24 20:00:00,122.80779
2011-11-24 21:00:00,137.89464
2011-11-24 22:00:00,137.89464
2011-11-24 23:00:00,117.99473
2011-11-25 00:00:00,124.84893
2011-11-25 01:00:00,124.53169
2011-11-25 02:00:00,89.655945
2011-11-25 03:00:00,107.76015
2011-11-25 04:00:00,117.32487
2011-11-25 05:00:00,110.33874
2011-11-25 06:00:00,83.90234
2011-11-25 07:00:00,86.480934
2011-11-25 08:00:00,85.347824
2011-11-25 09:00:00,118.80333
2011-11-25 10:00:00,145.68938
2011-11-25 11:00:00,177.00986
2011-11-25 12:00:00,239.4807
2011-11-25 13:00:00,274.8585
2011-11-25 14:00:00,298.71628
2011-11-25 15:00:00,306.31805
2011-11-25 16:00:00,290.0669
2011-11-25 17:00:00,302.2579
2011-11-25 18:00:00,259.8795
2011-11-25 19:00:00,174.65195
2011-11-25 20:00:00,200.42601
2011-11-25 21:00:00,145.37216
2011-11-25 22:00:00,140.15356
2011-11-25 23:00:00,125.789474
2011-11-26 00:00:00,126.988
2011-11-26 01:00:00,120.51167
2011-11-26 02:00:00,100.41921
2011-11-26 03:00:00,99.16143
2011-11-26 04:00:00,99.16143
2011-11-26 05:00:00,118.523415
2011-11-26 06:00:00,123.46484
2011-11-26 07:00:00,66.99669
2011-11-26 08:00:00,120.51167
2011-11-26 09:00:00,126.26527
2011-11-26 10:00:00,116.39701
2011-11-26 11:00:00,190.27786
2011-11-26 12:00:00,229.88193
2011-11-26 13:00:00,262.4855
2011-11-26 14:00:00,262.59464
2011-11-26 15:00:00,284.98166
2011-11-26 16:00:00,259.85834
2011-11-26 17:00:00,259.85834
2011-11-26 18:00:00,204.5662
2011-11-26 19:00:00,168.06299
2011-11-26 20:00:00,208.67094
2011-11-26 21:00:00,124.77219
2011-11-26 22:00:00,142.87639
2011-11-26 23:00:00,116.39701
2011-11-27 00:00:00,116.39701
2011-11-27 01:00:00,116.39701
2011-11-27 02:00:00,110.6434
2011-11-27 03:00:00,92.53921
2011-11-27 04:00:00,93.796974
2011-11-27 05:00:00,100.05552
2011-11-27 06:00:00,127.07275
2011-11-27 07:00:00,114.881744
2011-11-27 08:00:00,139.34074
2011-11-27 09:00:00,186.00201
2011-11-27 10:00:00,186.00201
2011-11-27 11:00:00,228.25883
2011-11-27 12:00:00,257.26904
2011-11-27 13:00:00,240.85344
2011-11-27 14:00:00,339.60483
2011-11-27 15:00:00,330.9174
2011-11-27 16:00:00,273.61652
2011-11-27 17:00:00,252.92288
2011-11-27 18:00:00,218.84863
2011-11-27 19:00:00,203.9466
2011-11-27 20:00:00,223.18996
2011-11-27 21:00:00,206.84245
2011-11-27 22:00:00,190.30527
2011-11-27 23:00:00,190.30527
2011-11-28 00:00:00,169.71661
2011-11-28 01:00:00,170.43938
2011-11-28 03:00:00,127.9014
2011-11-28 04:00:00,139.49123
2011-11-28 05:00:00,108.57625
2011-11-28 06:00:00,133.73761
2011-11-28 07:00:00,111.287224
2011-11-28 08:00:00,98.847206
2011-11-28 09:00:00,133.56558
2011-11-28 10:00:00,173.89241
2011-11-28 11:00:00,211.08519
2011-11-28 12:00:00,241.04192
2011-11-28 13:00:00,259.46027
2011-11-28 14:00:00,274.81946
2011-11-28 15:00:00,249.69135
2011-11-28 16:00:00,245.38329
2011-11-28 17:00:00,263.2063
2011-11-28 18:00:00,234.76411
2011-11-28 19:00:00,201.87943
2011-11-28 20:00:00,208.9891
2011-11-28 21:00:00,195.47415
2011-11-28 22:00:00,165.82469
2011-11-28 23:00:00,167.27019
2011-11-29 00:00:00,155.0916
2011-11-29 01:00:00,159.43779
2011-11-29 02:00:00,139.91536
2011-11-29 03:00:00,139.91536
2011-11-29 04:00:00,176.68524
2011-11-29 05:00:00,148.00755
2011-11-29 06:00:00,168.848
2011-11-29 07:00:00,184.05635
2011-11-29 08:00:00,192.70578
2011-11-29 09:00:00,228.34636
2011-11-29 10:00:00,228.34636
2011-11-29 11:00:00,160.05864
2011-11-29 12:00:00,160.99055
2011-11-29 13:00:00,169.56299
2011-11-29 14:00:00,108.19323
2011-11-29 15:00:00,135.83405
2011-11-29 16:00:00,130.76514
2011-11-29 17:00:00,128.71954
2011-11-29 18:00:00,143.80637
2011-11-29 19:00:00,145.2567
2011-11-29 20:00:00,120.79284
2011-11-29 21:00:00,120.79284
2011-11-29 22:00:00,132.38861
2011-11-29 23:00:00,137.62672
2011-11-30 00:00:00,181.31535
2011-11-30 01:00:00,155.33983
2011-11-30 02:00:00,137.22478
2011-11-30 03:00:00,137.22478
2011-11-30 04:00:00,115.46902
2011-11-30 05:00:00,90.16088
2011-11-30 06:00:00,65.79815
2011-11-30 07:00:00,83.90234
2011-11-30 08:00:00,90.16088
2011-11-30 09:00:00,118.36485
2011-11-30 10:00:00,154.1073
2011-11-30 11:00:00,216.87486
2011-11-30 12:00:00,207.62141
2011-11-30 13:00:00,258.62585
2011-11-30 14:00:00,258.62585
2011-11-30 15:00:00,225.25189
2011-11-30 16:00:00,223.07884
2011-11-30 17:00:00,212.29922
2011-11-30 18:00:00,206.63507
2011-11-30 19:00:00,184.07002
2011-11-30 20:00:00,184.07002
2011-11-30 21:00:00,191.73306
2011-11-30 22:00:00,172.5812
2011-11-30 23:00:00,178.19955
2011-12-20 00:00:00,188.84782
2011-12-20 01:00:00,199.68471
2011-12-20 02:00:00,175.45639
2011-12-20 03:00:00,175.45639
2011-12-20 04:00:00,206.58147
2011-12-20 05:00:00,193.27945
2011-12-20 06:00:00,193.27945
2011-12-20 07:00:00,178.19261
2011-12-20 08:00:00,223.88805
2011-12-20 09:00:00,166.12315
2011-12-20 10:00:00,216.8826
2011-12-20 11:00:00,197.6393
2011-12-20 12:00:00,231.80989
2011-12-20 13:00:00,231.80989
2011-12-20 14:00:00,218.29494
2011-12-20 15:00:00,225.29549
2011-12-20 16:00:00,219.63132
2011-12-20 17:00:00,191.97514
2011-12-20 18:00:00,175.59756
2011-12-20 19:00:00,166.18735
2011-12-20 20:00:00,160.45898
2011-12-20 21:00:00,160.96878
2011-12-20 22:00:00,166.12315
2011-12-20 23:00:00,183.92099
2011-12-21 00:00:00,77.74589
2011-12-21 01:00:00,100.95198
2011-12-21 02:00:00,84.63261
2011-12-21 03:00:00,84.63261
2011-12-21 04:00:00,84.63261
2011-12-21 05:00:00,62.238827
2011-12-21 06:00:00,36.35473
2011-12-21 07:00:00,37.58727
2011-12-21 08:00:00,23.914715
2011-12-21 09:00:00,58.697247
2011-12-21 10:00:00,106.158226
2011-12-21 11:00:00,106.158226
2011-12-21 12:00:00,86.51911
2011-12-21 13:00:00,58.340385
2011-12-21 14:00:00,85.1582
2011-12-21 15:00:00,86.608536
2011-12-21 16:00:00,41.686523
2011-12-21 17:00:00,41.686523
2011-12-21 18:00:00,34.57203
2011-12-21 19:00:00,71.336876
2011-12-21 20:00:00,72.782364
2011-12-21 21:00:00,81.60385
2011-12-21 22:00:00,80.15351
2011-12-21 23:00:00,77.25768
2011-12-22 00:00:00,96.68473
2011-12-22 01:00:00,36.879086
2011-12-22 02:00:00,85.2922
2011-12-22 03:00:00,121.96656
2011-12-22 04:00:00,58.02014
2011-12-22 05:00:00,51.505753
2011-12-22 06:00:00,30.690565
2011-12-22 07:00:00,6.8327723
2011-12-22 08:00:00,36.35473
2011-12-22 09:00:00,46.429264
2011-12-22 10:00:00,67.2697
2011-12-22 11:00:00,89.49234
2011-12-22 12:00:00,167.35637
2011-12-22 13:00:00,137.46385
2011-12-22 14:00:00,137.46385
2011-12-22 15:00:00,155.28691
2011-12-22 16:00:00,137.46385
2011-12-22 17:00:00,127.63075
2011-12-22 18:00:00,139.09901
2011-12-22 19:00:00,134.75284
2011-12-22 20:00:00,107.50709
2011-12-22 21:00:00,107.50709
2011-12-22 22:00:00,25.147253
2011-12-22 23:00:00,53.50087
2011-12-23 00:00:00,62.91108
2011-12-23 01:00:00,62.91108
2011-12-23 02:00:00,33.140076
2011-12-23 03:00:00,33.140076
2011-12-23 04:00:00,40.382053
2011-12-23 05:00:00,14.349073
2011-12-23 06:00:00,63.811794
2011-12-23 07:00:00,62.366306
2011-12-23 08:00:00,87.6696
2011-12-23 09:00:00,120.01635
2011-12-23 10:00:00,134.98164
2011-12-23 11:00:00,151.39725
2011-12-23 12:00:00,167.08528
2011-12-23 13:00:00,176.25896
2011-12-23 14:00:00,162.0164
2011-12-23 15:00:00,153.36697
2011-12-23 16:00:00,162.54063
2011-12-23 17:00:00,136.49411
2011-12-23 18:00:00,143.1553
2011-12-23 19:00:00,129.29013
2011-12-23 20:00:00,102.10572
2011-12-23 21:00:00,97.036804
2011-12-23 22:00:00,84.33599
2011-12-23 23:00:00,85.25131
2011-12-24 00:00:00,77.68378
2011-12-24 01:00:00,89.43601
2011-12-24 02:00:00,89.94581
2011-12-24 03:00:00,77.87633
2011-12-24 04:00:00,89.753235
2011-12-24 05:00:00,89.753235
2011-12-24 06:00:00,56.84334
2011-12-24 07:00:00,68.0287
2011-12-24 08:00:00,58.146755
2011-12-24 09:00:00,146.35872
2011-12-24 10:00:00,155.21823
2011-12-24 11:00:00,167.32068
2011-12-24 12:00:00,173.26685
2011-12-24 13:00:00,170.15323
2011-12-24 14:00:00,170.15323
2011-12-24 15:00:00,164.61742
2011-12-24 16:00:00,157.95135
2011-12-24 17:00:00,134.52148
2011-12-24 18:00:00,150.97006
2011-12-24 19:00:00,120.796394
2011-12-24 20:00:00,95.57682
2011-12-24 21:00:00,93.21601
2011-12-24 22:00:00,103.05104
2011-12-24 23:00:00,83.33405
2011-12-25 00:00:00,73.02732
2011-12-25 01:00:00,41.057953
2011-12-25 02:00:00,28.433035
2011-12-25 03:00:00,36.950092
2011-12-25 05:00:00,19.591024
2011-12-25 06:00:00,19.591024
2011-12-25 07:00:00,10.232582
2011-12-25 08:00:00,3.563641
2011-12-25 09:00:00,-6.075953
2011-12-25 10:00:00,18.286804
2011-12-25 11:00:00,66.26598
2011-12-25 12:00:00,50.046047
2011-12-25 13:00:00,72.52451
2011-12-25 14:00:00,105.43444
2011-12-25 15:00:00,106.349754
2011-12-25 16:00:00,123.64264
2011-12-25 17:00:00,103.45393
2011-12-25 18:00:00,73.46508
2011-12-25 19:00:00,113.606155
2011-12-25 20:00:00,135.57687
2011-12-25 21:00:00,107.058784
2011-12-25 22:00:00,83.85756
2011-12-25 23:00:00,68.42052
2011-12-26 00:00:00,15.410824
2011-12-26 01:00:00,91.3966
2011-12-26 02:00:00,140.25618
2011-12-26 04:00:00,140.03838
2011-12-26 05:00:00,156.45401
2011-12-26 06:00:00,140.41577
2011-12-26 07:00:00,139.90598
2011-12-26 08:00:00,140.8213
2011-12-26 09:00:00,140.03838
2011-12-26 10:00:00,159.15727
2011-12-26 11:00:00,149.98364
2011-12-26 12:00:00,162.80879
2011-12-26 13:00:00,184.91956
2011-12-26 14:00:00,186.36989
2011-12-26 15:00:00,182.74649
2011-12-26 16:00:00,157.9325
2011-12-26 17:00:00,140.25618
2011-12-26 18:00:00,126.583595
2011-12-26 19:00:00,72.577354
2011-12-26 20:00:00,99.73364
2011-12-26 21:00:00,45.473507
2011-12-26 22:00:00,45.4735
2011-12-26 23:00:00,42.894917
2011-12-27 00:00:00,49.77434
2011-12-27 01:00:00,52.135147
2011-12-27 02:00:00,52.135147
2011-12-27 03:00:00,96.97262
2011-12-27 04:00:00,84.90316
2011-12-27 05:00:00,86.97997
2011-12-27 06:00:00,96.754814
2011-12-27 07:00:00,87.79898
2011-12-27 08:00:00,85.81846
2011-12-27 09:00:00,95.13418
2011-12-27 10:00:00,88.74725
2011-12-27 11:00:00,95.13418
2011-12-27 12:00:00,43.42256
2011-12-27 13:00:00,23.650236
2011-12-27 14:00:00,93.14134
2011-12-27 15:00:00,93.14134
2011-12-27 16:00:00,77.89493
2011-12-27 17:00:00,60.015255
2011-12-27 18:00:00,50.1753
2011-12-27 19:00:00,25.254177
2011-12-27 20:00:00,1.6141863
2011-12-27 21:00:00,19.71839
2011-12-27 22:00:00,19.71839
2011-12-27 23:00:00,-5.782315
2011-12-28 00:00:00,19.525818
2011-12-28 01:00:00,52.716846
2011-12-28 02:00:00,98.48229
2011-12-28 03:00:00,98.48229
2011-12-28 05:00:00,111.80955
2011-12-28 06:00:00,110.55176
2011-12-28 07:00:00,110.55176
2011-12-28 08:00:00,111.80955
2011-12-28 09:00:00,114.17519
2011-12-28 10:00:00,114.85988
2011-12-28 11:00:00,160.29367
2011-12-28 12:00:00,156.32803
2011-12-28 13:00:00,173.10828
2011-12-28 14:00:00,167.57248
2011-12-28 15:00:00,178.07007
2011-12-28 16:00:00,172.31647
2011-12-28 17:00:00,156.39978
2011-12-28 18:00:00,146.64732
2011-12-28 19:00:00,132.05457
2011-12-28 20:00:00,130.60909
2011-12-28 21:00:00,115.29359
2011-12-28 22:00:00,117.659225
2011-12-28 23:00:00,117.248856
2011-12-29 00:00:00,114.80149
2011-12-29 01:00:00,106.75127
2011-12-29 02:00:00,90.809296
2011-12-29 03:00:00,75.43363
2011-12-29 04:00:00,77.799286
2011-12-29 05:00:00,78.73983
2011-12-29 06:00:00,69.24894
2011-12-29 07:00:00,45.107178
2011-12-29 08:00:00,59.82629
2011-12-29 09:00:00,54.85682
2011-12-29 10:00:00,62.060757
2011-12-29 11:00:00,80.076385
2011-12-29 12:00:00,98.59697
2011-12-29 13:00:00,116.420044
2011-12-29 14:00:00,124.72699
2011-12-29 15:00:00,125.26202
2011-12-29 16:00:00,119.380035
2011-12-29 17:00:00,92.22375
2011-12-29 18:00:00,105.86024
2011-12-29 19:00:00,108.25113
2011-12-29 20:00:00,71.5301
2011-12-29 21:00:00,90.70922
2011-12-29 22:00:00,72.975586
2011-12-29 23:00:00,80.15429
2011-12-30 00:00:00,57.888744
2011-12-30 01:00:00,68.89012
2011-12-30 02:00:00,44.96128
2011-12-30 03:00:00,44.96128
2011-12-30 04:00:00,44.238537
2011-12-30 05:00:00,27.234491
2011-12-30 06:00:00,44.238537
2011-12-30 07:00:00,29.151709
2011-12-30 08:00:00,34.81589
2011-12-30 09:00:00,38.181423
2011-12-30 10:00:00,80.68446
2011-12-30 11:00:00,84.33599
2011-12-30 12:00:00,112.407616
2011-12-30 13:00:00,137.81209
2011-12-30 14:00:00,172.87755
2011-12-30 15:00:00,177.64767
2011-12-30 16:00:00,178.00578
2011-12-30 17:00:00,143.95676
2011-12-30 18:00:00,104.99161
2011-12-30 19:00:00,150.23683
2011-12-30 20:00:00,95.2236
2011-12-30 21:00:00,100.95198
2011-12-30 22:00:00,79.19623
2011-12-30 23:00:00,100.54161
2011-12-31 00:00:00,134.64526
2011-12-31 01:00:00,138.2258
2011-12-31 02:00:00,138.2258
2011-12-31 03:00:00,138.2258
2011-12-31 04:00:00,96.75589
2011-12-31 05:00:00,73.95736
2011-12-31 06:00:00,101.65927
2011-12-31 07:00:00,82.13684
2011-12-31 08:00:00,43.106586
2011-12-31 09:00:00,70.8085
2011-12-31 10:00:00,84.52683
2011-12-31 11:00:00,105.34202
2011-12-31 12:00:00,237.1297
2011-12-31 13:00:00,231.73422
2011-12-31 14:00:00,185.13606
2011-12-31 15:00:00,205.1654
2011-12-31 16:00:00,182.3035
2011-12-31 17:00:00,158.08273
2011-12-31 18:00:00,155.18694
2011-12-31 19:00:00,159.5331
2011-12-31 20:00:00,159.5331
2011-12-31 21:00:00,140.28491
2011-12-31 22:00:00,119.56603
2011-12-31 23:00:00,95.25379
2012-01-20 00:00:00,120.68746
2012-01-20 01:00:00,118.51721
2012-01-20 02:00:00,118.51721
2012-01-20 03:00:00,99.2739
2012-01-20 04:00:00,69.38136
2012-01-20 05:00:00,69.38136
2012-01-20 06:00:00,72.33857
2012-01-20 07:00:00,40.3692
2012-01-20 08:00:00,56.901524
2012-01-20 09:00:00,110.90488
2012-01-20 10:00:00,124.363365
2012-01-20 11:00:00,154.62563
2012-01-20 12:00:00,147.14539
2012-01-20 13:00:00,155.63037
2012-01-20 14:00:00,152.24242
2012-01-20 15:00:00,151.00989
2012-01-20 16:00:00,137.77606
2012-01-20 17:00:00,162.64543
2012-01-20 18:00:00,147.04594
2012-01-20 19:00:00,138.7166
2012-01-20 20:00:00,147.04594
2012-01-20 21:00:00,137.99387
2012-01-20 22:00:00,136.86076
2012-01-20 23:00:00,45.73769
2012-01-21 00:00:00,46.936226
2012-01-21 01:00:00,-20.960365
2012-01-21 02:00:00,-16.928616
2012-01-21 03:00:00,-41.351517
2012-01-21 04:00:00,-14.476368
2012-01-21 05:00:00,-17.589998
2012-01-21 06:00:00,-39.626873
2012-01-21 07:00:00,-39.626873
2012-01-21 08:00:00,-44.786106
2012-01-21 09:00:00,-44.786106
2012-01-21 10:00:00,-39.12195
2012-01-21 11:00:00,-13.689434
2012-01-21 12:00:00,9.227823
2012-01-21 13:00:00,9.757999
2012-01-21 14:00:00,12.526371
2012-01-21 15:00:00,12.526373
2012-01-21 16:00:00,8.094724
2012-01-21 17:00:00,12.440884
2012-01-21 18:00:00,27.527704
2012-01-21 19:00:00,2.8761468
2012-01-21 20:00:00,2.3663557
2012-01-21 21:00:00,12.420361
2012-01-21 22:00:00,20.470566
2012-01-21 23:00:00,-5.560328
2012-01-22 00:00:00,-12.862551
2012-01-22 01:00:00,20.470566
2012-01-22 02:00:00,19.74783
2012-01-22 03:00:00,34.83463
2012-01-22 04:00:00,-2.2569423
2012-01-22 05:00:00,16.762558
2012-01-22 06:00:00,11.098383
2012-01-22 07:00:00,11.098383
2012-01-22 08:00:00,11.098383
2012-01-22 09:00:00,11.098383
2012-01-22 10:00:00,10.183083
2012-01-22 11:00:00,0.10384607
2012-01-22 12:00:00,-7.0058026
2012-01-22 13:00:00,-3.7044644
2012-01-22 14:00:00,-6.065271
2012-01-22 15:00:00,-8.456152
2012-01-22 16:00:00,-8.456152
2012-01-22 17:00:00,-5.1499486
2012-01-22 18:00:00,-17.589998
2012-01-22 19:00:00,-17.589998
2012-01-22 20:00:00,-18.505283
2012-01-22 21:00:00,-17.589998
2012-01-22 22:00:00,-41.26211
2012-01-22 23:00:00,-44.375717
2012-01-23 00:00:00,-12.309393
2012-01-23 01:00:00,-14.887964
2012-01-23 02:00:00,-14.887964
2012-01-23 03:00:00,-12.309387
2012-01-23 04:00:00,11.548426
2012-01-23 05:00:00,-6.555774
2012-01-23 06:00:00,-6.555774
2012-01-23 07:00:00,-0.89160776
2012-01-23 08:00:00,-5.8610873
2012-01-23 09:00:00,-9.857103
2012-01-23 10:00:00,-27.677347
2012-01-23 11:00:00,-30.978682
2012-01-23 12:00:00,-21.948984
2012-01-23 13:00:00,-15.749767
2012-01-23 14:00:00,-18.333197
2012-01-23 15:00:00,-47.504982
2012-01-23 16:00:00,-19.714518
2012-01-23 17:00:00,-27.826063
2012-01-23 18:00:00,-21.164852
2012-01-23 19:00:00,-13.960913
2012-01-23 20:00:00,-35.082485
2012-01-23 21:00:00,-33.127193
2012-01-23 22:00:00,-33.127193
2012-01-23 23:00:00,-4.0789456
2012-01-24 00:00:00,-17.808857
2012-01-24 01:00:00,7.590736
2012-01-24 02:00:00,6.1452456
2012-01-24 03:00:00,9.446584
2012-01-24 04:00:00,-19.571575
2012-01-24 05:00:00,-19.571575
2012-01-24 06:00:00,8.531275
2012-01-24 07:00:00,9.446585
2012-01-24 08:00:00,9.446585
2012-01-24 09:00:00,25.382563
2012-01-24 10:00:00,1.6141863
2012-01-24 11:00:00,23.803858
2012-01-24 12:00:00,25.254177
2012-01-24 13:00:00,25.254177
2012-01-24 14:00:00,52.007805
2012-01-24 15:00:00,104.07931
2012-01-24 16:00:00,96.96479
2012-01-24 17:00:00,112.594376
2012-01-24 18:00:00,121.952866
2012-01-24 19:00:00,166.62585
2012-01-24 20:00:00,52.399612
2012-01-24 21:00:00,78.96843
2012-01-24 22:00:00,37.31278
2012-01-24 23:00:00,52.399612
2012-01-25 00:00:00,-16.131182
2012-01-25 01:00:00,64.15214
2012-01-25 02:00:00,56.9482
2012-01-25 03:00:00,36.133
2012-01-25 04:00:00,51.72963
2012-01-25 05:00:00,51.72963
2012-01-25 06:00:00,34.053345
2012-01-25 07:00:00,28.0186
2012-01-25 08:00:00,44.55092
2012-01-25 09:00:00,44.55092
2012-01-25 10:00:00,55.755756
2012-01-25 11:00:00,96.754814
2012-01-25 12:00:00,124.47707
2012-01-25 13:00:00,138.4638
2012-01-25 14:00:00,140.13193
2012-01-25 15:00:00,154.40262
2012-01-25 16:00:00,127.84465
2012-01-25 17:00:00,133.59827
2012-01-25 18:00:00,85.25131
2012-01-25 19:00:00,133.1916
2012-01-25 20:00:00,99.42283
2012-01-25 21:00:00,79.83706
2012-01-25 22:00:00,80.372086
2012-01-25 23:00:00,79.772865
2012-01-26 00:00:00,47.020596
2012-01-26 01:00:00,49.59919
2012-01-26 02:00:00,46.080044
2012-01-26 03:00:00,50.10898
2012-01-26 04:00:00,43.935024
2012-01-26 05:00:00,56.585335
2012-01-26 06:00:00,31.494995
2012-01-26 07:00:00,32.00479
2012-01-26 08:00:00,32.00479
2012-01-26 09:00:00,37.223354
2012-01-26 10:00:00,36.09025
2012-01-26 11:00:00,20.376944
2012-01-26 12:00:00,47.57222
2012-01-26 13:00:00,90.360954
2012-01-26 14:00:00,101.183464
2012-01-26 15:00:00,106.911835
2012-01-26 16:00:00,100.46073
2012-01-26 17:00:00,101.842926
2012-01-26 18:00:00,101.842926
2012-01-26 19:00:00,86.096634
2012-01-26 20:00:00,69.43792
2012-01-26 21:00:00,86.096634
2012-01-26 22:00:00,56.574657
2012-01-26 23:00:00,62.92352
2012-01-27 00:00:00,75.22956
2012-01-27 01:00:00,58.697247
2012-01-27 02:00:00,33.293716
2012-01-27 03:00:00,46.199875
2012-01-27 04:00:00,23.090069
2012-01-27 05:00:00,48.372955
2012-01-27 06:00:00,30.268732
2012-01-27 07:00:00,28.818403
2012-01-27 08:00:00,92.932175
2012-01-27 09:00:00,92.932175
2012-01-27 10:00:00,45.20377
2012-01-27 11:00:00,56.193462
2012-01-27 12:00:00,81.47637
2012-01-27 13:00:00,177.79497
2012-01-27 14:00:00,194.20572
2012-01-27 15:00:00,189.69112
2012-01-27 16:00:00,189.06485
2012-01-27 17:00:00,187.77895
2012-01-27 18:00:00,177.70445
2012-01-27 19:00:00,149.67455
2012-01-27 20:00:00,129.60736
2012-01-27 21:00:00,133.76097
2012-01-27 22:00:00,143.1272
2012-01-27 23:00:00,138.84431
2012-01-28 00:00:00,122.55913
2012-01-28 01:00:00,120.5786
2012-01-28 02:00:00,84.64046
2012-01-28 03:00:00,85.17549
2012-01-28 04:00:00,81.14655
2012-01-28 05:00:00,30.350256
2012-01-28 06:00:00,48.738445
2012-01-28 07:00:00,27.897987
2012-01-28 08:00:00,3.7814488
2012-01-28 09:00:00,12.8111725
2012-01-28 10:00:00,53.333687
2012-01-28 11:00:00,107.058784
2012-01-28 12:00:00,95.4028
2012-01-28 13:00:00,117.503914
2012-01-28 14:00:00,168.08533
2012-01-28 15:00:00,179.9952
2012-01-28 16:00:00,196.22115
2012-01-28 17:00:00,197.67146
2012-01-28 18:00:00,198.75883
2012-01-28 19:00:00,220.34763
2012-01-28 20:00:00,219.09941
2012-01-28 21:00:00,212.78745
2012-01-28 22:00:00,187.81866
2012-01-28 23:00:00,191.14236
2012-01-29 00:00:00,176.99326
2012-01-29 01:00:00,194.7581
2012-01-29 02:00:00,193.619
2012-01-29 03:00:00,179.14778
2012-01-29 04:00:00,161.78561
2012-01-29 05:00:00,89.61695
2012-01-29 06:00:00,125.198875
2012-01-29 07:00:00,131.86009
2012-01-29 08:00:00,117.07964
2012-01-29 09:00:00,108.02753
2012-01-29 10:00:00,149.3768
2012-01-29 11:00:00,186.32649
2012-01-29 12:00:00,203.84319
2012-01-29 13:00:00,203.84319
2012-01-29 14:00:00,205.28867
2012-01-29 15:00:00,221.23834
2012-01-29 16:00:00,239.82222
2012-01-29 17:00:00,239.8222
2012-01-29 18:00:00,221.32692
2012-01-29 19:00:00,196.23657
2012-01-29 20:00:00,158.88907
2012-01-29 21:00:00,179.8891
2012-01-29 22:00:00,207.99681
2012-01-29 23:00:00,178.2258
2012-01-30 00:00:00,213.90791
2012-01-30 01:00:00,81.710724
2012-01-30 02:00:00,112.165535
2012-01-30 03:00:00,108.03718
2012-01-30 04:00:00,88.41841
2012-01-30 05:00:00,88.41841
2012-01-30 06:00:00,117.248856
2012-01-30 07:00:00,118.6992
2012-01-30 08:00:00,101.0229
2012-01-30 09:00:00,101.0229
2012-01-30 10:00:00,127.751305
2012-01-30 11:00:00,138.36537
2012-01-30 12:00:00,158.59525
2012-01-30 13:00:00,180.37914
2012-01-30 14:00:00,211.98071
2012-01-30 15:00:00,211.06537
2012-01-30 16:00:00,213.77641
2012-01-30 17:00:00,231.59946
2012-01-30 18:00:00,218.36566
2012-01-30 19:00:00,141.44217
2012-01-30 20:00:00,158.60582
2012-01-30 21:00:00,149.55373
2012-01-30 22:00:00,124.78062
2012-01-30 23:00:00,81.3935
2012-01-31 00:00:00,114.15664
2012-01-31 01:00:00,148.42062
2012-01-31 02:00:00,148.63843
2012-01-31 03:00:00,139.58632
2012-01-31 04:00:00,126.06652
2012-01-31 05:00:00,126.06652
2012-01-31 06:00:00,109.81531
2012-01-31 07:00:00,81.3935
2012-01-31 08:00:00,80.86332
2012-01-31 09:00:00,117.01442
2012-01-31 10:00:00,117.15648
2012-01-31 11:00:00,206.79726
2012-01-31 12:00:00,189.4158
2012-01-31 13:00:00,224.12912
2012-01-31 14:00:00,261.80157
2012-01-31 15:00:00,288.15253
2012-01-31 16:00:00,288.15253
2012-01-31 17:00:00,286.7022
2012-01-31 18:00:00,289.8411
2012-01-31 19:00:00,259.62845
2012-01-31 20:00:00,134.74507
2012-01-31 21:00:00,236.79979
2012-01-31 22:00:00,225.03668
2012-01-31 23:00:00,213.81151
2012-02-20 00:00:00,-9.1872425
2012-02-20 01:00:00,-9.1872425
2012-02-20 02:00:00,-9.1872425
2012-02-20 03:00:00,6.3335185
2012-02-20 05:00:00,73.82657
2012-02-20 06:00:00,91.38603
2012-02-20 07:00:00,81.73956
2012-02-20 08:00:00,59.69779
2012-02-20 09:00:00,59.69779
2012-02-20 10:00:00,81.867035
2012-02-20 11:00:00,110.124405
2012-02-20 12:00:00,126.03797
2012-02-20 13:00:00,143.7395
2012-02-20 14:00:00,167.06227
2012-02-20 15:00:00,176.4646
2012-02-20 16:00:00,202.972
2012-02-20 17:00:00,221.97221
2012-02-20 18:00:00,176.4646
2012-02-20 19:00:00,176.4646
2012-02-20 20:00:00,178.8254
2012-02-20 21:00:00,150.81107
2012-02-20 22:00:00,132.92468
2012-02-20 23:00:00,150.49385
2012-02-21 00:00:00,68.35508
2012-02-21 01:00:00,95.51138
2012-02-21 02:00:00,77.713554
2012-02-21 04:00:00,59.890495
2012-02-21 05:00:00,39.075283
2012-02-21 06:00:00,20.971087
2012-02-21 07:00:00,59.890495
2012-02-21 08:00:00,35.77394
2012-02-21 09:00:00,18.392498
2012-02-21 10:00:00,41.65509
2012-02-21 11:00:00,57.393803
2012-02-21 12:00:00,116.18782
2012-02-21 13:00:00,144.57268
2012-02-21 14:00:00,130.99352
2012-02-21 15:00:00,144.57268
2012-02-21 16:00:00,163.1895
2012-02-21 17:00:00,199.95625
2012-02-21 18:00:00,199.95625
2012-02-21 19:00:00,157.39786
2012-02-21 20:00:00,128.37483
2012-02-21 21:00:00,103.705734
2012-02-21 22:00:00,80.641716
2012-02-21 23:00:00,81.949974
2012-02-22 00:00:00,81.949974
2012-02-22 01:00:00,73.18185
2012-02-22 02:00:00,90.59939
2012-02-22 03:00:00,78.28092
2012-02-22 04:00:00,73.53205
2012-02-22 05:00:00,71.73635
2012-02-22 06:00:00,52.716846
2012-02-22 07:00:00,52.909412
2012-02-22 08:00:00,50.198418
2012-02-22 09:00:00,71.01361
2012-02-22 10:00:00,73.749855
2012-02-22 11:00:00,94.37248
2012-02-22 12:00:00,131.36308
2012-02-22 13:00:00,161.95311
2012-02-22 14:00:00,169.15707
2012-02-22 15:00:00,260.10812
2012-02-22 16:00:00,274.06952
2012-02-22 17:00:00,261.3989
2012-02-22 18:00:00,225.52898
2012-02-22 19:00:00,208.55019
2012-02-22 20:00:00,189.42357
2012-02-22 21:00:00,247.49484
2012-02-22 22:00:00,192.31938
2012-02-22 23:00:00,217.60228
2012-02-23 00:00:00,192.31938
2012-02-23 01:00:00,160.5787
2012-02-23 02:00:00,145.61343
2012-02-23 03:00:00,134.7404
2012-02-23 04:00:00,86.22412
2012-02-23 05:00:00,86.22412
2012-02-23 06:00:00,32.453274
2012-02-23 07:00:00,52.007805
2012-02-23 08:00:00,26.69967
2012-02-23 09:00:00,49.616924
2012-02-23 10:00:00,117.658424
2012-02-23 11:00:00,196.57016
2012-02-23 12:00:00,218.95238
2012-02-23 13:00:00,230.86226
2012-02-23 14:00:00,245.54645
2012-02-23 15:00:00,251.82422
2012-02-23 16:00:00,254.05556
2012-02-23 17:00:00,256.29193
2012-02-23 18:00:00,239.75476
2012-02-23 19:00:00,220.04462
2012-02-23 20:00:00,195.64401
2012-02-23 21:00:00,173.14024
2012-02-23 22:00:00,165.53365
2012-02-23 23:00:00,153.22762
2012-02-24 00:00:00,151.16849
2012-02-24 01:00:00,138.49887
2012-02-24 02:00:00,103.15929
2012-02-24 03:00:00,69.50211
2012-02-24 04:00:00,48.686916
2012-02-24 05:00:00,57.24691
2012-02-24 06:00:00,55.801422
2012-02-24 07:00:00,91.88829
2012-02-24 08:00:00,91.20358
2012-02-24 09:00:00,60.945282
2012-02-24 10:00:00,60.440334
2012-02-24 11:00:00,55.691463
2012-02-24 12:00:00,87.54213
2012-02-24 13:00:00,106.911835
2012-02-24 14:00:00,130.46327
2012-02-24 15:00:00,62.91108
2012-02-24 16:00:00,62.91108
2012-02-24 17:00:00,43.176575
2012-02-24 18:00:00,32.4435
2012-02-24 19:00:00,61.370216
2012-02-24 20:00:00,149.35944
2012-02-24 21:00:00,243.9
2012-02-24 22:00:00,221.27638
2012-02-24 23:00:00,220.59166
2012-02-25 00:00:00,171.99464
2012-02-25 01:00:00,163.99696
2012-02-25 02:00:00,147.95871
2012-02-25 03:00:00,140.56705
2012-02-25 04:00:00,151.06949
2012-02-25 05:00:00,155.28334
2012-02-25 06:00:00,155.28334
2012-02-25 07:00:00,138.24431
2012-02-25 08:00:00,116.22186
2012-02-25 09:00:00,36.04967
2012-02-25 10:00:00,82.90927
2012-02-25 11:00:00,170.06198
2012-02-25 12:00:00,208.1371
2012-02-25 13:00:00,197.97401
2012-02-25 14:00:00,203.0682
2012-02-25 15:00:00,200.3902
2012-02-25 16:00:00,213.57062
2012-02-25 17:00:00,179.67128
2012-02-25 18:00:00,201.80754
2012-02-25 19:00:00,164.88797
2012-02-25 20:00:00,179.00412
2012-02-25 21:00:00,151.14436
2012-02-25 22:00:00,144.79553
2012-02-25 23:00:00,133.57034
2012-02-26 00:00:00,134.48564
2012-02-26 01:00:00,123.98805
2012-02-26 02:00:00,123.98805
2012-02-26 03:00:00,130.35728
2012-02-26 04:00:00,130.35728
2012-02-26 05:00:00,117.00192
2012-02-26 06:00:00,118.25969
2012-02-26 07:00:00,89.93417
2012-02-26 08:00:00,91.59748
2012-02-26 09:00:00,107.94982
2012-02-26 10:00:00,138.47653
2012-02-26 11:00:00,146.18541
2012-02-26 12:00:00,158.35403
2012-02-26 13:00:00,170.45645
2012-02-26 14:00:00,191.29689
2012-02-26 15:00:00,199.24887
2012-02-26 16:00:00,198.66643
2012-02-26 17:00:00,201.05733
2012-02-26 18:00:00,182.31897
2012-02-26 19:00:00,186.3732
2012-02-26 20:00:00,156.50587
2012-02-26 21:00:00,140.24983
2012-02-26 22:00:00,149.83698
2012-02-26 23:00:00,93.21601
2012-02-27 00:00:00,80.45295
2012-02-27 01:00:00,67.75701
2012-02-27 02:00:00,48.64123
2012-02-27 03:00:00,28.933903
2012-02-27 04:00:00,6.668369
2012-02-27 05:00:00,6.668369
2012-02-27 06:00:00,44.55092
2012-02-27 07:00:00,73.27911
2012-02-27 08:00:00,66.22969
2012-02-27 09:00:00,81.3935
2012-02-27 10:00:00,146.76016
2012-02-27 11:00:00,164.27689
2012-02-27 12:00:00,207.51999
2012-02-27 13:00:00,188.69305
2012-02-27 14:00:00,227.02493
2012-02-27 15:00:00,283.96597
2012-02-27 16:00:00,288.15253
2012-02-27 17:00:00,294.1873
2012-02-27 18:00:00,277.9312
2012-02-27 19:00:00,264.69736
2012-02-27 20:00:00,245.44922
2012-02-27 21:00:00,227.02493
2012-02-27 22:00:00,195.70732
2012-02-27 23:00:00,167.50818
2012-02-28 00:00:00,153.98837
2012-02-28 01:00:00,119.81781
2012-02-28 02:00:00,146.81454
2012-02-28 03:00:00,225.50266
2012-02-28 04:00:00,157.07004
2012-02-28 05:00:00,157.07004
2012-02-28 06:00:00,140.81886
2012-02-28 07:00:00,133.64015
2012-02-28 08:00:00,118.111694
2012-02-28 09:00:00,136.53598
2012-02-28 10:00:00,148.42065
2012-02-28 11:00:00,179.67007
2012-02-28 12:00:00,189.4779
2012-02-28 13:00:00,197.8783
2012-02-28 14:00:00,225.26607
2012-02-28 15:00:00,236.30644
2012-02-28 16:00:00,230.2717
2012-02-28 17:00:00,236.30644
2012-02-28 18:00:00,233.89026
2012-02-28 19:00:00,231.96027
2012-02-28 20:00:00,220.67682
2012-02-28 21:00:00,149.90675
2012-02-28 22:00:00,149.90675
2012-02-28 23:00:00,121.175735
2012-02-29 00:00:00,123.031586
2012-02-29 01:00:00,135.10109
2012-02-29 02:00:00,106.39527
2012-02-29 03:00:00,59.531643
2012-02-29 05:00:00,38.716457
2012-02-29 06:00:00,50.10898
2012-02-29 07:00:00,24.60828
2012-02-29 08:00:00,47.020596
2012-02-29 09:00:00,43.20476
2012-02-29 10:00:00,43.20476
2012-02-29 11:00:00,22.734924
2012-02-29 12:00:00,16.87831
2012-02-29 13:00:00,24.141605
2012-02-29 14:00:00,24.141605
2012-02-29 15:00:00,76.67989
2012-02-29 16:00:00,79.44825
2012-02-29 17:00:00,55.801422
2012-02-29 18:00:00,53.500866
2012-02-29 19:00:00,52.90559
2012-02-29 20:00:00,64.17659
2012-02-29 21:00:00,64.17659
2012-02-29 22:00:00,50.41371
2012-02-29 23:00:00,50.41371
2012-03-20 00:00:00,125.26702
2012-03-20 01:00:00,79.35466
2012-03-20 02:00:00,83.70081
2012-03-20 03:00:00,85.01884
2012-03-20 04:00:00,85.779625
2012-03-20 05:00:00,61.161022
2012-03-20 06:00:00,69.12576
2012-03-20 07:00:00,77.68575
2012-03-20 08:00:00,84.33414
2012-03-20 09:00:00,92.98357
2012-03-20 10:00:00,88.764885
2012-03-20 11:00:00,112.43786
2012-03-20 12:00:00,142.88109
2012-03-20 13:00:00,139.98524
2012-03-20 14:00:00,163.10191
2012-03-20 15:00:00,178.02916
2012-03-20 16:00:00,187.20874
2012-03-20 17:00:00,158.88322
2012-03-20 18:00:00,173.84851
2012-03-20 19:00:00,142.61154
2012-03-20 20:00:00,155.53014
2012-03-20 21:00:00,130.34354
2012-03-20 22:00:00,112.5457
2012-03-20 23:00:00,88.6879
2012-03-21 00:00:00,95.73563
2012-03-21 01:00:00,115.16864
2012-03-21 02:00:00,96.496414
2012-03-21 03:00:00,105.05642
2012-03-21 04:00:00,102.16059
2012-03-21 05:00:00,102.16059
2012-03-21 06:00:00,82.67421
2012-03-21 07:00:00,86.888054
2012-03-21 08:00:00,82.54674
2012-03-21 09:00:00,103.61094
2012-03-21 10:00:00,124.45138
2012-03-21 11:00:00,124.45138
2012-03-21 12:00:00,140.34445
2012-03-21 13:00:00,122.24024
2012-03-21 14:00:00,143.05545
2012-03-21 15:00:00,143.05545
2012-03-21 16:00:00,158.23172
2012-03-21 17:00:00,188.0232
2012-03-21 18:00:00,183.67706
2012-03-21 19:00:00,202.60023
2012-03-21 20:00:00,141.73744
2012-03-21 21:00:00,121.64498
2012-03-21 22:00:00,118.7872
2012-03-21 23:00:00,134.68028
2012-03-22 00:00:00,115.16864
2012-03-22 01:00:00,115.16864
2012-03-22 02:00:00,115.16864
2012-03-22 03:00:00,115.16864
2012-03-22 04:00:00,58.0556
2012-03-22 05:00:00,58.0556
2012-03-22 06:00:00,58.0556
2012-03-22 07:00:00,58.0556
2012-03-22 08:00:00,81.88817
2012-03-22 09:00:00,81.88817
2012-03-22 10:00:00,63.78398
2012-03-22 11:00:00,83.2956
2012-03-22 12:00:00,116.56364
2012-03-22 13:00:00,147.49104
2012-03-22 14:00:00,176.67648
2012-03-22 15:00:00,198.84085
2012-03-22 16:00:00,212.82758
2012-03-22 17:00:00,217.11044
2012-03-22 18:00:00,217.11044
2012-03-22 19:00:00,221.21518
2012-03-22 20:00:00,187.28117
2012-03-22 21:00:00,151.10962
2012-03-22 22:00:00,131.71466
2012-03-22 23:00:00,126.650604
2012-03-23 00:00:00,122.30444
2012-03-23 01:00:00,101.48925
2012-03-23 02:00:00,105.83541
2012-03-23 03:00:00,100.804535
2012-03-23 04:00:00,82.61091
2012-03-23 05:00:00,77.54201
2012-03-23 06:00:00,95.64621
2012-03-23 07:00:00,87.07375
2012-03-23 08:00:00,84.0564
2012-03-23 09:00:00,99.711235
2012-03-23 10:00:00,117.950676
2012-03-23 11:00:00,184.25789
2012-03-23 12:00:00,237.73991
2012-03-23 13:00:00,277.58713
2012-03-23 14:00:00,302.67746
2012-03-23 15:00:00,304.1229
2012-03-23 16:00:00,305.57324
2012-03-23 17:00:00,305.57324
2012-03-23 18:00:00,285.12863
2012-03-23 19:00:00,263.81644
2012-03-23 20:00:00,269.9727
2012-03-23 21:00:00,246.58858
2012-03-23 22:00:00,216.35661
2012-03-23 23:00:00,195.98308
2012-03-24 00:00:00,174.5171
2012-03-24 01:00:00,158.02281
2012-03-24 02:00:00,140.94774
2012-03-24 03:00:00,140.94774
2012-03-24 04:00:00,116.36718
2012-03-24 05:00:00,125.64991
2012-03-24 06:00:00,125.64991
2012-03-24 07:00:00,103.35913
2012-03-24 08:00:00,88.15074
2012-03-24 09:00:00,124.19957
2012-03-24 10:00:00,112.008575
2012-03-24 11:00:00,88.15074
2012-03-24 12:00:00,101.01886
2012-03-24 13:00:00,102.46433
2012-03-24 14:00:00,125.63745
2012-03-24 15:00:00,104.67546
2012-03-24 16:00:00,98.88382
2012-03-24 17:00:00,113.36948
2012-03-24 18:00:00,83.78331
2012-03-24 19:00:00,79.43715
2012-03-24 20:00:00,58.5004
2012-03-24 21:00:00,58.5004
2012-03-24 22:00:00,61.396225
2012-03-24 23:00:00,75.28659
2012-03-25 00:00:00,75.28659
2012-03-25 01:00:00,49.97843
2012-03-25 02:00:00,57.81571
2012-03-25 03:00:00,75.91989
2012-03-25 04:00:00,71.70605
2012-03-25 05:00:00,44.25008
2012-03-25 06:00:00,44.25008
2012-03-25 07:00:00,65.9777
2012-03-25 08:00:00,65.9777
2012-03-25 09:00:00,62.354286
2012-03-25 10:00:00,87.09926
2012-03-25 11:00:00,62.354286
2012-03-25 12:00:00,60.908806
2012-03-25 13:00:00,81.84554
2012-03-25 14:00:00,87.59914
2012-03-25 15:00:00,89.04463
2012-03-25 16:00:00,118.643265
2012-03-25 17:00:00,143.80461
2012-03-25 18:00:00,143.80461
2012-03-25 19:00:00,151.76448
2012-03-25 20:00:00,129.50381
2012-03-25 21:00:00,126.60798
2012-03-25 22:00:00,104.31719
2012-03-25 23:00:00,110.0708
2012-03-26 00:00:00,115.986755
2012-03-26 01:00:00,114.66391
2012-03-26 02:00:00,89.36062
2012-03-26 03:00:00,106.01448
2012-03-26 04:00:00,98.84063
2012-03-26 05:00:00,113.92746
2012-03-26 06:00:00,94.5325
2012-03-26 07:00:00,130.4598
2012-03-26 08:00:00,162.08382
2012-03-26 09:00:00,215.96848
2012-03-26 10:00:00,275.1206
2012-03-26 11:00:00,284.4791
2012-03-26 12:00:00,275.54855
2012-03-26 13:00:00,295.5827
2012-03-26 14:00:00,271.92993
2012-03-26 15:00:00,291.95932
2012-03-26 16:00:00,305.4791
2012-03-26 17:00:00,293.33264
2012-03-26 18:00:00,281.56952
2012-03-26 19:00:00,277.50452
2012-03-26 20:00:00,273.70618
2012-03-26 21:00:00,269.5196
2012-03-26 22:00:00,245.79298
2012-03-26 23:00:00,240.3818
2012-03-27 00:00:00,235.4472
2012-03-27 01:00:00,226.7978
2012-03-27 02:00:00,191.47049
2012-03-27 03:00:00,192.92085
2012-03-27 04:00:00,182.57797
2012-03-27 05:00:00,161.95534
2012-03-27 06:00:00,161.44554
2012-03-27 07:00:00,161.44554
2012-03-27 08:00:00,162.67809
2012-03-27 09:00:00,160.34541
2012-03-27 10:00:00,180.4126
2012-03-27 11:00:00,204.87932
2012-03-27 12:00:00,210.63292
2012-03-27 13:00:00,226.21964
2012-03-27 14:00:00,260.91562
2012-03-27 15:00:00,272.19904
2012-03-27 16:00:00,272.19904
2012-03-27 17:00:00,290.0221
2012-03-27 18:00:00,285.5973
2012-03-27 19:00:00,281.2511
2012-03-27 20:00:00,285.59732
2012-03-27 21:00:00,204.01068
2012-03-27 22:00:00,202.56036
2012-03-27 23:00:00,205.45618
2012-03-28 00:00:00,196.91388
2012-03-28 01:00:00,179.53244
2012-03-28 02:00:00,160.91559
2012-03-28 03:00:00,183.48752
2012-03-28 04:00:00,188.58453
2012-03-28 05:00:00,188.58453
2012-03-28 06:00:00,182.42822
2012-03-28 07:00:00,180.98276
2012-03-28 08:00:00,199.64046
2012-03-28 09:00:00,218.79233
2012-03-28 10:00:00,240.58707
2012-03-28 11:00:00,247.60617
2012-03-28 12:00:00,272.37933
2012-03-28 13:00:00,258.92856
2012-03-28 14:00:00,304.15512
2012-03-28 15:00:00,297.87137
2012-03-28 16:00:00,287.36783
2012-03-28 17:00:00,225.53027
2012-03-28 18:00:00,225.53027
2012-03-28 19:00:00,239.96051
2012-03-28 20:00:00,245.02943
2012-03-28 21:00:00,209.76352
2012-03-28 22:00:00,186.14879
2012-03-28 23:00:00,168.35098
2012-03-29 00:00:00,171.24678
2012-03-29 01:00:00,198.21826
2012-03-29 02:00:00,325.70456
2012-03-29 03:00:00,306.31927
2012-03-29 04:00:00,264.94476
2012-03-29 05:00:00,230.58936
2012-03-29 06:00:00,178.30975
2012-03-29 07:00:00,207.51756
2012-03-29 08:00:00,222.48286
2012-03-29 09:00:00,225.21909
2012-03-29 10:00:00,223.9332
2012-03-29 11:00:00,239.99957
2012-03-29 12:00:00,252.67026
2012-03-29 13:00:00,227.19362
2012-03-29 14:00:00,246.15584
2012-03-29 15:00:00,260.96152
2012-03-29 16:00:00,268.56818
2012-03-29 17:00:00,265.42923
2012-03-29 18:00:00,252.31216
2012-03-29 19:00:00,245.86102
2012-03-29 20:00:00,243.84755
2012-03-29 21:00:00,219.29222
2012-03-29 22:00:00,213.53862
2012-03-29 23:00:00,205.20926
2012-03-30 00:00:00,199.4809
2012-03-30 01:00:00,183.95245
2012-03-30 02:00:00,158.41084
2012-03-30 03:00:00,124.38995
2012-03-30 04:00:00,150.19704
2012-03-30 05:00:00,120.304504
2012-03-30 06:00:00,134.54222
2012-03-30 07:00:00,132.1814
2012-03-30 08:00:00,105.02509
2012-03-30 09:00:00,137.90977
2012-03-30 10:00:00,150.24286
2012-03-30 11:00:00,161.07979
2012-03-30 12:00:00,163.79079
2012-03-30 13:00:00,187.278
2012-03-30 14:00:00,175.20856
2012-03-30 15:00:00,180.93692
2012-03-30 16:00:00,164.82599
2012-03-30 17:00:00,156.266
2012-03-30 18:00:00,179.01877
2012-03-30 19:00:00,150.60182
2012-03-30 20:00:00,147.706
2012-03-30 21:00:00,128.4326
2012-03-30 22:00:00,101.42023
2012-03-30 23:00:00,101.10299
2012-03-31 00:00:00,84.24911
2012-03-31 01:00:00,113.771065
2012-03-31 02:00:00,119.37789
2012-03-31 03:00:00,92.898506
2012-03-31 04:00:00,121.67841
2012-03-31 05:00:00,91.453026
2012-03-31 06:00:00,60.005074
2012-03-31 07:00:00,60.005074
2012-03-31 08:00:00,61.450558
2012-03-31 09:00:00,113.771065
2012-03-31 10:00:00,110.875244
2012-03-31 11:00:00,134.49088
2012-03-31 12:00:00,148.81694
2012-03-31 13:00:00,193.68846
2012-03-31 14:00:00,184.58499
2012-03-31 15:00:00,203.85835
2012-03-31 16:00:00,186.75803
2012-03-31 17:00:00,169.08768
2012-03-31 18:00:00,150.35612
2012-03-31 19:00:00,141.23296
2012-03-31 20:00:00,135.37715
2012-03-31 21:00:00,135.37715
2012-03-31 22:00:00,126.00011
2012-03-31 23:00:00,95.15138
2012-04-20 00:00:00,152.68729
2012-04-20 01:00:00,106.01448
2012-04-20 02:00:00,82.18191
2012-04-20 03:00:00,77.84059
2012-04-20 04:00:00,53.982773
2012-04-20 05:00:00,48.913868
2012-04-20 06:00:00,67.01809
2012-04-20 07:00:00,48.913868
2012-04-20 08:00:00,54.667496
2012-04-20 09:00:00,82.846214
2012-04-20 10:00:00,132.58328
2012-04-20 11:00:00,169.80133
2012-04-20 12:00:00,227.98926
2012-04-20 13:00:00,281.10352
2012-04-20 14:00:00,281.45374
2012-04-20 15:00:00,270.9513
2012-04-20 16:00:00,281.92062
2012-04-20 17:00:00,275.29742
2012-04-20 18:00:00,264.32816
2012-04-20 19:00:00,249.0126
2012-04-20 20:00:00,217.4917
2012-04-20 21:00:00,174.07936
2012-04-20 22:00:00,174.14262
2012-04-20 23:00:00,150.5279
2012-04-21 00:00:00,140.98576
2012-04-21 01:00:00,140.98576
2012-04-21 02:00:00,136.63962
2012-04-21 03:00:00,120.14532
2012-04-21 04:00:00,121.59083
2012-04-21 05:00:00,121.59083
2012-04-21 06:00:00,120.14533
2012-04-21 07:00:00,123.04117
2012-04-21 08:00:00,130.36179
2012-04-21 09:00:00,143.84354
2012-04-21 10:00:00,217.55518
2012-04-21 11:00:00,230.69757
2012-04-21 12:00:00,243.42654
2012-04-21 13:00:00,254.39586
2012-04-21 14:00:00,292.1188
2012-04-21 15:00:00,314.50104
2012-04-21 16:00:00,303.344
2012-04-21 17:00:00,355.758
2012-04-21 18:00:00,299.964
2012-04-21 19:00:00,188.89433
2012-04-21 20:00:00,135.09225
2012-04-21 21:00:00,139.43842
2012-04-21 22:00:00,118.03553
2012-04-21 23:00:00,117.22336
2012-04-22 00:00:00,112.87718
2012-04-22 01:00:00,119.396416
2012-04-22 02:00:00,141.73286
2012-04-22 03:00:00,105.70336
2012-04-22 04:00:00,120.79018
2012-04-22 05:00:00,123.68602
2012-04-22 06:00:00,143.84174
2012-04-22 07:00:00,131.5613
2012-04-22 08:00:00,104.22685
2012-04-22 09:00:00,104.22685
2012-04-22 10:00:00,102.09665
2012-04-22 11:00:00,85.55949
2012-04-22 12:00:00,87.00984
2012-04-22 13:00:00,103.54216
2012-04-22 14:00:00,87.00984
2012-04-22 15:00:00,89.90566
2012-04-22 16:00:00,92.80148
2012-04-22 17:00:00,53.673904
2012-04-22 18:00:00,53.673904
2012-04-22 19:00:00,75.39668
2012-04-22 20:00:00,56.034706
2012-04-22 21:00:00,72.693436
2012-04-22 22:00:00,65.83197
2012-04-22 23:00:00,90.60506
2012-04-23 00:00:00,91.044586
2012-04-23 01:00:00,60.479805
2012-04-23 02:00:00,51.452923
2012-04-23 03:00:00,67.384056
2012-04-23 04:00:00,67.31985
2012-04-23 05:00:00,67.31985
2012-04-23 06:00:00,58.542053
2012-04-23 07:00:00,65.86952
2012-04-23 08:00:00,78.09659
2012-04-23 09:00:00,80.99241
2012-04-23 10:00:00,102.74815
2012-04-23 11:00:00,100.3825
2012-04-23 12:00:00,108.757675
2012-04-23 13:00:00,125.29485
2012-04-23 14:00:00,146.01373
2012-04-23 15:00:00,141.26491
2012-04-23 16:00:00,67.10206
2012-04-23 17:00:00,62.639202
2012-04-23 18:00:00,73.45375
2012-04-23 19:00:00,85.328674
2012-04-23 20:00:00,80.5156
2012-04-23 21:00:00,64.488235
2012-04-23 22:00:00,76.29692
2012-04-23 23:00:00,74.851425
2012-04-24 00:00:00,82.87639
2012-04-24 01:00:00,67.78956
2012-04-24 02:00:00,61.210075
2012-04-24 03:00:00,58.82405
2012-04-24 04:00:00,84.83639
2012-04-24 05:00:00,84.83639
2012-04-24 06:00:00,86.28672
2012-04-24 07:00:00,106.98037
2012-04-24 08:00:00,126.37047
2012-04-24 09:00:00,202.37671
2012-04-24 10:00:00,205.20926
2012-04-24 11:00:00,269.31528
2012-04-24 12:00:00,281.1036
2012-04-24 13:00:00,286.83197
2012-04-24 14:00:00,298.90146
2012-04-24 15:00:00,306.3816
2012-04-24 16:00:00,295.52115
2012-04-24 17:00:00,313.7071
2012-04-24 18:00:00,301.1977
2012-04-24 19:00:00,313.50372
2012-04-24 20:00:00,302.34674
2012-04-24 21:00:00,273.171
2012-04-24 22:00:00,237.76103
2012-04-24 23:00:00,222.2326
2012-04-25 00:00:00,223.64003
2012-04-25 01:00:00,208.83434
2012-04-25 02:00:00,128.25931
2012-04-25 03:00:00,93.148186
2012-04-25 04:00:00,110.97126
2012-04-25 05:00:00,110.43623
2012-04-25 06:00:00,110.43623
2012-04-25 07:00:00,95.349396
2012-04-25 08:00:00,86.525955
2012-04-25 09:00:00,169.60855
2012-04-25 10:00:00,258.67346
2012-04-25 11:00:00,271.2226
2012-04-25 12:00:00,296.2877
2012-04-25 13:00:00,305.15488
2012-04-25 14:00:00,323.7387
2012-04-25 15:00:00,329.1343
2012-04-25 16:00:00,347.4575
2012-04-25 17:00:00,346.00714
2012-04-25 18:00:00,345.28436
2012-04-25 19:00:00,340.9382
2012-04-25 20:00:00,310.71002
2012-04-25 21:00:00,210.87524
2012-04-25 22:00:00,201.62459
2012-04-25 23:00:00,211.63492
2012-04-26 00:00:00,165.352
2012-04-26 01:00:00,214.95868
2012-04-26 02:00:00,194.55984
2012-04-26 03:00:00,193.8371
2012-04-26 04:00:00,181.76764
2012-04-26 05:00:00,171.86641
2012-04-26 06:00:00,177.65807
2012-04-26 07:00:00,125.30755
2012-04-26 08:00:00,117.34282
2012-04-26 09:00:00,97.79314
2012-04-26 10:00:00,74.02477
2012-04-26 11:00:00,76.9206
2012-04-26 12:00:00,123.00102
2012-04-26 13:00:00,121.71513
2012-04-26 14:00:00,149.75467
2012-04-26 15:00:00,132.41609
2012-04-26 16:00:00,127.3472
2012-04-26 17:00:00,142.64499
2012-04-26 18:00:00,149.75467
2012-04-26 19:00:00,151.20502
2012-04-26 20:00:00,144.09048
2012-04-26 21:00:00,121.68303
2012-04-26 22:00:00,118.7872
2012-04-26 23:00:00,97.94677
2012-04-27 00:00:00,188.62175
2012-04-27 01:00:00,199.20676
2012-04-27 02:00:00,192.02806
2012-04-27 03:00:00,220.37308
2012-04-27 04:00:00,212.08827
2012-04-27 05:00:00,217.15717
2012-04-27 06:00:00,209.37729
2012-04-27 07:00:00,183.95245
2012-04-27 08:00:00,175.94966
2012-04-27 09:00:00,223.67154
2012-04-27 10:00:00,243.91081
2012-04-27 11:00:00,239.56947
2012-04-27 12:00:00,252.77812
2012-04-27 13:00:00,263.28052
2012-04-27 14:00:00,260.3847
2012-04-27 15:00:00,297.64963
2012-04-27 16:00:00,286.06638
2012-04-27 17:00:00,313.426
2012-04-27 18:00:00,303.20465
2012-04-27 19:00:00,292.8667
2012-04-27 20:00:00,264.24637
2012-04-27 21:00:00,253.20602
2012-04-27 22:00:00,230.19247
2012-04-27 23:00:00,218.42941
2012-04-28 00:00:00,200.48091
2012-04-28 01:00:00,168.66151
2012-04-28 02:00:00,187.10503
2012-04-28 03:00:00,162.33191
2012-04-28 04:00:00,163.24725
2012-04-28 05:00:00,170.849
2012-04-28 06:00:00,164.69272
2012-04-28 07:00:00,163.24725
2012-04-28 08:00:00,208.08267
2012-04-28 09:00:00,216.28455
2012-04-28 10:00:00,215.19717
2012-04-28 11:00:00,212.30135
2012-04-28 12:00:00,198.18036
2012-04-28 13:00:00,222.03815
2012-04-28 14:00:00,224.1539
2012-04-28 15:00:00,220.8934
2012-04-28 16:00:00,239.91298
2012-04-28 17:00:00,222.21144
2012-04-28 18:00:00,197.52867
2012-04-28 19:00:00,112.496796
2012-04-28 20:00:00,128.7809
2012-04-28 21:00:00,115.3926
2012-04-28 22:00:00,106.8326
2012-04-28 23:00:00,102.95341
2012-04-29 00:00:00,82.32311
2012-04-29 01:00:00,76.658936
2012-04-29 02:00:00,60.920395
2012-04-29 03:00:00,61.450554
2012-04-29 04:00:00,58.554733
2012-04-29 05:00:00,48.270073
2012-04-29 06:00:00,47.13697
2012-04-29 07:00:00,52.80114
2012-04-29 08:00:00,99.457466
2012-04-29 09:00:00,120.2979
2012-04-29 10:00:00,135.92749
2012-04-29 11:00:00,191.34117
2012-04-29 12:00:00,223.28528
2012-04-29 13:00:00,225.99628
2012-04-29 14:00:00,265.62558
2012-04-29 15:00:00,268.81628
2012-04-29 16:00:00,321.8342
2012-04-29 17:00:00,331.83774
2012-04-29 18:00:00,332.21506
2012-04-29 19:00:00,274.85098
2012-04-29 20:00:00,281.73486
2012-04-29 21:00:00,224.14322
2012-04-29 22:00:00,220.92735
2012-04-29 23:00:00,172.95586
2012-04-30 00:00:00,126.11846
2012-04-30 01:00:00,104.555275
2012-04-30 02:00:00,124.8277
2012-04-30 03:00:00,105.46286
2012-04-30 04:00:00,146.29373
2012-04-30 05:00:00,146.29373
2012-04-30 06:00:00,194.41199
2012-04-30 07:00:00,185.3599
2012-04-30 08:00:00,206.48146
2012-04-30 09:00:00,212.1456
2012-04-30 10:00:00,222.46323
2012-04-30 11:00:00,216.2689
2012-04-30 12:00:00,208.66228
2012-04-30 13:00:00,205.9066
2012-04-30 14:00:00,201.73369
2012-04-30 15:00:00,206.04182
2012-04-30 16:00:00,201.11409
2012-04-30 17:00:00,199.66861
2012-04-30 18:00:00,208.2286
2012-04-30 19:00:00,191.87625
2012-04-30 20:00:00,198.31364
2012-04-30 21:00:00,198.31364
2012-04-30 22:00:00,208.93764
2012-04-30 23:00:00,211.83347
2012-05-20 00:00:00,224.84651
2012-05-20 01:00:00,217.04137
2012-05-20 02:00:00,217.04137
2012-05-20 03:00:00,203.58969
2012-05-20 04:00:00,161.6277
2012-05-20 05:00:00,144.52734
2012-05-20 06:00:00,173.12915
2012-05-20 07:00:00,166.69174
2012-05-20 08:00:00,212.93663
2012-05-20 09:00:00,318.38895
2012-05-20 10:00:00,318.36176
2012-05-20 11:00:00,313.77737
2012-05-20 12:00:00,319.5309
2012-05-20 13:00:00,316.25775
2012-05-20 14:00:00,321.02026
2012-05-20 15:00:00,322.40158
2012-05-20 16:00:00,310.51782
2012-05-20 17:00:00,300.02026
2012-05-20 18:00:00,279.99884
2012-05-20 19:00:00,242.68446
2012-05-20 20:00:00,242.68446
2012-05-20 21:00:00,211.37169
2012-05-20 22:00:00,190.65279
2012-05-20 23:00:00,182.61145
2012-05-21 00:00:00,138.77869
2012-05-21 01:00:00,141.6745
2012-05-21 02:00:00,112.747795
2012-05-21 03:00:00,127.3609
2012-05-21 04:00:00,133.02507
2012-05-21 05:00:00,133.02507
2012-05-21 06:00:00,133.02507
2012-05-21 07:00:00,133.02507
2012-05-21 08:00:00,130.852
2012-05-21 09:00:00,129.40651
2012-05-21 10:00:00,138.05595
2012-05-21 11:00:00,147.41533
2012-05-21 12:00:00,151.75662
2012-05-21 13:00:00,157.4208
2012-05-21 14:00:00,154.52498
2012-05-21 15:00:00,194.35278
2012-05-21 16:00:00,197.24863
2012-05-21 17:00:00,215.04645
2012-05-21 18:00:00,184.34732
2012-05-21 19:00:00,201.42241
2012-05-21 20:00:00,197.86227
2012-05-21 21:00:00,193.77681
2012-05-21 22:00:00,187.1537
2012-05-21 23:00:00,187.28117
2012-05-22 00:00:00,140.36409
2012-05-22 01:00:00,140.23662
2012-05-22 02:00:00,138.79114
2012-05-22 03:00:00,138.79114
2012-05-22 04:00:00,120.846504
2012-05-22 05:00:00,127.956154
2012-05-22 06:00:00,123.61486
2012-05-22 07:00:00,123.61486
2012-05-22 08:00:00,119.39617
2012-05-22 09:00:00,144.5195
2012-05-22 10:00:00,162.71997
2012-05-22 11:00:00,158.3738
2012-05-22 12:00:00,169.17107
2012-05-22 13:00:00,184.94258
2012-05-22 14:00:00,190.0115
2012-05-22 15:00:00,237.04333
2012-05-22 16:00:00,232.0377
2012-05-22 17:00:00,259.5723
2012-05-22 18:00:00,233.48318
2012-05-22 19:00:00,207.9368
2012-05-22 20:00:00,191.58447
2012-05-22 21:00:00,164.95238
2012-05-22 22:00:00,177.87097
2012-05-22 23:00:00,178.59373
2012-05-23 00:00:00,164.95238
2012-05-23 01:00:00,141.75114
2012-05-23 02:00:00,147.41533
2012-05-23 03:00:00,157.77852
2012-05-23 04:00:00,148.79663
2012-05-23 05:00:00,130.852
2012-05-23 06:00:00,112.28652
2012-05-23 07:00:00,128.05806
2012-05-23 08:00:00,128.05806
2012-05-23 09:00:00,164.10216
2012-05-23 10:00:00,162.78415
2012-05-23 11:00:00,179.27843
2012-05-23 12:00:00,207.08658
2012-05-23 13:00:00,195.61832
2012-05-23 14:00:00,221.41374
2012-05-23 15:00:00,238.36136
2012-05-23 16:00:00,248.37172
2012-05-23 17:00:00,207.74515
2012-05-23 18:00:00,207.74515
2012-05-23 19:00:00,153.16895
2012-05-23 20:00:00,149.55035
2012-05-23 21:00:00,145.2042
2012-05-23 22:00:00,153.16895
2012-05-23 23:00:00,140.3008
2012-05-24 00:00:00,138.13257
2012-05-24 01:00:00,119.23462
2012-05-24 02:00:00,114.88845
2012-05-24 03:00:00,125.62151
2012-05-24 04:00:00,128.51735
2012-05-24 05:00:00,128.51735
2012-05-24 06:00:00,128.51735
2012-05-24 07:00:00,138.85533
2012-05-24 08:00:00,180.03922
2012-05-24 09:00:00,181.48956
2012-05-24 10:00:00,209.93173
2012-05-24 11:00:00,215.66008
2012-05-24 12:00:00,246.81813
2012-05-24 13:00:00,267.53705
2012-05-24 14:00:00,273.1439
2012-05-24 15:00:00,274.58936
2012-05-24 16:00:00,279.65826
2012-05-24 17:00:00,276.03967
2012-05-24 18:00:00,275.50177
2012-05-24 19:00:00,247.17625
2012-05-24 20:00:00,216.49678
2012-05-24 21:00:00,179.64832
2012-05-24 22:00:00,171.08829
2012-05-24 23:00:00,172.53378
2012-05-25 00:00:00,146.05441
2012-05-25 01:00:00,143.88617
2012-05-25 02:00:00,145.2042
2012-05-25 03:00:00,131.3499
2012-05-25 04:00:00,126.281
2012-05-25 05:00:00,130.62718
2012-05-25 06:00:00,131.3499
2012-05-25 07:00:00,134.24574
2012-05-25 08:00:00,134.08615
2012-05-25 09:00:00,135.53163
2012-05-25 10:00:00,180.62091
2012-05-25 11:00:00,179.1706
2012-05-25 12:00:00,232.24394
2012-05-25 13:00:00,247.67613
2012-05-25 14:00:00,259.74557
2012-05-25 15:00:00,260.1367
2012-05-25 16:00:00,293.67792
2012-05-25 17:00:00,264.48285
2012-05-25 18:00:00,260.1367
2012-05-25 19:00:00,253.46777
2012-05-25 20:00:00,228.59244
2012-05-25 21:00:00,227.14209
2012-05-25 22:00:00,187.05829
2012-05-25 23:00:00,176.96938
2012-05-26 00:00:00,150.62053
2012-05-26 01:00:00,149.1702
2012-05-26 02:00:00,131.06596
2012-05-26 03:00:00,126.884254
2012-05-26 04:00:00,128.32976
2012-05-26 05:00:00,153.0446
2012-05-26 06:00:00,131.22559
2012-05-26 07:00:00,135.44427
2012-05-26 08:00:00,168.06816
2012-05-26 09:00:00,152.06602
2012-05-26 10:00:00,184.71529
2012-05-26 11:00:00,207.9165
2012-05-26 12:00:00,244.98773
2012-05-26 13:00:00,253.10214
2012-05-26 14:00:00,254.55249
2012-05-26 15:00:00,257.4483
2012-05-26 16:00:00,291.1062
2012-05-26 17:00:00,301.9861
2012-05-26 18:00:00,293.36197
2012-05-26 19:00:00,250.65192
2012-05-26 20:00:00,278.55624
2012-05-26 21:00:00,255.51746
2012-05-26 22:00:00,210.81233
2012-05-26 23:00:00,210.81233
2012-05-27 00:00:00,217.65729
2012-05-27 01:00:00,194.04851
2012-05-27 02:00:00,191.33752
2012-05-27 03:00:00,188.4417
2012-05-27 04:00:00,150.14879
2012-05-27 05:00:00,150.14879
2012-05-27 06:00:00,148.7033
2012-05-27 07:00:00,129.7801
2012-05-27 08:00:00,152.06602
2012-05-27 09:00:00,163.08107
2012-05-27 10:00:00,201.24759
2012-05-27 11:00:00,239.23415
2012-05-27 12:00:00,246.4332
2012-05-27 13:00:00,273.4047
2012-05-27 14:00:00,276.30054
2012-05-27 15:00:00,297.7723
2012-05-27 16:00:00,297.7723
2012-05-27 17:00:00,307.54712
2012-05-27 18:00:00,278.4736
2012-05-27 19:00:00,273.4047
2012-05-27 20:00:00,271.44656
2012-05-27 21:00:00,229.87387
2012-05-27 22:00:00,152.06691
2012-05-27 23:00:00,158.58131
2012-05-28 00:00:00,142.60582
2012-05-28 01:00:00,170.78654
2012-05-28 02:00:00,136.85225
2012-05-28 03:00:00,173.69482
2012-05-28 04:00:00,151.42926
2012-05-28 05:00:00,151.42926
2012-05-28 06:00:00,173.69482
2012-05-28 07:00:00,155.71216
2012-05-28 08:00:00,189.2815
2012-05-28 09:00:00,224.90242
2012-05-28 10:00:00,224.90242
2012-05-28 11:00:00,225.89471
2012-05-28 12:00:00,249.44614
2012-05-28 13:00:00,276.6366
2012-05-28 14:00:00,276.6366
2012-05-28 15:00:00,300.3981
2012-05-28 16:00:00,301.84848
2012-05-28 17:00:00,300.3981
2012-05-28 18:00:00,285.59244
2012-05-28 19:00:00,293.85077
2012-05-28 20:00:00,266.97556
2012-05-28 21:00:00,248.45505
2012-05-28 22:00:00,221.02919
2012-05-28 23:00:00,207.04245
2012-05-29 00:00:00,191.63112
2012-05-29 01:00:00,191.63112
2012-05-29 02:00:00,167.1011
2012-05-29 03:00:00,186.41255
2012-05-29 04:00:00,176.96938
2012-05-29 05:00:00,176.96938
2012-05-29 06:00:00,176.96938
2012-05-29 07:00:00,176.96938
2012-05-29 08:00:00,206.71796
2012-05-29 09:00:00,227.4116
2012-05-29 10:00:00,235.33832
2012-05-29 11:00:00,265.2056
2012-05-29 12:00:00,303.09586
2012-05-29 13:00:00,320.7721
2012-05-29 14:00:00,322.2176
2012-05-29 15:00:00,329.82422
2012-05-29 16:00:00,334.88828
2012-05-29 17:00:00,336.51068
2012-05-29 18:00:00,325.32355
2012-05-29 19:00:00,300.19235
2012-05-29 20:00:00,269.36514
2012-05-29 21:00:00,147.93788
2012-05-29 22:00:00,130.62718
2012-05-29 23:00:00,110.02982
2012-05-30 00:00:00,139.75032
2012-05-30 01:00:00,144.09163
2012-05-30 02:00:00,114.375984
2012-05-30 03:00:00,138.45956
2012-05-30 04:00:00,132.7954
2012-05-30 05:00:00,170.61655
2012-05-30 06:00:00,163.4427
2012-05-30 07:00:00,173.44818
2012-05-30 08:00:00,185.23647
2012-05-30 09:00:00,204.50502
2012-05-30 10:00:00,208.85121
2012-05-30 11:00:00,224.22008
2012-05-30 12:00:00,253.81874
2012-05-30 13:00:00,262.8708
2012-05-30 14:00:00,298.45874
2012-05-30 15:00:00,275.13882
2012-05-30 16:00:00,276.58917
2012-05-30 17:00:00,283.93988
2012-05-30 18:00:00,287.5585
2012-05-30 19:00:00,267.53705
2012-05-30 20:00:00,198.15408
2012-05-30 21:00:00,244.10718
2012-05-30 22:00:00,202.14514
2012-05-30 23:00:00,214.21461
2012-05-31 00:00:00,197.86227
2012-05-31 01:00:00,195.69406
2012-05-31 02:00:00,207.76353
2012-05-31 03:00:00,193.77681
2012-05-31 04:00:00,189.43066
2012-05-31 05:00:00,201.73668
2012-05-31 06:00:00,182.46811
2012-05-31 07:00:00,216.35661
2012-05-31 08:00:00,241.75623
2012-05-31 09:00:00,275.76434
2012-05-31 10:00:00,314.09338
2012-05-31 11:00:00,320.7876
2012-05-31 12:00:00,316.44138
2012-05-31 13:00:00,321.4976
2012-05-31 14:00:00,342.21643
2012-05-31 15:00:00,341.25058
2012-05-31 16:00:00,340.52786
2012-05-31 17:00:00,340.77097
2012-05-31 18:00:00,339.48022
2012-05-31 19:00:00,324.04803
2012-05-31 20:00:00,286.22873
2012-05-31 21:00:00,286.22873
2012-05-31 22:00:00,262.37094
2012-05-31 23:00:00,253.19731
2012-06-20 00:00:00,191.63112
2012-06-20 01:00:00,182.06639
2012-06-20 02:00:00,158.98671
2012-06-20 03:00:00,157.53636
2012-06-20 04:00:00,155.36815
2012-06-20 05:00:00,155.36815
2012-06-20 06:00:00,133.36342
2012-06-20 07:00:00,134.74559
2012-06-20 08:00:00,192.954
2012-06-20 09:00:00,212.53665
2012-06-20 10:00:00,308.4612
2012-06-20 11:00:00,326.16278
2012-06-20 12:00:00,336.48038
2012-06-20 13:00:00,338.8255
2012-06-20 14:00:00,363.98203
2012-06-20 15:00:00,372.39493
2012-06-20 16:00:00,377.4639
2012-06-20 17:00:00,366.3602
2012-06-20 18:00:00,366.3602
2012-06-20 19:00:00,369.1015
2012-06-20 20:00:00,355.86765
2012-06-20 21:00:00,328.53802
2012-06-20 22:00:00,321.30884
2012-06-20 23:00:00,274.41223
2012-06-21 00:00:00,247.33994
2012-06-21 01:00:00,220.4346
2012-06-21 02:00:00,218.98912
2012-06-21 03:00:00,229.00703
2012-06-21 04:00:00,193.61479
2012-06-21 05:00:00,194.33754
2012-06-21 06:00:00,199.27899
2012-06-21 07:00:00,199.27899
2012-06-21 08:00:00,242.99376
2012-06-21 09:00:00,318.71115
2012-06-21 10:00:00,343.95602
2012-06-21 11:00:00,371.4577
2012-06-21 12:00:00,403.93967
2012-06-21 13:00:00,394.52948
2012-06-21 14:00:00,386.89474
2012-06-21 15:00:00,414.25735
2012-06-21 16:00:00,401.04388
2012-06-21 17:00:00,378.93
2012-06-21 18:00:00,374.35358
2012-06-21 19:00:00,387.56696
2012-06-21 20:00:00,365.3014
2012-06-21 21:00:00,333.49164
2012-06-21 22:00:00,300.7743
2012-06-21 23:00:00,305.38876
2012-06-22 00:00:00,263.29156
2012-06-22 01:00:00,249.2475
2012-06-22 02:00:00,219.6486
2012-06-22 03:00:00,219.6486
2012-06-22 04:00:00,270.29214
2012-06-22 05:00:00,265.07355
2012-06-22 06:00:00,260.7274
2012-06-22 07:00:00,283.33057
2012-06-22 08:00:00,296.68585
2012-06-22 09:00:00,295.79108
2012-06-22 10:00:00,331.89163
2012-06-22 11:00:00,331.53348
2012-06-22 12:00:00,345.40155
2012-06-22 13:00:00,387.56696
2012-06-22 14:00:00,387.56696
2012-06-22 15:00:00,411.90436
2012-06-22 16:00:00,413.62317
2012-06-22 17:00:00,368.49487
2012-06-22 18:00:00,324.37534
2012-06-22 19:00:00,321.17526
2012-06-22 20:00:00,321.17526
2012-06-22 21:00:00,262.1186
2012-06-22 22:00:00,231.47882
2012-06-22 23:00:00,209.78816
2012-06-23 00:00:00,164.79037
2012-06-23 01:00:00,195.95631
2012-06-23 02:00:00,179.86476
2012-06-23 03:00:00,174.80072
2012-06-23 04:00:00,178.41931
2012-06-23 05:00:00,179.86476
2012-06-23 06:00:00,169.13654
2012-06-23 07:00:00,172.75508
2012-06-23 08:00:00,237.02351
2012-06-23 09:00:00,271.98782
2012-06-23 10:00:00,295.02667
2012-06-23 11:00:00,319.51578
2012-06-23 12:00:00,348.4706
2012-06-23 13:00:00,377.5442
2012-06-23 14:00:00,368.1391
2012-06-23 15:00:00,398.05017
2012-06-23 16:00:00,404.83286
2012-06-23 17:00:00,400.74252
2012-06-23 18:00:00,402.91562
2012-06-23 19:00:00,389.101
2012-06-23 20:00:00,371.27792
2012-06-23 21:00:00,356.61902
2012-06-23 22:00:00,337.35046
2012-06-23 23:00:00,309.24277
2012-06-24 00:00:00,286.20395
2012-06-24 01:00:00,281.43384
2012-06-24 02:00:00,286.13974
2012-06-24 03:00:00,242.48915
2012-06-24 04:00:00,238.14302
2012-06-24 05:00:00,219.27812
2012-06-24 06:00:00,234.71521
2012-06-24 07:00:00,219.74991
2012-06-24 08:00:00,265.08234
2012-06-24 09:00:00,291.95752
2012-06-24 10:00:00,332.79416
2012-06-24 11:00:00,339.30856
2012-06-24 12:00:00,372.4471
2012-06-24 13:00:00,375.343
2012-06-24 14:00:00,396.5998
2012-06-24 15:00:00,404.74432
2012-06-24 16:00:00,394.42667
2012-06-24 17:00:00,388.39197
2012-06-24 18:00:00,380.44003
2012-06-24 19:00:00,364.78998
2012-06-24 20:00:00,332.74957
2012-06-24 21:00:00,302.2306
2012-06-24 22:00:00,290.6854
2012-06-24 23:00:00,281.63324
2012-06-25 00:00:00,273.6851
2012-06-25 01:00:00,253.62282
2012-06-25 02:00:00,238.53598
2012-06-25 03:00:00,237.27045
2012-06-25 04:00:00,200.54942
2012-06-25 05:00:00,212.08873
2012-06-25 06:00:00,190.45451
2012-06-25 07:00:00,214.98456
2012-06-25 08:00:00,228.62102
2012-06-25 09:00:00,252.17247
2012-06-25 10:00:00,298.13623
2012-06-25 11:00:00,353.79132
2012-06-25 12:00:00,336.6521
2012-06-25 13:00:00,305.23813
2012-06-25 14:00:00,340.60312
2012-06-25 15:00:00,361.99142
2012-06-25 16:00:00,385.24805
2012-06-25 17:00:00,406.1518
2012-06-25 18:00:00,388.73135
2012-06-25 19:00:00,383.70053
2012-06-25 20:00:00,372.00845
2012-06-25 21:00:00,354.7348
2012-06-25 22:00:00,358.7308
2012-06-25 23:00:00,341.84824
2012-06-26 00:00:00,339.931
2012-06-26 01:00:00,334.87485
2012-06-26 02:00:00,278.89005
2012-06-26 03:00:00,267.12698
2012-06-26 04:00:00,267.8497
2012-06-26 05:00:00,257.39014
2012-06-26 06:00:00,240.97455
2012-06-26 07:00:00,243.87033
2012-06-26 08:00:00,262.95892
2012-06-26 09:00:00,282.10593
2012-06-26 10:00:00,317.23755
2012-06-26 11:00:00,337.13745
2012-06-26 12:00:00,346.53976
2012-06-26 13:00:00,367.00278
2012-06-26 14:00:00,367.00278
2012-06-26 15:00:00,378.76593
2012-06-26 16:00:00,382.435
2012-06-26 17:00:00,376.5929
2012-06-26 18:00:00,373.69702
2012-06-26 19:00:00,367.18265
2012-06-26 20:00:00,358.31537
2012-06-26 21:00:00,339.98245
2012-06-26 22:00:00,337.1247
2012-06-26 23:00:00,306.377
2012-06-27 00:00:00,309.27283
2012-06-27 01:00:00,299.87537
2012-06-27 02:00:00,253.54387
2012-06-27 03:00:00,266.18137
2012-06-27 04:00:00,313.2688
2012-06-27 05:00:00,305.66705
2012-06-27 06:00:00,275.59158
2012-06-27 07:00:00,309.2856
2012-06-27 08:00:00,309.75732
2012-06-27 09:00:00,321.07202
2012-06-27 10:00:00,335.74347
2012-06-27 11:00:00,368.13403
2012-06-27 12:00:00,375.4547
2012-06-27 13:00:00,394.4217
2012-06-27 14:00:00,401.08298
2012-06-27 15:00:00,403.9534
2012-06-27 16:00:00,411.18268
2012-06-27 17:00:00,408.28687
2012-06-27 18:00:00,394.4217
2012-06-27 19:00:00,382.6334
2012-06-27 20:00:00,364.35098
2012-06-27 21:00:00,343.6321
2012-06-27 22:00:00,327.47717
2012-06-27 23:00:00,297.8609
2012-06-28 00:00:00,281.6097
2012-06-28 01:00:00,264.4713
2012-06-28 02:00:00,280.88696
2012-06-28 03:00:00,280.88696
2012-06-28 04:00:00,240.77306
2012-06-28 05:00:00,255.93088
2012-06-28 06:00:00,255.93088
2012-06-28 07:00:00,240.77306
2012-06-28 08:00:00,283.0552
2012-06-28 09:00:00,283.91806
2012-06-28 10:00:00,311.13852
2012-06-28 11:00:00,375.83295
2012-06-28 12:00:00,402.91156
2012-06-28 13:00:00,409.58054
2012-06-28 14:00:00,413.85562
2012-06-28 15:00:00,413.85562
2012-06-28 16:00:00,419.0995
2012-06-28 17:00:00,422.11685
2012-06-28 18:00:00,408.78674
2012-06-28 19:00:00,395.40125
2012-06-28 20:00:00,376.34564
2012-06-28 21:00:00,299.5817
2012-06-28 22:00:00,307.1883
2012-06-28 23:00:00,308.2427
2012-06-29 00:00:00,308.2427
2012-06-29 01:00:00,300.641
2012-06-29 02:00:00,279.04764
2012-06-29 03:00:00,279.04764
2012-06-29 04:00:00,250.72696
2012-06-29 05:00:00,259.9006
2012-06-29 06:00:00,268.46063
2012-06-29 07:00:00,259.9006
2012-06-29 08:00:00,295.151
2012-06-29 09:00:00,298.13623
2012-06-29 10:00:00,400.7503
2012-06-29 11:00:00,400.47592
2012-06-29 12:00:00,414.6251
2012-06-29 13:00:00,414.0171
2012-06-29 14:00:00,431.0668
2012-06-29 15:00:00,420.20633
2012-06-29 16:00:00,420.20633
2012-06-29 17:00:00,441.37958
2012-06-29 18:00:00,423.8093
2012-06-29 19:00:00,383.0263
2012-06-29 20:00:00,406.73727
2012-06-29 21:00:00,355.2679
2012-06-29 22:00:00,326.92395
2012-06-29 23:00:00,326.92395
2012-06-30 00:00:00,165.97925
2012-06-30 01:00:00,168.87508
2012-06-30 02:00:00,152.35034
2012-06-30 03:00:00,152.35034
2012-06-30 04:00:00,127.698746
2012-06-30 05:00:00,154.65091
2012-06-30 06:00:00,154.65091
2012-06-30 07:00:00,154.65091
2012-06-30 08:00:00,154.65091
2012-06-30 09:00:00,154.65091
2012-06-30 10:00:00,409.71973
2012-06-30 11:00:00,409.71973
2012-06-30 12:00:00,409.71973
2012-06-30 13:00:00,409.71973
2012-06-30 14:00:00,409.71973
2012-06-30 15:00:00,409.71973
2012-06-30 16:00:00,414.14944
2012-06-30 17:00:00,397.89346
2012-06-30 18:00:00,386.16333
2012-06-30 19:00:00,359.831
2012-06-30 20:00:00,333.2447
2012-06-30 21:00:00,333.2447
2012-06-30 22:00:00,291.58902
2012-06-30 23:00:00,287.97052
2012-07-20 00:00:00,166.89052
2012-07-20 01:00:00,157.7304
2012-07-20 02:00:00,161.22635
2012-07-20 03:00:00,161.94905
2012-07-20 04:00:00,164.8449
2012-07-20 05:00:00,163.39455
2012-07-20 06:00:00,164.8449
2012-07-20 07:00:00,166.29037
2012-07-20 08:00:00,196.35017
2012-07-20 09:00:00,216.53407
2012-07-20 10:00:00,217.9844
2012-07-20 11:00:00,249.74559
2012-07-20 12:00:00,202.01434
2012-07-20 13:00:00,199.1185
2012-07-20 14:00:00,208.56168
2012-07-20 15:00:00,209.41191
2012-07-20 16:00:00,204.3149
2012-07-20 17:00:00,177.15091
2012-07-20 18:00:00,209.83702
2012-07-20 19:00:00,183.01237
2012-07-20 20:00:00,193.74545
2012-07-20 21:00:00,188.9324
2012-07-20 22:00:00,176.74898
2012-07-20 23:00:00,181.09515
2012-07-21 00:00:00,187.95786
2012-07-21 01:00:00,180.84337
2012-07-21 02:00:00,163.30629
2012-07-21 03:00:00,161.85594
2012-07-21 04:00:00,161.38905
2012-07-21 05:00:00,159.93869
2012-07-21 06:00:00,159.93869
2012-07-21 07:00:00,154.27455
2012-07-21 08:00:00,169.36137
2012-07-21 09:00:00,166.46555
2012-07-21 10:00:00,159.93869
2012-07-21 11:00:00,175.08978
2012-07-21 12:00:00,179.30844
2012-07-21 13:00:00,176.41263
2012-07-21 14:00:00,156.1918
2012-07-21 15:00:00,161.85594
2012-07-21 16:00:00,158.96013
2012-07-21 17:00:00,157.51465
2012-07-21 18:00:00,153.29596
2012-07-21 19:00:00,151.85046
2012-07-21 20:00:00,157.51465
2012-07-21 21:00:00,151.85046
2012-07-21 22:00:00,148.95464
2012-07-21 23:00:00,143.88574
2012-07-22 00:00:00,148.95464
2012-07-22 01:00:00,151.85046
2012-07-22 02:00:00,148.95464
2012-07-22 03:00:00,148.95464
2012-07-22 04:00:00,138.22156
2012-07-22 05:00:00,138.22156
2012-07-22 06:00:00,172.88348
2012-07-22 07:00:00,168.53732
2012-07-22 08:00:00,189.35248
2012-07-22 09:00:00,226.07353
2012-07-22 10:00:00,210.98668
2012-07-22 11:00:00,210.98668
2012-07-22 12:00:00,239.60706
2012-07-22 13:00:00,253.97113
2012-07-22 14:00:00,255.57709
2012-07-22 15:00:00,255.57709
2012-07-22 16:00:00,261.33063
2012-07-22 17:00:00,267.1223
2012-07-22 18:00:00,264.2265
2012-07-22 19:00:00,246.40341
2012-07-22 20:00:00,228.60559
2012-07-22 21:00:00,210.62294
2012-07-22 22:00:00,230.05107
2012-07-22 23:00:00,203.954
2012-07-23 00:00:00,155.56218
2012-07-23 01:00:00,160.62622
2012-07-23 02:00:00,146.1395
2012-07-23 03:00:00,146.1395
2012-07-23 04:00:00,148.30771
2012-07-23 05:00:00,148.30771
2012-07-23 06:00:00,174.6274
2012-07-23 07:00:00,195.78302
2012-07-23 08:00:00,218.98912
2012-07-23 09:00:00,246.91399
2012-07-23 10:00:00,288.08997
2012-07-23 11:00:00,328.14557
2012-07-23 12:00:00,328.14557
2012-07-23 13:00:00,325.24973
2012-07-23 14:00:00,305.10675
2012-07-23 15:00:00,318.71115
2012-07-23 16:00:00,330.59586
2012-07-23 17:00:00,330.59586
2012-07-23 18:00:00,343.4434
2012-07-23 19:00:00,326.8227
2012-07-23 20:00:00,280.82574
2012-07-23 21:00:00,282.27124
2012-07-23 22:00:00,272.7065
2012-07-23 23:00:00,257.27432
2012-07-24 00:00:00,225.95671
2012-07-24 01:00:00,202.75546
2012-07-24 02:00:00,181.12129
2012-07-24 03:00:00,181.12129
2012-07-24 04:00:00,177.50275
2012-07-24 05:00:00,178.22546
2012-07-24 06:00:00,179.67093
2012-07-24 07:00:00,227.40704
2012-07-24 08:00:00,252.40398
2012-07-24 09:00:00,330.62878
2012-07-24 10:00:00,330.32745
2012-07-24 11:00:00,352.2224
2012-07-24 12:00:00,332.37305
2012-07-24 13:00:00,350.77206
2012-07-24 14:00:00,347.1535
2012-07-24 15:00:00,347.61258
2012-07-24 16:00:00,323.78012
2012-07-24 17:00:00,330.44614
2012-07-24 18:00:00,288.79053
2012-07-24 19:00:00,280.82574
2012-07-24 20:00:00,263.02798
2012-07-24 21:00:00,265.92377
2012-07-24 22:00:00,267.36926
2012-07-24 23:00:00,291.29523
2012-07-25 00:00:00,284.11655
2012-07-25 01:00:00,273.294
2012-07-25 02:00:00,259.9639
2012-07-25 03:00:00,242.14084
2012-07-25 04:00:00,236.41249
2012-07-25 05:00:00,233.51663
2012-07-25 06:00:00,234.9621
2012-07-25 07:00:00,292.47028
2012-07-25 08:00:00,320.6566
2012-07-25 09:00:00,343.6449
2012-07-25 10:00:00,331.083
2012-07-25 11:00:00,348.90607
2012-07-25 12:00:00,348.90607
2012-07-25 13:00:00,368.6339
2012-07-25 14:00:00,378.97183
2012-07-25 15:00:00,365.01538
2012-07-25 16:00:00,380.4222
2012-07-25 17:00:00,366.42273
2012-07-25 18:00:00,385.0066
2012-07-25 19:00:00,355.42044
2012-07-25 20:00:00,329.99564
2012-07-25 21:00:00,311.54123
2012-07-25 22:00:00,270.3982
2012-07-25 23:00:00,275.65195
2012-07-26 00:00:00,240.69052
2012-07-26 01:00:00,242.14084
2012-07-26 02:00:00,231.51685
2012-07-26 03:00:00,230.07137
2012-07-26 04:00:00,213.5342
2012-07-26 05:00:00,213.5342
2012-07-26 06:00:00,200.54942
2012-07-26 07:00:00,231.74834
2012-07-26 08:00:00,237.41255
2012-07-26 09:00:00,249.41875
2012-07-26 10:00:00,253.8543
2012-07-26 11:00:00,298.42914
2012-07-26 12:00:00,337.71912
2012-07-26 13:00:00,354.6726
2012-07-26 14:00:00,385.92215
2012-07-26 15:00:00,408.91037
2012-07-26 16:00:00,423.43213
2012-07-26 17:00:00,396.08514
2012-07-26 18:00:00,414.02982
2012-07-26 19:00:00,391.74393
2012-07-26 20:00:00,357.74054
2012-07-26 21:00:00,353.2498
2012-07-26 22:00:00,353.2498
2012-07-26 23:00:00,243.75452
2012-07-27 00:00:00,237.24017
2012-07-27 01:00:00,242.30904
2012-07-27 02:00:00,210.86987
2012-07-27 03:00:00,227.40704
2012-07-27 04:00:00,204.35545
2012-07-27 05:00:00,189.26863
2012-07-27 06:00:00,204.35545
2012-07-27 07:00:00,246.65038
2012-07-27 08:00:00,268.97418
2012-07-27 09:00:00,346.88986
2012-07-27 10:00:00,341.08548
2012-07-27 11:00:00,357.01492
2012-07-27 12:00:00,356.26205
2012-07-27 13:00:00,354.84186
2012-07-27 14:00:00,365.1293
2012-07-27 15:00:00,375.8039
2012-07-27 16:00:00,351.946
2012-07-27 17:00:00,378.6997
2012-07-27 18:00:00,346.3392
2012-07-27 19:00:00,333.49164
2012-07-27 20:00:00,296.5468
2012-07-27 21:00:00,296.5468
2012-07-27 22:00:00,297.99228
2012-07-27 23:00:00,264.628
2012-07-28 00:00:00,271.00928
2012-07-28 01:00:00,242.78485
2012-07-28 02:00:00,238.4387
2012-07-28 03:00:00,238.4387
2012-07-28 04:00:00,214.96423
2012-07-28 05:00:00,203.954
2012-07-28 06:00:00,233.94286
2012-07-28 07:00:00,244.95308
2012-07-28 08:00:00,264.2265
2012-07-28 09:00:00,297.74536
2012-07-28 10:00:00,336.1405
2012-07-28 11:00:00,369.636
2012-07-28 12:00:00,367.43765
2012-07-28 13:00:00,379.8982
2012-07-28 14:00:00,380.64627
2012-07-28 15:00:00,405.13544
2012-07-28 16:00:00,379.20074
2012-07-28 17:00:00,348.98328
2012-07-28 18:00:00,358.5452
2012-07-28 19:00:00,183.91985
2012-07-28 20:00:00,185.21565
2012-07-28 21:00:00,193.7881
2012-07-28 22:00:00,193.7881
2012-07-28 23:00:00,178.70128
2012-07-29 00:00:00,158.92892
2012-07-29 01:00:00,179.42401
2012-07-29 02:00:00,211.83691
2012-07-29 03:00:00,231.2699
2012-07-29 04:00:00,224.09122
2012-07-29 05:00:00,191.1813
2012-07-29 06:00:00,210.57626
2012-07-29 07:00:00,232.71542
2012-07-29 08:00:00,254.82137
2012-07-29 09:00:00,274.88367
2012-07-29 10:00:00,264.49487
2012-07-29 11:00:00,302.2306
2012-07-29 12:00:00,307.2995
2012-07-29 13:00:00,335.6279
2012-07-29 14:00:00,339.41852
2012-07-29 15:00:00,345.5748
2012-07-29 16:00:00,345.5748
2012-07-29 17:00:00,358.7882
2012-07-29 18:00:00,355.73795
2012-07-29 19:00:00,299.33478
2012-07-29 20:00:00,261.33063
2012-07-29 21:00:00,244.95308
2012-07-29 22:00:00,233.94286
2012-07-29 23:00:00,228.87398
2012-07-30 00:00:00,223.78848
2012-07-30 01:00:00,219.4423
2012-07-30 02:00:00,209.87758
2012-07-30 03:00:00,173.15657
2012-07-30 04:00:00,173.15657
2012-07-30 05:00:00,178.22546
2012-07-30 06:00:00,181.12129
2012-07-30 07:00:00,208.70163
2012-07-30 08:00:00,239.74013
2012-07-30 09:00:00,248.65791
2012-07-30 10:00:00,271.58795
2012-07-30 11:00:00,311.91476
2012-07-30 12:00:00,295.66357
2012-07-30 13:00:00,331.53348
2012-07-30 14:00:00,334.42932
2012-07-30 15:00:00,335.87482
2012-07-30 16:00:00,337.32516
2012-07-30 17:00:00,306.1009
2012-07-30 18:00:00,305.20123
2012-07-30 19:00:00,332.04614
2012-07-30 20:00:00,248.10074
2012-07-30 21:00:00,246.65038
2012-07-30 22:00:00,235.96703
2012-07-30 23:00:00,228.85252
2012-07-31 00:00:00,201.30515
2012-07-31 01:00:00,179.67093
2012-07-31 02:00:00,179.67096
2012-07-31 03:00:00,177.50275
2012-07-31 04:00:00,177.50275
2012-07-31 05:00:00,181.12129
2012-07-31 06:00:00,153.45236
2012-07-31 07:00:00,193.5818
2012-07-31 08:00:00,210.86984
2012-07-31 09:00:00,242.30904
2012-07-31 10:00:00,249.30962
2012-07-31 11:00:00,284.93048
2012-07-31 12:00:00,328.80978
2012-07-31 13:00:00,323.05728
2012-07-31 14:00:00,323.05728
2012-07-31 15:00:00,279.37543
2012-07-31 16:00:00,295.79108
2012-07-31 17:00:00,315.81247
2012-07-31 18:00:00,303.92783
2012-07-31 19:00:00,291.9996
2012-07-31 20:00:00,248.41399
2012-07-31 21:00:00,204.20094
2012-07-31 22:00:00,222.18362
2012-07-31 23:00:00,186.78546
2012-08-20 00:00:00,166.65405
2012-08-20 01:00:00,163.8857
2012-08-20 02:00:00,163.8857
2012-08-20 03:00:00,142.09193
2012-08-20 04:00:00,165.93132
2012-08-20 05:00:00,161.58517
2012-08-20 06:00:00,187.02275
2012-08-20 07:00:00,192.7511
2012-08-20 08:00:00,206.39246
2012-08-20 09:00:00,219.14665
2012-08-20 10:00:00,223.4928
2012-08-20 11:00:00,236.3492
2012-08-20 12:00:00,254.08286
2012-08-20 13:00:00,270.3982
2012-08-20 14:00:00,289.67166
2012-08-20 15:00:00,294.0129
2012-08-20 16:00:00,294.0129
2012-08-20 17:00:00,277.6402
2012-08-20 18:00:00,198.54274
2012-08-20 19:00:00,195.64693
2012-08-20 20:00:00,181.09515
2012-08-20 21:00:00,155.92097
2012-08-20 22:00:00,161.58517
2012-08-20 23:00:00,161.58517
2012-08-21 00:00:00,165.93132
2012-08-21 01:00:00,168.09956
2012-08-21 02:00:00,154.52634
2012-08-21 03:00:00,129.35217
2012-08-21 04:00:00,129.35217
2012-08-21 05:00:00,148.78517
2012-08-21 06:00:00,149.50793
2012-08-21 07:00:00,179.91312
2012-08-21 08:00:00,181.35858
2012-08-21 09:00:00,213.48245
2012-08-21 10:00:00,248.41869
2012-08-21 11:00:00,275.95328
2012-08-21 12:00:00,305.0269
2012-08-21 13:00:00,322.0309
2012-08-21 14:00:00,341.18274
2012-08-21 15:00:00,336.83655
2012-08-21 16:00:00,336.83655
2012-08-21 17:00:00,306.43256
2012-08-21 18:00:00,292.56747
2012-08-21 19:00:00,212.05664
2012-08-21 20:00:00,201.413
2012-08-21 21:00:00,201.413
2012-08-21 22:00:00,182.48979
2012-08-21 23:00:00,161.67459
2012-08-22 00:00:00,166.7435
2012-08-22 01:00:00,180.57256
2012-08-22 02:00:00,180.57256
2012-08-22 03:00:00,180.57256
2012-08-22 04:00:00,155.26152
2012-08-22 05:00:00,174.84421
2012-08-22 06:00:00,195.65935
2012-08-22 07:00:00,180.57256
2012-08-22 08:00:00,205.75912
2012-08-22 09:00:00,237.03387
2012-08-22 10:00:00,259.17786
2012-08-22 11:00:00,273.98358
2012-08-22 12:00:00,292.67624
2012-08-22 13:00:00,312.52557
2012-08-22 14:00:00,321.5777
2012-08-22 15:00:00,313.97104
2012-08-22 16:00:00,306.60678
2012-08-22 17:00:00,306.60678
2012-08-22 18:00:00,265.53867
2012-08-22 19:00:00,209.78816
2012-08-22 20:00:00,210.8232
2012-08-22 21:00:00,201.413
2012-08-22 22:00:00,201.413
2012-08-22 23:00:00,163.59184
2012-08-23 00:00:00,182.48979
2012-08-23 01:00:00,161.67459
2012-08-23 02:00:00,161.67459
2012-08-23 03:00:00,166.02077
2012-08-23 04:00:00,161.67459
2012-08-23 05:00:00,161.67459
2012-08-23 06:00:00,147.03334
2012-08-23 07:00:00,171.68494
2012-08-23 08:00:00,214.13431
2012-08-23 09:00:00,233.3396
2012-08-23 10:00:00,279.71198
2012-08-23 11:00:00,311.8029
2012-08-23 12:00:00,339.54758
2012-08-23 13:00:00,359.2121
2012-08-23 14:00:00,330.10553
2012-08-23 15:00:00,325.75943
2012-08-23 16:00:00,315.4214
2012-08-23 17:00:00,327.36935
2012-08-23 18:00:00,312.5889
2012-08-23 19:00:00,295.10516
2012-08-23 20:00:00,259.9006
2012-08-23 21:00:00,261.3461
2012-08-23 22:00:00,259.83646
2012-08-23 23:00:00,224.875
2012-08-24 00:00:00,224.875
2012-08-24 01:00:00,207.07712
2012-08-24 02:00:00,219.2108
2012-08-24 03:00:00,201.413
2012-08-24 04:00:00,207.07712
2012-08-24 05:00:00,182.48979
2012-08-24 06:00:00,167.33878
2012-08-24 07:00:00,188.15396
2012-08-24 08:00:00,209.78816
2012-08-24 09:00:00,275.30157
2012-08-24 10:00:00,313.12088
2012-08-24 11:00:00,318.18976
2012-08-24 12:00:00,326.5192
2012-08-24 13:00:00,350.7933
2012-08-24 14:00:00,333.36603
2012-08-24 15:00:00,319.63522
2012-08-24 16:00:00,319.63522
2012-08-24 17:00:00,309.20096
2012-08-24 18:00:00,276.45346
2012-08-24 19:00:00,283.26633
2012-08-24 20:00:00,259.287
2012-08-24 21:00:00,268.46063
2012-08-24 22:00:00,260.49588
2012-08-24 23:00:00,234.97476
2012-08-25 00:00:00,261.69446
2012-08-25 01:00:00,231.82713
2012-08-25 02:00:00,215.33286
2012-08-25 03:00:00,224.75552
2012-08-25 04:00:00,231.14244
2012-08-25 05:00:00,216.24042
2012-08-25 06:00:00,197.31723
2012-08-25 07:00:00,198.7627
2012-08-25 08:00:00,223.29277
2012-08-25 09:00:00,245.58354
2012-08-25 10:00:00,264.1041
2012-08-25 11:00:00,281.9982
2012-08-25 12:00:00,313.05908
2012-08-25 13:00:00,314.99664
2012-08-25 14:00:00,256.1132
2012-08-25 15:00:00,224.20515
2012-08-25 16:00:00,225.46584
2012-08-25 17:00:00,226.91614
2012-08-25 18:00:00,248.51736
2012-08-25 19:00:00,203.83162
2012-08-25 20:00:00,186.50752
2012-08-25 21:00:00,180.24805
2012-08-25 22:00:00,180.24805
2012-08-25 23:00:00,180.84337
2012-08-26 00:00:00,158.99222
2012-08-26 01:00:00,156.09639
2012-08-26 02:00:00,163.21089
2012-08-26 03:00:00,164.65639
2012-08-26 04:00:00,161.76056
2012-08-26 05:00:00,156.09639
2012-08-26 06:00:00,158.42906
2012-08-26 07:00:00,156.09639
2012-08-26 08:00:00,209.74567
2012-08-26 09:00:00,208.29533
2012-08-26 10:00:00,275.08707
2012-08-26 11:00:00,273.63672
2012-08-26 12:00:00,258.9089
2012-08-26 13:00:00,221.04103
2012-08-26 14:00:00,151.75507
2012-08-26 15:00:00,171.7709
2012-08-26 16:00:00,171.7709
2012-08-26 17:00:00,157.54672
2012-08-26 18:00:00,156.6965
2012-08-26 19:00:00,160.3151
2012-08-26 20:00:00,154.65091
2012-08-26 21:00:00,171.30475
2012-08-26 22:00:00,148.29608
2012-08-26 23:00:00,167.2193
2012-08-27 00:00:00,161.67459
2012-08-27 01:00:00,147.09755
2012-08-27 02:00:00,149.2658
2012-08-27 03:00:00,147.09755
2012-08-27 04:00:00,161.67459
2012-08-27 05:00:00,142.75137
2012-08-27 06:00:00,142.75137
2012-08-27 07:00:00,173.15657
2012-08-27 08:00:00,177.50275
2012-08-27 09:00:00,178.22546
2012-08-27 10:00:00,235.52145
2012-08-27 11:00:00,264.47348
2012-08-27 12:00:00,272.86102
2012-08-27 13:00:00,295.9126
2012-08-27 14:00:00,327.91495
2012-08-27 15:00:00,323.78012
2012-08-27 16:00:00,321.607
2012-08-27 17:00:00,339.67032
2012-08-27 18:00:00,317.25797
2012-08-27 19:00:00,253.8543
2012-08-27 20:00:00,252.40398
2012-08-27 21:00:00,238.41725
2012-08-27 22:00:00,198.67883
2012-08-27 23:00:00,197.23334
2012-08-28 00:00:00,201.57466
2012-08-28 01:00:00,174.02731
2012-08-28 02:00:00,195.02731
2012-08-28 03:00:00,157.7304
2012-08-28 04:00:00,179.67093
2012-08-28 05:00:00,183.1669
2012-08-28 06:00:00,161.94905
2012-08-28 07:00:00,183.88963
2012-08-28 08:00:00,181.66603
2012-08-28 09:00:00,217.98438
2012-08-28 10:00:00,275.60236
2012-08-28 11:00:00,312.04227
2012-08-28 12:00:00,337.32516
2012-08-28 13:00:00,358.06927
2012-08-28 14:00:00,376.52377
2012-08-28 15:00:00,381.4145
2012-08-28 16:00:00,382.0459
2012-08-28 17:00:00,373.1786
2012-08-28 18:00:00,349.65527
2012-08-28 19:00:00,318.74515
2012-08-28 20:00:00,304.87997
2012-08-28 21:00:00,304.15726
2012-08-28 22:00:00,275.95328
2012-08-28 23:00:00,261.17282
2012-08-29 00:00:00,219.2108
2012-08-29 01:00:00,219.99684
2012-08-29 02:00:00,202.17375
2012-08-29 03:00:00,200.72826
2012-08-29 04:00:00,204.6027
2012-08-29 05:00:00,203.15237
2012-08-29 06:00:00,203.15237
2012-08-29 07:00:00,229.89807
2012-08-29 08:00:00,251.3145
2012-08-29 09:00:00,294.4156
2012-08-29 10:00:00,307.77582
2012-08-29 11:00:00,305.0269
2012-08-29 12:00:00,331.5956
2012-08-29 13:00:00,319.83255
2012-08-29 14:00:00,335.94177
2012-08-29 15:00:00,341.00586
2012-08-29 16:00:00,343.35098
2012-08-29 17:00:00,359.46027
2012-08-29 18:00:00,327.79727
2012-08-29 19:00:00,285.36356
2012-08-29 20:00:00,261.17282
2012-08-29 21:00:00,269.54022
2012-08-29 22:00:00,264.4713
2012-08-29 23:00:00,255.41927
2012-08-30 00:00:00,213.48245
2012-08-30 01:00:00,225.5519
2012-08-30 02:00:00,195.65935
2012-08-30 03:00:00,195.65935
2012-08-30 04:00:00,195.65935
2012-08-30 05:00:00,195.65935
2012-08-30 06:00:00,163.8857
2012-08-30 07:00:00,201.413
2012-08-30 08:00:00,231.28027
2012-08-30 09:00:00,263.8838
2012-08-30 10:00:00,281.70688
2012-08-30 11:00:00,335.94177
2012-08-30 12:00:00,323.0232
2012-08-30 13:00:00,312.52557
2012-08-30 14:00:00,313.97104
2012-08-30 15:00:00,336.77448
2012-08-30 16:00:00,345.8266
2012-08-30 17:00:00,377.79596
2012-08-30 18:00:00,355.62668
2012-08-30 19:00:00,313.97104
2012-08-30 20:00:00,283.33057
2012-08-30 21:00:00,255.82402
2012-08-30 22:00:00,227.67545
2012-08-30 23:00:00,224.51122
2012-08-31 00:00:00,190.68602
2012-08-31 01:00:00,190.68602
2012-08-31 02:00:00,157.7304
2012-08-31 03:00:00,156.28488
2012-08-31 04:00:00,152.00203
2012-08-31 05:00:00,153.45236
2012-08-31 06:00:00,159.11652
2012-08-31 07:00:00,155.49796
2012-08-31 08:00:00,225.10649
2012-08-31 09:00:00,242.99376
2012-08-31 10:00:00,277.2072
2012-08-31 11:00:00,407.16434
2012-08-31 12:00:00,411.02597
2012-08-31 13:00:00,417.38562
2012-08-31 14:00:00,424.0798
2012-08-31 15:00:00,425.50003
2012-08-31 16:00:00,423.327
2012-08-31 17:00:00,398.14523
2012-08-31 18:00:00,384.68866
2012-08-31 19:00:00,330.08316
2012-08-31 20:00:00,330.08316
2012-08-31 21:00:00,294.34073
2012-08-31 22:00:00,294.34073
2012-08-31 23:00:00,268.3652
2012-09-20 00:00:00,187.55078
2012-09-20 01:00:00,153.98143
2012-09-20 02:00:00,153.25867
2012-09-20 03:00:00,128.09732
2012-09-20 04:00:00,133.16621
2012-09-20 05:00:00,133.16621
2012-09-20 06:00:00,128.09732
2012-09-20 07:00:00,123.80775
2012-09-20 08:00:00,176.8101
2012-09-20 09:00:00,218.18459
2012-09-20 10:00:00,245.05981
2012-09-20 11:00:00,293.82788
2012-09-20 12:00:00,300.3423
2012-09-20 13:00:00,299.24216
2012-09-20 14:00:00,293.08588
2012-09-20 15:00:00,295.0031
2012-09-20 16:00:00,291.64035
2012-09-20 17:00:00,285.48413
2012-09-20 18:00:00,264.99094
2012-09-20 19:00:00,230.45262
2012-09-20 20:00:00,208.28337
2012-09-20 21:00:00,211.17921
2012-09-20 22:00:00,173.95323
2012-09-20 23:00:00,189.04005
2012-09-21 00:00:00,183.97116
2012-09-21 01:00:00,166.14809
2012-09-21 02:00:00,166.14809
2012-09-21 03:00:00,149.65381
2012-09-21 04:00:00,145.30765
2012-09-21 05:00:00,130.2208
2012-09-21 06:00:00,149.65381
2012-09-21 07:00:00,151.06126
2012-09-21 08:00:00,175.39873
2012-09-21 09:00:00,201.96748
2012-09-21 10:00:00,246.56468
2012-09-21 11:00:00,266.27975
2012-09-21 12:00:00,269.13754
2012-09-21 13:00:00,283.91806
2012-09-21 14:00:00,290.43243
2012-09-21 15:00:00,286.81384
2012-09-21 16:00:00,285.3635
2012-09-21 17:00:00,274.92923
2012-09-21 18:00:00,255.65578
2012-09-21 19:00:00,237.85797
2012-09-21 20:00:00,220.9754
2012-09-21 21:00:00,206.04817
2012-09-21 22:00:00,203.15237
2012-09-21 23:00:00,209.6716
2012-09-22 00:00:00,208.69705
2012-09-22 01:00:00,165.87032
2012-09-22 02:00:00,142.85674
2012-09-22 03:00:00,159.39394
2012-09-22 04:00:00,159.39394
2012-09-22 05:00:00,161.56702
2012-09-22 06:00:00,160.1167
2012-09-22 07:00:00,178.78406
2012-09-22 08:00:00,209.41978
2012-09-22 09:00:00,226.98705
2012-09-22 10:00:00,248.40831
2012-09-22 11:00:00,278.83878
2012-09-22 12:00:00,297.38455
2012-09-22 13:00:00,311.24973
2012-09-22 14:00:00,322.41162
2012-09-22 15:00:00,321.7521
2012-09-22 16:00:00,309.80423
2012-09-22 17:00:00,309.80423
2012-09-22 18:00:00,296.66183
2012-09-22 19:00:00,274.49258
2012-09-22 20:00:00,289.4579
2012-09-22 21:00:00,267.00656
2012-09-22 22:00:00,262.1935
2012-09-22 23:00:00,283.31506
2012-09-23 00:00:00,344.55386
2012-09-23 01:00:00,272.95706
2012-09-23 02:00:00,274.204
2012-09-23 03:00:00,243.77362
2012-09-23 04:00:00,234.40141
2012-09-23 05:00:00,223.77742
2012-09-23 06:00:00,208.99695
2012-09-23 07:00:00,222.33194
2012-09-23 08:00:00,246.66942
2012-09-23 09:00:00,263.0218
2012-09-23 10:00:00,289.00974
2012-09-23 11:00:00,291.72073
2012-09-23 12:00:00,293.5357
2012-09-23 13:00:00,338.29538
2012-09-23 14:00:00,339.74088
2012-09-23 15:00:00,356.27805
2012-09-23 16:00:00,361.3469
2012-09-23 17:00:00,327.08487
2012-09-23 18:00:00,310.25287
2012-09-23 19:00:00,287.96698
2012-09-23 20:00:00,287.96698
2012-09-23 21:00:00,272.63104
2012-09-23 22:00:00,261.89798
2012-09-23 23:00:00,233.68642
2012-09-24 00:00:00,207.61359
2012-09-24 01:00:00,192.64832
2012-09-24 02:00:00,210.38193
2012-09-24 03:00:00,206.1681
2012-09-24 04:00:00,185.47447
2012-09-24 05:00:00,198.20337
2012-09-24 06:00:00,210.27287
2012-09-24 07:00:00,192.64832
2012-09-24 08:00:00,243.2345
2012-09-24 09:00:00,258.0402
2012-09-24 10:00:00,274.2962
2012-09-24 11:00:00,314.78265
2012-09-24 12:00:00,325.88632
2012-09-24 13:00:00,364.73276
2012-09-24 14:00:00,355.4946
2012-09-24 15:00:00,350.25366
2012-09-24 16:00:00,344.55365
2012-09-24 17:00:00,332.24765
2012-09-24 18:00:00,307.60883
2012-09-24 19:00:00,294.37015
2012-09-24 20:00:00,253.6989
2012-09-24 21:00:00,252.40816
2012-09-24 22:00:00,256.7543
2012-09-24 23:00:00,204.71774
2012-09-25 00:00:00,194.09866
2012-09-25 01:00:00,171.8331
2012-09-25 02:00:00,150.99265
2012-09-25 03:00:00,166.92862
2012-09-25 04:00:00,169.09686
2012-09-25 05:00:00,148.82443
2012-09-25 06:00:00,161.09242
2012-09-25 07:00:00,159.64209
2012-09-25 08:00:00,201.29773
2012-09-25 09:00:00,254.62016
2012-09-25 10:00:00,274.5911
2012-09-25 11:00:00,319.47223
2012-09-25 12:00:00,329.7188
2012-09-25 13:00:00,318.11624
2012-09-25 14:00:00,347.79584
2012-09-25 15:00:00,356.8479
2012-09-25 16:00:00,346.34552
2012-09-25 17:00:00,345.6228
2012-09-25 18:00:00,334.77496
2012-09-25 19:00:00,307.1469
2012-09-25 20:00:00,289.29855
2012-09-25 21:00:00,289.29855
2012-09-25 22:00:00,288.57587
2012-09-25 23:00:00,290.74887
2012-09-26 00:00:00,244.13628
2012-09-26 01:00:00,245.58662
2012-09-26 02:00:00,249.07771
2012-09-26 03:00:00,249.07771
2012-09-26 04:00:00,209.0533
2012-09-26 05:00:00,207.6078
2012-09-26 06:00:00,200.42911
2012-09-26 07:00:00,185.46382
2012-09-26 08:00:00,211.22638
2012-09-26 09:00:00,256.2796
2012-09-26 10:00:00,229.6331
2012-09-26 11:00:00,275.8732
2012-09-26 12:00:00,282.09848
2012-09-26 13:00:00,296.87894
2012-09-26 14:00:00,337.61926
2012-09-26 15:00:00,338.34204
2012-09-26 16:00:00,346.6714
2012-09-26 17:00:00,338.34204
2012-09-26 18:00:00,334.72348
2012-09-26 19:00:00,306.0526
2012-09-26 20:00:00,250.75562
2012-09-26 21:00:00,262.82507
2012-09-26 22:00:00,254.43837
2012-09-26 23:00:00,214.94894
2012-09-27 00:00:00,201.32492
2012-09-27 01:00:00,201.32492
2012-09-27 02:00:00,201.32492
2012-09-27 03:00:00,196.97876
2012-09-27 04:00:00,139.89694
2012-09-27 05:00:00,172.3272
2012-09-27 06:00:00,155.83292
2012-09-27 07:00:00,196.97874
2012-09-27 08:00:00,232.01125
2012-09-27 09:00:00,253.41484
2012-09-27 10:00:00,326.56058
2012-09-27 11:00:00,326.52243
2012-09-27 12:00:00,336.04144
2012-09-27 13:00:00,329.52707
2012-09-27 14:00:00,348.6537
2012-09-27 15:00:00,344.3076
2012-09-27 16:00:00,313.3656
2012-09-27 17:00:00,261.48868
2012-09-27 18:00:00,257.87012
2012-09-27 19:00:00,259.92926
2012-09-27 20:00:00,252.14175
2012-09-27 21:00:00,209.61662
2012-09-27 22:00:00,209.61662
2012-09-27 23:00:00,203.10223
2012-09-28 00:00:00,178.45067
2012-09-28 01:00:00,170.48593
2012-09-28 02:00:00,184.96507
2012-09-28 03:00:00,190.23413
2012-09-28 04:00:00,167.88399
2012-09-28 05:00:00,151.48676
2012-09-28 06:00:00,143.3929
2012-09-28 07:00:00,139.04672
2012-09-28 08:00:00,182.40172
2012-09-28 09:00:00,194.54222
2012-09-28 10:00:00,216.80293
2012-09-28 11:00:00,247.00955
2012-09-28 12:00:00,316.05807
2012-09-28 13:00:00,325.1102
2012-09-28 14:00:00,316.05807
2012-09-28 15:00:00,311.78
2012-09-28 16:00:00,315.20007
2012-09-28 17:00:00,306.7492
2012-09-28 18:00:00,313.28284
2012-09-28 19:00:00,318.47528
2012-09-28 20:00:00,303.16464
2012-09-28 21:00:00,304.61008
2012-09-28 22:00:00,279.37292
2012-09-28 23:00:00,263.11685
2012-09-29 00:00:00,242.30376
2012-09-29 01:00:00,242.30376
2012-09-29 02:00:00,260.03738
2012-09-29 03:00:00,243.78136
2012-09-29 04:00:00,241.01299
2012-09-29 05:00:00,220.29408
2012-09-29 06:00:00,223.18996
2012-09-29 07:00:00,206.84245
2012-09-29 08:00:00,209.55342
2012-09-29 09:00:00,220.29408
2012-09-29 10:00:00,255.81868
2012-09-29 11:00:00,275.06693
2012-09-29 12:00:00,337.67487
2012-09-29 13:00:00,337.67487
2012-09-29 14:00:00,336.60187
2012-09-29 15:00:00,327.5498
2012-09-29 16:00:00,335.50174
2012-09-29 17:00:00,347.70554
2012-09-29 18:00:00,288.8249
2012-09-29 19:00:00,248.74113
2012-09-29 20:00:00,250.18665
2012-09-29 21:00:00,247.29082
2012-09-29 22:00:00,215.95279
2012-09-29 23:00:00,227.29953
2012-09-30 00:00:00,222.95335
2012-09-30 01:00:00,222.95335
2012-09-30 02:00:00,205.15552
2012-09-30 03:00:00,191.67863
2012-09-30 04:00:00,191.67863
2012-09-30 05:00:00,166.51726
2012-09-30 06:00:00,170.86342
2012-09-30 07:00:00,151.43039
2012-09-30 08:00:00,198.15494
2012-09-30 09:00:00,221.70639
2012-09-30 10:00:00,293.13306
2012-09-30 11:00:00,326.10434
2012-09-30 12:00:00,337.67487
2012-09-30 13:00:00,335.50174
2012-09-30 14:00:00,335.50174
2012-09-30 15:00:00,352.50583
2012-09-30 16:00:00,351.06033
2012-09-30 17:00:00,355.0563
2012-09-30 18:00:00,250.42805
2012-09-30 19:00:00,201.57031
2012-09-30 20:00:00,201.57031
2012-09-30 21:00:00,195.79706
2012-09-30 22:00:00,177.99922
2012-09-30 23:00:00,182.34538
2012-10-20 00:00:00,148.58635
2012-10-20 01:00:00,178.76003
2012-10-20 02:00:00,156.49934
2012-10-20 03:00:00,152.19121
2012-10-20 04:00:00,166.51726
2012-10-20 05:00:00,124.86161
2012-10-20 06:00:00,163.781
2012-10-20 07:00:00,124.86161
2012-10-20 08:00:00,193.84685
2012-10-20 09:00:00,229.46776
2012-10-20 10:00:00,256.34293
2012-10-20 11:00:00,266.4427
2012-10-20 12:00:00,284.48358
2012-10-20 13:00:00,296.43155
2012-10-20 14:00:00,297.51892
2012-10-20 15:00:00,288.4668
2012-10-20 16:00:00,299.5122
2012-10-20 17:00:00,311.7032
2012-10-20 18:00:00,299.91483
2012-10-20 19:00:00,271.71088
2012-10-20 20:00:00,294.16125
2012-10-20 21:00:00,258.54034
2012-10-20 22:00:00,234.95085
2012-10-20 23:00:00,203.00677
2012-10-21 00:00:00,228.79457
2012-10-21 01:00:00,213.86734
2012-10-21 02:00:00,193.17369
2012-10-21 03:00:00,171.73204
2012-10-21 04:00:00,146.88792
2012-10-21 05:00:00,171.73204
2012-10-21 06:00:00,185.20894
2012-10-21 07:00:00,185.20894
2012-10-21 08:00:00,175.85048
2012-10-21 09:00:00,231.5056
2012-10-21 10:00:00,270.62354
2012-10-21 11:00:00,289.8969
2012-10-21 12:00:00,310.73734
2012-10-21 13:00:00,318.87704
2012-10-21 14:00:00,322.01596
2012-10-21 15:00:00,328.53522
2012-10-21 16:00:00,311.7032
2012-10-21 17:00:00,301.36032
2012-10-21 18:00:00,298.46454
2012-10-21 19:00:00,282.21338
2012-10-21 20:00:00,271.89572
2012-10-21 21:00:00,223.04097
2012-10-21 22:00:00,215.07625
2012-10-21 23:00:00,220.82983
2012-10-22 00:00:00,184.01042
2012-10-22 01:00:00,156.85413
2012-10-22 02:00:00,151.10052
2012-10-22 03:00:00,184.01042
2012-10-22 04:00:00,166.18735
2012-10-22 05:00:00,140.35986
2012-10-22 06:00:00,130.7951
2012-10-22 07:00:00,170.53351
2012-10-22 08:00:00,180.40552
2012-10-22 09:00:00,202.54955
2012-10-22 10:00:00,233.82428
2012-10-22 11:00:00,313.33716
2012-10-22 12:00:00,317.16083
2012-10-22 13:00:00,366.17038
2012-10-22 14:00:00,369.83945
2012-10-22 15:00:00,368.08762
2012-10-22 16:00:00,354.10083
2012-10-22 17:00:00,351.20505
2012-10-22 18:00:00,223.24408
2012-10-22 19:00:00,253.69887
2012-10-22 20:00:00,226.82373
2012-10-22 21:00:00,196.23366
2012-10-22 22:00:00,147.38782
2012-10-22 23:00:00,145.94232
2012-10-23 00:00:00,130.73393
2012-10-23 01:00:00,163.92499
2012-10-23 02:00:00,123.555214
2012-10-23 03:00:00,156.74626
2012-10-23 04:00:00,149.54716
2012-10-23 05:00:00,154.57805
2012-10-23 06:00:00,128.00923
2012-10-23 07:00:00,160.96497
2012-10-23 08:00:00,181.05742
2012-10-23 09:00:00,193.26212
2012-10-23 10:00:00,230.24463
2012-10-23 11:00:00,283.87158
2012-10-23 12:00:00,316.92062
2012-10-23 13:00:00,320.52652
2012-10-23 14:00:00,339.55
2012-10-23 15:00:00,342.44586
2012-10-23 16:00:00,326.8793
2012-10-23 17:00:00,331.58527
2012-10-23 18:00:00,290.13495
2012-10-23 19:00:00,278.0655
2012-10-23 20:00:00,236.17152
2012-10-23 21:00:00,211.83409
2012-10-23 22:00:00,216.90302
2012-10-23 23:00:00,196.08781
2012-10-24 00:00:00,195.36505
2012-10-24 01:00:00,206.10568
2012-10-24 02:00:00,206.10568
2012-10-24 03:00:00,171.78838
2012-10-24 04:00:00,171.78838
2012-10-24 05:00:00,152.3554
2012-10-24 06:00:00,151.69592
2012-10-24 07:00:00,138.59735
2012-10-24 08:00:00,165.82469
2012-10-24 09:00:00,183.20615
2012-10-24 10:00:00,196.68304
2012-10-24 11:00:00,229.65718
2012-10-24 12:00:00,262.18488
2012-10-24 13:00:00,286.60593
2012-10-24 14:00:00,386.6452
2012-10-24 15:00:00,344.6061
2012-10-24 16:00:00,371.80145
2012-10-24 17:00:00,307.72745
2012-10-24 18:00:00,316.77954
2012-10-24 19:00:00,297.71637
2012-10-24 20:00:00,267.84906
2012-10-24 21:00:00,268.57178
2012-10-24 22:00:00,259.04794
2012-10-24 23:00:00,227.59804
2012-10-25 00:00:00,257.60248
2012-10-25 01:00:00,217.58769
2012-10-25 02:00:00,178.94942
2012-10-25 03:00:00,152.18333
2012-10-25 04:00:00,150.73785
2012-10-25 05:00:00,153.63367
2012-10-25 06:00:00,155.07918
2012-10-25 07:00:00,155.07918
2012-10-25 08:00:00,168.7205
2012-10-25 09:00:00,170.16599
2012-10-25 10:00:00,173.02379
2012-10-25 11:00:00,171.57832
2012-10-25 12:00:00,192.3935
2012-10-25 13:00:00,187.32458
2012-10-25 14:00:00,222.3911
2012-10-25 15:00:00,252.28365
2012-10-25 16:00:00,235.9109
2012-10-25 17:00:00,235.9109
2012-10-25 18:00:00,171.6425
2012-10-25 19:00:00,170.25545
2012-10-25 20:00:00,152.18333
2012-10-25 21:00:00,152.18333
2012-10-25 22:00:00,170.85555
2012-10-25 23:00:00,173.02379
2012-10-26 00:00:00,184.6136
2012-10-26 01:00:00,150.01512
2012-10-26 02:00:00,150.73785
2012-10-26 03:00:00,153.63367
2012-10-26 04:00:00,153.63367
2012-10-26 05:00:00,150.73785
2012-10-26 06:00:00,150.01512
2012-10-26 07:00:00,150.73785
2012-10-26 08:00:00,157.93695
2012-10-26 09:00:00,157.93695
2012-10-26 10:00:00,156.49146
2012-10-26 11:00:00,195.28932
2012-10-26 12:00:00,217.57524
2012-10-26 13:00:00,229.76625
2012-10-26 14:00:00,259.04794
2012-10-26 15:00:00,268.57178
2012-10-26 16:00:00,216.12975
2012-10-26 17:00:00,202.76956
2012-10-26 18:00:00,193.83897
2012-10-26 19:00:00,174.47412
2012-10-26 20:00:00,174.47412
2012-10-26 21:00:00,191.12798
2012-10-26 22:00:00,167.27019
2012-10-26 23:00:00,163.05634
2012-10-27 00:00:00,141.96414
2012-10-27 01:00:00,147.6283
2012-10-27 02:00:00,150.52411
2012-10-27 03:00:00,143.41446
2012-10-27 04:00:00,149.07863
2012-10-27 05:00:00,168.62831
2012-10-27 06:00:00,168.62831
2012-10-27 07:00:00,154.21841
2012-10-27 08:00:00,180.94678
2012-10-27 09:00:00,180.94678
2012-10-27 10:00:00,205.97379
2012-10-27 11:00:00,238.85847
2012-10-27 12:00:00,297.37613
2012-10-27 13:00:00,327.5498
2012-10-27 14:00:00,318.4977
2012-10-27 15:00:00,256.5921
2012-10-27 16:00:00,244.52263
2012-10-27 17:00:00,244.52263
2012-10-27 18:00:00,244.52263
2012-10-27 19:00:00,206.0059
2012-10-27 20:00:00,206.0059
2012-10-27 21:00:00,206.0059
2012-10-27 22:00:00,207.45137
2012-10-27 23:00:00,226.04008
2012-10-28 00:00:00,227.3581
2012-10-28 01:00:00,203.14813
2012-10-28 02:00:00,215.94034
2012-10-28 03:00:00,232.4775
2012-10-28 04:00:00,233.92299
2012-10-28 05:00:00,231.02719
2012-10-28 06:00:00,244.54697
2012-10-28 07:00:00,243.09666
2012-10-28 08:00:00,255.40268
2012-10-28 09:00:00,260.95773
2012-10-28 10:00:00,267.29886
2012-10-28 11:00:00,271.58176
2012-10-28 12:00:00,246.7785
2012-10-28 13:00:00,243.15991
2012-10-28 14:00:00,250.33864
2012-10-28 15:00:00,240.43741
2012-10-28 16:00:00,226.85825
2012-10-28 17:00:00,193.82681
2012-10-28 18:00:00,129.59927
2012-10-28 19:00:00,123.08486
2012-10-28 20:00:00,128.15376
2012-10-28 21:00:00,149.8385
2012-10-28 22:00:00,146.94266
2012-10-28 23:00:00,123.08486
2012-10-29 00:00:00,145.74413
2012-10-30 13:00:00,111.3712
2012-10-30 14:00:00,111.3712
2012-10-30 15:00:00,92.034454
2012-10-30 16:00:00,92.034454
2012-10-30 17:00:00,90.588974
2012-10-30 18:00:00,90.05394
2012-10-30 19:00:00,209.67288
2012-10-30 20:00:00,101.57866
2012-10-30 21:00:00,86.780655
2012-10-30 22:00:00,96.82979
2012-10-30 23:00:00,96.82979
2012-10-31 00:00:00,104.88485
2012-10-31 01:00:00,104.1621
2012-10-31 02:00:00,102.49397
2012-10-31 03:00:00,104.88485
2012-10-31 04:00:00,83.47445
2012-10-31 05:00:00,102.49397
2012-10-31 06:00:00,98.28011
2012-10-31 07:00:00,84.38976
2012-10-31 08:00:00,106.39453
2012-10-31 09:00:00,123.3986
2012-10-31 10:00:00,147.64467
2012-10-31 11:00:00,169.33621
2012-10-31 12:00:00,205.4901
2012-10-31 13:00:00,236.80771
2012-10-31 14:00:00,242.47191
2012-10-31 15:00:00,221.84242
2012-10-31 16:00:00,230.40237
2012-10-31 17:00:00,209.70879
2012-10-31 18:00:00,209.70879
2012-10-31 19:00:00,235.2932
2012-10-31 20:00:00,235.2932
2012-10-31 21:00:00,235.2932
2012-10-31 22:00:00,186.48216
2012-10-31 23:00:00,188.12508
2012-11-20 00:00:00,139.58557
2012-11-20 01:00:00,155.96313
2012-11-20 02:00:00,124.97731
2012-11-20 03:00:00,146.5405
2012-11-20 04:00:00,162.13226
2012-11-20 05:00:00,159.23643
2012-11-20 06:00:00,145.59995
2012-11-20 07:00:00,119.31313
2012-11-20 08:00:00,138.48544
2012-11-20 09:00:00,151.03632
2012-11-20 10:00:00,181.95128
2012-11-20 11:00:00,184.66228
2012-11-20 12:00:00,180.31612
2012-11-20 13:00:00,213.22601
2012-11-20 14:00:00,218.29494
2012-11-20 15:00:00,233.07541
2012-11-20 16:00:00,199.74911
2012-11-20 17:00:00,170.483
2012-11-20 18:00:00,181.95128
2012-11-20 19:00:00,162.51828
2012-11-20 20:00:00,141.67783
2012-11-20 21:00:00,145.37216
2012-11-20 22:00:00,145.37216
2012-11-20 23:00:00,104.949036
2012-11-21 00:00:00,109.44488
2012-11-21 01:00:00,104.949036
2012-11-21 02:00:00,71.55174
2012-11-21 03:00:00,71.55174
2012-11-21 04:00:00,71.55174
2012-11-21 05:00:00,71.55174
2012-11-21 06:00:00,74.64012
2012-11-21 07:00:00,68.91177
2012-11-21 08:00:00,98.4085
2012-11-21 09:00:00,119.31313
2012-11-21 10:00:00,172.52844
2012-11-21 11:00:00,229.62903
2012-11-21 12:00:00,268.2673
2012-11-21 13:00:00,287.82187
2012-11-21 14:00:00,298.1346
2012-11-21 15:00:00,284.01843
2012-11-21 16:00:00,289.5104
2012-11-21 17:00:00,258.35718
2012-11-21 18:00:00,267.2245
2012-11-21 19:00:00,244.99701
2012-11-21 20:00:00,171.04997
2012-11-21 21:00:00,208.73685
2012-11-21 22:00:00,206.0006
2012-11-21 23:00:00,164.06384
2012-11-22 00:00:00,141.6921
2012-11-22 01:00:00,133.22746
2012-11-22 02:00:00,87.760704
2012-11-22 03:00:00,88.48344
2012-11-22 04:00:00,65.27735
2012-11-22 05:00:00,88.48344
2012-11-22 06:00:00,109.29864
2012-11-22 07:00:00,80.36419
2012-11-22 08:00:00,86.09255
2012-11-22 09:00:00,138.44604
2012-11-22 10:00:00,181.0531
2012-11-22 11:00:00,249.65488
2012-11-22 12:00:00,269.16653
2012-11-22 13:00:00,286.9644
2012-11-22 14:00:00,298.75275
2012-11-22 15:00:00,298.75275
2012-11-22 16:00:00,280.9297
2012-11-22 17:00:00,269.16653
2012-11-22 18:00:00,233.54562
2012-11-22 19:00:00,122.49058
2012-11-22 20:00:00,131.8238
2012-11-22 21:00:00,162.53249
2012-11-22 22:00:00,156.26909
2012-11-22 23:00:00,123.35919
2012-11-23 00:00:00,140.5124
2012-11-23 01:00:00,92.74433
2012-11-23 02:00:00,105.12017
2012-11-23 03:00:00,119.67197
2012-11-23 04:00:00,96.278175
2012-11-23 05:00:00,80.75256
2012-11-23 06:00:00,80.75256
2012-11-23 07:00:00,80.75256
2012-11-23 08:00:00,59.34703
2012-11-23 09:00:00,107.76015
2012-11-23 10:00:00,170.10947
2012-11-23 11:00:00,229.62903
2012-11-23 12:00:00,280.21524
2012-11-23 13:00:00,287.39392
2012-11-23 14:00:00,303.46027
2012-11-23 15:00:00,282.64508
2012-11-23 16:00:00,281.07214
2012-11-23 17:00:00,286.3841
2012-11-23 18:00:00,261.1975
2012-11-23 19:00:00,260.11017
2012-11-23 20:00:00,268.9316
2012-11-23 21:00:00,258.7873
2012-11-23 22:00:00,308.33563
2012-11-23 23:00:00,283.87668
2012-11-24 00:00:00,280.9139
2012-11-24 01:00:00,233.10393
2012-11-24 02:00:00,242.19406
2012-11-24 03:00:00,216.20767
2012-11-24 04:00:00,207.15276
2012-11-24 05:00:00,205.19745
2012-11-24 06:00:00,188.21869
2012-11-24 07:00:00,210.86163
2012-11-24 08:00:00,204.48756
2012-11-24 09:00:00,212.81693
2012-11-24 10:00:00,200.3592
2012-11-24 11:00:00,218.97604
2012-11-24 12:00:00,251.18198
2012-11-24 13:00:00,245.14215
2012-11-24 14:00:00,256.8975
2012-11-24 15:00:00,242.0918
2012-11-24 16:00:00,225.76956
2012-11-24 17:00:00,208.09329
2012-11-24 18:00:00,217.1454
2012-11-24 19:00:00,205.38516
2012-11-24 20:00:00,188.21869
2012-11-24 21:00:00,187.70891
2012-11-24 22:00:00,190.60474
2012-11-24 23:00:00,187.70891
2012-11-25 00:00:00,175.79903
2012-11-25 01:00:00,185.79167
2012-11-25 02:00:00,186.10892
2012-11-25 03:00:00,187.84009
2012-11-25 04:00:00,187.84009
2012-11-25 05:00:00,180.95828
2012-11-25 06:00:00,181.87358
2012-11-25 07:00:00,169.80411
2012-11-25 08:00:00,170.33429
2012-11-25 09:00:00,182.75397
2012-11-25 10:00:00,178.53526
2012-11-25 11:00:00,213.44026
2012-11-25 12:00:00,213.44026
2012-11-25 13:00:00,210.54439
2012-11-25 14:00:00,223.35033
2012-11-25 15:00:00,217.68617
2012-11-25 16:00:00,225.29277
2012-11-25 17:00:00,210.60861
2012-11-25 18:00:00,195.82816
2012-11-25 19:00:00,208.37415
2012-11-25 20:00:00,145.3158
2012-11-25 21:00:00,187.2526
2012-11-25 22:00:00,145.3158
2012-11-25 23:00:00,112.94095
2012-11-26 00:00:00,111.207375
2012-11-26 01:00:00,105.47901
2012-11-26 02:00:00,105.47901
2012-11-26 03:00:00,105.47901
2012-11-26 04:00:00,111.207375
2012-11-26 05:00:00,107.71347
2012-11-26 06:00:00,111.207375
2012-11-26 07:00:00,129.03043
2012-11-26 08:00:00,129.03043
2012-11-26 09:00:00,168.17851
2012-11-26 10:00:00,200.27226
2012-11-26 11:00:00,273.9237
2012-11-26 12:00:00,276.27658
2012-11-26 13:00:00,276.27658
2012-11-26 14:00:00,271.20764
2012-11-26 15:00:00,275.55383
2012-11-26 16:00:00,292.04813
2012-11-26 17:00:00,280.2598
2012-11-26 18:00:00,209.05405
2012-11-26 19:00:00,193.93114
2012-11-26 20:00:00,206.0006
2012-11-26 21:00:00,206.0006
2012-11-26 22:00:00,164.06384
2012-11-26 23:00:00,155.87373
2012-11-27 00:00:00,155.15099
2012-11-27 01:00:00,145.24974
2012-11-27 02:00:00,142.88896
2012-11-27 03:00:00,150.91393
2012-11-27 04:00:00,107.24284
2012-11-27 05:00:00,103.02901
2012-11-27 06:00:00,103.94429
2012-11-27 07:00:00,108.15814
2012-11-27 08:00:00,115.3621
2012-11-27 09:00:00,112.05871
2012-11-27 10:00:00,116.80758
2012-11-27 11:00:00,90.37116
2012-11-27 12:00:00,88.98897
2012-11-27 13:00:00,86.28085
2012-11-27 14:00:00,87.53863
2012-11-27 15:00:00,120.915405
2012-11-27 16:00:00,120.915405
2012-11-27 17:00:00,125.26156
2012-11-27 18:00:00,84.74975
2012-11-27 19:00:00,113.64034
2012-11-27 20:00:00,101.40846
2012-11-27 21:00:00,75.37756
2012-11-27 22:00:00,77.23343
2012-11-27 23:00:00,89.15615
2012-11-28 00:00:00,107.26035
2012-11-28 01:00:00,109.65123
2012-11-28 02:00:00,109.65123
2012-11-28 03:00:00,124.73805
2012-11-28 04:00:00,123.28772
2012-11-28 05:00:00,124.203026
2012-11-28 06:00:00,139.82492
2012-11-28 07:00:00,165.53087
2012-11-28 08:00:00,138.7423
2012-11-28 09:00:00,177.66452
2012-11-28 10:00:00,195.7764
2012-11-28 11:00:00,212.65892
2012-11-28 12:00:00,230.65247
2012-11-28 13:00:00,228.88489
2012-11-28 14:00:00,241.90576
2012-11-28 15:00:00,267.49506
2012-11-28 16:00:00,272.9237
2012-11-28 17:00:00,259.1801
2012-11-28 18:00:00,250.82262
2012-11-28 19:00:00,239.81526
2012-11-28 20:00:00,242.17607
2012-11-28 21:00:00,225.00952
2012-11-28 22:00:00,197.34059
2012-11-28 23:00:00,184.92094
2012-11-29 00:00:00,152.8854
2012-11-29 01:00:00,126.82922
2012-11-29 02:00:00,126.294205
2012-11-29 04:00:00,84.07347
2012-11-29 05:00:00,105.47901
2012-11-29 06:00:00,111.207375
2012-11-29 07:00:00,120.56585
2012-11-29 08:00:00,102.90042
2012-11-29 09:00:00,144.11728
2012-11-29 10:00:00,141.02219
2012-11-29 11:00:00,251.17569
2012-11-29 12:00:00,239.22774
2012-11-29 13:00:00,275.29224
2012-11-29 14:00:00,233.07146
2012-11-29 15:00:00,232.13092
2012-11-29 16:00:00,242.12355
2012-11-29 17:00:00,237.93701
2012-11-29 18:00:00,200.58948
2012-11-29 19:00:00,183.41812
2012-11-29 20:00:00,185.78377
2012-11-29 21:00:00,133.6257
2012-11-29 22:00:00,120.20699
2012-11-29 23:00:00,152.58186
2012-11-30 00:00:00,116.17806
2012-11-30 01:00:00,110.642265
2012-11-30 02:00:00,98.85677
2012-11-30 03:00:00,98.85677
2012-11-30 04:00:00,93.10317
2012-11-30 05:00:00,72.28796
2012-11-30 06:00:00,54.18376
2012-11-30 07:00:00,78.016335
2012-11-30 08:00:00,84.21555
2012-11-30 09:00:00,95.55542
2012-11-30 10:00:00,151.90494
2012-11-30 11:00:00,200.13033
2012-11-30 12:00:00,232.19887
2012-11-30 13:00:00,264.0214
2012-11-30 14:00:00,261.12555
2012-11-30 15:00:00,272.88867
2012-11-30 16:00:00,247.85477
2012-11-30 17:00:00,210.49956
2012-11-30 18:00:00,175.45639
2012-11-30 19:00:00,148.977
2012-11-30 20:00:00,148.977
2012-11-30 21:00:00,116.602135
2012-11-30 22:00:00,116.067116
2012-11-30 23:00:00,122.2663
2012-12-20 00:00:00,166.74187
2012-12-20 01:00:00,148.977
2012-12-20 02:00:00,148.977
2012-12-20 03:00:00,137.35313
2012-12-20 04:00:00,137.35313
2012-12-20 05:00:00,138.0759
2012-12-20 06:00:00,151.90494
2012-12-20 07:00:00,136.81813
2012-12-20 08:00:00,136.81813
2012-12-20 09:00:00,136.81813
2012-12-20 10:00:00,150.80482
2012-12-20 11:00:00,186.92776
2012-12-20 12:00:00,205.66614
2012-12-20 13:00:00,195.04218
2012-12-20 14:00:00,207.11162
2012-12-20 15:00:00,189.28857
2012-12-20 16:00:00,200.22974
2012-12-20 17:00:00,162.13226
2012-12-20 18:00:00,147.04543
2012-12-20 19:00:00,151.79428
2012-12-20 20:00:00,136.17729
2012-12-20 21:00:00,136.17729
2012-12-20 22:00:00,104.43174
2012-12-20 23:00:00,149.47055
2012-12-21 00:00:00,70.69098
2012-12-21 01:00:00,80.79076
2012-12-21 02:00:00,68.41491
2012-12-21 03:00:00,68.41491
2012-12-21 04:00:00,93.226944
2012-12-21 05:00:00,68.76793
2012-12-21 06:00:00,130.2515
2012-12-21 07:00:00,117.15648
2012-12-21 08:00:00,117.666275
2012-12-21 09:00:00,159.25598
2012-12-21 10:00:00,162.13893
2012-12-21 11:00:00,165.63005
2012-12-21 12:00:00,171.78632
2012-12-21 13:00:00,174.68214
2012-12-21 14:00:00,176.13249
2012-12-21 15:00:00,158.43094
2012-12-21 16:00:00,164.58722
2012-12-21 17:00:00,97.99888
2012-12-21 18:00:00,96.54854
2012-12-21 19:00:00,133.64015
2012-12-21 20:00:00,147.34766
2012-12-21 21:00:00,141.93654
2012-12-21 22:00:00,127.09278
2012-12-21 23:00:00,130.18115
2012-12-22 00:00:00,138.21133
2012-12-22 01:00:00,131.69695
2012-12-22 02:00:00,135.31552
2012-12-22 03:00:00,119.62748
2012-12-22 04:00:00,118.80045
2012-12-22 05:00:00,122.013504
2012-12-22 06:00:00,134.083
2012-12-22 07:00:00,134.083
2012-12-22 08:00:00,139.65683
2012-12-22 09:00:00,120.568016
2012-12-22 10:00:00,117.6722
2012-12-22 11:00:00,149.80402
2012-12-22 12:00:00,181.28717
2012-12-22 13:00:00,180.71896
2012-12-22 14:00:00,181.44173
2012-12-22 15:00:00,192.44908
2012-12-22 16:00:00,165.91327
2012-12-22 17:00:00,146.90816
2012-12-22 18:00:00,132.4197
2012-12-22 19:00:00,113.364075
2012-12-22 20:00:00,111.601364
2012-12-22 21:00:00,98.77618
2012-12-22 22:00:00,98.77618
2012-12-22 23:00:00,98.26638
2012-12-23 00:00:00,110.84563
2012-12-23 01:00:00,110.33585
2012-12-23 02:00:00,91.06729
2012-12-23 03:00:00,89.61695
2012-12-23 04:00:00,101.68642
2012-12-23 05:00:00,94.58643
2012-12-23 06:00:00,40.577343
2012-12-23 07:00:00,40.577343
2012-12-23 08:00:00,16.64854
2012-12-23 09:00:00,67.868904
2012-12-23 10:00:00,59.040615
2012-12-23 11:00:00,97.16626
2012-12-23 12:00:00,148.38663
2012-12-23 13:00:00,164.61742
2012-12-23 14:00:00,194.29216
2012-12-23 15:00:00,184.92285
2012-12-23 16:00:00,187.81866
2012-12-23 17:00:00,136.82979
2012-12-23 18:00:00,141.70015
2012-12-23 19:00:00,150.43504
2012-12-23 20:00:00,69.55361
2012-12-23 21:00:00,48.738445
2012-12-23 22:00:00,76.33351
2012-12-23 23:00:00,78.91209
2012-12-24 00:00:00,44.803658
2012-12-24 01:00:00,44.803658
2012-12-24 02:00:00,20.971087
2012-12-24 03:00:00,20.971087
2012-12-24 05:00:00,-4.813559
2012-12-24 06:00:00,20.971087
2012-12-24 07:00:00,39.075283
2012-12-24 08:00:00,44.803658
2012-12-24 09:00:00,65.71231
2012-12-24 10:00:00,74.01925
2012-12-24 11:00:00,85.612175
2012-12-24 12:00:00,107.43895
2012-12-24 13:00:00,23.098616
2012-12-24 14:00:00,4.994422
2012-12-24 15:00:00,3.1385603
2012-12-24 16:00:00,3.1385603
2012-12-24 17:00:00,-14.050344
2012-12-24 18:00:00,-13.109806
2012-12-24 19:00:00,-21.164852
2012-12-24 20:00:00,-15.500683
2012-12-24 21:00:00,-13.832539
2012-12-24 22:00:00,-16.195381
2012-12-24 23:00:00,-10.5311985
2012-12-25 00:00:00,-21.62727
2012-12-25 01:00:00,-3.651464
2012-12-25 02:00:00,-3.651464
2012-12-25 04:00:00,-9.1872425
2012-12-25 05:00:00,-34.687954
2012-12-25 06:00:00,-34.687954
2012-12-25 07:00:00,-33.237625
2012-12-25 08:00:00,-5.8859076
2012-12-25 09:00:00,-13.5334
2012-12-25 10:00:00,18.036076
2012-12-25 11:00:00,42.403667
2012-12-25 12:00:00,45.114685
2012-12-25 13:00:00,161.94981
2012-12-25 14:00:00,166.81534
2012-12-25 15:00:00,135.36058
2012-12-25 16:00:00,141.02475
2012-12-25 17:00:00,108.421196
2012-12-25 18:00:00,81.2649
2012-12-25 19:00:00,79.81941
2012-12-25 20:00:00,82.71523
2012-12-25 21:00:00,75.65809
2012-12-25 22:00:00,62.93688
2012-12-25 23:00:00,72.80029
2012-12-26 00:00:00,80.59503
2012-12-26 01:00:00,69.39224
2012-12-26 02:00:00,69.39224
2012-12-26 03:00:00,51.447628
2012-12-26 04:00:00,43.07246
2012-12-26 05:00:00,48.9292
2012-12-26 06:00:00,46.033375
2012-12-26 07:00:00,-4.093516
2012-12-26 08:00:00,-4.093516
2012-12-26 09:00:00,-4.093516
2012-12-26 10:00:00,-5.5438476
2012-12-26 11:00:00,-1.3902478
2012-12-26 12:00:00,-1.3572721
2012-12-26 13:00:00,-1.3572721
2012-12-26 14:00:00,-19.273766
2012-12-26 15:00:00,11.570168
2012-12-26 16:00:00,11.570168
2012-12-26 17:00:00,-6.5340257
2012-12-26 18:00:00,0.13491106
2012-12-26 19:00:00,22.734924
2012-12-26 20:00:00,13.254906
2012-12-26 21:00:00,18.303295
2012-12-26 22:00:00,-11.752583
2012-12-26 23:00:00,8.674364
2012-12-27 00:00:00,8.674364
2012-12-27 01:00:00,-11.752583
2012-12-27 02:00:00,0.6874528
2012-12-27 03:00:00,-2.525618
2012-12-27 04:00:00,-1.2930698
2012-12-27 05:00:00,28.933903
2012-12-27 06:00:00,48.486713
2012-12-27 07:00:00,43.105442
2012-12-27 08:00:00,66.6239
2012-12-27 09:00:00,84.38874
2012-12-27 10:00:00,103.66217
2012-12-27 11:00:00,109.518906
2012-12-27 12:00:00,135.26376
2012-12-27 13:00:00,135.26376
2012-12-27 14:00:00,103.57275
2012-12-27 15:00:00,99.95418
2012-12-27 16:00:00,111.7064
2012-12-27 17:00:00,111.7064
2012-12-27 18:00:00,80.388756
2012-12-27 19:00:00,72.33857
2012-12-27 20:00:00,74.19442
2012-12-27 21:00:00,80.388756
2012-12-27 22:00:00,78.00273
2012-12-27 23:00:00,80.388756
2012-12-28 00:00:00,79.85859
2012-12-28 01:00:00,71.82877
2012-12-28 02:00:00,74.7246
2012-12-28 03:00:00,79.85859
2012-12-28 04:00:00,80.79914
2012-12-28 05:00:00,80.076385
2012-12-28 06:00:00,58.351856
2012-12-28 07:00:00,56.39658
2012-12-28 08:00:00,78.408264
2012-12-28 09:00:00,78.00273
2012-12-28 10:00:00,98.18661
2012-12-28 11:00:00,118.375305
2012-12-28 12:00:00,132.646
2012-12-28 13:00:00,132.646
2012-12-28 14:00:00,132.646
2012-12-28 15:00:00,129.96797
2012-12-28 16:00:00,126.981804
2012-12-28 17:00:00,72.74408
2012-12-28 18:00:00,72.74408
2012-12-28 19:00:00,62.406113
2012-12-28 20:00:00,65.71231
2012-12-28 21:00:00,48.234573
2012-12-28 22:00:00,49.902725
2012-12-28 23:00:00,64.98956
2012-12-29 00:00:00,42.91874
2012-12-29 01:00:00,32.17805
2012-12-29 02:00:00,42.91874
2012-12-29 03:00:00,27.831902
2012-12-29 04:00:00,32.17805
2012-12-29 05:00:00,32.17805
2012-12-29 06:00:00,49.90487
2012-12-29 07:00:00,51.350353
2012-12-29 08:00:00,11.644947
2012-12-29 09:00:00,11.644934
2012-12-29 10:00:00,23.823505
2012-12-29 11:00:00,-20.304813
2012-12-29 12:00:00,-45.772556
2012-12-29 13:00:00,-45.772556
2012-12-29 14:00:00,-4.0303426
2012-12-29 15:00:00,-8.376503
2012-12-29 16:00:00,32.988346
2012-12-29 17:00:00,17.08442
2012-12-29 18:00:00,52.416473
2012-12-29 19:00:00,88.13278
2012-12-29 20:00:00,117.69873
2012-12-29 21:00:00,112.88569
2012-12-29 22:00:00,97.453476
2012-12-29 23:00:00,75.009636
2012-12-30 00:00:00,86.81073
2012-12-30 01:00:00,103.53876
2012-12-30 02:00:00,100.83547
2012-12-30 03:00:00,103.53876
2012-12-30 04:00:00,101.77603
2012-12-30 05:00:00,121.88603
2012-12-30 06:00:00,106.04349
2012-12-30 07:00:00,89.225136
2012-12-30 08:00:00,102.55238
2012-12-30 09:00:00,102.74494
2012-12-30 10:00:00,147.26344
2012-12-30 11:00:00,143.13507
2012-12-30 12:00:00,168.10387
2012-12-30 13:00:00,181.28717
2012-12-30 14:00:00,175.68808
2012-12-30 15:00:00,157.4106
2012-12-30 16:00:00,157.91554
2012-12-30 17:00:00,138.79378
2012-12-30 18:00:00,128.2019
2012-12-30 19:00:00,104.587036
2012-12-30 20:00:00,109.20759
2012-12-30 21:00:00,91.06729
2012-12-30 22:00:00,76.63219
2012-12-30 23:00:00,90.15198
2012-12-31 00:00:00,69.68003
2012-12-31 01:00:00,69.68003
2012-12-31 02:00:00,50.436714
2012-12-31 03:00:00,51.352024
2012-12-31 04:00:00,15.450003
2012-12-31 05:00:00,32.959007
2012-12-31 06:00:00,35.349884
2012-12-31 07:00:00,37.710686
2012-12-31 08:00:00,13.059118
2012-12-31 09:00:00,51.494083
2012-12-31 10:00:00,39.769966
2012-12-31 11:00:00,75.575714
2012-12-31 12:00:00,89.56241
2012-12-31 13:00:00,133.89006
2012-12-31 14:00:00,139.4969
2012-12-31 15:00:00,138.98709
2012-12-31 16:00:00,123.266075
2012-12-31 17:00:00,125.849525
2012-12-31 18:00:00,124.18139
2012-12-31 19:00:00,85.612175
2012-12-31 20:00:00,85.612175
2012-12-31 21:00:00,79.948006
2012-12-31 22:00:00,94.37829
2012-12-31 23:00:00,67.221985
